<root annotationID="0" passageID="310000">
  <attributes />
  <extra format="ucca" />
  <layer layerID="0">
    <attributes />
    <extra doc="[[[16248400320781648534, 227504873216781231, 4062917326063685704, 94, 0, 2, 1227985075839834553, 1, 12204527652707022206, 3209455878668673793, 16248400320781648534], [2818652806368689278, 2818652806368689278, 15308085513773655218, 91, 0, 2, 7833439085008721140, 3, 13110060611322374290, 11901859001352538922, 7394356783993951108], [9921686513378912864, 10382539506755952630, 17109001835818727656, 86, 0, 2, 18127512502257733094, 2, 4088098365541558500, 260667111241363922, 9921686513378912864], [15644592236028168158, 15644592236028168158, 164681854541413346, 85, 0, 2, 397, 1, 13110060611322374290, 15817570140490810055, 7309984611441301903], [6600541474075360665, 18155832865155370377, 3822385049556375858, 99, 0, 2, 445, 0, 13110060611322374290, 8148669997605808657, 14814004474743358178], [2593208677638477497, 2593208677638477497, 2593208677638477497, 96, 0, 2, 442, -1, 2593208677638477497, 2593208677638477497, 2593208677638477497], [3731589252458942304, 2309615733100196421, 1534113631682161808, 99, 0, 2, 396, -2, 13110060611322374290, 16900879642891266615, 7679303661980345986], [11901859001352538922, 11901859001352538922, 15267657372422890137, 89, 0, 2, 412, 3, 11123243248953317070, 11901859001352538922, 11901859001352538922], [16884455833306854589, 16884455833306854589, 10554686591937588953, 83, 0, 2, 399, 2, 13110060611322374290, 13110760720460257827, 11197236520932772837], [2483095116303079762, 2483095116303079762, 10554686591937588953, 83, 0, 2, 399, 1, 4088098365541558500, 1489474827855109852, 2483095116303079762], [5331488757489980588, 5331488757489980588, 15308085513773655218, 91, 0, 2, 431, -4, 13110060611322374290, 12247454108283186160, 5500716005149069007], [12646065887601541794, 12646065887601541794, 12646065887601541794, 96, 0, 2, 442, -7, 12646065887601541794, 12646065887601541794, 12646065887601541794]]]" />
    <node ID="0.1" type="Word">
      <attributes paragraph="1" paragraph_position="1" text="My" />
      <extra dep="nmod:poss" ent_iob="2" ent_type="" head="1" lemma="my" orig_paragraph="1" orth="My" pos="PRON" prefix="M" shape="Xx" suffix="My" tag="PRP$" />
    </node>
    <node ID="0.2" type="Word">
      <attributes paragraph="1" paragraph_position="2" text="article" />
      <extra dep="nsubj:pass" ent_iob="2" ent_type="" head="3" lemma="article" orig_paragraph="1" orth="article" pos="NOUN" prefix="a" shape="xxxx" suffix="cle" tag="NN" />
    </node>
    <node ID="0.3" type="Word">
      <attributes paragraph="1" paragraph_position="3" text="was" />
      <extra dep="aux:pass" ent_iob="2" ent_type="" head="2" lemma="be" orig_paragraph="1" orth="was" pos="AUX" prefix="w" shape="xxx" suffix="was" tag="VBD" />
    </node>
    <node ID="0.4" type="Word">
      <attributes paragraph="1" paragraph_position="4" text="hotly" />
      <extra dep="advmod" ent_iob="2" ent_type="" head="1" lemma="hotly" orig_paragraph="1" orth="hotly" pos="ADV" prefix="h" shape="xxxx" suffix="tly" tag="RB" />
    </node>
    <node ID="0.5" type="Word">
      <attributes paragraph="1" paragraph_position="5" text="debated" />
      <extra dep="root" ent_iob="2" ent_type="" head="0" lemma="debate" orig_paragraph="1" orth="debated" pos="VERB" prefix="d" shape="xxxx" suffix="ted" tag="VBN" />
    </node>
    <node ID="0.6" type="Punctuation">
      <attributes paragraph="1" paragraph_position="6" text="," />
      <extra dep="punct" ent_iob="2" ent_type="" head="-1" lemma="," orig_paragraph="1" orth="," pos="PUNCT" prefix="," shape="," suffix="," tag="," />
    </node>
    <node ID="0.7" type="Word">
      <attributes paragraph="1" paragraph_position="7" text="causing" />
      <extra dep="advcl" ent_iob="2" ent_type="" head="-2" lemma="cause" orig_paragraph="1" orth="causing" pos="VERB" prefix="c" shape="xxxx" suffix="ing" tag="VBG" />
    </node>
    <node ID="0.8" type="Word">
      <attributes paragraph="1" paragraph_position="8" text="a" />
      <extra dep="det" ent_iob="2" ent_type="" head="3" lemma="a" orig_paragraph="1" orth="a" pos="DET" prefix="a" shape="x" suffix="a" tag="DT" />
    </node>
    <node ID="0.9" type="Word">
      <attributes paragraph="1" paragraph_position="9" text="fine" />
      <extra dep="amod" ent_iob="2" ent_type="" head="2" lemma="fine" orig_paragraph="1" orth="fine" pos="ADJ" prefix="f" shape="xxxx" suffix="ine" tag="JJ" />
    </node>
    <node ID="0.10" type="Word">
      <attributes paragraph="1" paragraph_position="10" text="old" />
      <extra dep="amod" ent_iob="2" ent_type="" head="1" lemma="old" orig_paragraph="1" orth="old" pos="ADJ" prefix="o" shape="xxx" suffix="old" tag="JJ" />
    </node>
    <node ID="0.11" type="Word">
      <attributes paragraph="1" paragraph_position="11" text="uproar" />
      <extra dep="obj" ent_iob="2" ent_type="" head="-4" lemma="uproar" orig_paragraph="1" orth="uproar" pos="NOUN" prefix="u" shape="xxxx" suffix="oar" tag="NN" />
    </node>
    <node ID="0.12" type="Punctuation">
      <attributes paragraph="1" paragraph_position="12" text="." />
      <extra dep="punct" ent_iob="2" ent_type="" head="-7" lemma="." orig_paragraph="1" orth="." pos="PUNCT" prefix="." shape="." suffix="." tag="." />
    </node>
  </layer>
  <layer layerID="1">
    <attributes />
    <node ID="1.1" type="FN">
      <attributes />
      <edge toID="1.2" type="H">
        <attributes />
        <category tag="H" />
      </edge>
      <edge toID="1.3" type="U">
        <attributes />
        <category tag="U" />
      </edge>
      <edge toID="1.4" type="H">
        <attributes />
        <category tag="H" />
      </edge>
    </node>
    <node ID="1.2" type="FN">
      <attributes />
      <edge toID="1.5" type="A">
        <attributes />
        <category tag="A" />
      </edge>
      <edge toID="1.6" type="F">
        <attributes />
        <category tag="F" />
      </edge>
      <edge toID="1.7" type="D">
        <attributes />
        <category tag="D" />
      </edge>
      <edge toID="1.8" type="P">
        <attributes />
        <category tag="P" />
      </edge>
    </node>
    <node ID="1.3" type="PNCT">
      <attributes />
      <edge toID="0.6" type="Terminal">
        <attributes />
        <category tag="Terminal" />
      </edge>
    </node>
    <node ID="1.4" type="FN">
      <attributes />
      <edge toID="1.5" type="A">
        <attributes remote="True" />
        <category tag="A" />
      </edge>
      <edge toID="1.9" type="P">
        <attributes />
        <category tag="P" />
      </edge>
      <edge toID="1.10" type="A">
        <attributes />
        <category tag="A" />
      </edge>
    </node>
    <node ID="1.5" type="FN">
      <attributes />
      <edge toID="1.11" type="E">
        <attributes />
        <category tag="E" />
      </edge>
      <edge toID="1.12" type="C">
        <attributes />
        <category tag="C" />
      </edge>
    </node>
    <node ID="1.6" type="FN">
      <attributes />
      <edge toID="0.3" type="Terminal">
        <attributes />
        <category tag="Terminal" />
      </edge>
    </node>
    <node ID="1.7" type="FN">
      <attributes />
      <edge toID="0.4" type="Terminal">
        <attributes />
        <category tag="Terminal" />
      </edge>
    </node>
    <node ID="1.8" type="FN">
      <attributes />
      <edge toID="0.5" type="Terminal">
        <attributes />
        <category tag="Terminal" />
      </edge>
    </node>
    <node ID="1.9" type="FN">
      <attributes />
      <edge toID="0.7" type="Terminal">
        <attributes />
        <category tag="Terminal" />
      </edge>
    </node>
    <node ID="1.10" type="FN">
      <attributes />
      <edge toID="1.13" type="E">
        <attributes />
        <category tag="E" />
      </edge>
      <edge toID="1.14" type="E">
        <attributes />
        <category tag="E" />
      </edge>
      <edge toID="1.15" type="C">
        <attributes />
        <category tag="C" />
      </edge>
      <edge toID="1.16" type="U">
        <attributes />
        <category tag="U" />
      </edge>
    </node>
    <node ID="1.11" type="FN">
      <attributes />
      <edge toID="0.1" type="Terminal">
        <attributes />
        <category tag="Terminal" />
      </edge>
    </node>
    <node ID="1.12" type="FN">
      <attributes />
      <edge toID="0.2" type="Terminal">
        <attributes />
        <category tag="Terminal" />
      </edge>
    </node>
    <node ID="1.13" type="FN">
      <attributes />
      <edge toID="0.8" type="Terminal">
        <attributes />
        <category tag="Terminal" />
      </edge>
    </node>
    <node ID="1.14" type="FN">
      <attributes />
      <edge toID="1.17" type="E">
        <attributes />
        <category tag="E" />
      </edge>
      <edge toID="1.18" type="C">
        <attributes />
        <category tag="C" />
      </edge>
    </node>
    <node ID="1.15" type="FN">
      <attributes />
      <edge toID="0.11" type="Terminal">
        <attributes />
        <category tag="Terminal" />
      </edge>
    </node>
    <node ID="1.16" type="PNCT">
      <attributes />
      <edge toID="0.12" type="Terminal">
        <attributes />
        <category tag="Terminal" />
      </edge>
    </node>
    <node ID="1.17" type="FN">
      <attributes />
      <edge toID="0.9" type="Terminal">
        <attributes />
        <category tag="Terminal" />
      </edge>
    </node>
    <node ID="1.18" type="FN">
      <attributes />
      <edge toID="0.10" type="Terminal">
        <attributes />
        <category tag="Terminal" />
      </edge>
    </node>
  </layer>
</root>
