<root annotationID="0" passageID="835000">
  <attributes />
  <extra format="ucca" />
  <layer layerID="0">
    <attributes />
    <extra doc="[[[5059648917813135842, 7425985699627899538, 15267657372422890137, 89, 381, 3, 412, 2, 18200729499220207786, 5582244037879929967, 5059648917813135842], [18317626651637262114, 18317626651637262114, 15794550382381185553, 95, 381, 1, 7037928807040764755, 1, 16072095006890171862, 14862748245026736845, 3207500645644117482], [15678605953424252149, 15678605953424252149, 15794550382381185553, 95, 381, 1, 7833439085008721140, 4, 16072095006890171862, 10603054956214495369, 13881993904361343619], [12960022596163002503, 14692702688101715474, 17109001835818727656, 86, 0, 2, 402, 3, 4088098365541558500, 15817570140490810055, 12960022596163002503], [12517269084653561647, 10382539506755952630, 3822385049556375858, 86, 0, 2, 18127512502257733094, 2, 13110060611322374290, 15598372446745583797, 11571764995849485429], [5684526622862485733, 5684526622862485733, 164681854541413346, 85, 0, 2, 397, 1, 13110060611322374290, 8861071527689086543, 7309984611441301903], [1871126708647507876, 1871126708647507876, 3822385049556375858, 99, 0, 2, 445, 0, 13110060611322374290, 16900879642891266615, 15425007702371471922], [2283656566040971221, 2283656566040971221, 17571114184892886314, 88, 0, 2, 404, 1, 4088098365541558500, 11901859001352538922, 2283656566040971221], [15742043869569921726, 6388973655490464457, 3822385049556375858, 99, 0, 2, 407, -2, 13110060611322374290, 13110760720460257827, 14814004474743358178], [1696981056005371314, 1696981056005371314, 6860118812490040284, 84, 0, 2, 2008358639898919775, -1, 4088098365541558500, 1489474827855109852, 1696981056005371314], [16037325823156266367, 16037325823156266367, 1292078113972184607, 84, 0, 2, 8110129090154140942, 3, 4088098365541558500, 13110760720460257827, 16037325823156266367], [12513610393978129441, 12513610393978129441, 4062917326063685704, 94, 0, 2, 1227985075839834553, 2, 4088098365541558500, 5097672513440128799, 12513610393978129441], [4753564829687343602, 4753564829687343602, 10554686591937588953, 83, 0, 2, 399, 1, 4088098365541558500, 13210364986222294696, 4753564829687343602], [3474453919548232031, 3474453919548232031, 15308085513773655218, 91, 0, 2, 432, -5, 13110060611322374290, 11901859001352538922, 12182527387764416033], [12646065887601541794, 12646065887601541794, 12646065887601541794, 96, 0, 2, 442, -8, 12646065887601541794, 12646065887601541794, 12646065887601541794]]]" />
    <node ID="0.1" type="Word">
      <attributes paragraph="1" paragraph_position="1" text="The" />
      <extra dep="det" ent_iob="3" ent_type="ORG" head="2" lemma="the" orig_paragraph="1" orth="The" pos="DET" prefix="T" shape="Xxx" suffix="The" tag="DT" />
    </node>
    <node ID="0.2" type="Word">
      <attributes paragraph="1" paragraph_position="2" text="Abraham" />
      <extra dep="compound" ent_iob="1" ent_type="ORG" head="1" lemma="Abraham" orig_paragraph="1" orth="Abraham" pos="PROPN" prefix="A" shape="Xxxxx" suffix="ham" tag="NNP" />
    </node>
    <node ID="0.3" type="Word">
      <attributes paragraph="1" paragraph_position="3" text="Lincoln" />
      <extra dep="nsubj:pass" ent_iob="1" ent_type="ORG" head="4" lemma="Lincoln" orig_paragraph="1" orth="Lincoln" pos="PROPN" prefix="L" shape="Xxxxx" suffix="oln" tag="NNP" />
    </node>
    <node ID="0.4" type="Word">
      <attributes paragraph="1" paragraph_position="4" text="had" />
      <extra dep="aux" ent_iob="2" ent_type="" head="3" lemma="have" orig_paragraph="1" orth="had" pos="AUX" prefix="h" shape="xxx" suffix="had" tag="VBD" />
    </node>
    <node ID="0.5" type="Word">
      <attributes paragraph="1" paragraph_position="5" text="been" />
      <extra dep="aux:pass" ent_iob="2" ent_type="" head="2" lemma="be" orig_paragraph="1" orth="been" pos="AUX" prefix="b" shape="xxxx" suffix="een" tag="VBN" />
    </node>
    <node ID="0.6" type="Word">
      <attributes paragraph="1" paragraph_position="6" text="perfectly" />
      <extra dep="advmod" ent_iob="2" ent_type="" head="1" lemma="perfectly" orig_paragraph="1" orth="perfectly" pos="ADV" prefix="p" shape="xxxx" suffix="tly" tag="RB" />
    </node>
    <node ID="0.7" type="Word">
      <attributes paragraph="1" paragraph_position="7" text="chosen" />
      <extra dep="root" ent_iob="2" ent_type="" head="0" lemma="chosen" orig_paragraph="1" orth="chosen" pos="VERB" prefix="c" shape="xxxx" suffix="sen" tag="VBN" />
    </node>
    <node ID="0.8" type="Word">
      <attributes paragraph="1" paragraph_position="8" text="and" />
      <extra dep="cc" ent_iob="2" ent_type="" head="1" lemma="and" orig_paragraph="1" orth="and" pos="CCONJ" prefix="a" shape="xxx" suffix="and" tag="CC" />
    </node>
    <node ID="0.9" type="Word">
      <attributes paragraph="1" paragraph_position="9" text="fitted" />
      <extra dep="conj" ent_iob="2" ent_type="" head="-2" lemma="fit" orig_paragraph="1" orth="fitted" pos="VERB" prefix="f" shape="xxxx" suffix="ted" tag="VBN" />
    </node>
    <node ID="0.10" type="Word">
      <attributes paragraph="1" paragraph_position="10" text="out" />
      <extra dep="compound:prt" ent_iob="2" ent_type="" head="-1" lemma="out" orig_paragraph="1" orth="out" pos="ADP" prefix="o" shape="xxx" suffix="out" tag="RP" />
    </node>
    <node ID="0.11" type="Word">
      <attributes paragraph="1" paragraph_position="11" text="for" />
      <extra dep="case" ent_iob="2" ent_type="" head="3" lemma="for" orig_paragraph="1" orth="for" pos="ADP" prefix="f" shape="xxx" suffix="for" tag="IN" />
    </node>
    <node ID="0.12" type="Word">
      <attributes paragraph="1" paragraph_position="12" text="its" />
      <extra dep="nmod:poss" ent_iob="2" ent_type="" head="2" lemma="its" orig_paragraph="1" orth="its" pos="PRON" prefix="i" shape="xxx" suffix="its" tag="PRP$" />
    </node>
    <node ID="0.13" type="Word">
      <attributes paragraph="1" paragraph_position="13" text="new" />
      <extra dep="amod" ent_iob="2" ent_type="" head="1" lemma="new" orig_paragraph="1" orth="new" pos="ADJ" prefix="n" shape="xxx" suffix="new" tag="JJ" />
    </node>
    <node ID="0.14" type="Word">
      <attributes paragraph="1" paragraph_position="14" text="assignment" />
      <extra dep="obl" ent_iob="2" ent_type="" head="-5" lemma="assignment" orig_paragraph="1" orth="assignment" pos="NOUN" prefix="a" shape="xxxx" suffix="ent" tag="NN" />
    </node>
    <node ID="0.15" type="Punctuation">
      <attributes paragraph="1" paragraph_position="15" text="." />
      <extra dep="punct" ent_iob="2" ent_type="" head="-8" lemma="." orig_paragraph="1" orth="." pos="PUNCT" prefix="." shape="." suffix="." tag="." />
    </node>
  </layer>
  <layer layerID="1">
    <attributes />
    <node ID="1.1" type="FN">
      <attributes />
      <edge toID="1.2" type="H">
        <attributes />
        <category tag="H" />
      </edge>
    </node>
    <node ID="1.2" type="FN">
      <attributes />
      <edge toID="1.3" type="A">
        <attributes />
        <category tag="A" />
      </edge>
      <edge toID="1.4" type="F">
        <attributes />
        <category tag="F" />
      </edge>
      <edge toID="1.5" type="F">
        <attributes />
        <category tag="F" />
      </edge>
      <edge toID="1.6" type="D">
        <attributes />
        <category tag="D" />
      </edge>
      <edge toID="1.7" type="P">
        <attributes />
        <category tag="P" />
      </edge>
      <edge toID="1.8" type="A">
        <attributes />
        <category tag="A" />
      </edge>
    </node>
    <node ID="1.3" type="FN">
      <attributes />
      <edge toID="1.9" type="E">
        <attributes />
        <category tag="E" />
      </edge>
      <edge toID="1.10" type="C">
        <attributes />
        <category tag="C" />
      </edge>
    </node>
    <node ID="1.4" type="FN">
      <attributes />
      <edge toID="0.4" type="Terminal">
        <attributes />
        <category tag="Terminal" />
      </edge>
    </node>
    <node ID="1.5" type="FN">
      <attributes />
      <edge toID="0.5" type="Terminal">
        <attributes />
        <category tag="Terminal" />
      </edge>
    </node>
    <node ID="1.6" type="FN">
      <attributes />
      <edge toID="0.6" type="Terminal">
        <attributes />
        <category tag="Terminal" />
      </edge>
    </node>
    <node ID="1.7" type="FN">
      <attributes />
      <edge toID="1.11" type="C">
        <attributes />
        <category tag="C" />
      </edge>
      <edge toID="1.12" type="N">
        <attributes />
        <category tag="N" />
      </edge>
      <edge toID="1.13" type="C">
        <attributes />
        <category tag="C" />
      </edge>
    </node>
    <node ID="1.8" type="FN">
      <attributes />
      <edge toID="1.14" type="R">
        <attributes />
        <category tag="R" />
      </edge>
      <edge toID="1.15" type="E">
        <attributes />
        <category tag="E" />
      </edge>
      <edge toID="1.16" type="E">
        <attributes />
        <category tag="E" />
      </edge>
      <edge toID="1.17" type="C">
        <attributes />
        <category tag="C" />
      </edge>
      <edge toID="1.18" type="U">
        <attributes />
        <category tag="U" />
      </edge>
    </node>
    <node ID="1.9" type="FN">
      <attributes />
      <edge toID="0.1" type="Terminal">
        <attributes />
        <category tag="Terminal" />
      </edge>
    </node>
    <node ID="1.10" type="FN">
      <attributes />
      <edge toID="0.2" type="Terminal">
        <attributes />
        <category tag="Terminal" />
      </edge>
      <edge toID="0.3" type="Terminal">
        <attributes />
        <category tag="Terminal" />
      </edge>
    </node>
    <node ID="1.11" type="FN">
      <attributes />
      <edge toID="0.7" type="Terminal">
        <attributes />
        <category tag="Terminal" />
      </edge>
    </node>
    <node ID="1.12" type="FN">
      <attributes />
      <edge toID="0.8" type="Terminal">
        <attributes />
        <category tag="Terminal" />
      </edge>
    </node>
    <node ID="1.13" type="FN">
      <attributes />
      <edge toID="0.9" type="Terminal">
        <attributes />
        <category tag="Terminal" />
      </edge>
      <edge toID="0.10" type="Terminal">
        <attributes />
        <category tag="Terminal" />
      </edge>
    </node>
    <node ID="1.14" type="FN">
      <attributes />
      <edge toID="0.11" type="Terminal">
        <attributes />
        <category tag="Terminal" />
      </edge>
    </node>
    <node ID="1.15" type="FN">
      <attributes />
      <edge toID="0.12" type="Terminal">
        <attributes />
        <category tag="Terminal" />
      </edge>
    </node>
    <node ID="1.16" type="FN">
      <attributes />
      <edge toID="0.13" type="Terminal">
        <attributes />
        <category tag="Terminal" />
      </edge>
    </node>
    <node ID="1.17" type="FN">
      <attributes />
      <edge toID="0.14" type="Terminal">
        <attributes />
        <category tag="Terminal" />
      </edge>
    </node>
    <node ID="1.18" type="PNCT">
      <attributes />
      <edge toID="0.15" type="Terminal">
        <attributes />
        <category tag="Terminal" />
      </edge>
    </node>
  </layer>
</root>
