<root annotationID="0" passageID="846000">
  <attributes />
  <extra format="ucca" />
  <layer layerID="0">
    <attributes />
    <extra doc="[[[11922401434991827894, 8241648526530492509, 8427216679587749980, 92, 389, 3, 12837356684637874264, 1, 16072095006890171862, 5582244037879929967, 1885430333798768031], [15944149891796232253, 15944149891796232253, 15308085513773655218, 91, 389, 1, 426, 2, 6849787184664117039, 1489474827855109852, 7491562129346639733], [2630753287402592467, 2630753287402592467, 164681854541413346, 85, 0, 2, 397, 1, 13110060611322374290, 15369245168918225700, 17541118948136595177], [6794529207462523474, 1289836513871212815, 17109001835818727656, 99, 0, 2, 445, 0, 13110060611322374290, 16978132545290669629, 15654095305962636923], [12646065887601541794, 12646065887601541794, 12646065887601541794, 96, 0, 2, 442, -1, 12646065887601541794, 12646065887601541794, 12646065887601541794]]]" />
    <node ID="0.1" type="Word">
      <attributes paragraph="1" paragraph_position="1" text="Three" />
      <extra dep="nummod" ent_iob="3" ent_type="TIME" head="1" lemma="three" orig_paragraph="1" orth="Three" pos="NUM" prefix="T" shape="Xxxxx" suffix="ree" tag="CD" />
    </node>
    <node ID="0.2" type="Word">
      <attributes paragraph="1" paragraph_position="2" text="o'clock" />
      <extra dep="nsubj" ent_iob="1" ent_type="TIME" head="2" lemma="o'clock" orig_paragraph="1" orth="o'clock" pos="NOUN" prefix="o" shape="x'xxxx" suffix="ock" tag="NN" />
    </node>
    <node ID="0.3" type="Word">
      <attributes paragraph="1" paragraph_position="3" text="then" />
      <extra dep="advmod" ent_iob="2" ent_type="" head="1" lemma="then" orig_paragraph="1" orth="then" pos="ADV" prefix="t" shape="xxxx" suffix="hen" tag="RB" />
    </node>
    <node ID="0.4" type="Word">
      <attributes paragraph="1" paragraph_position="4" text="sounded" />
      <extra dep="root" ent_iob="2" ent_type="" head="0" lemma="sound" orig_paragraph="1" orth="sounded" pos="VERB" prefix="s" shape="xxxx" suffix="ded" tag="VBD" />
    </node>
    <node ID="0.5" type="Punctuation">
      <attributes paragraph="1" paragraph_position="5" text="." />
      <extra dep="punct" ent_iob="2" ent_type="" head="-1" lemma="." orig_paragraph="1" orth="." pos="PUNCT" prefix="." shape="." suffix="." tag="." />
    </node>
  </layer>
  <layer layerID="1">
    <attributes />
    <node ID="1.1" type="FN">
      <attributes />
      <edge toID="1.2" type="H">
        <attributes />
        <category tag="H" />
      </edge>
    </node>
    <node ID="1.2" type="FN">
      <attributes />
      <edge toID="1.3" type="A">
        <attributes />
        <category tag="A" />
      </edge>
      <edge toID="1.4" type="D">
        <attributes />
        <category tag="D" />
      </edge>
      <edge toID="1.5" type="P">
        <attributes />
        <category tag="P" />
      </edge>
      <edge toID="1.6" type="U">
        <attributes />
        <category tag="U" />
      </edge>
    </node>
    <node ID="1.3" type="FN">
      <attributes />
      <edge toID="1.7" type="E">
        <attributes />
        <category tag="E" />
      </edge>
      <edge toID="1.8" type="C">
        <attributes />
        <category tag="C" />
      </edge>
    </node>
    <node ID="1.4" type="FN">
      <attributes />
      <edge toID="0.3" type="Terminal">
        <attributes />
        <category tag="Terminal" />
      </edge>
    </node>
    <node ID="1.5" type="FN">
      <attributes />
      <edge toID="0.4" type="Terminal">
        <attributes />
        <category tag="Terminal" />
      </edge>
    </node>
    <node ID="1.6" type="PNCT">
      <attributes />
      <edge toID="0.5" type="Terminal">
        <attributes />
        <category tag="Terminal" />
      </edge>
    </node>
    <node ID="1.7" type="FN">
      <attributes />
      <edge toID="0.1" type="Terminal">
        <attributes />
        <category tag="Terminal" />
      </edge>
    </node>
    <node ID="1.8" type="FN">
      <attributes />
      <edge toID="0.2" type="Terminal">
        <attributes />
        <category tag="Terminal" />
      </edge>
    </node>
  </layer>
</root>
