<root annotationID="0" passageID="885000">
  <attributes />
  <extra format="ucca" />
  <layer layerID="0">
    <attributes />
    <extra doc="[[[3893465145528745987, 9781598966686434415, 164681854541413346, 85, 0, 2, 397, 6, 12204527652707022206, 12290980237632234855, 3893465145528745987], [7425985699627899538, 7425985699627899538, 15267657372422890137, 89, 0, 2, 412, 2, 4088098365541558500, 15369245168918225700, 7425985699627899538], [18317626651637262114, 18317626651637262114, 15794550382381185553, 95, 378, 3, 7037928807040764755, 1, 16072095006890171862, 14862748245026736845, 3207500645644117482], [15678605953424252149, 15678605953424252149, 15794550382381185553, 95, 378, 1, 426, 3, 16072095006890171862, 10603054956214495369, 13881993904361343619], [9921686513378912864, 10382539506755952630, 17109001835818727656, 86, 0, 2, 402, 2, 4088098365541558500, 260667111241363922, 9921686513378912864], [2043519015752540944, 447765159362469301, 164681854541413346, 93, 0, 2, 397, 1, 15075103628056407474, 13210364986222294696, 2043519015752540944], [16453745542605623603, 15603136679673877931, 1534113631682161808, 99, 0, 2, 445, 0, 13110060611322374290, 2985121464356781022, 7679303661980345986], [3002984154512732771, 3002984154512732771, 1292078113972184607, 84, 0, 2, 8110129090154140942, 1, 4370460163704169311, 5097672513440128799, 3002984154512732771], [18281114504200336646, 18281114504200336646, 783433942507015291, 91, 0, 2, 432, -2, 13110060611322374290, 646772771845179972, 4232654337548179339], [886050111519832510, 886050111519832510, 1292078113972184607, 84, 0, 2, 8110129090154140942, 1, 4370460163704169311, 1489474827855109852, 886050111519832510], [4311405964397357288, 4311405964397357288, 15308085513773655218, 91, 0, 2, 423, -2, 13110060611322374290, 8148669997605808657, 10748144119362648261], [12646065887601541794, 12646065887601541794, 12646065887601541794, 96, 0, 2, 442, -5, 12646065887601541794, 12646065887601541794, 12646065887601541794]]]" />
    <node ID="0.1" type="Word">
      <attributes paragraph="1" paragraph_position="1" text="So" />
      <extra dep="advmod" ent_iob="2" ent_type="" head="6" lemma="so" orig_paragraph="1" orth="So" pos="ADV" prefix="S" shape="Xx" suffix="So" tag="RB" />
    </node>
    <node ID="0.2" type="Word">
      <attributes paragraph="1" paragraph_position="2" text="the" />
      <extra dep="det" ent_iob="2" ent_type="" head="2" lemma="the" orig_paragraph="1" orth="the" pos="DET" prefix="t" shape="xxx" suffix="the" tag="DT" />
    </node>
    <node ID="0.3" type="Word">
      <attributes paragraph="1" paragraph_position="3" text="Abraham" />
      <extra dep="compound" ent_iob="3" ent_type="PERSON" head="1" lemma="Abraham" orig_paragraph="1" orth="Abraham" pos="PROPN" prefix="A" shape="Xxxxx" suffix="ham" tag="NNP" />
    </node>
    <node ID="0.4" type="Word">
      <attributes paragraph="1" paragraph_position="4" text="Lincoln" />
      <extra dep="nsubj" ent_iob="1" ent_type="PERSON" head="3" lemma="Lincoln" orig_paragraph="1" orth="Lincoln" pos="PROPN" prefix="L" shape="Xxxxx" suffix="oln" tag="NNP" />
    </node>
    <node ID="0.5" type="Word">
      <attributes paragraph="1" paragraph_position="5" text="was" />
      <extra dep="aux" ent_iob="2" ent_type="" head="2" lemma="be" orig_paragraph="1" orth="was" pos="AUX" prefix="w" shape="xxx" suffix="was" tag="VBD" />
    </node>
    <node ID="0.6" type="Word">
      <attributes paragraph="1" paragraph_position="6" text="n't" />
      <extra dep="advmod" ent_iob="2" ent_type="" head="1" lemma="not" orig_paragraph="1" orth="n't" pos="PART" prefix="n" shape="x'x" suffix="n't" tag="RB" />
    </node>
    <node ID="0.7" type="Word">
      <attributes paragraph="1" paragraph_position="7" text="lacking" />
      <extra dep="root" ent_iob="2" ent_type="" head="0" lemma="lack" orig_paragraph="1" orth="lacking" pos="VERB" prefix="l" shape="xxxx" suffix="ing" tag="VBG" />
    </node>
    <node ID="0.8" type="Word">
      <attributes paragraph="1" paragraph_position="8" text="in" />
      <extra dep="case" ent_iob="2" ent_type="" head="1" lemma="in" orig_paragraph="1" orth="in" pos="ADP" prefix="i" shape="xx" suffix="in" tag="IN" />
    </node>
    <node ID="0.9" type="Word">
      <attributes paragraph="1" paragraph_position="9" text="means" />
      <extra dep="obl" ent_iob="2" ent_type="" head="-2" lemma="means" orig_paragraph="1" orth="means" pos="NOUN" prefix="m" shape="xxxx" suffix="ans" tag="NNS" />
    </node>
    <node ID="0.10" type="Word">
      <attributes paragraph="1" paragraph_position="10" text="of" />
      <extra dep="case" ent_iob="2" ent_type="" head="1" lemma="of" orig_paragraph="1" orth="of" pos="ADP" prefix="o" shape="xx" suffix="of" tag="IN" />
    </node>
    <node ID="0.11" type="Word">
      <attributes paragraph="1" paragraph_position="11" text="destruction" />
      <extra dep="nmod" ent_iob="2" ent_type="" head="-2" lemma="destruction" orig_paragraph="1" orth="destruction" pos="NOUN" prefix="d" shape="xxxx" suffix="ion" tag="NN" />
    </node>
    <node ID="0.12" type="Punctuation">
      <attributes paragraph="1" paragraph_position="12" text="." />
      <extra dep="punct" ent_iob="2" ent_type="" head="-5" lemma="." orig_paragraph="1" orth="." pos="PUNCT" prefix="." shape="." suffix="." tag="." />
    </node>
  </layer>
  <layer layerID="1">
    <attributes />
    <node ID="1.1" type="FN">
      <attributes />
      <edge toID="1.2" type="H">
        <attributes />
        <category tag="H" />
      </edge>
    </node>
    <node ID="1.2" type="FN">
      <attributes />
      <edge toID="1.3" type="A">
        <attributes />
        <category tag="A" />
      </edge>
      <edge toID="1.4" type="F">
        <attributes />
        <category tag="F" />
      </edge>
      <edge toID="1.5" type="D">
        <attributes />
        <category tag="D" />
      </edge>
      <edge toID="1.6" type="P">
        <attributes />
        <category tag="P" />
      </edge>
      <edge toID="1.7" type="A">
        <attributes />
        <category tag="A" />
      </edge>
    </node>
    <node ID="1.3" type="FN">
      <attributes />
      <edge toID="1.8" type="E">
        <attributes />
        <category tag="E" />
      </edge>
      <edge toID="1.9" type="E">
        <attributes />
        <category tag="E" />
      </edge>
      <edge toID="1.10" type="C">
        <attributes />
        <category tag="C" />
      </edge>
    </node>
    <node ID="1.4" type="FN">
      <attributes />
      <edge toID="0.5" type="Terminal">
        <attributes />
        <category tag="Terminal" />
      </edge>
    </node>
    <node ID="1.5" type="FN">
      <attributes />
      <edge toID="0.6" type="Terminal">
        <attributes />
        <category tag="Terminal" />
      </edge>
    </node>
    <node ID="1.6" type="FN">
      <attributes />
      <edge toID="0.7" type="Terminal">
        <attributes />
        <category tag="Terminal" />
      </edge>
    </node>
    <node ID="1.7" type="FN">
      <attributes />
      <edge toID="1.11" type="R">
        <attributes />
        <category tag="R" />
      </edge>
      <edge toID="1.12" type="C">
        <attributes />
        <category tag="C" />
      </edge>
      <edge toID="1.13" type="R">
        <attributes />
        <category tag="R" />
      </edge>
      <edge toID="1.14" type="E">
        <attributes />
        <category tag="E" />
      </edge>
      <edge toID="1.15" type="U">
        <attributes />
        <category tag="U" />
      </edge>
    </node>
    <node ID="1.8" type="FN">
      <attributes />
      <edge toID="0.1" type="Terminal">
        <attributes />
        <category tag="Terminal" />
      </edge>
    </node>
    <node ID="1.9" type="FN">
      <attributes />
      <edge toID="0.2" type="Terminal">
        <attributes />
        <category tag="Terminal" />
      </edge>
    </node>
    <node ID="1.10" type="FN">
      <attributes />
      <edge toID="0.3" type="Terminal">
        <attributes />
        <category tag="Terminal" />
      </edge>
      <edge toID="0.4" type="Terminal">
        <attributes />
        <category tag="Terminal" />
      </edge>
    </node>
    <node ID="1.11" type="FN">
      <attributes />
      <edge toID="0.8" type="Terminal">
        <attributes />
        <category tag="Terminal" />
      </edge>
    </node>
    <node ID="1.12" type="FN">
      <attributes />
      <edge toID="0.9" type="Terminal">
        <attributes />
        <category tag="Terminal" />
      </edge>
    </node>
    <node ID="1.13" type="FN">
      <attributes />
      <edge toID="0.10" type="Terminal">
        <attributes />
        <category tag="Terminal" />
      </edge>
    </node>
    <node ID="1.14" type="FN">
      <attributes />
      <edge toID="0.11" type="Terminal">
        <attributes />
        <category tag="Terminal" />
      </edge>
    </node>
    <node ID="1.15" type="PNCT">
      <attributes />
      <edge toID="0.12" type="Terminal">
        <attributes />
        <category tag="Terminal" />
      </edge>
    </node>
  </layer>
</root>
