<root annotationID="0" passageID="885002">
  <attributes />
  <extra format="ucca" />
  <layer layerID="0">
    <attributes />
    <extra doc="[[[7859011591137717335, 10239237003504588839, 13656873538139661788, 94, 0, 2, 426, 2, 12204527652707022206, 4690420944186131903, 7859011591137717335], [12960022596163002503, 14692702688101715474, 17109001835818727656, 86, 0, 2, 402, 1, 4088098365541558500, 15817570140490810055, 12960022596163002503], [9739302657816088396, 10850957288794122991, 3822385049556375858, 99, 378, 3, 445, 0, 18200729499220207786, 10850957288794122991, 9739302657816088396], [731233208058718707, 9223110792950820932, 15794550382381185553, 95, 378, 1, 431, -1, 10887629174180191697, 10603054956214495369, 2283656566040971221], [2593208677638477497, 2593208677638477497, 2593208677638477497, 96, 0, 2, 442, -1, 2593208677638477497, 2593208677638477497, 2593208677638477497], [7425985699627899538, 7425985699627899538, 15267657372422890137, 89, 381, 3, 412, 1, 4088098365541558500, 15369245168918225700, 7425985699627899538], [14826469074451677028, 14826469074451677028, 15794550382381185553, 95, 381, 1, 400, -3, 10887629174180191697, 8656007278630577320, 7679303661980345986], [886050111519832510, 886050111519832510, 1292078113972184607, 84, 381, 1, 8110129090154140942, 1, 4370460163704169311, 1489474827855109852, 886050111519832510], [14726469309986797451, 14726469309986797451, 11233576250605462493, 95, 381, 1, 423, -2, 16072095006890171862, 9350754067018752509, 7409412530419520829], [12646065887601541794, 12646065887601541794, 12646065887601541794, 96, 0, 2, 442, -7, 12646065887601541794, 12646065887601541794, 12646065887601541794]]]" />
    <node ID="0.1" type="Word">
      <attributes paragraph="1" paragraph_position="1" text="It" />
      <extra dep="nsubj" ent_iob="2" ent_type="" head="2" lemma="it" orig_paragraph="1" orth="It" pos="PRON" prefix="I" shape="Xx" suffix="It" tag="PRP" />
    </node>
    <node ID="0.2" type="Word">
      <attributes paragraph="1" paragraph_position="2" text="had" />
      <extra dep="aux" ent_iob="2" ent_type="" head="1" lemma="have" orig_paragraph="1" orth="had" pos="AUX" prefix="h" shape="xxx" suffix="had" tag="VBD" />
    </node>
    <node ID="0.3" type="Word">
      <attributes paragraph="1" paragraph_position="3" text="Ned" />
      <extra dep="root" ent_iob="3" ent_type="PERSON" head="1" lemma="N" orig_paragraph="1" orth="Ned" pos="VERB" prefix="N" shape="Xxx" suffix="Ned" tag="VBN" />
    </node>
    <node ID="0.4" type="Word">
      <attributes paragraph="1" paragraph_position="4" text="Land" />
      <extra dep="obj" ent_iob="1" ent_type="PERSON" head="-1" lemma="land" orig_paragraph="1" orth="Land" pos="PROPN" prefix="L" shape="Xxxx" suffix="and" tag="NNP" />
    </node>
    <node ID="0.5" type="Punctuation">
      <attributes paragraph="1" paragraph_position="5" text="," />
      <extra dep="punct" ent_iob="2" ent_type="" head="-1" lemma="," orig_paragraph="1" orth="," pos="PUNCT" prefix="," shape="," suffix="," tag="," />
    </node>
    <node ID="0.6" type="Word">
      <attributes paragraph="1" paragraph_position="6" text="the" />
      <extra dep="det" ent_iob="3" ent_type="ORG" head="1" lemma="the" orig_paragraph="1" orth="the" pos="DET" prefix="t" shape="xxx" suffix="the" tag="DT" />
    </node>
    <node ID="0.7" type="Word">
      <attributes paragraph="1" paragraph_position="7" text="King" />
      <extra dep="appos" ent_iob="1" ent_type="ORG" head="-3" lemma="King" orig_paragraph="1" orth="King" pos="PROPN" prefix="K" shape="Xxxx" suffix="ing" tag="NNP" />
    </node>
    <node ID="0.8" type="Word">
      <attributes paragraph="1" paragraph_position="8" text="of" />
      <extra dep="case" ent_iob="1" ent_type="ORG" head="1" lemma="of" orig_paragraph="1" orth="of" pos="ADP" prefix="o" shape="xx" suffix="of" tag="IN" />
    </node>
    <node ID="0.9" type="Word">
      <attributes paragraph="1" paragraph_position="9" text="Harpooners" />
      <extra dep="nmod" ent_iob="1" ent_type="ORG" head="-2" lemma="Harpooners" orig_paragraph="1" orth="Harpooners" pos="PROPN" prefix="H" shape="Xxxxx" suffix="ers" tag="NNPS" />
    </node>
    <node ID="0.10" type="Punctuation">
      <attributes paragraph="1" paragraph_position="10" text="." />
      <extra dep="punct" ent_iob="2" ent_type="" head="-7" lemma="." orig_paragraph="1" orth="." pos="PUNCT" prefix="." shape="." suffix="." tag="." />
    </node>
  </layer>
  <layer layerID="1">
    <attributes />
    <node ID="1.1" type="FN">
      <attributes />
      <edge toID="1.2" type="H">
        <attributes />
        <category tag="H" />
      </edge>
    </node>
    <node ID="1.2" type="FN">
      <attributes />
      <edge toID="1.3" type="A">
        <attributes />
        <category tag="A" />
      </edge>
      <edge toID="1.4" type="F">
        <attributes />
        <category tag="F" />
      </edge>
      <edge toID="1.5" type="P">
        <attributes />
        <category tag="P" />
      </edge>
      <edge toID="1.6" type="A">
        <attributes />
        <category tag="A" />
      </edge>
    </node>
    <node ID="1.3" type="FN">
      <attributes />
      <edge toID="0.1" type="Terminal">
        <attributes />
        <category tag="Terminal" />
      </edge>
    </node>
    <node ID="1.4" type="FN">
      <attributes />
      <edge toID="0.2" type="Terminal">
        <attributes />
        <category tag="Terminal" />
      </edge>
    </node>
    <node ID="1.5" type="FN">
      <attributes />
      <edge toID="0.3" type="Terminal">
        <attributes />
        <category tag="Terminal" />
      </edge>
    </node>
    <node ID="1.6" type="FN">
      <attributes />
      <edge toID="1.7" type="C">
        <attributes />
        <category tag="C" />
      </edge>
      <edge toID="1.8" type="U">
        <attributes />
        <category tag="U" />
      </edge>
      <edge toID="1.9" type="E">
        <attributes />
        <category tag="E" />
      </edge>
    </node>
    <node ID="1.7" type="FN">
      <attributes />
      <edge toID="0.4" type="Terminal">
        <attributes />
        <category tag="Terminal" />
      </edge>
    </node>
    <node ID="1.8" type="PNCT">
      <attributes />
      <edge toID="0.5" type="Terminal">
        <attributes />
        <category tag="Terminal" />
      </edge>
    </node>
    <node ID="1.9" type="FN">
      <attributes />
      <edge toID="1.10" type="E">
        <attributes />
        <category tag="E" />
      </edge>
      <edge toID="1.11" type="C">
        <attributes />
        <category tag="C" />
      </edge>
      <edge toID="1.12" type="U">
        <attributes />
        <category tag="U" />
      </edge>
    </node>
    <node ID="1.10" type="FN">
      <attributes />
      <edge toID="0.6" type="Terminal">
        <attributes />
        <category tag="Terminal" />
      </edge>
    </node>
    <node ID="1.11" type="FN">
      <attributes />
      <edge toID="0.7" type="Terminal">
        <attributes />
        <category tag="Terminal" />
      </edge>
      <edge toID="0.8" type="Terminal">
        <attributes />
        <category tag="Terminal" />
      </edge>
      <edge toID="0.9" type="Terminal">
        <attributes />
        <category tag="Terminal" />
      </edge>
    </node>
    <node ID="1.12" type="PNCT">
      <attributes />
      <edge toID="0.10" type="Terminal">
        <attributes />
        <category tag="Terminal" />
      </edge>
    </node>
  </layer>
</root>
