<root annotationID="0" passageID="905000">
  <attributes />
  <extra format="ucca" />
  <layer layerID="0">
    <attributes />
    <extra doc="[[[15884554869126768810, 15884554869126768810, 4969857429396651903, 96, 0, 2, 442, 6, 15884554869126768810, 15884554869126768810, 15884554869126768810], [4690420944186131903, 4690420944186131903, 13656873538139661788, 94, 0, 2, 426, 5, 100, 4690420944186131903, 4690420944186131903], [14692702688101715474, 14692702688101715474, 9188597074677201817, 86, 0, 2, 402, 4, 13110060611322374290, 15817570140490810055, 13891979019686982531], [2043519015752540944, 447765159362469301, 164681854541413346, 93, 0, 2, 397, 3, 15075103628056407474, 13210364986222294696, 2043519015752540944], [7425985699627899538, 7425985699627899538, 15267657372422890137, 89, 0, 2, 412, 2, 4088098365541558500, 15369245168918225700, 7425985699627899538], [17269939108358615217, 17269939108358615217, 14753207560692742245, 83, 0, 2, 399, 1, 13110060611322374290, 13110760720460257827, 14619786160612475726], [12434896600539594972, 12434896600539594972, 15308085513773655218, 91, 0, 2, 445, 0, 13110060611322374290, 13210364986222294696, 10748144119362648261], [2593208677638477497, 2593208677638477497, 2593208677638477497, 96, 0, 2, 442, -1, 2593208677638477497, 2593208677638477497, 2593208677638477497], [12028661839198017008, 12028661839198017008, 15794550382381185553, 95, 0, 2, 400, -2, 16072095006890171862, 17714545831559622561, 6517868473985075228], [6799663050854225428, 6799663050854225428, 15794550382381185553, 95, 381, 3, 2666271516716718244, -1, 16072095006890171862, 14862748245026736845, 13901739980378486284], [12646065887601541794, 12646065887601541794, 12646065887601541794, 96, 0, 2, 442, -4, 12646065887601541794, 12646065887601541794, 12646065887601541794]]]" />
    <node ID="0.1" type="Punctuation">
      <attributes paragraph="1" paragraph_position="1" text="&quot;" />
      <extra dep="punct" ent_iob="2" ent_type="" head="6" lemma="&quot;" orig_paragraph="1" orth="&quot;" pos="PUNCT" prefix="&quot;" shape="&quot;" suffix="&quot;" tag="``" />
    </node>
    <node ID="0.2" type="Word">
      <attributes paragraph="1" paragraph_position="2" text="I" />
      <extra dep="nsubj" ent_iob="2" ent_type="" head="5" lemma="I" orig_paragraph="1" orth="I" pos="PRON" prefix="I" shape="X" suffix="I" tag="PRP" />
    </node>
    <node ID="0.3" type="Word">
      <attributes paragraph="1" paragraph_position="3" text="have" />
      <extra dep="aux" ent_iob="2" ent_type="" head="4" lemma="have" orig_paragraph="1" orth="have" pos="AUX" prefix="h" shape="xxxx" suffix="ave" tag="VBP" />
    </node>
    <node ID="0.4" type="Word">
      <attributes paragraph="1" paragraph_position="4" text="n't" />
      <extra dep="advmod" ent_iob="2" ent_type="" head="3" lemma="not" orig_paragraph="1" orth="n't" pos="PART" prefix="n" shape="x'x" suffix="n't" tag="RB" />
    </node>
    <node ID="0.5" type="Word">
      <attributes paragraph="1" paragraph_position="5" text="the" />
      <extra dep="det" ent_iob="2" ent_type="" head="2" lemma="the" orig_paragraph="1" orth="the" pos="DET" prefix="t" shape="xxx" suffix="the" tag="DT" />
    </node>
    <node ID="0.6" type="Word">
      <attributes paragraph="1" paragraph_position="6" text="foggiest" />
      <extra dep="amod" ent_iob="2" ent_type="" head="1" lemma="foggiest" orig_paragraph="1" orth="foggiest" pos="ADJ" prefix="f" shape="xxxx" suffix="est" tag="JJS" />
    </node>
    <node ID="0.7" type="Word">
      <attributes paragraph="1" paragraph_position="7" text="notion" />
      <extra dep="root" ent_iob="2" ent_type="" head="-4" lemma="notion" orig_paragraph="1" orth="notion" pos="NOUN" prefix="n" shape="xxxx" suffix="ion" tag="NN" />
    </node>
    <node ID="0.8" type="Punctuation">
      <attributes paragraph="1" paragraph_position="8" text="," />
      <extra dep="punct" ent_iob="2" ent_type="" head="-1" lemma="," orig_paragraph="1" orth="," pos="PUNCT" prefix="," shape="," suffix="," tag="," />
    </node>
    <node ID="0.9" type="Word">
      <attributes paragraph="1" paragraph_position="9" text="Professor" />
      <extra dep="appos" ent_iob="2" ent_type="" head="-2" lemma="Professor" orig_paragraph="1" orth="Professor" pos="PROPN" prefix="P" shape="Xxxxx" suffix="sor" tag="NNP" />
    </node>
    <node ID="0.10" type="Word">
      <attributes paragraph="1" paragraph_position="10" text="Aronnax" />
      <extra dep="flat" ent_iob="3" ent_type="ORG" head="-1" lemma="Aronnax" orig_paragraph="1" orth="Aronnax" pos="PROPN" prefix="A" shape="Xxxxx" suffix="nax" tag="NNP" />
    </node>
    <node ID="0.11" type="Punctuation">
      <attributes paragraph="1" paragraph_position="11" text="." />
      <extra dep="punct" ent_iob="2" ent_type="" head="-4" lemma="." orig_paragraph="1" orth="." pos="PUNCT" prefix="." shape="." suffix="." tag="." />
    </node>
  </layer>
  <layer layerID="1">
    <attributes />
    <node ID="1.1" type="FN">
      <attributes />
      <edge toID="1.2" type="H">
        <attributes />
        <category tag="H" />
      </edge>
    </node>
    <node ID="1.2" type="FN">
      <attributes />
      <edge toID="1.3" type="A">
        <attributes />
        <category tag="A" />
      </edge>
    </node>
    <node ID="1.3" type="FN">
      <attributes />
      <edge toID="1.4" type="U">
        <attributes />
        <category tag="U" />
      </edge>
      <edge toID="1.5" type="H">
        <attributes />
        <category tag="H" />
      </edge>
    </node>
    <node ID="1.4" type="PNCT">
      <attributes />
      <edge toID="0.1" type="Terminal">
        <attributes />
        <category tag="Terminal" />
      </edge>
    </node>
    <node ID="1.5" type="FN">
      <attributes />
      <edge toID="1.6" type="A">
        <attributes />
        <category tag="A" />
      </edge>
      <edge toID="1.7" type="S">
        <attributes />
        <category tag="S" />
      </edge>
      <edge toID="1.8" type="D">
        <attributes />
        <category tag="D" />
      </edge>
      <edge toID="1.9" type="A">
        <attributes />
        <category tag="A" />
      </edge>
    </node>
    <node ID="1.6" type="FN">
      <attributes />
      <edge toID="0.2" type="Terminal">
        <attributes />
        <category tag="Terminal" />
      </edge>
    </node>
    <node ID="1.7" type="FN">
      <attributes />
      <edge toID="0.3" type="Terminal">
        <attributes />
        <category tag="Terminal" />
      </edge>
    </node>
    <node ID="1.8" type="FN">
      <attributes />
      <edge toID="0.4" type="Terminal">
        <attributes />
        <category tag="Terminal" />
      </edge>
    </node>
    <node ID="1.9" type="FN">
      <attributes />
      <edge toID="1.10" type="E">
        <attributes />
        <category tag="E" />
      </edge>
      <edge toID="1.11" type="E">
        <attributes />
        <category tag="E" />
      </edge>
      <edge toID="1.12" type="C">
        <attributes />
        <category tag="C" />
      </edge>
      <edge toID="1.13" type="U">
        <attributes />
        <category tag="U" />
      </edge>
      <edge toID="1.14" type="C">
        <attributes />
        <category tag="C" />
      </edge>
      <edge toID="1.15" type="U">
        <attributes />
        <category tag="U" />
      </edge>
    </node>
    <node ID="1.10" type="FN">
      <attributes />
      <edge toID="0.5" type="Terminal">
        <attributes />
        <category tag="Terminal" />
      </edge>
    </node>
    <node ID="1.11" type="FN">
      <attributes />
      <edge toID="0.6" type="Terminal">
        <attributes />
        <category tag="Terminal" />
      </edge>
    </node>
    <node ID="1.12" type="FN">
      <attributes />
      <edge toID="0.7" type="Terminal">
        <attributes />
        <category tag="Terminal" />
      </edge>
    </node>
    <node ID="1.13" type="PNCT">
      <attributes />
      <edge toID="0.8" type="Terminal">
        <attributes />
        <category tag="Terminal" />
      </edge>
    </node>
    <node ID="1.14" type="FN">
      <attributes />
      <edge toID="0.9" type="Terminal">
        <attributes />
        <category tag="Terminal" />
      </edge>
      <edge toID="0.10" type="Terminal">
        <attributes />
        <category tag="Terminal" />
      </edge>
    </node>
    <node ID="1.15" type="PNCT">
      <attributes />
      <edge toID="0.11" type="Terminal">
        <attributes />
        <category tag="Terminal" />
      </edge>
    </node>
  </layer>
</root>
