<root annotationID="0" passageID="989000">
  <attributes />
  <extra format="ucca" />
  <layer layerID="0">
    <attributes />
    <extra doc="[[[12943039165150086467, 1995909169258310477, 15267657372422890137, 89, 0, 2, 412, 1, 10887629174180191697, 5582244037879929967, 2661093235354845946], [9347741574549918053, 9347741574549918053, 15308085513773655218, 91, 0, 2, 7833439085008721140, 2, 13110060611322374290, 8861071527689086543, 2926014423527483667], [9921686513378912864, 10382539506755952630, 17109001835818727656, 86, 0, 2, 18127512502257733094, 1, 4088098365541558500, 260667111241363922, 9921686513378912864], [15718315682364332688, 11640825575873464194, 3822385049556375858, 99, 0, 2, 445, 0, 13110060611322374290, 6217145520856553898, 12409248811792671830], [5640369432778651323, 5640369432778651323, 1292078113972184607, 84, 0, 2, 8110129090154140942, 1, 4370460163704169311, 1489474827855109852, 5640369432778651323], [18377804213225050648, 18377804213225050648, 15794550382381185553, 95, 388, 3, 432, -2, 16072095006890171862, 10850957288794122991, 8529155809759507800], [15180167692696242062, 15180167692696242062, 8427216679587749980, 92, 388, 1, 12837356684637874264, -1, 8148669997605808657, 15180167692696242062, 15180167692696242062], [12646065887601541794, 12646065887601541794, 12646065887601541794, 96, 0, 2, 442, -4, 12646065887601541794, 12646065887601541794, 12646065887601541794]]]" />
    <node ID="0.1" type="Word">
      <attributes paragraph="1" paragraph_position="1" text="This" />
      <extra dep="det" ent_iob="2" ent_type="" head="1" lemma="this" orig_paragraph="1" orth="This" pos="DET" prefix="T" shape="Xxxx" suffix="his" tag="DT" />
    </node>
    <node ID="0.2" type="Word">
      <attributes paragraph="1" paragraph_position="2" text="promise" />
      <extra dep="nsubj:pass" ent_iob="2" ent_type="" head="2" lemma="promise" orig_paragraph="1" orth="promise" pos="NOUN" prefix="p" shape="xxxx" suffix="ise" tag="NN" />
    </node>
    <node ID="0.3" type="Word">
      <attributes paragraph="1" paragraph_position="3" text="was" />
      <extra dep="aux:pass" ent_iob="2" ent_type="" head="1" lemma="be" orig_paragraph="1" orth="was" pos="AUX" prefix="w" shape="xxx" suffix="was" tag="VBD" />
    </node>
    <node ID="0.4" type="Word">
      <attributes paragraph="1" paragraph_position="4" text="given" />
      <extra dep="root" ent_iob="2" ent_type="" head="0" lemma="give" orig_paragraph="1" orth="given" pos="VERB" prefix="g" shape="xxxx" suffix="ven" tag="VBN" />
    </node>
    <node ID="0.5" type="Word">
      <attributes paragraph="1" paragraph_position="5" text="on" />
      <extra dep="case" ent_iob="2" ent_type="" head="1" lemma="on" orig_paragraph="1" orth="on" pos="ADP" prefix="o" shape="xx" suffix="on" tag="IN" />
    </node>
    <node ID="0.6" type="Word">
      <attributes paragraph="1" paragraph_position="6" text="November" />
      <extra dep="obl" ent_iob="3" ent_type="DATE" head="-2" lemma="November" orig_paragraph="1" orth="November" pos="PROPN" prefix="N" shape="Xxxxx" suffix="ber" tag="NNP" />
    </node>
    <node ID="0.7" type="Word">
      <attributes paragraph="1" paragraph_position="7" text="2" />
      <extra dep="nummod" ent_iob="1" ent_type="DATE" head="-1" lemma="2" orig_paragraph="1" orth="2" pos="NUM" prefix="2" shape="d" suffix="2" tag="CD" />
    </node>
    <node ID="0.8" type="Punctuation">
      <attributes paragraph="1" paragraph_position="8" text="." />
      <extra dep="punct" ent_iob="2" ent_type="" head="-4" lemma="." orig_paragraph="1" orth="." pos="PUNCT" prefix="." shape="." suffix="." tag="." />
    </node>
  </layer>
  <layer layerID="1">
    <attributes />
    <node ID="1.1" type="FN">
      <attributes />
      <edge toID="1.2" type="H">
        <attributes />
        <category tag="H" />
      </edge>
    </node>
    <node ID="1.2" type="FN">
      <attributes />
      <edge toID="1.3" type="A">
        <attributes />
        <category tag="A" />
      </edge>
      <edge toID="1.4" type="F">
        <attributes />
        <category tag="F" />
      </edge>
      <edge toID="1.5" type="P">
        <attributes />
        <category tag="P" />
      </edge>
      <edge toID="1.6" type="D">
        <attributes />
        <category tag="D" />
      </edge>
    </node>
    <node ID="1.3" type="FN">
      <attributes />
      <edge toID="1.7" type="E">
        <attributes />
        <category tag="E" />
      </edge>
      <edge toID="1.8" type="C">
        <attributes />
        <category tag="C" />
      </edge>
    </node>
    <node ID="1.4" type="FN">
      <attributes />
      <edge toID="0.3" type="Terminal">
        <attributes />
        <category tag="Terminal" />
      </edge>
    </node>
    <node ID="1.5" type="FN">
      <attributes />
      <edge toID="0.4" type="Terminal">
        <attributes />
        <category tag="Terminal" />
      </edge>
    </node>
    <node ID="1.6" type="FN">
      <attributes />
      <edge toID="1.9" type="R">
        <attributes />
        <category tag="R" />
      </edge>
      <edge toID="1.10" type="C">
        <attributes />
        <category tag="C" />
      </edge>
      <edge toID="1.11" type="U">
        <attributes />
        <category tag="U" />
      </edge>
    </node>
    <node ID="1.7" type="FN">
      <attributes />
      <edge toID="0.1" type="Terminal">
        <attributes />
        <category tag="Terminal" />
      </edge>
    </node>
    <node ID="1.8" type="FN">
      <attributes />
      <edge toID="0.2" type="Terminal">
        <attributes />
        <category tag="Terminal" />
      </edge>
    </node>
    <node ID="1.9" type="FN">
      <attributes />
      <edge toID="0.5" type="Terminal">
        <attributes />
        <category tag="Terminal" />
      </edge>
    </node>
    <node ID="1.10" type="FN">
      <attributes />
      <edge toID="0.6" type="Terminal">
        <attributes />
        <category tag="Terminal" />
      </edge>
      <edge toID="0.7" type="Terminal">
        <attributes />
        <category tag="Terminal" />
      </edge>
    </node>
    <node ID="1.11" type="PNCT">
      <attributes />
      <edge toID="0.8" type="Terminal">
        <attributes />
        <category tag="Terminal" />
      </edge>
    </node>
  </layer>
</root>
