<root annotationID="0" passageID="993003">
  <attributes />
  <extra format="ucca" />
  <layer layerID="0">
    <attributes />
    <extra doc="[[[3911621862309718332, 9228201189916158328, 783433942507015291, 91, 0, 2, 426, 2, 16072095006890171862, 17427324969254097257, 7409412530419520829], [9570894245975188254, 10382539506755952630, 17109001835818727656, 86, 0, 2, 402, 1, 13110060611322374290, 260667111241363922, 18139757808136603089], [720463259196724613, 13375614628760875314, 1534113631682161808, 99, 0, 2, 445, 0, 13110060611322374290, 8861071527689086543, 7679303661980345986], [7425985699627899538, 7425985699627899538, 15267657372422890137, 89, 0, 2, 412, 2, 4088098365541558500, 15369245168918225700, 7425985699627899538], [10028463384647714073, 1235234737819346896, 1534113631682161808, 99, 0, 2, 399, 1, 13110060611322374290, 5097672513440128799, 7679303661980345986], [16948145136659227607, 16948145136659227607, 15308085513773655218, 91, 0, 2, 431, -3, 13110060611322374290, 6217145520856553898, 17213313759721705086], [12510949447758279278, 12510949447758279278, 1292078113972184607, 84, 0, 2, 8110129090154140942, 3, 13110060611322374290, 260667111241363922, 15366090995793808690], [4244585616942201722, 16875582379069451158, 4062917326063685704, 94, 0, 2, 1227985075839834553, 2, 13110060611322374290, 15369245168918225700, 5391756592262503340], [13511804770843510887, 13511804770843510887, 15308085513773655218, 91, 389, 3, 7037928807040764755, 1, 13110060611322374290, 13210364986222294696, 9602547604334134776], [13297489835951088957, 14334525727915228165, 783433942507015291, 91, 0, 2, 432, -7, 13110060611322374290, 6217145520856553898, 1588056499098558155], [12646065887601541794, 12646065887601541794, 12646065887601541794, 96, 0, 2, 442, -8, 12646065887601541794, 12646065887601541794, 12646065887601541794]]]" />
    <node ID="0.1" type="Word">
      <attributes paragraph="1" paragraph_position="1" text="Officers" />
      <extra dep="nsubj" ent_iob="2" ent_type="" head="2" lemma="officer" orig_paragraph="1" orth="Officers" pos="NOUN" prefix="O" shape="Xxxxx" suffix="ers" tag="NNS" />
    </node>
    <node ID="0.2" type="Word">
      <attributes paragraph="1" paragraph_position="2" text="were" />
      <extra dep="aux" ent_iob="2" ent_type="" head="1" lemma="be" orig_paragraph="1" orth="were" pos="AUX" prefix="w" shape="xxxx" suffix="ere" tag="VBD" />
    </node>
    <node ID="0.3" type="Word">
      <attributes paragraph="1" paragraph_position="3" text="probing" />
      <extra dep="root" ent_iob="2" ent_type="" head="0" lemma="probe" orig_paragraph="1" orth="probing" pos="VERB" prefix="p" shape="xxxx" suffix="ing" tag="VBG" />
    </node>
    <node ID="0.4" type="Word">
      <attributes paragraph="1" paragraph_position="4" text="the" />
      <extra dep="det" ent_iob="2" ent_type="" head="2" lemma="the" orig_paragraph="1" orth="the" pos="DET" prefix="t" shape="xxx" suffix="the" tag="DT" />
    </node>
    <node ID="0.5" type="Word">
      <attributes paragraph="1" paragraph_position="5" text="increasing" />
      <extra dep="amod" ent_iob="2" ent_type="" head="1" lemma="increase" orig_paragraph="1" orth="increasing" pos="VERB" prefix="i" shape="xxxx" suffix="ing" tag="VBG" />
    </node>
    <node ID="0.6" type="Word">
      <attributes paragraph="1" paragraph_position="6" text="gloom" />
      <extra dep="obj" ent_iob="2" ent_type="" head="-3" lemma="gloom" orig_paragraph="1" orth="gloom" pos="NOUN" prefix="g" shape="xxxx" suffix="oom" tag="NN" />
    </node>
    <node ID="0.7" type="Word">
      <attributes paragraph="1" paragraph_position="7" text="with" />
      <extra dep="case" ent_iob="2" ent_type="" head="3" lemma="with" orig_paragraph="1" orth="with" pos="ADP" prefix="w" shape="xxxx" suffix="ith" tag="IN" />
    </node>
    <node ID="0.8" type="Word">
      <attributes paragraph="1" paragraph_position="8" text="their" />
      <extra dep="nmod:poss" ent_iob="2" ent_type="" head="2" lemma="they" orig_paragraph="1" orth="their" pos="PRON" prefix="t" shape="xxxx" suffix="eir" tag="PRP$" />
    </node>
    <node ID="0.9" type="Word">
      <attributes paragraph="1" paragraph_position="9" text="night" />
      <extra dep="compound" ent_iob="3" ent_type="TIME" head="1" lemma="night" orig_paragraph="1" orth="night" pos="NOUN" prefix="n" shape="xxxx" suffix="ght" tag="NN" />
    </node>
    <node ID="0.10" type="Word">
      <attributes paragraph="1" paragraph_position="10" text="glasses" />
      <extra dep="obl" ent_iob="2" ent_type="" head="-7" lemma="glasse" orig_paragraph="1" orth="glasses" pos="NOUN" prefix="g" shape="xxxx" suffix="ses" tag="NNS" />
    </node>
    <node ID="0.11" type="Punctuation">
      <attributes paragraph="1" paragraph_position="11" text="." />
      <extra dep="punct" ent_iob="2" ent_type="" head="-8" lemma="." orig_paragraph="1" orth="." pos="PUNCT" prefix="." shape="." suffix="." tag="." />
    </node>
  </layer>
  <layer layerID="1">
    <attributes />
    <node ID="1.1" type="FN">
      <attributes />
      <edge toID="1.2" type="H">
        <attributes />
        <category tag="H" />
      </edge>
    </node>
    <node ID="1.2" type="FN">
      <attributes />
      <edge toID="1.3" type="A">
        <attributes />
        <category tag="A" />
      </edge>
      <edge toID="1.4" type="F">
        <attributes />
        <category tag="F" />
      </edge>
      <edge toID="1.5" type="P">
        <attributes />
        <category tag="P" />
      </edge>
      <edge toID="1.6" type="A">
        <attributes />
        <category tag="A" />
      </edge>
      <edge toID="1.7" type="A">
        <attributes />
        <category tag="A" />
      </edge>
    </node>
    <node ID="1.3" type="FN">
      <attributes />
      <edge toID="0.1" type="Terminal">
        <attributes />
        <category tag="Terminal" />
      </edge>
    </node>
    <node ID="1.4" type="FN">
      <attributes />
      <edge toID="0.2" type="Terminal">
        <attributes />
        <category tag="Terminal" />
      </edge>
    </node>
    <node ID="1.5" type="FN">
      <attributes />
      <edge toID="0.3" type="Terminal">
        <attributes />
        <category tag="Terminal" />
      </edge>
    </node>
    <node ID="1.6" type="FN">
      <attributes />
      <edge toID="1.8" type="E">
        <attributes />
        <category tag="E" />
      </edge>
      <edge toID="1.9" type="E">
        <attributes />
        <category tag="E" />
      </edge>
      <edge toID="1.10" type="C">
        <attributes />
        <category tag="C" />
      </edge>
    </node>
    <node ID="1.7" type="FN">
      <attributes />
      <edge toID="1.11" type="R">
        <attributes />
        <category tag="R" />
      </edge>
      <edge toID="1.12" type="E">
        <attributes />
        <category tag="E" />
      </edge>
      <edge toID="1.13" type="E">
        <attributes />
        <category tag="E" />
      </edge>
      <edge toID="1.14" type="C">
        <attributes />
        <category tag="C" />
      </edge>
      <edge toID="1.15" type="U">
        <attributes />
        <category tag="U" />
      </edge>
    </node>
    <node ID="1.8" type="FN">
      <attributes />
      <edge toID="0.4" type="Terminal">
        <attributes />
        <category tag="Terminal" />
      </edge>
    </node>
    <node ID="1.9" type="FN">
      <attributes />
      <edge toID="0.5" type="Terminal">
        <attributes />
        <category tag="Terminal" />
      </edge>
    </node>
    <node ID="1.10" type="FN">
      <attributes />
      <edge toID="0.6" type="Terminal">
        <attributes />
        <category tag="Terminal" />
      </edge>
    </node>
    <node ID="1.11" type="FN">
      <attributes />
      <edge toID="0.7" type="Terminal">
        <attributes />
        <category tag="Terminal" />
      </edge>
    </node>
    <node ID="1.12" type="FN">
      <attributes />
      <edge toID="0.8" type="Terminal">
        <attributes />
        <category tag="Terminal" />
      </edge>
    </node>
    <node ID="1.13" type="FN">
      <attributes />
      <edge toID="0.9" type="Terminal">
        <attributes />
        <category tag="Terminal" />
      </edge>
    </node>
    <node ID="1.14" type="FN">
      <attributes />
      <edge toID="0.10" type="Terminal">
        <attributes />
        <category tag="Terminal" />
      </edge>
    </node>
    <node ID="1.15" type="PNCT">
      <attributes />
      <edge toID="0.11" type="Terminal">
        <attributes />
        <category tag="Terminal" />
      </edge>
    </node>
  </layer>
</root>
