<root annotationID="0" passageID="287002">
  <attributes />
  <extra format="ucca" />
  <layer layerID="0">
    <attributes />
    <extra doc="[[[12943039165150086467, 1995909169258310477, 15267657372422890137, 89, 0, 2, 412, 1, 10887629174180191697, 5582244037879929967, 2661093235354845946], [8626295335712477701, 8626295335712477701, 15308085513773655218, 91, 0, 2, 426, 1, 13110060611322374290, 646772771845179972, 14432934319865826938], [14663058422575924688, 7948801588687450928, 17109001835818727656, 99, 0, 2, 445, 0, 13110060611322374290, 8861071527689086543, 5121906190925376702], [18197037023634208128, 4690420944186131903, 13656873538139661788, 94, 0, 2, 431, -1, 4370460163704169311, 646772771845179972, 18197037023634208128], [12646065887601541794, 12646065887601541794, 12646065887601541794, 96, 0, 2, 442, -2, 12646065887601541794, 12646065887601541794, 12646065887601541794]]]" />
    <node ID="0.1" type="Word">
      <attributes paragraph="1" paragraph_position="1" text="This" />
      <extra dep="det" ent_iob="2" ent_type="" head="1" lemma="this" orig_paragraph="1" orth="This" pos="DET" prefix="T" shape="Xxxx" suffix="his" tag="DT" />
    </node>
    <node ID="0.2" type="Word">
      <attributes paragraph="1" paragraph_position="2" text="mystery" />
      <extra dep="nsubj" ent_iob="2" ent_type="" head="1" lemma="mystery" orig_paragraph="1" orth="mystery" pos="NOUN" prefix="m" shape="xxxx" suffix="ery" tag="NN" />
    </node>
    <node ID="0.3" type="Word">
      <attributes paragraph="1" paragraph_position="3" text="puzzled" />
      <extra dep="root" ent_iob="2" ent_type="" head="0" lemma="puzzl" orig_paragraph="1" orth="puzzled" pos="VERB" prefix="p" shape="xxxx" suffix="led" tag="VBD" />
    </node>
    <node ID="0.4" type="Word">
      <attributes paragraph="1" paragraph_position="4" text="me" />
      <extra dep="obj" ent_iob="2" ent_type="" head="-1" lemma="I" orig_paragraph="1" orth="me" pos="PRON" prefix="m" shape="xx" suffix="me" tag="PRP" />
    </node>
    <node ID="0.5" type="Punctuation">
      <attributes paragraph="1" paragraph_position="5" text="." />
      <extra dep="punct" ent_iob="2" ent_type="" head="-2" lemma="." orig_paragraph="1" orth="." pos="PUNCT" prefix="." shape="." suffix="." tag="." />
    </node>
  </layer>
  <layer layerID="1">
    <attributes />
    <node ID="1.1" type="FN">
      <attributes />
      <edge toID="1.2" type="H">
        <attributes />
        <category tag="H" />
      </edge>
    </node>
    <node ID="1.2" type="FN">
      <attributes />
      <edge toID="1.3" type="A">
        <attributes />
        <category tag="A" />
      </edge>
      <edge toID="1.4" type="P">
        <attributes />
        <category tag="P" />
      </edge>
      <edge toID="1.5" type="A">
        <attributes />
        <category tag="A" />
      </edge>
      <edge toID="1.6" type="U">
        <attributes />
        <category tag="U" />
      </edge>
    </node>
    <node ID="1.3" type="FN">
      <attributes />
      <edge toID="1.7" type="E">
        <attributes />
        <category tag="E" />
      </edge>
      <edge toID="1.8" type="C">
        <attributes />
        <category tag="C" />
      </edge>
    </node>
    <node ID="1.4" type="FN">
      <attributes />
      <edge toID="0.3" type="Terminal">
        <attributes />
        <category tag="Terminal" />
      </edge>
    </node>
    <node ID="1.5" type="FN">
      <attributes />
      <edge toID="0.4" type="Terminal">
        <attributes />
        <category tag="Terminal" />
      </edge>
    </node>
    <node ID="1.6" type="PNCT">
      <attributes />
      <edge toID="0.5" type="Terminal">
        <attributes />
        <category tag="Terminal" />
      </edge>
    </node>
    <node ID="1.7" type="FN">
      <attributes />
      <edge toID="0.1" type="Terminal">
        <attributes />
        <category tag="Terminal" />
      </edge>
    </node>
    <node ID="1.8" type="FN">
      <attributes />
      <edge toID="0.2" type="Terminal">
        <attributes />
        <category tag="Terminal" />
      </edge>
    </node>
  </layer>
</root>
