<root annotationID="0" passageID="310008">
  <attributes />
  <extra format="ucca" />
  <layer layerID="0">
    <attributes />
    <extra doc="[[[10852253267983130536, 16064069575701507746, 4062917326063685704, 94, 0, 2, 1227985075839834553, 1, 18200729499220207786, 17427324969254097257, 10852253267983130536], [10717222374559807436, 10717222374559807436, 15308085513773655218, 91, 0, 2, 426, 1, 16072095006890171862, 149303876845869574, 16986153139410903314], [16839337850512191295, 16839337850512191295, 17109001835818727656, 99, 0, 2, 445, 0, 13110060611322374290, 16900879642891266615, 5101743919633864694], [7976265300568155021, 16875582379069451158, 13656873538139661788, 94, 0, 2, 431, -1, 13110060611322374290, 15369245168918225700, 7393087608504110699], [16421957100465448365, 6873750497785110593, 1534113631682161808, 99, 0, 2, 396, -2, 13110060611322374290, 12247454108283186160, 7679303661980345986], [11901859001352538922, 11901859001352538922, 15267657372422890137, 89, 0, 2, 412, 2, 11123243248953317070, 11901859001352538922, 11901859001352538922], [5858541198697398342, 5858541198697398342, 15308085513773655218, 91, 0, 2, 7037928807040764755, 1, 13110060611322374290, 16900879642891266615, 12010446843264074495], [1299272420791411789, 1299272420791411789, 15308085513773655218, 91, 0, 2, 431, -3, 13110060611322374290, 646772771845179972, 2483095116303079762], [4380130941430378203, 4380130941430378203, 15267657372422890137, 89, 0, 2, 412, 1, 13110060611322374290, 15369245168918225700, 14949295185858420483], [8885804376230376864, 8885804376230376864, 15308085513773655218, 91, 0, 2, 426, 3, 13110060611322374290, 15369245168918225700, 17319080147637985052], [1248239241591158246, 14692702688101715474, 13927759927860985106, 86, 0, 2, 402, 2, 4088098365541558500, 15817570140490810055, 1248239241591158246], [12607801842302976368, 12607801842302976368, 164681854541413346, 85, 0, 2, 397, 1, 13110060611322374290, 6217145520856553898, 12215235795949914907], [7136294487848412980, 9614445426764226664, 3822385049556375858, 99, 0, 2, 405, -8, 13110060611322374290, 646772771845179972, 16605163981368088708], [3393640411096667683, 3393640411096667683, 272890857012483650, 83, 0, 2, 446, -1, 13110060611322374290, 16978132545290669629, 13917291617986564764], [12646065887601541794, 12646065887601541794, 12646065887601541794, 96, 0, 2, 442, -12, 12646065887601541794, 12646065887601541794, 12646065887601541794]]]" />
    <node ID="0.1" type="Word">
      <attributes paragraph="1" paragraph_position="1" text="Our" />
      <extra dep="nmod:poss" ent_iob="2" ent_type="" head="1" lemma="we" orig_paragraph="1" orth="Our" pos="PRON" prefix="O" shape="Xxx" suffix="Our" tag="PRP$" />
    </node>
    <node ID="0.2" type="Word">
      <attributes paragraph="1" paragraph_position="2" text="Creator" />
      <extra dep="nsubj" ent_iob="2" ent_type="" head="1" lemma="Creator" orig_paragraph="1" orth="Creator" pos="NOUN" prefix="C" shape="Xxxxx" suffix="tor" tag="NN" />
    </node>
    <node ID="0.3" type="Word">
      <attributes paragraph="1" paragraph_position="3" text="cast" />
      <extra dep="root" ent_iob="2" ent_type="" head="0" lemma="cast" orig_paragraph="1" orth="cast" pos="VERB" prefix="c" shape="xxxx" suffix="ast" tag="VBD" />
    </node>
    <node ID="0.4" type="Word">
      <attributes paragraph="1" paragraph_position="4" text="them" />
      <extra dep="obj" ent_iob="2" ent_type="" head="-1" lemma="they" orig_paragraph="1" orth="them" pos="PRON" prefix="t" shape="xxxx" suffix="hem" tag="PRP" />
    </node>
    <node ID="0.5" type="Word">
      <attributes paragraph="1" paragraph_position="5" text="using" />
      <extra dep="advcl" ent_iob="2" ent_type="" head="-2" lemma="use" orig_paragraph="1" orth="using" pos="VERB" prefix="u" shape="xxxx" suffix="ing" tag="VBG" />
    </node>
    <node ID="0.6" type="Word">
      <attributes paragraph="1" paragraph_position="6" text="a" />
      <extra dep="det" ent_iob="2" ent_type="" head="2" lemma="a" orig_paragraph="1" orth="a" pos="DET" prefix="a" shape="x" suffix="a" tag="DT" />
    </node>
    <node ID="0.7" type="Word">
      <attributes paragraph="1" paragraph_position="7" text="colossal" />
      <extra dep="compound" ent_iob="2" ent_type="" head="1" lemma="colossal" orig_paragraph="1" orth="colossal" pos="NOUN" prefix="c" shape="xxxx" suffix="sal" tag="NN" />
    </node>
    <node ID="0.8" type="Word">
      <attributes paragraph="1" paragraph_position="8" text="mold" />
      <extra dep="obj" ent_iob="2" ent_type="" head="-3" lemma="mold" orig_paragraph="1" orth="mold" pos="NOUN" prefix="m" shape="xxxx" suffix="old" tag="NN" />
    </node>
    <node ID="0.9" type="Word">
      <attributes paragraph="1" paragraph_position="9" text="that" />
      <extra dep="det" ent_iob="2" ent_type="" head="1" lemma="that" orig_paragraph="1" orth="that" pos="DET" prefix="t" shape="xxxx" suffix="hat" tag="DT" />
    </node>
    <node ID="0.10" type="Word">
      <attributes paragraph="1" paragraph_position="10" text="time" />
      <extra dep="nsubj" ent_iob="2" ent_type="" head="3" lemma="time" orig_paragraph="1" orth="time" pos="NOUN" prefix="t" shape="xxxx" suffix="ime" tag="NN" />
    </node>
    <node ID="0.11" type="Word">
      <attributes paragraph="1" paragraph_position="11" text="has" />
      <extra dep="aux" ent_iob="2" ent_type="" head="2" lemma="have" orig_paragraph="1" orth="has" pos="AUX" prefix="h" shape="xxx" suffix="has" tag="VBZ" />
    </node>
    <node ID="0.12" type="Word">
      <attributes paragraph="1" paragraph_position="12" text="gradually" />
      <extra dep="advmod" ent_iob="2" ent_type="" head="1" lemma="gradually" orig_paragraph="1" orth="gradually" pos="ADV" prefix="g" shape="xxxx" suffix="lly" tag="RB" />
    </node>
    <node ID="0.13" type="Word">
      <attributes paragraph="1" paragraph_position="13" text="made" />
      <extra dep="ccomp" ent_iob="2" ent_type="" head="-8" lemma="make" orig_paragraph="1" orth="made" pos="VERB" prefix="m" shape="xxxx" suffix="ade" tag="VBN" />
    </node>
    <node ID="0.14" type="Word">
      <attributes paragraph="1" paragraph_position="14" text="smaller" />
      <extra dep="xcomp" ent_iob="2" ent_type="" head="-1" lemma="smaller" orig_paragraph="1" orth="smaller" pos="ADJ" prefix="s" shape="xxxx" suffix="ler" tag="JJR" />
    </node>
    <node ID="0.15" type="Punctuation">
      <attributes paragraph="1" paragraph_position="15" text="." />
      <extra dep="punct" ent_iob="2" ent_type="" head="-12" lemma="." orig_paragraph="1" orth="." pos="PUNCT" prefix="." shape="." suffix="." tag="." />
    </node>
  </layer>
  <layer layerID="1">
    <attributes />
    <node ID="1.1" type="FN">
      <attributes />
      <edge toID="1.2" type="H">
        <attributes />
        <category tag="H" />
      </edge>
    </node>
    <node ID="1.2" type="FN">
      <attributes />
      <edge toID="1.3" type="A">
        <attributes />
        <category tag="A" />
      </edge>
      <edge toID="1.4" type="P">
        <attributes />
        <category tag="P" />
      </edge>
      <edge toID="1.5" type="A">
        <attributes />
        <category tag="A" />
      </edge>
      <edge toID="1.6" type="A">
        <attributes />
        <category tag="A" />
      </edge>
    </node>
    <node ID="1.3" type="FN">
      <attributes />
      <edge toID="1.7" type="E">
        <attributes />
        <category tag="E" />
      </edge>
      <edge toID="1.8" type="C">
        <attributes />
        <category tag="C" />
      </edge>
    </node>
    <node ID="1.4" type="FN">
      <attributes />
      <edge toID="0.3" type="Terminal">
        <attributes />
        <category tag="Terminal" />
      </edge>
    </node>
    <node ID="1.5" type="FN">
      <attributes />
      <edge toID="0.4" type="Terminal">
        <attributes />
        <category tag="Terminal" />
      </edge>
    </node>
    <node ID="1.6" type="FN">
      <attributes />
      <edge toID="1.9" type="P">
        <attributes />
        <category tag="P" />
      </edge>
      <edge toID="1.10" type="A">
        <attributes />
        <category tag="A" />
      </edge>
      <edge toID="1.11" type="A">
        <attributes />
        <category tag="A" />
      </edge>
      <edge toID="1.12" type="F">
        <attributes />
        <category tag="F" />
      </edge>
      <edge toID="1.13" type="D">
        <attributes />
        <category tag="D" />
      </edge>
      <edge toID="1.14" type="A">
        <attributes />
        <category tag="A" />
      </edge>
    </node>
    <node ID="1.7" type="FN">
      <attributes />
      <edge toID="0.1" type="Terminal">
        <attributes />
        <category tag="Terminal" />
      </edge>
    </node>
    <node ID="1.8" type="FN">
      <attributes />
      <edge toID="0.2" type="Terminal">
        <attributes />
        <category tag="Terminal" />
      </edge>
    </node>
    <node ID="1.9" type="FN">
      <attributes />
      <edge toID="0.5" type="Terminal">
        <attributes />
        <category tag="Terminal" />
      </edge>
    </node>
    <node ID="1.10" type="FN">
      <attributes />
      <edge toID="1.15" type="E">
        <attributes />
        <category tag="E" />
      </edge>
      <edge toID="1.16" type="E">
        <attributes />
        <category tag="E" />
      </edge>
      <edge toID="1.17" type="C">
        <attributes />
        <category tag="C" />
      </edge>
    </node>
    <node ID="1.11" type="FN">
      <attributes />
      <edge toID="1.18" type="E">
        <attributes />
        <category tag="E" />
      </edge>
      <edge toID="1.19" type="C">
        <attributes />
        <category tag="C" />
      </edge>
    </node>
    <node ID="1.12" type="FN">
      <attributes />
      <edge toID="0.11" type="Terminal">
        <attributes />
        <category tag="Terminal" />
      </edge>
    </node>
    <node ID="1.13" type="FN">
      <attributes />
      <edge toID="0.12" type="Terminal">
        <attributes />
        <category tag="Terminal" />
      </edge>
    </node>
    <node ID="1.14" type="FN">
      <attributes />
      <edge toID="1.20" type="F">
        <attributes />
        <category tag="F" />
      </edge>
      <edge toID="1.21" type="P">
        <attributes />
        <category tag="P" />
      </edge>
      <edge toID="1.22" type="U">
        <attributes />
        <category tag="U" />
      </edge>
    </node>
    <node ID="1.15" type="FN">
      <attributes />
      <edge toID="0.6" type="Terminal">
        <attributes />
        <category tag="Terminal" />
      </edge>
    </node>
    <node ID="1.16" type="FN">
      <attributes />
      <edge toID="0.7" type="Terminal">
        <attributes />
        <category tag="Terminal" />
      </edge>
    </node>
    <node ID="1.17" type="FN">
      <attributes />
      <edge toID="0.8" type="Terminal">
        <attributes />
        <category tag="Terminal" />
      </edge>
    </node>
    <node ID="1.18" type="FN">
      <attributes />
      <edge toID="0.9" type="Terminal">
        <attributes />
        <category tag="Terminal" />
      </edge>
    </node>
    <node ID="1.19" type="FN">
      <attributes />
      <edge toID="0.10" type="Terminal">
        <attributes />
        <category tag="Terminal" />
      </edge>
    </node>
    <node ID="1.20" type="FN">
      <attributes />
      <edge toID="0.13" type="Terminal">
        <attributes />
        <category tag="Terminal" />
      </edge>
    </node>
    <node ID="1.21" type="FN">
      <attributes />
      <edge toID="0.14" type="Terminal">
        <attributes />
        <category tag="Terminal" />
      </edge>
    </node>
    <node ID="1.22" type="PNCT">
      <attributes />
      <edge toID="0.15" type="Terminal">
        <attributes />
        <category tag="Terminal" />
      </edge>
    </node>
  </layer>
</root>
