<root annotationID="0" passageID="312001">
  <attributes />
  <extra format="ucca" />
  <layer layerID="0">
    <attributes />
    <extra doc="[[[5059648917813135842, 7425985699627899538, 15267657372422890137, 89, 0, 2, 412, 4, 18200729499220207786, 5582244037879929967, 5059648917813135842], [7151337917735519806, 7151337917735519806, 10554686591937588953, 83, 0, 2, 399, 3, 13110060611322374290, 5097672513440128799, 8723741297177204404], [2283656566040971221, 2283656566040971221, 17571114184892886314, 88, 0, 2, 404, 1, 4088098365541558500, 11901859001352538922, 2283656566040971221], [2369086909702694846, 2369086909702694846, 10554686591937588953, 83, 0, 2, 407, -2, 13110060611322374290, 16900879642891266615, 8723741297177204404], [8214636441929338882, 1153934959839582168, 783433942507015291, 91, 0, 2, 426, 1, 13110060611322374290, 13210364986222294696, 7409412530419520829], [16252436846137456641, 17362570071365074306, 9188597074677201817, 99, 0, 2, 445, 0, 13110060611322374290, 8148669997605808657, 12180737515195645929], [12510949447758279278, 12510949447758279278, 1292078113972184607, 84, 0, 2, 8110129090154140942, 2, 13110060611322374290, 260667111241363922, 15366090995793808690], [7425985699627899538, 7425985699627899538, 15267657372422890137, 89, 0, 2, 412, 1, 4088098365541558500, 15369245168918225700, 7425985699627899538], [10779227342117629034, 10779227342117629034, 15308085513773655218, 91, 0, 2, 432, -3, 13110060611322374290, 14074675935524643836, 10748144119362648261], [11964826385183169270, 11964826385183169270, 164681854541413346, 85, 0, 2, 397, 3, 13110060611322374290, 16900879642891266615, 1551516756674911027], [7831658034963690409, 7831658034963690409, 1292078113972184607, 84, 0, 2, 8110129090154140942, 2, 13110060611322374290, 13110760720460257827, 16701608521236914874], [1995909169258310477, 1995909169258310477, 15267657372422890137, 89, 0, 2, 412, 1, 13110060611322374290, 15369245168918225700, 2661093235354845946], [16388835720006489040, 16388835720006489040, 15308085513773655218, 91, 0, 2, 432, -7, 13110060611322374290, 2482183445564601373, 2204417905868041474], [12646065887601541794, 12646065887601541794, 12646065887601541794, 96, 0, 2, 442, -8, 12646065887601541794, 12646065887601541794, 12646065887601541794]]]" />
    <node ID="0.1" type="Word">
      <attributes paragraph="1" paragraph_position="1" text="The" />
      <extra dep="det" ent_iob="2" ent_type="" head="4" lemma="the" orig_paragraph="1" orth="The" pos="DET" prefix="T" shape="Xxx" suffix="The" tag="DT" />
    </node>
    <node ID="0.2" type="Word">
      <attributes paragraph="1" paragraph_position="2" text="industrial" />
      <extra dep="amod" ent_iob="2" ent_type="" head="3" lemma="industrial" orig_paragraph="1" orth="industrial" pos="ADJ" prefix="i" shape="xxxx" suffix="ial" tag="JJ" />
    </node>
    <node ID="0.3" type="Word">
      <attributes paragraph="1" paragraph_position="3" text="and" />
      <extra dep="cc" ent_iob="2" ent_type="" head="1" lemma="and" orig_paragraph="1" orth="and" pos="CCONJ" prefix="a" shape="xxx" suffix="and" tag="CC" />
    </node>
    <node ID="0.4" type="Word">
      <attributes paragraph="1" paragraph_position="4" text="commercial" />
      <extra dep="conj" ent_iob="2" ent_type="" head="-2" lemma="commercial" orig_paragraph="1" orth="commercial" pos="ADJ" prefix="c" shape="xxxx" suffix="ial" tag="JJ" />
    </node>
    <node ID="0.5" type="Word">
      <attributes paragraph="1" paragraph_position="5" text="newspapers" />
      <extra dep="nsubj" ent_iob="2" ent_type="" head="1" lemma="newspaper" orig_paragraph="1" orth="newspapers" pos="NOUN" prefix="n" shape="xxxx" suffix="ers" tag="NNS" />
    </node>
    <node ID="0.6" type="Word">
      <attributes paragraph="1" paragraph_position="6" text="dealt" />
      <extra dep="root" ent_iob="2" ent_type="" head="0" lemma="deal" orig_paragraph="1" orth="dealt" pos="VERB" prefix="d" shape="xxxx" suffix="alt" tag="VBP" />
    </node>
    <node ID="0.7" type="Word">
      <attributes paragraph="1" paragraph_position="7" text="with" />
      <extra dep="case" ent_iob="2" ent_type="" head="2" lemma="with" orig_paragraph="1" orth="with" pos="ADP" prefix="w" shape="xxxx" suffix="ith" tag="IN" />
    </node>
    <node ID="0.8" type="Word">
      <attributes paragraph="1" paragraph_position="8" text="the" />
      <extra dep="det" ent_iob="2" ent_type="" head="1" lemma="the" orig_paragraph="1" orth="the" pos="DET" prefix="t" shape="xxx" suffix="the" tag="DT" />
    </node>
    <node ID="0.9" type="Word">
      <attributes paragraph="1" paragraph_position="9" text="question" />
      <extra dep="obl" ent_iob="2" ent_type="" head="-3" lemma="question" orig_paragraph="1" orth="question" pos="NOUN" prefix="q" shape="xxxx" suffix="ion" tag="NN" />
    </node>
    <node ID="0.10" type="Word">
      <attributes paragraph="1" paragraph_position="10" text="chiefly" />
      <extra dep="advmod" ent_iob="2" ent_type="" head="3" lemma="chiefly" orig_paragraph="1" orth="chiefly" pos="ADV" prefix="c" shape="xxxx" suffix="fly" tag="RB" />
    </node>
    <node ID="0.11" type="Word">
      <attributes paragraph="1" paragraph_position="11" text="from" />
      <extra dep="case" ent_iob="2" ent_type="" head="2" lemma="from" orig_paragraph="1" orth="from" pos="ADP" prefix="f" shape="xxxx" suffix="rom" tag="IN" />
    </node>
    <node ID="0.12" type="Word">
      <attributes paragraph="1" paragraph_position="12" text="this" />
      <extra dep="det" ent_iob="2" ent_type="" head="1" lemma="this" orig_paragraph="1" orth="this" pos="DET" prefix="t" shape="xxxx" suffix="his" tag="DT" />
    </node>
    <node ID="0.13" type="Word">
      <attributes paragraph="1" paragraph_position="13" text="viewpoint" />
      <extra dep="obl" ent_iob="2" ent_type="" head="-7" lemma="viewpoint" orig_paragraph="1" orth="viewpoint" pos="NOUN" prefix="v" shape="xxxx" suffix="int" tag="NN" />
    </node>
    <node ID="0.14" type="Punctuation">
      <attributes paragraph="1" paragraph_position="14" text="." />
      <extra dep="punct" ent_iob="2" ent_type="" head="-8" lemma="." orig_paragraph="1" orth="." pos="PUNCT" prefix="." shape="." suffix="." tag="." />
    </node>
  </layer>
  <layer layerID="1">
    <attributes />
    <node ID="1.1" type="FN">
      <attributes />
      <edge toID="1.2" type="H">
        <attributes />
        <category tag="H" />
      </edge>
      <edge toID="1.3" type="A">
        <attributes />
        <category tag="A" />
      </edge>
    </node>
    <node ID="1.2" type="FN">
      <attributes />
      <edge toID="1.4" type="A">
        <attributes />
        <category tag="A" />
      </edge>
      <edge toID="1.5" type="P">
        <attributes />
        <category tag="P" />
      </edge>
      <edge toID="1.6" type="A">
        <attributes />
        <category tag="A" />
      </edge>
      <edge toID="1.7" type="A">
        <attributes />
        <category tag="A" />
      </edge>
    </node>
    <node ID="1.3" type="FN">
      <attributes />
      <edge toID="1.8" type="E">
        <attributes />
        <category tag="E" />
      </edge>
    </node>
    <node ID="1.4" type="FN">
      <attributes />
      <edge toID="1.9" type="E">
        <attributes />
        <category tag="E" />
      </edge>
      <edge toID="1.10" type="E">
        <attributes />
        <category tag="E" />
      </edge>
      <edge toID="1.11" type="E">
        <attributes />
        <category tag="E" />
      </edge>
      <edge toID="1.12" type="C">
        <attributes />
        <category tag="C" />
      </edge>
    </node>
    <node ID="1.5" type="FN">
      <attributes />
      <edge toID="0.6" type="Terminal">
        <attributes />
        <category tag="Terminal" />
      </edge>
    </node>
    <node ID="1.6" type="FN">
      <attributes />
      <edge toID="1.13" type="R">
        <attributes />
        <category tag="R" />
      </edge>
      <edge toID="1.14" type="E">
        <attributes />
        <category tag="E" />
      </edge>
      <edge toID="1.15" type="C">
        <attributes />
        <category tag="C" />
      </edge>
    </node>
    <node ID="1.7" type="FN">
      <attributes />
      <edge toID="1.16" type="C">
        <attributes />
        <category tag="C" />
      </edge>
      <edge toID="1.17" type="E">
        <attributes />
        <category tag="E" />
      </edge>
    </node>
    <node ID="1.8" type="FN">
      <attributes />
      <edge toID="0.5" type="Terminal">
        <attributes />
        <category tag="Terminal" />
      </edge>
    </node>
    <node ID="1.9" type="FN">
      <attributes />
      <edge toID="0.1" type="Terminal">
        <attributes />
        <category tag="Terminal" />
      </edge>
    </node>
    <node ID="1.10" type="FN">
      <attributes />
      <edge toID="0.2" type="Terminal">
        <attributes />
        <category tag="Terminal" />
      </edge>
    </node>
    <node ID="1.11" type="FN">
      <attributes />
      <edge toID="0.3" type="Terminal">
        <attributes />
        <category tag="Terminal" />
      </edge>
    </node>
    <node ID="1.12" type="FN">
      <attributes />
      <edge toID="0.4" type="Terminal">
        <attributes />
        <category tag="Terminal" />
      </edge>
    </node>
    <node ID="1.13" type="FN">
      <attributes />
      <edge toID="0.7" type="Terminal">
        <attributes />
        <category tag="Terminal" />
      </edge>
    </node>
    <node ID="1.14" type="FN">
      <attributes />
      <edge toID="0.8" type="Terminal">
        <attributes />
        <category tag="Terminal" />
      </edge>
    </node>
    <node ID="1.15" type="FN">
      <attributes />
      <edge toID="0.9" type="Terminal">
        <attributes />
        <category tag="Terminal" />
      </edge>
    </node>
    <node ID="1.16" type="FN">
      <attributes />
      <edge toID="0.10" type="Terminal">
        <attributes />
        <category tag="Terminal" />
      </edge>
    </node>
    <node ID="1.17" type="FN">
      <attributes />
      <edge toID="1.18" type="R">
        <attributes />
        <category tag="R" />
      </edge>
      <edge toID="1.19" type="E">
        <attributes />
        <category tag="E" />
      </edge>
      <edge toID="1.20" type="C">
        <attributes />
        <category tag="C" />
      </edge>
      <edge toID="1.21" type="U">
        <attributes />
        <category tag="U" />
      </edge>
    </node>
    <node ID="1.18" type="FN">
      <attributes />
      <edge toID="0.11" type="Terminal">
        <attributes />
        <category tag="Terminal" />
      </edge>
    </node>
    <node ID="1.19" type="FN">
      <attributes />
      <edge toID="0.12" type="Terminal">
        <attributes />
        <category tag="Terminal" />
      </edge>
    </node>
    <node ID="1.20" type="FN">
      <attributes />
      <edge toID="0.13" type="Terminal">
        <attributes />
        <category tag="Terminal" />
      </edge>
    </node>
    <node ID="1.21" type="PNCT">
      <attributes />
      <edge toID="0.14" type="Terminal">
        <attributes />
        <category tag="Terminal" />
      </edge>
    </node>
  </layer>
</root>
