<root annotationID="0" passageID="314001">
  <attributes />
  <extra format="ucca" />
  <layer layerID="0">
    <attributes />
    <extra doc="[[[423185678490233567, 16037325823156266367, 1292078113972184607, 84, 0, 2, 8110129090154140942, 2, 18200729499220207786, 9148987913859918431, 423185678490233567], [11711838292424000352, 11711838292424000352, 8427216679587749980, 92, 388, 3, 12837356684637874264, 1, 4088098365541558500, 15369245168918225700, 11711838292424000352], [11199438407386692767, 14920206370424861916, 783433942507015291, 91, 388, 1, 432, 2, 13110060611322374290, 646772771845179972, 11921680366710505387], [4033102315710080836, 4033102315710080836, 15308085513773655218, 94, 0, 2, 426, 1, 13110060611322374290, 13210364986222294696, 13896890693352955357], [12882971233254586938, 16158783587822825203, 17109001835818727656, 99, 0, 2, 445, 0, 13110060611322374290, 15817570140490810055, 1263800284926261336], [11901859001352538922, 11901859001352538922, 15267657372422890137, 89, 0, 2, 412, 1, 11123243248953317070, 11901859001352538922, 11901859001352538922], [11916616154811659322, 11916616154811659322, 15308085513773655218, 91, 0, 2, 431, -2, 13110060611322374290, 260667111241363922, 245310805451869579], [942632335873952620, 942632335873952620, 1292078113972184607, 84, 0, 2, 8110129090154140942, 1, 13110060611322374290, 11901859001352538922, 1696981056005371314], [10239237003504588839, 10239237003504588839, 13656873538139661788, 94, 0, 2, 423, -2, 4370460163704169311, 5097672513440128799, 10239237003504588839], [12646065887601541794, 12646065887601541794, 12646065887601541794, 96, 0, 2, 442, -5, 12646065887601541794, 12646065887601541794, 12646065887601541794]]]" />
    <node ID="0.1" type="Word">
      <attributes paragraph="1" paragraph_position="1" text="For" />
      <extra dep="case" ent_iob="2" ent_type="" head="2" lemma="for" orig_paragraph="1" orth="For" pos="ADP" prefix="F" shape="Xxx" suffix="For" tag="IN" />
    </node>
    <node ID="0.2" type="Word">
      <attributes paragraph="1" paragraph_position="2" text="two" />
      <extra dep="nummod" ent_iob="3" ent_type="DATE" head="1" lemma="two" orig_paragraph="1" orth="two" pos="NUM" prefix="t" shape="xxx" suffix="two" tag="CD" />
    </node>
    <node ID="0.3" type="Word">
      <attributes paragraph="1" paragraph_position="3" text="months" />
      <extra dep="obl" ent_iob="1" ent_type="DATE" head="2" lemma="month" orig_paragraph="1" orth="months" pos="NOUN" prefix="m" shape="xxxx" suffix="ths" tag="NNS" />
    </node>
    <node ID="0.4" type="Word">
      <attributes paragraph="1" paragraph_position="4" text="nobody" />
      <extra dep="nsubj" ent_iob="2" ent_type="" head="1" lemma="nobody" orig_paragraph="1" orth="nobody" pos="PRON" prefix="n" shape="xxxx" suffix="ody" tag="NN" />
    </node>
    <node ID="0.5" type="Word">
      <attributes paragraph="1" paragraph_position="5" text="heard" />
      <extra dep="root" ent_iob="2" ent_type="" head="0" lemma="hear" orig_paragraph="1" orth="heard" pos="VERB" prefix="h" shape="xxxx" suffix="ard" tag="VBD" />
    </node>
    <node ID="0.6" type="Word">
      <attributes paragraph="1" paragraph_position="6" text="a" />
      <extra dep="det" ent_iob="2" ent_type="" head="1" lemma="a" orig_paragraph="1" orth="a" pos="DET" prefix="a" shape="x" suffix="a" tag="DT" />
    </node>
    <node ID="0.7" type="Word">
      <attributes paragraph="1" paragraph_position="7" text="word" />
      <extra dep="obj" ent_iob="2" ent_type="" head="-2" lemma="word" orig_paragraph="1" orth="word" pos="NOUN" prefix="w" shape="xxxx" suffix="ord" tag="NN" />
    </node>
    <node ID="0.8" type="Word">
      <attributes paragraph="1" paragraph_position="8" text="about" />
      <extra dep="case" ent_iob="2" ent_type="" head="1" lemma="about" orig_paragraph="1" orth="about" pos="ADP" prefix="a" shape="xxxx" suffix="out" tag="IN" />
    </node>
    <node ID="0.9" type="Word">
      <attributes paragraph="1" paragraph_position="9" text="it" />
      <extra dep="nmod" ent_iob="2" ent_type="" head="-2" lemma="it" orig_paragraph="1" orth="it" pos="PRON" prefix="i" shape="xx" suffix="it" tag="PRP" />
    </node>
    <node ID="0.10" type="Punctuation">
      <attributes paragraph="1" paragraph_position="10" text="." />
      <extra dep="punct" ent_iob="2" ent_type="" head="-5" lemma="." orig_paragraph="1" orth="." pos="PUNCT" prefix="." shape="." suffix="." tag="." />
    </node>
  </layer>
  <layer layerID="1">
    <attributes />
    <node ID="1.1" type="FN">
      <attributes />
      <edge toID="1.2" type="H">
        <attributes />
        <category tag="H" />
      </edge>
      <edge toID="1.3" type="A">
        <attributes />
        <category tag="A" />
      </edge>
    </node>
    <node ID="1.2" type="FN">
      <attributes />
      <edge toID="1.4" type="D">
        <attributes />
        <category tag="D" />
      </edge>
      <edge toID="1.5" type="P">
        <attributes />
        <category tag="P" />
      </edge>
      <edge toID="1.6" type="A">
        <attributes />
        <category tag="A" />
      </edge>
      <edge toID="1.7" type="A">
        <attributes />
        <category tag="A" />
      </edge>
    </node>
    <node ID="1.3" type="FN">
      <attributes />
      <edge toID="1.8" type="E">
        <attributes />
        <category tag="E" />
      </edge>
    </node>
    <node ID="1.4" type="FN">
      <attributes />
      <edge toID="1.9" type="R">
        <attributes />
        <category tag="R" />
      </edge>
      <edge toID="1.10" type="E">
        <attributes />
        <category tag="E" />
      </edge>
      <edge toID="1.11" type="C">
        <attributes />
        <category tag="C" />
      </edge>
    </node>
    <node ID="1.5" type="FN">
      <attributes />
      <edge toID="0.5" type="Terminal">
        <attributes />
        <category tag="Terminal" />
      </edge>
    </node>
    <node ID="1.6" type="FN">
      <attributes />
      <edge toID="1.12" type="E">
        <attributes />
        <category tag="E" />
      </edge>
      <edge toID="1.13" type="C">
        <attributes />
        <category tag="C" />
      </edge>
    </node>
    <node ID="1.7" type="FN">
      <attributes />
      <edge toID="1.14" type="R">
        <attributes />
        <category tag="R" />
      </edge>
      <edge toID="1.15" type="C">
        <attributes />
        <category tag="C" />
      </edge>
      <edge toID="1.16" type="U">
        <attributes />
        <category tag="U" />
      </edge>
    </node>
    <node ID="1.8" type="FN">
      <attributes />
      <edge toID="0.4" type="Terminal">
        <attributes />
        <category tag="Terminal" />
      </edge>
    </node>
    <node ID="1.9" type="FN">
      <attributes />
      <edge toID="0.1" type="Terminal">
        <attributes />
        <category tag="Terminal" />
      </edge>
    </node>
    <node ID="1.10" type="FN">
      <attributes />
      <edge toID="0.2" type="Terminal">
        <attributes />
        <category tag="Terminal" />
      </edge>
    </node>
    <node ID="1.11" type="FN">
      <attributes />
      <edge toID="0.3" type="Terminal">
        <attributes />
        <category tag="Terminal" />
      </edge>
    </node>
    <node ID="1.12" type="FN">
      <attributes />
      <edge toID="0.6" type="Terminal">
        <attributes />
        <category tag="Terminal" />
      </edge>
    </node>
    <node ID="1.13" type="FN">
      <attributes />
      <edge toID="0.7" type="Terminal">
        <attributes />
        <category tag="Terminal" />
      </edge>
    </node>
    <node ID="1.14" type="FN">
      <attributes />
      <edge toID="0.8" type="Terminal">
        <attributes />
        <category tag="Terminal" />
      </edge>
    </node>
    <node ID="1.15" type="FN">
      <attributes />
      <edge toID="0.9" type="Terminal">
        <attributes />
        <category tag="Terminal" />
      </edge>
    </node>
    <node ID="1.16" type="PNCT">
      <attributes />
      <edge toID="0.10" type="Terminal">
        <attributes />
        <category tag="Terminal" />
      </edge>
    </node>
  </layer>
</root>
