<root annotationID="0" passageID="316005">
  <attributes />
  <extra format="ucca" />
  <layer layerID="0">
    <attributes />
    <extra doc="[[[7831192797367251337, 3791531372978436496, 5595707737748328492, 93, 0, 2, 420, 1, 12204527652707022206, 5582244037879929967, 7831192797367251337], [16839337850512191295, 16839337850512191295, 14200088355797579614, 99, 0, 2, 396, 4, 13110060611322374290, 16900879642891266615, 5101743919633864694], [7039397736629347729, 7039397736629347729, 6860118812490040284, 84, 0, 2, 2008358639898919775, -1, 4088098365541558500, 1489474827855109852, 7039397736629347729], [2593208677638477497, 2593208677638477497, 2593208677638477497, 96, 0, 2, 442, 2, 2593208677638477497, 2593208677638477497, 2593208677638477497], [1655312771067108281, 1655312771067108281, 13656873538139661788, 94, 0, 2, 426, 1, 4370460163704169311, 15817570140490810055, 1655312771067108281], [9839220791660699563, 478886015463313967, 17109001835818727656, 99, 0, 2, 445, 0, 13110060611322374290, 13210364986222294696, 15654095305962636923], [13398675276606405380, 13398675276606405380, 164681854541413346, 85, 0, 2, 397, -1, 13110060611322374290, 1489474827855109852, 3926634422674529573], [3791531372978436496, 3791531372978436496, 1292078113972184607, 84, 0, 2, 8110129090154140942, 1, 4370460163704169311, 15369245168918225700, 3791531372978436496], [136626128350750948, 136626128350750948, 15308085513773655218, 91, 0, 2, 432, -3, 13110060611322374290, 13110760720460257827, 5303704553415556917], [2283656566040971221, 2283656566040971221, 17571114184892886314, 88, 0, 2, 404, 1, 4088098365541558500, 11901859001352538922, 2283656566040971221], [6354878466732550036, 10983498933967962768, 17109001835818727656, 99, 0, 2, 407, -5, 13110060611322374290, 16978132545290669629, 10746617681048959497], [2661093235354845946, 1655312771067108281, 4062917326063685704, 94, 0, 2, 1227985075839834553, 1, 4088098365541558500, 15817570140490810055, 2661093235354845946], [14785742203995023268, 3779837599688992672, 783433942507015291, 91, 0, 2, 431, -2, 13110060611322374290, 13110760720460257827, 10477575395255680452], [17494803046312582752, 17494803046312582752, 12646065887601541794, 96, 0, 2, 442, -8, 17494803046312582752, 17494803046312582752, 17494803046312582752]]]" />
    <node ID="0.1" type="Word">
      <attributes paragraph="1" paragraph_position="1" text="To" />
      <extra dep="mark" ent_iob="2" ent_type="" head="1" lemma="to" orig_paragraph="1" orth="To" pos="PART" prefix="T" shape="Xx" suffix="To" tag="TO" />
    </node>
    <node ID="0.2" type="Word">
      <attributes paragraph="1" paragraph_position="2" text="cast" />
      <extra dep="advcl" ent_iob="2" ent_type="" head="4" lemma="cast" orig_paragraph="1" orth="cast" pos="VERB" prefix="c" shape="xxxx" suffix="ast" tag="VB" />
    </node>
    <node ID="0.3" type="Word">
      <attributes paragraph="1" paragraph_position="3" text="off" />
      <extra dep="compound:prt" ent_iob="2" ent_type="" head="-1" lemma="off" orig_paragraph="1" orth="off" pos="ADP" prefix="o" shape="xxx" suffix="off" tag="RP" />
    </node>
    <node ID="0.4" type="Punctuation">
      <attributes paragraph="1" paragraph_position="4" text="," />
      <extra dep="punct" ent_iob="2" ent_type="" head="2" lemma="," orig_paragraph="1" orth="," pos="PUNCT" prefix="," shape="," suffix="," tag="," />
    </node>
    <node ID="0.5" type="Word">
      <attributes paragraph="1" paragraph_position="5" text="he" />
      <extra dep="nsubj" ent_iob="2" ent_type="" head="1" lemma="he" orig_paragraph="1" orth="he" pos="PRON" prefix="h" shape="xx" suffix="he" tag="PRP" />
    </node>
    <node ID="0.6" type="Word">
      <attributes paragraph="1" paragraph_position="6" text="needed" />
      <extra dep="root" ent_iob="2" ent_type="" head="0" lemma="need" orig_paragraph="1" orth="needed" pos="VERB" prefix="n" shape="xxxx" suffix="ded" tag="VBD" />
    </node>
    <node ID="0.7" type="Word">
      <attributes paragraph="1" paragraph_position="7" text="only" />
      <extra dep="advmod" ent_iob="2" ent_type="" head="-1" lemma="only" orig_paragraph="1" orth="only" pos="ADV" prefix="o" shape="xxxx" suffix="nly" tag="RB" />
    </node>
    <node ID="0.8" type="Word">
      <attributes paragraph="1" paragraph_position="8" text="to" />
      <extra dep="case" ent_iob="2" ent_type="" head="1" lemma="to" orig_paragraph="1" orth="to" pos="ADP" prefix="t" shape="xx" suffix="to" tag="IN" />
    </node>
    <node ID="0.9" type="Word">
      <attributes paragraph="1" paragraph_position="9" text="fire" />
      <extra dep="obl" ent_iob="2" ent_type="" head="-3" lemma="fire" orig_paragraph="1" orth="fire" pos="NOUN" prefix="f" shape="xxxx" suffix="ire" tag="NN" />
    </node>
    <node ID="0.10" type="Word">
      <attributes paragraph="1" paragraph_position="10" text="and" />
      <extra dep="cc" ent_iob="2" ent_type="" head="1" lemma="and" orig_paragraph="1" orth="and" pos="CCONJ" prefix="a" shape="xxx" suffix="and" tag="CC" />
    </node>
    <node ID="0.11" type="Word">
      <attributes paragraph="1" paragraph_position="11" text="stoke" />
      <extra dep="conj" ent_iob="2" ent_type="" head="-5" lemma="steak" orig_paragraph="1" orth="stoke" pos="VERB" prefix="s" shape="xxxx" suffix="oke" tag="VBD" />
    </node>
    <node ID="0.12" type="Word">
      <attributes paragraph="1" paragraph_position="12" text="his" />
      <extra dep="nmod:poss" ent_iob="2" ent_type="" head="1" lemma="he" orig_paragraph="1" orth="his" pos="PRON" prefix="h" shape="xxx" suffix="his" tag="PRP$" />
    </node>
    <node ID="0.13" type="Word">
      <attributes paragraph="1" paragraph_position="13" text="furnaces" />
      <extra dep="obj" ent_iob="2" ent_type="" head="-2" lemma="furnace" orig_paragraph="1" orth="furnaces" pos="NOUN" prefix="f" shape="xxxx" suffix="ces" tag="NNS" />
    </node>
    <node ID="0.14" type="Punctuation">
      <attributes paragraph="1" paragraph_position="14" text="!" />
      <extra dep="punct" ent_iob="2" ent_type="" head="-8" lemma="!" orig_paragraph="1" orth="!" pos="PUNCT" prefix="!" shape="!" suffix="!" tag="." />
    </node>
  </layer>
  <layer layerID="1">
    <attributes />
    <node ID="1.1" type="FN">
      <attributes />
      <edge toID="1.2" type="U">
        <attributes />
        <category tag="U" />
      </edge>
      <edge toID="1.3" type="H">
        <attributes />
        <category tag="H" />
      </edge>
      <edge toID="1.4" type="L">
        <attributes />
        <category tag="L" />
      </edge>
      <edge toID="1.5" type="H">
        <attributes />
        <category tag="H" />
      </edge>
      <edge toID="1.6" type="A">
        <attributes />
        <category tag="A" />
      </edge>
    </node>
    <node ID="1.2" type="PNCT">
      <attributes />
      <edge toID="0.4" type="Terminal">
        <attributes />
        <category tag="Terminal" />
      </edge>
    </node>
    <node ID="1.3" type="FN">
      <attributes />
      <edge toID="1.9" type="A">
        <attributes />
        <category tag="A" />
      </edge>
      <edge toID="1.10" type="P">
        <attributes />
        <category tag="P" />
      </edge>
      <edge toID="1.11" type="D">
        <attributes />
        <category tag="D" />
      </edge>
      <edge toID="1.12" type="A">
        <attributes />
        <category tag="A" />
      </edge>
    </node>
    <node ID="1.4" type="FN">
      <attributes />
      <edge toID="0.10" type="Terminal">
        <attributes />
        <category tag="Terminal" />
      </edge>
    </node>
    <node ID="1.5" type="FN">
      <attributes />
      <edge toID="1.13" type="P">
        <attributes />
        <category tag="P" />
      </edge>
      <edge toID="1.14" type="A">
        <attributes />
        <category tag="A" />
      </edge>
    </node>
    <node ID="1.6" type="FN">
      <attributes />
      <edge toID="1.7" type="F">
        <attributes />
        <category tag="F" />
      </edge>
      <edge toID="1.8" type="C">
        <attributes />
        <category tag="C" />
      </edge>
    </node>
    <node ID="1.7" type="FN">
      <attributes />
      <edge toID="0.1" type="Terminal">
        <attributes />
        <category tag="Terminal" />
      </edge>
    </node>
    <node ID="1.8" type="FN">
      <attributes />
      <edge toID="1.15" type="C">
        <attributes />
        <category tag="C" />
      </edge>
      <edge toID="1.16" type="E">
        <attributes />
        <category tag="E" />
      </edge>
    </node>
    <node ID="1.9" type="FN">
      <attributes />
      <edge toID="0.5" type="Terminal">
        <attributes />
        <category tag="Terminal" />
      </edge>
    </node>
    <node ID="1.10" type="FN">
      <attributes />
      <edge toID="0.6" type="Terminal">
        <attributes />
        <category tag="Terminal" />
      </edge>
    </node>
    <node ID="1.11" type="FN">
      <attributes />
      <edge toID="0.7" type="Terminal">
        <attributes />
        <category tag="Terminal" />
      </edge>
    </node>
    <node ID="1.12" type="FN">
      <attributes />
      <edge toID="1.17" type="R">
        <attributes />
        <category tag="R" />
      </edge>
      <edge toID="1.18" type="C">
        <attributes />
        <category tag="C" />
      </edge>
    </node>
    <node ID="1.13" type="FN">
      <attributes />
      <edge toID="0.11" type="Terminal">
        <attributes />
        <category tag="Terminal" />
      </edge>
    </node>
    <node ID="1.14" type="FN">
      <attributes />
      <edge toID="1.19" type="E">
        <attributes />
        <category tag="E" />
      </edge>
      <edge toID="1.20" type="C">
        <attributes />
        <category tag="C" />
      </edge>
      <edge toID="1.21" type="U">
        <attributes />
        <category tag="U" />
      </edge>
    </node>
    <node ID="1.15" type="FN">
      <attributes />
      <edge toID="0.2" type="Terminal">
        <attributes />
        <category tag="Terminal" />
      </edge>
    </node>
    <node ID="1.16" type="FN">
      <attributes />
      <edge toID="0.3" type="Terminal">
        <attributes />
        <category tag="Terminal" />
      </edge>
    </node>
    <node ID="1.17" type="FN">
      <attributes />
      <edge toID="0.8" type="Terminal">
        <attributes />
        <category tag="Terminal" />
      </edge>
    </node>
    <node ID="1.18" type="FN">
      <attributes />
      <edge toID="0.9" type="Terminal">
        <attributes />
        <category tag="Terminal" />
      </edge>
    </node>
    <node ID="1.19" type="FN">
      <attributes />
      <edge toID="0.12" type="Terminal">
        <attributes />
        <category tag="Terminal" />
      </edge>
    </node>
    <node ID="1.20" type="FN">
      <attributes />
      <edge toID="0.13" type="Terminal">
        <attributes />
        <category tag="Terminal" />
      </edge>
    </node>
    <node ID="1.21" type="PNCT">
      <attributes />
      <edge toID="0.14" type="Terminal">
        <attributes />
        <category tag="Terminal" />
      </edge>
    </node>
  </layer>
</root>
