<root annotationID="0" passageID="316001">
  <attributes />
  <extra format="ucca" />
  <layer layerID="0">
    <attributes />
    <extra doc="[[[8395131317770283464, 447765159362469301, 164681854541413346, 93, 0, 2, 397, 6, 18200729499220207786, 10850957288794122991, 8395131317770283464], [17339226045912991082, 17339226045912991082, 164681854541413346, 85, 0, 2, 397, 5, 13110060611322374290, 1720370409040345145, 12409248811792671830], [11901859001352538922, 11901859001352538922, 15267657372422890137, 89, 0, 2, 412, 4, 11123243248953317070, 11901859001352538922, 11901859001352538922], [17682212845846644677, 17682212845846644677, 8427216679587749980, 92, 389, 3, 12837356684637874264, 2, 4620368362210911820, 15180167692696242062, 17682212845846644677], [9153284864653046197, 9153284864653046197, 8214596291009089021, 96, 389, 1, 442, 1, 9153284864653046197, 9153284864653046197, 9153284864653046197], [9748623380567160636, 9748623380567160636, 15308085513773655218, 91, 389, 1, 7037928807040764755, 1, 13110060611322374290, 15817570140490810055, 17577015140245084783], [12904519769885846080, 12904519769885846080, 15308085513773655218, 91, 0, 2, 7833439085008721140, 2, 13110060611322374290, 15598372446745583797, 4115755726172261197], [9921686513378912864, 10382539506755952630, 17109001835818727656, 86, 0, 2, 18127512502257733094, 1, 4088098365541558500, 260667111241363922, 9921686513378912864], [7640242612580250176, 12140365075417128432, 3822385049556375858, 99, 0, 2, 445, 0, 13110060611322374290, 6217145520856553898, 14814004474743358178], [3791531372978436496, 3791531372978436496, 1292078113972184607, 84, 0, 2, 8110129090154140942, 2, 4370460163704169311, 15369245168918225700, 3791531372978436496], [728374653950436971, 728374653950436971, 15794550382381185553, 95, 0, 2, 7037928807040764755, 1, 16072095006890171862, 149303876845869574, 9250722957692387333], [9274138091069644585, 9274138091069644585, 15794550382381185553, 95, 378, 3, 432, -3, 16072095006890171862, 9148987913859918431, 17021070238844273573], [12646065887601541794, 12646065887601541794, 12646065887601541794, 96, 0, 2, 442, -4, 12646065887601541794, 12646065887601541794, 12646065887601541794]]]" />
    <node ID="0.1" type="Word">
      <attributes paragraph="1" paragraph_position="1" text="Not" />
      <extra dep="advmod" ent_iob="2" ent_type="" head="6" lemma="not" orig_paragraph="1" orth="Not" pos="PART" prefix="N" shape="Xxx" suffix="Not" tag="RB" />
    </node>
    <node ID="0.2" type="Word">
      <attributes paragraph="1" paragraph_position="2" text="even" />
      <extra dep="advmod" ent_iob="2" ent_type="" head="5" lemma="even" orig_paragraph="1" orth="even" pos="ADV" prefix="e" shape="xxxx" suffix="ven" tag="RB" />
    </node>
    <node ID="0.3" type="Word">
      <attributes paragraph="1" paragraph_position="3" text="a" />
      <extra dep="det" ent_iob="2" ent_type="" head="4" lemma="a" orig_paragraph="1" orth="a" pos="DET" prefix="a" shape="x" suffix="a" tag="DT" />
    </node>
    <node ID="0.4" type="Word">
      <attributes paragraph="1" paragraph_position="4" text="24" />
      <extra dep="nummod" ent_iob="3" ent_type="TIME" head="2" lemma="24" orig_paragraph="1" orth="24" pos="NUM" prefix="2" shape="dd" suffix="24" tag="CD" />
    </node>
    <node ID="0.5" type="Punctuation">
      <attributes paragraph="1" paragraph_position="5" text="-" />
      <extra dep="punct" ent_iob="1" ent_type="TIME" head="1" lemma="-" orig_paragraph="1" orth="-" pos="PUNCT" prefix="-" shape="-" suffix="-" tag="HYPH" />
    </node>
    <node ID="0.6" type="Word">
      <attributes paragraph="1" paragraph_position="6" text="hour" />
      <extra dep="compound" ent_iob="1" ent_type="TIME" head="1" lemma="hour" orig_paragraph="1" orth="hour" pos="NOUN" prefix="h" shape="xxxx" suffix="our" tag="NN" />
    </node>
    <node ID="0.7" type="Word">
      <attributes paragraph="1" paragraph_position="7" text="breather" />
      <extra dep="nsubj:pass" ent_iob="2" ent_type="" head="2" lemma="breather" orig_paragraph="1" orth="breather" pos="NOUN" prefix="b" shape="xxxx" suffix="her" tag="NN" />
    </node>
    <node ID="0.8" type="Word">
      <attributes paragraph="1" paragraph_position="8" text="was" />
      <extra dep="aux:pass" ent_iob="2" ent_type="" head="1" lemma="be" orig_paragraph="1" orth="was" pos="AUX" prefix="w" shape="xxx" suffix="was" tag="VBD" />
    </node>
    <node ID="0.9" type="Word">
      <attributes paragraph="1" paragraph_position="9" text="granted" />
      <extra dep="root" ent_iob="2" ent_type="" head="0" lemma="grant" orig_paragraph="1" orth="granted" pos="VERB" prefix="g" shape="xxxx" suffix="ted" tag="VBN" />
    </node>
    <node ID="0.10" type="Word">
      <attributes paragraph="1" paragraph_position="10" text="to" />
      <extra dep="case" ent_iob="2" ent_type="" head="2" lemma="to" orig_paragraph="1" orth="to" pos="ADP" prefix="t" shape="xx" suffix="to" tag="IN" />
    </node>
    <node ID="0.11" type="Word">
      <attributes paragraph="1" paragraph_position="11" text="Commander" />
      <extra dep="compound" ent_iob="2" ent_type="" head="1" lemma="Commander" orig_paragraph="1" orth="Commander" pos="PROPN" prefix="C" shape="Xxxxx" suffix="der" tag="NNP" />
    </node>
    <node ID="0.12" type="Word">
      <attributes paragraph="1" paragraph_position="12" text="Farragut" />
      <extra dep="obl" ent_iob="3" ent_type="PERSON" head="-3" lemma="Farragut" orig_paragraph="1" orth="Farragut" pos="PROPN" prefix="F" shape="Xxxxx" suffix="gut" tag="NNP" />
    </node>
    <node ID="0.13" type="Punctuation">
      <attributes paragraph="1" paragraph_position="13" text="." />
      <extra dep="punct" ent_iob="2" ent_type="" head="-4" lemma="." orig_paragraph="1" orth="." pos="PUNCT" prefix="." shape="." suffix="." tag="." />
    </node>
  </layer>
  <layer layerID="1">
    <attributes />
    <node ID="1.1" type="FN">
      <attributes />
      <edge toID="1.2" type="D">
        <attributes />
        <category tag="D" />
      </edge>
      <edge toID="1.3" type="D">
        <attributes />
        <category tag="D" />
      </edge>
      <edge toID="1.4" type="A">
        <attributes />
        <category tag="A" />
      </edge>
      <edge toID="1.5" type="F">
        <attributes />
        <category tag="F" />
      </edge>
      <edge toID="1.6" type="P">
        <attributes />
        <category tag="P" />
      </edge>
      <edge toID="1.7" type="A">
        <attributes />
        <category tag="A" />
      </edge>
      <edge toID="1.8" type="A">
        <attributes />
        <category tag="A" />
      </edge>
      <edge toID="1.9" type="U">
        <attributes />
        <category tag="U" />
      </edge>
    </node>
    <node ID="1.2" type="FN">
      <attributes />
      <edge toID="0.1" type="Terminal">
        <attributes />
        <category tag="Terminal" />
      </edge>
    </node>
    <node ID="1.3" type="FN">
      <attributes />
      <edge toID="0.2" type="Terminal">
        <attributes />
        <category tag="Terminal" />
      </edge>
    </node>
    <node ID="1.4" type="FN">
      <attributes />
      <edge toID="1.10" type="E">
        <attributes />
        <category tag="E" />
      </edge>
      <edge toID="1.11" type="E">
        <attributes />
        <category tag="E" />
      </edge>
      <edge toID="1.12" type="C">
        <attributes />
        <category tag="C" />
      </edge>
    </node>
    <node ID="1.5" type="FN">
      <attributes />
      <edge toID="0.8" type="Terminal">
        <attributes />
        <category tag="Terminal" />
      </edge>
    </node>
    <node ID="1.6" type="FN">
      <attributes />
      <edge toID="0.9" type="Terminal">
        <attributes />
        <category tag="Terminal" />
      </edge>
    </node>
    <node ID="1.7" type="FN">
      <attributes />
      <edge toID="1.13" type="R">
        <attributes />
        <category tag="R" />
      </edge>
      <edge toID="1.14" type="C">
        <attributes />
        <category tag="C" />
      </edge>
    </node>
    <node ID="1.8" type="FN">
      <attributes />
      <edge toID="0.12" type="Terminal">
        <attributes />
        <category tag="Terminal" />
      </edge>
    </node>
    <node ID="1.9" type="PNCT">
      <attributes />
      <edge toID="0.13" type="Terminal">
        <attributes />
        <category tag="Terminal" />
      </edge>
    </node>
    <node ID="1.10" type="FN">
      <attributes />
      <edge toID="0.3" type="Terminal">
        <attributes />
        <category tag="Terminal" />
      </edge>
    </node>
    <node ID="1.11" type="FN">
      <attributes />
      <edge toID="1.15" type="E">
        <attributes />
        <category tag="E" />
      </edge>
      <edge toID="1.16" type="U">
        <attributes />
        <category tag="U" />
      </edge>
      <edge toID="1.17" type="C">
        <attributes />
        <category tag="C" />
      </edge>
    </node>
    <node ID="1.12" type="FN">
      <attributes />
      <edge toID="0.7" type="Terminal">
        <attributes />
        <category tag="Terminal" />
      </edge>
    </node>
    <node ID="1.13" type="FN">
      <attributes />
      <edge toID="0.10" type="Terminal">
        <attributes />
        <category tag="Terminal" />
      </edge>
    </node>
    <node ID="1.14" type="FN">
      <attributes />
      <edge toID="0.11" type="Terminal">
        <attributes />
        <category tag="Terminal" />
      </edge>
    </node>
    <node ID="1.15" type="FN">
      <attributes />
      <edge toID="0.4" type="Terminal">
        <attributes />
        <category tag="Terminal" />
      </edge>
    </node>
    <node ID="1.16" type="PNCT">
      <attributes />
      <edge toID="0.5" type="Terminal">
        <attributes />
        <category tag="Terminal" />
      </edge>
    </node>
    <node ID="1.17" type="FN">
      <attributes />
      <edge toID="0.6" type="Terminal">
        <attributes />
        <category tag="Terminal" />
      </edge>
    </node>
  </layer>
</root>
