<root annotationID="0" passageID="318000">
  <attributes />
  <extra format="ucca" />
  <layer layerID="0">
    <attributes />
    <extra doc="[[[15253746846663710385, 15253746846663710385, 15794550382381185553, 95, 378, 3, 445, 0, 16072095006890171862, 17714545831559622561, 11771182752176599799], [6799663050854225428, 6799663050854225428, 15794550382381185553, 95, 378, 1, 2666271516716718244, -1, 16072095006890171862, 14862748245026736845, 13901739980378486284], [12028661839198017008, 7906319851862027918, 15794550382381185553, 95, 0, 2, 2666271516716718244, -2, 16072095006890171862, 17714545831559622561, 6517868473985075228], [11667289587015813222, 11667289587015813222, 1292078113972184607, 84, 0, 2, 8110129090154140942, 8, 4370460163704169311, 11901859001352538922, 11667289587015813222], [7425985699627899538, 7425985699627899538, 15267657372422890137, 89, 381, 3, 412, 7, 4088098365541558500, 15369245168918225700, 7425985699627899538], [10427160276079242800, 10427160276079242800, 15794550382381185553, 95, 381, 1, 7037928807040764755, 3, 16072095006890171862, 17714545831559622561, 17063285134097196690], [3670483249584531413, 3670483249584531413, 15794550382381185553, 95, 381, 1, 7037928807040764755, 2, 16072095006890171862, 3209455878668673793, 6254253771103062526], [1753434384463813721, 4490412142941298567, 15794550382381185553, 95, 381, 1, 2666271516716718244, -1, 16072095006890171862, 9148987913859918431, 11019219546878285096], [8096562437039150339, 8096562437039150339, 15794550382381185553, 95, 381, 1, 7037928807040764755, 3, 16072095006890171862, 14862748245026736845, 28958852240635699], [10247373884689589507, 10247373884689589507, 15794550382381185553, 95, 381, 1, 7037928807040764755, 2, 16072095006890171862, 9350754067018752509, 7101693008741443383], [7503827727184870577, 7503827727184870577, 15794550382381185553, 95, 381, 1, 7037928807040764755, 1, 18200729499220207786, 10850957288794122991, 7503827727184870577], [7898044819112200372, 7898044819112200372, 15794550382381185553, 95, 381, 1, 423, -11, 10887629174180191697, 16961793518281001049, 6514075241449120593]]]" />
    <node ID="0.1" type="Word">
      <attributes paragraph="1" paragraph_position="1" text="Pierre" />
      <extra dep="root" ent_iob="3" ent_type="PERSON" head="1" lemma="Pierre" orig_paragraph="1" orth="Pierre" pos="PROPN" prefix="P" shape="Xxxxx" suffix="rre" tag="NNP" />
    </node>
    <node ID="0.2" type="Word">
      <attributes paragraph="1" paragraph_position="2" text="Aronnax" />
      <extra dep="flat" ent_iob="1" ent_type="PERSON" head="-1" lemma="Aronnax" orig_paragraph="1" orth="Aronnax" pos="PROPN" prefix="A" shape="Xxxxx" suffix="nax" tag="NNP" />
    </node>
    <node ID="0.3" type="Word">
      <attributes paragraph="1" paragraph_position="3" text="Professor" />
      <extra dep="flat" ent_iob="2" ent_type="" head="-2" lemma="professor" orig_paragraph="1" orth="Professor" pos="PROPN" prefix="P" shape="Xxxxx" suffix="sor" tag="NNP" />
    </node>
    <node ID="0.4" type="Word">
      <attributes paragraph="1" paragraph_position="4" text="at" />
      <extra dep="case" ent_iob="2" ent_type="" head="8" lemma="at" orig_paragraph="1" orth="at" pos="ADP" prefix="a" shape="xx" suffix="at" tag="IN" />
    </node>
    <node ID="0.5" type="Word">
      <attributes paragraph="1" paragraph_position="5" text="the" />
      <extra dep="det" ent_iob="3" ent_type="ORG" head="7" lemma="the" orig_paragraph="1" orth="the" pos="DET" prefix="t" shape="xxx" suffix="the" tag="DT" />
    </node>
    <node ID="0.6" type="Word">
      <attributes paragraph="1" paragraph_position="6" text="Paris" />
      <extra dep="compound" ent_iob="1" ent_type="ORG" head="3" lemma="Paris" orig_paragraph="1" orth="Paris" pos="PROPN" prefix="P" shape="Xxxxx" suffix="ris" tag="NNP" />
    </node>
    <node ID="0.7" type="Word">
      <attributes paragraph="1" paragraph_position="7" text="Museum" />
      <extra dep="compound" ent_iob="1" ent_type="ORG" head="2" lemma="Museum" orig_paragraph="1" orth="Museum" pos="PROPN" prefix="M" shape="Xxxxx" suffix="eum" tag="NNP" />
    </node>
    <node ID="0.8" type="Word">
      <attributes paragraph="1" paragraph_position="8" text="Fifth" />
      <extra dep="flat" ent_iob="1" ent_type="ORG" head="-1" lemma="fifth" orig_paragraph="1" orth="Fifth" pos="PROPN" prefix="F" shape="Xxxxx" suffix="fth" tag="NNP" />
    </node>
    <node ID="0.9" type="Word">
      <attributes paragraph="1" paragraph_position="9" text="Avenue" />
      <extra dep="compound" ent_iob="1" ent_type="ORG" head="3" lemma="Avenue" orig_paragraph="1" orth="Avenue" pos="PROPN" prefix="A" shape="Xxxxx" suffix="nue" tag="NNP" />
    </node>
    <node ID="0.10" type="Word">
      <attributes paragraph="1" paragraph_position="10" text="Hotel" />
      <extra dep="compound" ent_iob="1" ent_type="ORG" head="2" lemma="Hotel" orig_paragraph="1" orth="Hotel" pos="PROPN" prefix="H" shape="Xxxxx" suffix="tel" tag="NNP" />
    </node>
    <node ID="0.11" type="Word">
      <attributes paragraph="1" paragraph_position="11" text="New" />
      <extra dep="compound" ent_iob="1" ent_type="ORG" head="1" lemma="New" orig_paragraph="1" orth="New" pos="PROPN" prefix="N" shape="Xxx" suffix="New" tag="NNP" />
    </node>
    <node ID="0.12" type="Word">
      <attributes paragraph="1" paragraph_position="12" text="York" />
      <extra dep="nmod" ent_iob="1" ent_type="ORG" head="-11" lemma="York" orig_paragraph="1" orth="York" pos="PROPN" prefix="Y" shape="Xxxx" suffix="ork" tag="NNP" />
    </node>
  </layer>
  <layer layerID="1">
    <attributes />
    <node ID="1.1" type="FN">
      <attributes />
      <edge toID="1.2" type="A">
        <attributes />
        <category tag="A" />
      </edge>
      <edge toID="1.3" type="A">
        <attributes />
        <category tag="A" />
      </edge>
    </node>
    <node ID="1.2" type="FN">
      <attributes />
      <edge toID="1.4" type="E">
        <attributes />
        <category tag="E" />
      </edge>
      <edge toID="1.5" type="E">
        <attributes />
        <category tag="E" />
      </edge>
    </node>
    <node ID="1.3" type="FN">
      <attributes />
      <edge toID="1.6" type="E">
        <attributes />
        <category tag="E" />
      </edge>
    </node>
    <node ID="1.4" type="FN">
      <attributes />
      <edge toID="1.7" type="C">
        <attributes />
        <category tag="C" />
      </edge>
      <edge toID="1.8" type="C">
        <attributes />
        <category tag="C" />
      </edge>
    </node>
    <node ID="1.5" type="FN">
      <attributes />
      <edge toID="1.9" type="R">
        <attributes />
        <category tag="R" />
      </edge>
      <edge toID="1.10" type="E">
        <attributes />
        <category tag="E" />
      </edge>
      <edge toID="1.11" type="E">
        <attributes />
        <category tag="E" />
      </edge>
      <edge toID="1.12" type="C">
        <attributes />
        <category tag="C" />
      </edge>
    </node>
    <node ID="1.6" type="FN">
      <attributes />
      <edge toID="1.13" type="E">
        <attributes />
        <category tag="E" />
      </edge>
    </node>
    <node ID="1.7" type="FN">
      <attributes />
      <edge toID="0.1" type="Terminal">
        <attributes />
        <category tag="Terminal" />
      </edge>
      <edge toID="0.2" type="Terminal">
        <attributes />
        <category tag="Terminal" />
      </edge>
    </node>
    <node ID="1.8" type="FN">
      <attributes />
      <edge toID="0.3" type="Terminal">
        <attributes />
        <category tag="Terminal" />
      </edge>
    </node>
    <node ID="1.9" type="FN">
      <attributes />
      <edge toID="0.4" type="Terminal">
        <attributes />
        <category tag="Terminal" />
      </edge>
    </node>
    <node ID="1.10" type="FN">
      <attributes />
      <edge toID="0.5" type="Terminal">
        <attributes />
        <category tag="Terminal" />
      </edge>
    </node>
    <node ID="1.11" type="FN">
      <attributes />
      <edge toID="0.6" type="Terminal">
        <attributes />
        <category tag="Terminal" />
      </edge>
    </node>
    <node ID="1.12" type="FN">
      <attributes />
      <edge toID="0.7" type="Terminal">
        <attributes />
        <category tag="Terminal" />
      </edge>
      <edge toID="0.8" type="Terminal">
        <attributes />
        <category tag="Terminal" />
      </edge>
      <edge toID="0.9" type="Terminal">
        <attributes />
        <category tag="Terminal" />
      </edge>
    </node>
    <node ID="1.13" type="FN">
      <attributes />
      <edge toID="0.10" type="Terminal">
        <attributes />
        <category tag="Terminal" />
      </edge>
      <edge toID="0.11" type="Terminal">
        <attributes />
        <category tag="Terminal" />
      </edge>
      <edge toID="0.12" type="Terminal">
        <attributes />
        <category tag="Terminal" />
      </edge>
    </node>
  </layer>
</root>
