<root annotationID="0" passageID="45001">
  <attributes />
  <extra format="ucca" />
  <layer layerID="0">
    <attributes />
    <extra doc="[[[5059648917813135842, 7425985699627899538, 15267657372422890137, 89, 0, 2, 412, 1, 18200729499220207786, 5582244037879929967, 5059648917813135842], [16005490938258701115, 18258353882157899756, 783433942507015291, 91, 0, 2, 426, 1, 13110060611322374290, 15369245168918225700, 17051212862104794208], [602335199165703938, 16574616920585318162, 17109001835818727656, 99, 0, 2, 445, 0, 13110060611322374290, 13110760720460257827, 11593690929944126543], [10239237003504588839, 10239237003504588839, 13656873538139661788, 94, 0, 2, 419, -1, 4370460163704169311, 5097672513440128799, 10239237003504588839], [11901859001352538922, 11901859001352538922, 15267657372422890137, 89, 0, 2, 412, 2, 11123243248953317070, 11901859001352538922, 11901859001352538922], [16884455833306854589, 16884455833306854589, 10554686591937588953, 83, 0, 2, 399, 1, 13110060611322374290, 13110760720460257827, 11197236520932772837], [9751084440329135938, 9751084440329135938, 15308085513773655218, 91, 0, 2, 431, -4, 13110060611322374290, 1489474827855109852, 18073403844224381957], [16037325823156266367, 16037325823156266367, 1292078113972184607, 97, 0, 2, 420, 1, 4088098365541558500, 13110760720460257827, 16037325823156266367], [14773120610899726661, 564530010411411186, 1534113631682161808, 99, 0, 2, 447, -2, 13110060611322374290, 15817570140490810055, 7679303661980345986], [13409319323822384369, 13409319323822384369, 15267657372422890137, 89, 0, 2, 412, 1, 4088098365541558500, 11901859001352538922, 13409319323822384369], [8370043181076909782, 2944576840756700711, 783433942507015291, 91, 0, 2, 431, -2, 13110060611322374290, 16978132545290669629, 5603553855925065805], [886050111519832510, 886050111519832510, 1292078113972184607, 84, 0, 2, 8110129090154140942, 1, 4370460163704169311, 1489474827855109852, 886050111519832510], [648860629335611250, 6586649659319211031, 783433942507015291, 91, 0, 2, 423, -2, 13110060611322374290, 15817570140490810055, 4076223125496034029], [12646065887601541794, 12646065887601541794, 12646065887601541794, 96, 0, 2, 442, -11, 12646065887601541794, 12646065887601541794, 12646065887601541794]]]" />
    <node ID="0.1" type="Word">
      <attributes paragraph="1" paragraph_position="1" text="The" />
      <extra dep="det" ent_iob="2" ent_type="" head="1" lemma="the" orig_paragraph="1" orth="The" pos="DET" prefix="T" shape="Xxx" suffix="The" tag="DT" />
    </node>
    <node ID="0.2" type="Word">
      <attributes paragraph="1" paragraph_position="2" text="tabloids" />
      <extra dep="nsubj" ent_iob="2" ent_type="" head="1" lemma="tabloid" orig_paragraph="1" orth="tabloids" pos="NOUN" prefix="t" shape="xxxx" suffix="ids" tag="NNS" />
    </node>
    <node ID="0.3" type="Word">
      <attributes paragraph="1" paragraph_position="3" text="found" />
      <extra dep="root" ent_iob="2" ent_type="" head="0" lemma="find" orig_paragraph="1" orth="found" pos="VERB" prefix="f" shape="xxxx" suffix="und" tag="VBD" />
    </node>
    <node ID="0.4" type="Word">
      <attributes paragraph="1" paragraph_position="4" text="it" />
      <extra dep="iobj" ent_iob="2" ent_type="" head="-1" lemma="it" orig_paragraph="1" orth="it" pos="PRON" prefix="i" shape="xx" suffix="it" tag="PRP" />
    </node>
    <node ID="0.5" type="Word">
      <attributes paragraph="1" paragraph_position="5" text="a" />
      <extra dep="det" ent_iob="2" ent_type="" head="2" lemma="a" orig_paragraph="1" orth="a" pos="DET" prefix="a" shape="x" suffix="a" tag="DT" />
    </node>
    <node ID="0.6" type="Word">
      <attributes paragraph="1" paragraph_position="6" text="fine" />
      <extra dep="amod" ent_iob="2" ent_type="" head="1" lemma="fine" orig_paragraph="1" orth="fine" pos="ADJ" prefix="f" shape="xxxx" suffix="ine" tag="JJ" />
    </node>
    <node ID="0.7" type="Word">
      <attributes paragraph="1" paragraph_position="7" text="opportunity" />
      <extra dep="obj" ent_iob="2" ent_type="" head="-4" lemma="opportunity" orig_paragraph="1" orth="opportunity" pos="NOUN" prefix="o" shape="xxxx" suffix="ity" tag="NN" />
    </node>
    <node ID="0.8" type="Word">
      <attributes paragraph="1" paragraph_position="8" text="for" />
      <extra dep="mark" ent_iob="2" ent_type="" head="1" lemma="for" orig_paragraph="1" orth="for" pos="SCONJ" prefix="f" shape="xxx" suffix="for" tag="IN" />
    </node>
    <node ID="0.9" type="Word">
      <attributes paragraph="1" paragraph_position="9" text="hatching" />
      <extra dep="acl" ent_iob="2" ent_type="" head="-2" lemma="hatch" orig_paragraph="1" orth="hatching" pos="VERB" prefix="h" shape="xxxx" suffix="ing" tag="VBG" />
    </node>
    <node ID="0.10" type="Word">
      <attributes paragraph="1" paragraph_position="10" text="all" />
      <extra dep="det" ent_iob="2" ent_type="" head="1" lemma="all" orig_paragraph="1" orth="all" pos="DET" prefix="a" shape="xxx" suffix="all" tag="DT" />
    </node>
    <node ID="0.11" type="Word">
      <attributes paragraph="1" paragraph_position="11" text="sorts" />
      <extra dep="obj" ent_iob="2" ent_type="" head="-2" lemma="sort" orig_paragraph="1" orth="sorts" pos="NOUN" prefix="s" shape="xxxx" suffix="rts" tag="NNS" />
    </node>
    <node ID="0.12" type="Word">
      <attributes paragraph="1" paragraph_position="12" text="of" />
      <extra dep="case" ent_iob="2" ent_type="" head="1" lemma="of" orig_paragraph="1" orth="of" pos="ADP" prefix="o" shape="xx" suffix="of" tag="IN" />
    </node>
    <node ID="0.13" type="Word">
      <attributes paragraph="1" paragraph_position="13" text="hoaxes" />
      <extra dep="nmod" ent_iob="2" ent_type="" head="-2" lemma="hoax" orig_paragraph="1" orth="hoaxes" pos="NOUN" prefix="h" shape="xxxx" suffix="xes" tag="NNS" />
    </node>
    <node ID="0.14" type="Punctuation">
      <attributes paragraph="1" paragraph_position="14" text="." />
      <extra dep="punct" ent_iob="2" ent_type="" head="-11" lemma="." orig_paragraph="1" orth="." pos="PUNCT" prefix="." shape="." suffix="." tag="." />
    </node>
  </layer>
  <layer layerID="1">
    <attributes />
    <node ID="1.1" type="FN">
      <attributes />
      <edge toID="1.2" type="H">
        <attributes />
        <category tag="H" />
      </edge>
    </node>
    <node ID="1.2" type="FN">
      <attributes />
      <edge toID="1.3" type="A">
        <attributes />
        <category tag="A" />
      </edge>
      <edge toID="1.4" type="P">
        <attributes />
        <category tag="P" />
      </edge>
      <edge toID="1.5" type="A">
        <attributes />
        <category tag="A" />
      </edge>
      <edge toID="1.6" type="A">
        <attributes />
        <category tag="A" />
      </edge>
      <edge toID="1.7" type="A">
        <attributes />
        <category tag="A" />
      </edge>
    </node>
    <node ID="1.3" type="FN">
      <attributes />
      <edge toID="1.8" type="E">
        <attributes />
        <category tag="E" />
      </edge>
      <edge toID="1.9" type="C">
        <attributes />
        <category tag="C" />
      </edge>
    </node>
    <node ID="1.4" type="FN">
      <attributes />
      <edge toID="0.3" type="Terminal">
        <attributes />
        <category tag="Terminal" />
      </edge>
    </node>
    <node ID="1.5" type="FN">
      <attributes />
      <edge toID="0.4" type="Terminal">
        <attributes />
        <category tag="Terminal" />
      </edge>
    </node>
    <node ID="1.6" type="FN">
      <attributes />
      <edge toID="1.10" type="E">
        <attributes />
        <category tag="E" />
      </edge>
      <edge toID="1.11" type="E">
        <attributes />
        <category tag="E" />
      </edge>
      <edge toID="1.12" type="C">
        <attributes />
        <category tag="C" />
      </edge>
    </node>
    <node ID="1.7" type="FN">
      <attributes />
      <edge toID="1.13" type="R">
        <attributes />
        <category tag="R" />
      </edge>
      <edge toID="1.14" type="P">
        <attributes />
        <category tag="P" />
      </edge>
      <edge toID="1.15" type="A">
        <attributes />
        <category tag="A" />
      </edge>
      <edge toID="1.16" type="A">
        <attributes />
        <category tag="A" />
      </edge>
    </node>
    <node ID="1.8" type="FN">
      <attributes />
      <edge toID="0.1" type="Terminal">
        <attributes />
        <category tag="Terminal" />
      </edge>
    </node>
    <node ID="1.9" type="FN">
      <attributes />
      <edge toID="0.2" type="Terminal">
        <attributes />
        <category tag="Terminal" />
      </edge>
    </node>
    <node ID="1.10" type="FN">
      <attributes />
      <edge toID="0.5" type="Terminal">
        <attributes />
        <category tag="Terminal" />
      </edge>
    </node>
    <node ID="1.11" type="FN">
      <attributes />
      <edge toID="0.6" type="Terminal">
        <attributes />
        <category tag="Terminal" />
      </edge>
    </node>
    <node ID="1.12" type="FN">
      <attributes />
      <edge toID="0.7" type="Terminal">
        <attributes />
        <category tag="Terminal" />
      </edge>
    </node>
    <node ID="1.13" type="FN">
      <attributes />
      <edge toID="0.8" type="Terminal">
        <attributes />
        <category tag="Terminal" />
      </edge>
    </node>
    <node ID="1.14" type="FN">
      <attributes />
      <edge toID="0.9" type="Terminal">
        <attributes />
        <category tag="Terminal" />
      </edge>
    </node>
    <node ID="1.15" type="FN">
      <attributes />
      <edge toID="1.17" type="E">
        <attributes />
        <category tag="E" />
      </edge>
      <edge toID="1.18" type="C">
        <attributes />
        <category tag="C" />
      </edge>
    </node>
    <node ID="1.16" type="FN">
      <attributes />
      <edge toID="1.19" type="R">
        <attributes />
        <category tag="R" />
      </edge>
      <edge toID="1.20" type="C">
        <attributes />
        <category tag="C" />
      </edge>
      <edge toID="1.21" type="U">
        <attributes />
        <category tag="U" />
      </edge>
    </node>
    <node ID="1.17" type="FN">
      <attributes />
      <edge toID="0.10" type="Terminal">
        <attributes />
        <category tag="Terminal" />
      </edge>
    </node>
    <node ID="1.18" type="FN">
      <attributes />
      <edge toID="0.11" type="Terminal">
        <attributes />
        <category tag="Terminal" />
      </edge>
    </node>
    <node ID="1.19" type="FN">
      <attributes />
      <edge toID="0.12" type="Terminal">
        <attributes />
        <category tag="Terminal" />
      </edge>
    </node>
    <node ID="1.20" type="FN">
      <attributes />
      <edge toID="0.13" type="Terminal">
        <attributes />
        <category tag="Terminal" />
      </edge>
    </node>
    <node ID="1.21" type="PNCT">
      <attributes />
      <edge toID="0.14" type="Terminal">
        <attributes />
        <category tag="Terminal" />
      </edge>
    </node>
  </layer>
</root>
