<root annotationID="0" passageID="47004">
  <attributes />
  <extra format="ucca" />
  <layer layerID="0">
    <attributes />
    <extra doc="[[[18137423491813354736, 13902440517847924937, 15794550382381185553, 95, 0, 2, 426, 2, 18200729499220207786, 14825646868312541310, 18137423491813354736], [12960022596163002503, 14692702688101715474, 17109001835818727656, 86, 0, 2, 402, 1, 4088098365541558500, 15817570140490810055, 12960022596163002503], [8247491830325637911, 3746870589371559596, 3822385049556375858, 99, 0, 2, 445, 0, 13110060611322374290, 8148669997605808657, 14814004474743358178], [15907409978124634296, 15907409978124634296, 15308085513773655218, 91, 0, 2, 431, -1, 13110060611322374290, 16978132545290669629, 14431812100313486463], [12646065887601541794, 12646065887601541794, 12646065887601541794, 96, 0, 2, 442, -2, 12646065887601541794, 12646065887601541794, 12646065887601541794]]]" />
    <node ID="0.1" type="Word">
      <attributes paragraph="1" paragraph_position="1" text="Wit" />
      <extra dep="nsubj" ent_iob="2" ent_type="" head="2" lemma="wit" orig_paragraph="1" orth="Wit" pos="PROPN" prefix="W" shape="Xxx" suffix="Wit" tag="NNP" />
    </node>
    <node ID="0.2" type="Word">
      <attributes paragraph="1" paragraph_position="2" text="had" />
      <extra dep="aux" ent_iob="2" ent_type="" head="1" lemma="have" orig_paragraph="1" orth="had" pos="AUX" prefix="h" shape="xxx" suffix="had" tag="VBD" />
    </node>
    <node ID="0.3" type="Word">
      <attributes paragraph="1" paragraph_position="3" text="defeated" />
      <extra dep="root" ent_iob="2" ent_type="" head="0" lemma="defeate" orig_paragraph="1" orth="defeated" pos="VERB" prefix="d" shape="xxxx" suffix="ted" tag="VBN" />
    </node>
    <node ID="0.4" type="Word">
      <attributes paragraph="1" paragraph_position="4" text="science" />
      <extra dep="obj" ent_iob="2" ent_type="" head="-1" lemma="science" orig_paragraph="1" orth="science" pos="NOUN" prefix="s" shape="xxxx" suffix="nce" tag="NN" />
    </node>
    <node ID="0.5" type="Punctuation">
      <attributes paragraph="1" paragraph_position="5" text="." />
      <extra dep="punct" ent_iob="2" ent_type="" head="-2" lemma="." orig_paragraph="1" orth="." pos="PUNCT" prefix="." shape="." suffix="." tag="." />
    </node>
  </layer>
  <layer layerID="1">
    <attributes />
    <node ID="1.1" type="FN">
      <attributes />
      <edge toID="1.2" type="H">
        <attributes />
        <category tag="H" />
      </edge>
    </node>
    <node ID="1.2" type="FN">
      <attributes />
      <edge toID="1.3" type="A">
        <attributes />
        <category tag="A" />
      </edge>
      <edge toID="1.4" type="F">
        <attributes />
        <category tag="F" />
      </edge>
      <edge toID="1.5" type="P">
        <attributes />
        <category tag="P" />
      </edge>
      <edge toID="1.6" type="A">
        <attributes />
        <category tag="A" />
      </edge>
      <edge toID="1.7" type="U">
        <attributes />
        <category tag="U" />
      </edge>
    </node>
    <node ID="1.3" type="FN">
      <attributes />
      <edge toID="0.1" type="Terminal">
        <attributes />
        <category tag="Terminal" />
      </edge>
    </node>
    <node ID="1.4" type="FN">
      <attributes />
      <edge toID="0.2" type="Terminal">
        <attributes />
        <category tag="Terminal" />
      </edge>
    </node>
    <node ID="1.5" type="FN">
      <attributes />
      <edge toID="0.3" type="Terminal">
        <attributes />
        <category tag="Terminal" />
      </edge>
    </node>
    <node ID="1.6" type="FN">
      <attributes />
      <edge toID="0.4" type="Terminal">
        <attributes />
        <category tag="Terminal" />
      </edge>
    </node>
    <node ID="1.7" type="PNCT">
      <attributes />
      <edge toID="0.5" type="Terminal">
        <attributes />
        <category tag="Terminal" />
      </edge>
    </node>
  </layer>
</root>
