<root annotationID="0" passageID="818000">
  <attributes />
  <extra format="ucca" />
  <layer layerID="0">
    <attributes />
    <extra doc="[[[15884554869126768810, 15884554869126768810, 4969857429396651903, 96, 0, 2, 442, 1, 15884554869126768810, 15884554869126768810, 15884554869126768810], [10265832328710632600, 10265832328710632600, 15794550382381185553, 95, 378, 3, 426, 4, 16072095006890171862, 149303876845869574, 9113047341877232477], [17494803046312582752, 17494803046312582752, 12646065887601541794, 96, 0, 2, 442, -1, 17494803046312582752, 17494803046312582752, 17494803046312582752], [15884554869126768810, 15884554869126768810, 14143520107006108953, 96, 0, 2, 442, -2, 15884554869126768810, 15884554869126768810, 15884554869126768810], [4690420944186131903, 4690420944186131903, 13656873538139661788, 94, 0, 2, 426, -3, 100, 4690420944186131903, 4690420944186131903], [3125235652374451650, 14229572451745258962, 17109001835818727656, 99, 0, 2, 445, 0, 13110060611322374290, 16900879642891266615, 5121906190925376702], [3002984154512732771, 3002984154512732771, 6860118812490040284, 84, 0, 2, 8110129090154140942, 3, 4370460163704169311, 5097672513440128799, 3002984154512732771], [15099054000809333061, 11901859001352538922, 15267657372422890137, 89, 0, 2, 412, 2, 4370460163704169311, 11901859001352538922, 15099054000809333061], [4217021559658988294, 4217021559658988294, 10554686591937588953, 83, 0, 2, 399, 1, 13110060611322374290, 5097672513440128799, 12182527387764416033], [257396040179354343, 257396040179354343, 15308085513773655218, 91, 0, 2, 432, -4, 13110060611322374290, 2482183445564601373, 16077735445828477292], [12646065887601541794, 12646065887601541794, 12646065887601541794, 96, 0, 2, 442, -5, 12646065887601541794, 12646065887601541794, 12646065887601541794]]]" />
    <node ID="0.1" type="Punctuation">
      <attributes paragraph="1" paragraph_position="1" text="&quot;" />
      <extra dep="punct" ent_iob="2" ent_type="" head="1" lemma="&quot;" orig_paragraph="1" orth="&quot;" pos="PUNCT" prefix="&quot;" shape="&quot;" suffix="&quot;" tag="``" />
    </node>
    <node ID="0.2" type="Word">
      <attributes paragraph="1" paragraph_position="2" text="Conseil" />
      <extra dep="nsubj" ent_iob="3" ent_type="PERSON" head="4" lemma="Conseil" orig_paragraph="1" orth="Conseil" pos="PROPN" prefix="C" shape="Xxxxx" suffix="eil" tag="NNP" />
    </node>
    <node ID="0.3" type="Punctuation">
      <attributes paragraph="1" paragraph_position="3" text="!" />
      <extra dep="punct" ent_iob="2" ent_type="" head="-1" lemma="!" orig_paragraph="1" orth="!" pos="PUNCT" prefix="!" shape="!" suffix="!" tag="." />
    </node>
    <node ID="0.4" type="Punctuation">
      <attributes paragraph="1" paragraph_position="4" text="&quot;" />
      <extra dep="punct" ent_iob="2" ent_type="" head="-2" lemma="&quot;" orig_paragraph="1" orth="&quot;" pos="PUNCT" prefix="&quot;" shape="&quot;" suffix="&quot;" tag="''" />
    </node>
    <node ID="0.5" type="Word">
      <attributes paragraph="1" paragraph_position="5" text="I" />
      <extra dep="nsubj" ent_iob="2" ent_type="" head="-3" lemma="I" orig_paragraph="1" orth="I" pos="PRON" prefix="I" shape="X" suffix="I" tag="PRP" />
    </node>
    <node ID="0.6" type="Word">
      <attributes paragraph="1" paragraph_position="6" text="called" />
      <extra dep="root" ent_iob="2" ent_type="" head="0" lemma="call" orig_paragraph="1" orth="called" pos="VERB" prefix="c" shape="xxxx" suffix="led" tag="VBD" />
    </node>
    <node ID="0.7" type="Word">
      <attributes paragraph="1" paragraph_position="7" text="in" />
      <extra dep="case" ent_iob="2" ent_type="" head="3" lemma="in" orig_paragraph="1" orth="in" pos="ADP" prefix="i" shape="xx" suffix="in" tag="RP" />
    </node>
    <node ID="0.8" type="Word">
      <attributes paragraph="1" paragraph_position="8" text="an" />
      <extra dep="det" ent_iob="2" ent_type="" head="2" lemma="a" orig_paragraph="1" orth="an" pos="DET" prefix="a" shape="xx" suffix="an" tag="DT" />
    </node>
    <node ID="0.9" type="Word">
      <attributes paragraph="1" paragraph_position="9" text="impatient" />
      <extra dep="amod" ent_iob="2" ent_type="" head="1" lemma="impatient" orig_paragraph="1" orth="impatient" pos="ADJ" prefix="i" shape="xxxx" suffix="ent" tag="JJ" />
    </node>
    <node ID="0.10" type="Word">
      <attributes paragraph="1" paragraph_position="10" text="voice" />
      <extra dep="obl" ent_iob="2" ent_type="" head="-4" lemma="voice" orig_paragraph="1" orth="voice" pos="NOUN" prefix="v" shape="xxxx" suffix="ice" tag="NN" />
    </node>
    <node ID="0.11" type="Punctuation">
      <attributes paragraph="1" paragraph_position="11" text="." />
      <extra dep="punct" ent_iob="2" ent_type="" head="-5" lemma="." orig_paragraph="1" orth="." pos="PUNCT" prefix="." shape="." suffix="." tag="." />
    </node>
  </layer>
  <layer layerID="1">
    <attributes />
    <node ID="1.1" type="FN">
      <attributes />
      <edge toID="1.2" type="U">
        <attributes />
        <category tag="U" />
      </edge>
      <edge toID="1.3" type="H">
        <attributes />
        <category tag="H" />
      </edge>
      <edge toID="1.4" type="H">
        <attributes />
        <category tag="H" />
      </edge>
    </node>
    <node ID="1.2" type="PNCT">
      <attributes />
      <edge toID="0.1" type="Terminal">
        <attributes />
        <category tag="Terminal" />
      </edge>
    </node>
    <node ID="1.3" type="FN">
      <attributes />
      <edge toID="1.5" type="A">
        <attributes />
        <category tag="A" />
      </edge>
      <edge toID="1.6" type="U">
        <attributes />
        <category tag="U" />
      </edge>
      <edge toID="1.7" type="U">
        <attributes />
        <category tag="U" />
      </edge>
    </node>
    <node ID="1.4" type="FN">
      <attributes />
      <edge toID="1.8" type="A">
        <attributes />
        <category tag="A" />
      </edge>
      <edge toID="1.9" type="P">
        <attributes />
        <category tag="P" />
      </edge>
      <edge toID="1.10" type="A">
        <attributes />
        <category tag="A" />
      </edge>
    </node>
    <node ID="1.5" type="FN">
      <attributes />
      <edge toID="0.2" type="Terminal">
        <attributes />
        <category tag="Terminal" />
      </edge>
    </node>
    <node ID="1.6" type="PNCT">
      <attributes />
      <edge toID="0.3" type="Terminal">
        <attributes />
        <category tag="Terminal" />
      </edge>
    </node>
    <node ID="1.7" type="PNCT">
      <attributes />
      <edge toID="0.4" type="Terminal">
        <attributes />
        <category tag="Terminal" />
      </edge>
    </node>
    <node ID="1.8" type="FN">
      <attributes />
      <edge toID="0.5" type="Terminal">
        <attributes />
        <category tag="Terminal" />
      </edge>
    </node>
    <node ID="1.9" type="FN">
      <attributes />
      <edge toID="0.6" type="Terminal">
        <attributes />
        <category tag="Terminal" />
      </edge>
    </node>
    <node ID="1.10" type="FN">
      <attributes />
      <edge toID="1.11" type="R">
        <attributes />
        <category tag="R" />
      </edge>
      <edge toID="1.12" type="E">
        <attributes />
        <category tag="E" />
      </edge>
      <edge toID="1.13" type="E">
        <attributes />
        <category tag="E" />
      </edge>
      <edge toID="1.14" type="C">
        <attributes />
        <category tag="C" />
      </edge>
      <edge toID="1.15" type="U">
        <attributes />
        <category tag="U" />
      </edge>
    </node>
    <node ID="1.11" type="FN">
      <attributes />
      <edge toID="0.7" type="Terminal">
        <attributes />
        <category tag="Terminal" />
      </edge>
    </node>
    <node ID="1.12" type="FN">
      <attributes />
      <edge toID="0.8" type="Terminal">
        <attributes />
        <category tag="Terminal" />
      </edge>
    </node>
    <node ID="1.13" type="FN">
      <attributes />
      <edge toID="0.9" type="Terminal">
        <attributes />
        <category tag="Terminal" />
      </edge>
    </node>
    <node ID="1.14" type="FN">
      <attributes />
      <edge toID="0.10" type="Terminal">
        <attributes />
        <category tag="Terminal" />
      </edge>
    </node>
    <node ID="1.15" type="PNCT">
      <attributes />
      <edge toID="0.11" type="Terminal">
        <attributes />
        <category tag="Terminal" />
      </edge>
    </node>
  </layer>
</root>
