<root annotationID="0" passageID="826004">
  <attributes />
  <extra format="ucca" />
  <layer layerID="0">
    <attributes />
    <extra doc="[[[15884554869126768810, 15884554869126768810, 4969857429396651903, 96, 0, 2, 442, 8, 15884554869126768810, 15884554869126768810, 15884554869126768810], [15884554869126768810, 15884554869126768810, 4969857429396651903, 96, 0, 2, 442, 7, 15884554869126768810, 15884554869126768810, 15884554869126768810], [4315396256372657493, 7437575085468336610, 1292078113972184607, 97, 0, 2, 8110129090154140942, 2, 12204527652707022206, 14862748245026736845, 4315396256372657493], [10195888877917791284, 10195888877917791284, 15308085513773655218, 91, 0, 2, 7037928807040764755, 1, 13110060611322374290, 646772771845179972, 16111258787187009011], [1007519903065139374, 16532294468752829033, 783433942507015291, 91, 0, 2, 432, 4, 13110060611322374290, 260667111241363922, 10339519464799106645], [2593208677638477497, 2593208677638477497, 2593208677638477497, 96, 0, 2, 442, 3, 2593208677638477497, 2593208677638477497, 2593208677638477497], [15884554869126768810, 15884554869126768810, 14143520107006108953, 96, 0, 2, 442, 2, 15884554869126768810, 15884554869126768810, 15884554869126768810], [10265832328710632600, 10265832328710632600, 15794550382381185553, 95, 378, 3, 426, 1, 16072095006890171862, 149303876845869574, 9113047341877232477], [12182510278606391481, 11278273783512279807, 17109001835818727656, 99, 0, 2, 445, 0, 13110060611322374290, 16562859848569467201, 16602120460534419010], [6523371921153441313, 6523371921153441313, 164681854541413346, 85, 0, 2, 397, -1, 13110060611322374290, 16978132545290669629, 1344279032286957731], [12646065887601541794, 12646065887601541794, 12646065887601541794, 96, 0, 2, 442, -2, 12646065887601541794, 12646065887601541794, 12646065887601541794]]]" />
    <node ID="0.1" type="Punctuation">
      <attributes paragraph="1" paragraph_position="1" text="&quot;" />
      <extra dep="punct" ent_iob="2" ent_type="" head="8" lemma="&quot;" orig_paragraph="1" orth="&quot;" pos="PUNCT" prefix="&quot;" shape="&quot;" suffix="&quot;" tag="``" />
    </node>
    <node ID="0.2" type="Punctuation">
      <attributes paragraph="1" paragraph_position="2" text="&quot;" />
      <extra dep="punct" ent_iob="2" ent_type="" head="7" lemma="&quot;" orig_paragraph="1" orth="&quot;" pos="PUNCT" prefix="&quot;" shape="&quot;" suffix="&quot;" tag="``" />
    </node>
    <node ID="0.3" type="Word">
      <attributes paragraph="1" paragraph_position="3" text="As" />
      <extra dep="case" ent_iob="2" ent_type="" head="2" lemma="as" orig_paragraph="1" orth="As" pos="SCONJ" prefix="A" shape="Xx" suffix="As" tag="IN" />
    </node>
    <node ID="0.4" type="Word">
      <attributes paragraph="1" paragraph_position="4" text="master" />
      <extra dep="compound" ent_iob="2" ent_type="" head="1" lemma="master" orig_paragraph="1" orth="master" pos="NOUN" prefix="m" shape="xxxx" suffix="ter" tag="NN" />
    </node>
    <node ID="0.5" type="Word">
      <attributes paragraph="1" paragraph_position="5" text="wishes" />
      <extra dep="obl" ent_iob="2" ent_type="" head="4" lemma="wish" orig_paragraph="1" orth="wishes" pos="NOUN" prefix="w" shape="xxxx" suffix="hes" tag="NNS" />
    </node>
    <node ID="0.6" type="Punctuation">
      <attributes paragraph="1" paragraph_position="6" text="," />
      <extra dep="punct" ent_iob="2" ent_type="" head="3" lemma="," orig_paragraph="1" orth="," pos="PUNCT" prefix="," shape="," suffix="," tag="," />
    </node>
    <node ID="0.7" type="Punctuation">
      <attributes paragraph="1" paragraph_position="7" text="&quot;" />
      <extra dep="punct" ent_iob="2" ent_type="" head="2" lemma="&quot;" orig_paragraph="1" orth="&quot;" pos="PUNCT" prefix="&quot;" shape="&quot;" suffix="&quot;" tag="''" />
    </node>
    <node ID="0.8" type="Word">
      <attributes paragraph="1" paragraph_position="8" text="Conseil" />
      <extra dep="nsubj" ent_iob="3" ent_type="PERSON" head="1" lemma="Conseil" orig_paragraph="1" orth="Conseil" pos="PROPN" prefix="C" shape="Xxxxx" suffix="eil" tag="NNP" />
    </node>
    <node ID="0.9" type="Word">
      <attributes paragraph="1" paragraph_position="9" text="replied" />
      <extra dep="root" ent_iob="2" ent_type="" head="0" lemma="reply" orig_paragraph="1" orth="replied" pos="VERB" prefix="r" shape="xxxx" suffix="ied" tag="VBD" />
    </node>
    <node ID="0.10" type="Word">
      <attributes paragraph="1" paragraph_position="10" text="serenely" />
      <extra dep="advmod" ent_iob="2" ent_type="" head="-1" lemma="serenely" orig_paragraph="1" orth="serenely" pos="ADV" prefix="s" shape="xxxx" suffix="ely" tag="RB" />
    </node>
    <node ID="0.11" type="Punctuation">
      <attributes paragraph="1" paragraph_position="11" text="." />
      <extra dep="punct" ent_iob="2" ent_type="" head="-2" lemma="." orig_paragraph="1" orth="." pos="PUNCT" prefix="." shape="." suffix="." tag="." />
    </node>
  </layer>
  <layer layerID="1">
    <attributes />
    <node ID="1.1" type="FN">
      <attributes />
      <edge toID="1.2" type="U">
        <attributes />
        <category tag="U" />
      </edge>
      <edge toID="1.3" type="U">
        <attributes />
        <category tag="U" />
      </edge>
      <edge toID="1.4" type="H">
        <attributes />
        <category tag="H" />
      </edge>
    </node>
    <node ID="1.2" type="PNCT">
      <attributes />
      <edge toID="0.1" type="Terminal">
        <attributes />
        <category tag="Terminal" />
      </edge>
    </node>
    <node ID="1.3" type="PNCT">
      <attributes />
      <edge toID="0.2" type="Terminal">
        <attributes />
        <category tag="Terminal" />
      </edge>
    </node>
    <node ID="1.4" type="FN">
      <attributes />
      <edge toID="1.5" type="A">
        <attributes />
        <category tag="A" />
      </edge>
      <edge toID="1.6" type="U">
        <attributes />
        <category tag="U" />
      </edge>
      <edge toID="1.7" type="U">
        <attributes />
        <category tag="U" />
      </edge>
      <edge toID="1.8" type="A">
        <attributes />
        <category tag="A" />
      </edge>
      <edge toID="1.9" type="P">
        <attributes />
        <category tag="P" />
      </edge>
      <edge toID="1.10" type="A">
        <attributes />
        <category tag="A" />
      </edge>
      <edge toID="1.11" type="U">
        <attributes />
        <category tag="U" />
      </edge>
    </node>
    <node ID="1.5" type="FN">
      <attributes />
      <edge toID="1.12" type="R">
        <attributes />
        <category tag="R" />
      </edge>
      <edge toID="1.13" type="E">
        <attributes />
        <category tag="E" />
      </edge>
      <edge toID="1.14" type="C">
        <attributes />
        <category tag="C" />
      </edge>
    </node>
    <node ID="1.6" type="PNCT">
      <attributes />
      <edge toID="0.6" type="Terminal">
        <attributes />
        <category tag="Terminal" />
      </edge>
    </node>
    <node ID="1.7" type="PNCT">
      <attributes />
      <edge toID="0.7" type="Terminal">
        <attributes />
        <category tag="Terminal" />
      </edge>
    </node>
    <node ID="1.8" type="FN">
      <attributes />
      <edge toID="0.8" type="Terminal">
        <attributes />
        <category tag="Terminal" />
      </edge>
    </node>
    <node ID="1.9" type="FN">
      <attributes />
      <edge toID="0.9" type="Terminal">
        <attributes />
        <category tag="Terminal" />
      </edge>
    </node>
    <node ID="1.10" type="FN">
      <attributes />
      <edge toID="0.10" type="Terminal">
        <attributes />
        <category tag="Terminal" />
      </edge>
    </node>
    <node ID="1.11" type="PNCT">
      <attributes />
      <edge toID="0.11" type="Terminal">
        <attributes />
        <category tag="Terminal" />
      </edge>
    </node>
    <node ID="1.12" type="FN">
      <attributes />
      <edge toID="0.3" type="Terminal">
        <attributes />
        <category tag="Terminal" />
      </edge>
    </node>
    <node ID="1.13" type="FN">
      <attributes />
      <edge toID="0.4" type="Terminal">
        <attributes />
        <category tag="Terminal" />
      </edge>
    </node>
    <node ID="1.14" type="FN">
      <attributes />
      <edge toID="0.5" type="Terminal">
        <attributes />
        <category tag="Terminal" />
      </edge>
    </node>
  </layer>
</root>
