<root annotationID="0" passageID="831001">
  <attributes />
  <extra format="ucca" />
  <layer layerID="0">
    <attributes />
    <extra doc="[[[2593208677638477497, 2593208677638477497, 2593208677638477497, 96, 0, 2, 442, 1, 2593208677638477497, 2593208677638477497, 2593208677638477497], [4816152814637222473, 7124218691546400199, 17109001835818727656, 99, 0, 2, 445, 0, 13110060611322374290, 15369245168918225700, 4305850001634943401], [3278561384161438710, 3278561384161438710, 1292078113972184607, 84, 0, 2, 8110129090154140942, 2, 13110060611322374290, 5097672513440128799, 1735328402741333448], [2139249164025263804, 2139249164025263804, 15794550382381185553, 95, 378, 3, 7037928807040764755, 1, 16072095006890171862, 8656007278630577320, 10166670623385213170], [14097132654011694827, 14097132654011694827, 15794550382381185553, 95, 378, 1, 432, -3, 12204527652707022206, 12290980237632234855, 14097132654011694827], [12646065887601541794, 12646065887601541794, 12646065887601541794, 96, 0, 2, 442, -4, 12646065887601541794, 12646065887601541794, 12646065887601541794]]]" />
    <node ID="0.1" type="Punctuation">
      <attributes paragraph="1" paragraph_position="1" text="," />
      <extra dep="punct" ent_iob="2" ent_type="" head="1" lemma="," orig_paragraph="1" orth="," pos="PUNCT" prefix="," shape="," suffix="," tag="," />
    </node>
    <node ID="0.2" type="Word">
      <attributes paragraph="1" paragraph_position="2" text="turned" />
      <extra dep="root" ent_iob="2" ent_type="" head="0" lemma="turn" orig_paragraph="1" orth="turned" pos="VERB" prefix="t" shape="xxxx" suffix="ned" tag="VBD" />
    </node>
    <node ID="0.3" type="Word">
      <attributes paragraph="1" paragraph_position="3" text="into" />
      <extra dep="case" ent_iob="2" ent_type="" head="2" lemma="into" orig_paragraph="1" orth="into" pos="ADP" prefix="i" shape="xxxx" suffix="nto" tag="IN" />
    </node>
    <node ID="0.4" type="Word">
      <attributes paragraph="1" paragraph_position="4" text="Katrin" />
      <extra dep="compound" ent_iob="3" ent_type="PERSON" head="1" lemma="Katrin" orig_paragraph="1" orth="Katrin" pos="PROPN" prefix="K" shape="Xxxxx" suffix="rin" tag="NNP" />
    </node>
    <node ID="0.5" type="Word">
      <attributes paragraph="1" paragraph_position="5" text="St" />
      <extra dep="obl" ent_iob="1" ent_type="PERSON" head="-3" lemma="St" orig_paragraph="1" orth="St" pos="PROPN" prefix="S" shape="Xx" suffix="St" tag="NNP" />
    </node>
    <node ID="0.6" type="Punctuation">
      <attributes paragraph="1" paragraph_position="6" text="." />
      <extra dep="punct" ent_iob="2" ent_type="" head="-4" lemma="." orig_paragraph="1" orth="." pos="PUNCT" prefix="." shape="." suffix="." tag="." />
    </node>
  </layer>
  <layer layerID="1">
    <attributes />
    <node ID="1.1" type="FN">
      <attributes />
      <edge toID="1.2" type="U">
        <attributes />
        <category tag="U" />
      </edge>
      <edge toID="1.3" type="H">
        <attributes />
        <category tag="H" />
      </edge>
    </node>
    <node ID="1.2" type="PNCT">
      <attributes />
      <edge toID="0.1" type="Terminal">
        <attributes />
        <category tag="Terminal" />
      </edge>
    </node>
    <node ID="1.3" type="FN">
      <attributes />
      <edge toID="1.4" type="P">
        <attributes />
        <category tag="P" />
      </edge>
      <edge toID="1.5" type="A">
        <attributes />
        <category tag="A" />
      </edge>
    </node>
    <node ID="1.4" type="FN">
      <attributes />
      <edge toID="0.2" type="Terminal">
        <attributes />
        <category tag="Terminal" />
      </edge>
    </node>
    <node ID="1.5" type="FN">
      <attributes />
      <edge toID="1.6" type="R">
        <attributes />
        <category tag="R" />
      </edge>
      <edge toID="1.7" type="C">
        <attributes />
        <category tag="C" />
      </edge>
      <edge toID="1.8" type="U">
        <attributes />
        <category tag="U" />
      </edge>
    </node>
    <node ID="1.6" type="FN">
      <attributes />
      <edge toID="0.3" type="Terminal">
        <attributes />
        <category tag="Terminal" />
      </edge>
    </node>
    <node ID="1.7" type="FN">
      <attributes />
      <edge toID="0.4" type="Terminal">
        <attributes />
        <category tag="Terminal" />
      </edge>
      <edge toID="0.5" type="Terminal">
        <attributes />
        <category tag="Terminal" />
      </edge>
    </node>
    <node ID="1.8" type="PNCT">
      <attributes />
      <edge toID="0.6" type="Terminal">
        <attributes />
        <category tag="Terminal" />
      </edge>
    </node>
  </layer>
</root>
