<root annotationID="0" passageID="833000">
  <attributes />
  <extra format="ucca" />
  <layer layerID="0">
    <attributes />
    <extra doc="[[[15884554869126768810, 15884554869126768810, 4969857429396651903, 96, 0, 2, 442, 1, 15884554869126768810, 15884554869126768810, 15884554869126768810], [12028661839198017008, 12028661839198017008, 15794550382381185553, 95, 0, 2, 405, 6, 16072095006890171862, 17714545831559622561, 6517868473985075228], [15253746846663710385, 15253746846663710385, 15794550382381185553, 95, 378, 3, 2666271516716718244, -1, 16072095006890171862, 17714545831559622561, 11771182752176599799], [6799663050854225428, 6799663050854225428, 15794550382381185553, 95, 378, 1, 2666271516716718244, -2, 16072095006890171862, 14862748245026736845, 13901739980378486284], [8205403955989537350, 8205403955989537350, 12646065887601541794, 96, 0, 2, 442, -3, 8205403955989537350, 8205403955989537350, 8205403955989537350], [15884554869126768810, 15884554869126768810, 14143520107006108953, 96, 0, 2, 442, -4, 15884554869126768810, 15884554869126768810, 15884554869126768810], [1655312771067108281, 1655312771067108281, 13656873538139661788, 94, 0, 2, 426, 1, 4370460163704169311, 15817570140490810055, 1655312771067108281], [17573686707662795042, 8685289367999165211, 17109001835818727656, 99, 0, 2, 445, 0, 13110060611322374290, 16978132545290669629, 11586757942818230145], [3791531372978436496, 3791531372978436496, 1292078113972184607, 84, 0, 2, 8110129090154140942, 1, 4370460163704169311, 15369245168918225700, 3791531372978436496], [18197037023634208128, 4690420944186131903, 13656873538139661788, 94, 0, 2, 432, -2, 4370460163704169311, 646772771845179972, 18197037023634208128], [12646065887601541794, 12646065887601541794, 12646065887601541794, 96, 0, 2, 442, -3, 12646065887601541794, 12646065887601541794, 12646065887601541794]]]" />
    <node ID="0.1" type="Punctuation">
      <attributes paragraph="1" paragraph_position="1" text="&quot;" />
      <extra dep="punct" ent_iob="2" ent_type="" head="1" lemma="&quot;" orig_paragraph="1" orth="&quot;" pos="PUNCT" prefix="&quot;" shape="&quot;" suffix="&quot;" tag="``" />
    </node>
    <node ID="0.2" type="Word">
      <attributes paragraph="1" paragraph_position="2" text="Professor" />
      <extra dep="ccomp" ent_iob="2" ent_type="" head="6" lemma="Professor" orig_paragraph="1" orth="Professor" pos="PROPN" prefix="P" shape="Xxxxx" suffix="sor" tag="NNP" />
    </node>
    <node ID="0.3" type="Word">
      <attributes paragraph="1" paragraph_position="3" text="Pierre" />
      <extra dep="flat" ent_iob="3" ent_type="PERSON" head="-1" lemma="Pierre" orig_paragraph="1" orth="Pierre" pos="PROPN" prefix="P" shape="Xxxxx" suffix="rre" tag="NNP" />
    </node>
    <node ID="0.4" type="Word">
      <attributes paragraph="1" paragraph_position="4" text="Aronnax" />
      <extra dep="flat" ent_iob="1" ent_type="PERSON" head="-2" lemma="Aronnax" orig_paragraph="1" orth="Aronnax" pos="PROPN" prefix="A" shape="Xxxxx" suffix="nax" tag="NNP" />
    </node>
    <node ID="0.5" type="Punctuation">
      <attributes paragraph="1" paragraph_position="5" text="?" />
      <extra dep="punct" ent_iob="2" ent_type="" head="-3" lemma="?" orig_paragraph="1" orth="?" pos="PUNCT" prefix="?" shape="?" suffix="?" tag="." />
    </node>
    <node ID="0.6" type="Punctuation">
      <attributes paragraph="1" paragraph_position="6" text="&quot;" />
      <extra dep="punct" ent_iob="2" ent_type="" head="-4" lemma="&quot;" orig_paragraph="1" orth="&quot;" pos="PUNCT" prefix="&quot;" shape="&quot;" suffix="&quot;" tag="''" />
    </node>
    <node ID="0.7" type="Word">
      <attributes paragraph="1" paragraph_position="7" text="he" />
      <extra dep="nsubj" ent_iob="2" ent_type="" head="1" lemma="he" orig_paragraph="1" orth="he" pos="PRON" prefix="h" shape="xx" suffix="he" tag="PRP" />
    </node>
    <node ID="0.8" type="Word">
      <attributes paragraph="1" paragraph_position="8" text="said" />
      <extra dep="root" ent_iob="2" ent_type="" head="0" lemma="say" orig_paragraph="1" orth="said" pos="VERB" prefix="s" shape="xxxx" suffix="aid" tag="VBD" />
    </node>
    <node ID="0.9" type="Word">
      <attributes paragraph="1" paragraph_position="9" text="to" />
      <extra dep="case" ent_iob="2" ent_type="" head="1" lemma="to" orig_paragraph="1" orth="to" pos="ADP" prefix="t" shape="xx" suffix="to" tag="IN" />
    </node>
    <node ID="0.10" type="Word">
      <attributes paragraph="1" paragraph_position="10" text="me" />
      <extra dep="obl" ent_iob="2" ent_type="" head="-2" lemma="I" orig_paragraph="1" orth="me" pos="PRON" prefix="m" shape="xx" suffix="me" tag="PRP" />
    </node>
    <node ID="0.11" type="Punctuation">
      <attributes paragraph="1" paragraph_position="11" text="." />
      <extra dep="punct" ent_iob="2" ent_type="" head="-3" lemma="." orig_paragraph="1" orth="." pos="PUNCT" prefix="." shape="." suffix="." tag="." />
    </node>
  </layer>
  <layer layerID="1">
    <attributes />
    <node ID="1.1" type="FN">
      <attributes />
      <edge toID="1.2" type="U">
        <attributes />
        <category tag="U" />
      </edge>
      <edge toID="1.3" type="L">
        <attributes />
        <category tag="L" />
      </edge>
    </node>
    <node ID="1.2" type="PNCT">
      <attributes />
      <edge toID="0.1" type="Terminal">
        <attributes />
        <category tag="Terminal" />
      </edge>
    </node>
    <node ID="1.3" type="FN">
      <attributes />
      <edge toID="1.4" type="E">
        <attributes />
        <category tag="E" />
      </edge>
      <edge toID="1.5" type="C">
        <attributes />
        <category tag="C" />
      </edge>
    </node>
    <node ID="1.4" type="FN">
      <attributes />
      <edge toID="1.6" type="C">
        <attributes />
        <category tag="C" />
      </edge>
      <edge toID="1.7" type="U">
        <attributes />
        <category tag="U" />
      </edge>
      <edge toID="1.8" type="U">
        <attributes />
        <category tag="U" />
      </edge>
      <edge toID="1.9" type="H">
        <attributes />
        <category tag="H" />
      </edge>
    </node>
    <node ID="1.5" type="FN">
      <attributes />
      <edge toID="0.4" type="Terminal">
        <attributes />
        <category tag="Terminal" />
      </edge>
    </node>
    <node ID="1.6" type="FN">
      <attributes />
      <edge toID="0.2" type="Terminal">
        <attributes />
        <category tag="Terminal" />
      </edge>
      <edge toID="0.3" type="Terminal">
        <attributes />
        <category tag="Terminal" />
      </edge>
    </node>
    <node ID="1.7" type="PNCT">
      <attributes />
      <edge toID="0.5" type="Terminal">
        <attributes />
        <category tag="Terminal" />
      </edge>
    </node>
    <node ID="1.8" type="PNCT">
      <attributes />
      <edge toID="0.6" type="Terminal">
        <attributes />
        <category tag="Terminal" />
      </edge>
    </node>
    <node ID="1.9" type="FN">
      <attributes />
      <edge toID="1.10" type="A">
        <attributes />
        <category tag="A" />
      </edge>
      <edge toID="1.11" type="P">
        <attributes />
        <category tag="P" />
      </edge>
      <edge toID="1.12" type="A">
        <attributes />
        <category tag="A" />
      </edge>
    </node>
    <node ID="1.10" type="FN">
      <attributes />
      <edge toID="0.7" type="Terminal">
        <attributes />
        <category tag="Terminal" />
      </edge>
    </node>
    <node ID="1.11" type="FN">
      <attributes />
      <edge toID="0.8" type="Terminal">
        <attributes />
        <category tag="Terminal" />
      </edge>
    </node>
    <node ID="1.12" type="FN">
      <attributes />
      <edge toID="1.13" type="R">
        <attributes />
        <category tag="R" />
      </edge>
      <edge toID="1.14" type="C">
        <attributes />
        <category tag="C" />
      </edge>
      <edge toID="1.15" type="U">
        <attributes />
        <category tag="U" />
      </edge>
    </node>
    <node ID="1.13" type="FN">
      <attributes />
      <edge toID="0.9" type="Terminal">
        <attributes />
        <category tag="Terminal" />
      </edge>
    </node>
    <node ID="1.14" type="FN">
      <attributes />
      <edge toID="0.10" type="Terminal">
        <attributes />
        <category tag="Terminal" />
      </edge>
    </node>
    <node ID="1.15" type="PNCT">
      <attributes />
      <edge toID="0.11" type="Terminal">
        <attributes />
        <category tag="Terminal" />
      </edge>
    </node>
  </layer>
</root>
