<root annotationID="0" passageID="880005">
  <attributes />
  <extra format="ucca" />
  <layer layerID="0">
    <attributes />
    <extra doc="[[[5059648917813135842, 7425985699627899538, 15267657372422890137, 89, 0, 2, 412, 1, 18200729499220207786, 5582244037879929967, 5059648917813135842], [11031148346643652287, 11031148346643652287, 15308085513773655218, 91, 0, 2, 426, 1, 13110060611322374290, 646772771845179972, 16111258787187009011], [9123798333646221810, 2808794269826886559, 17109001835818727656, 99, 0, 2, 445, 0, 13110060611322374290, 1720370409040345145, 14814004474743358178], [2593208677638477497, 2593208677638477497, 2593208677638477497, 96, 0, 2, 442, 4, 2593208677638477497, 2593208677638477497, 2593208677638477497], [2283656566040971221, 2283656566040971221, 17571114184892886314, 88, 0, 2, 404, 3, 4088098365541558500, 11901859001352538922, 2283656566040971221], [1655312771067108281, 1655312771067108281, 13656873538139661788, 94, 0, 2, 426, 2, 4370460163704169311, 15817570140490810055, 1655312771067108281], [12960022596163002503, 14692702688101715474, 17109001835818727656, 86, 0, 2, 402, 1, 4088098365541558500, 15817570140490810055, 12960022596163002503], [2756878142075911756, 12282346760424830422, 3822385049556375858, 99, 0, 2, 407, -5, 13110060611322374290, 2482183445564601373, 14459727760271434521], [3791531372978436496, 3791531372978436496, 5595707737748328492, 93, 0, 2, 420, 1, 4370460163704169311, 15369245168918225700, 3791531372978436496], [5075950191055135911, 5075950191055135911, 14200088355797579614, 99, 0, 2, 446, -2, 4088098365541558500, 16562859848569467201, 5075950191055135911], [7425985699627899538, 7425985699627899538, 15267657372422890137, 89, 0, 2, 412, 1, 4088098365541558500, 15369245168918225700, 7425985699627899538], [7170453038869268832, 7170453038869268832, 15308085513773655218, 91, 0, 2, 431, -2, 13110060611322374290, 16978132545290669629, 18186362446842709454], [886050111519832510, 886050111519832510, 1292078113972184607, 84, 0, 2, 8110129090154140942, 1, 4370460163704169311, 1489474827855109852, 886050111519832510], [10239237003504588839, 10239237003504588839, 13656873538139661788, 94, 0, 2, 423, -2, 4370460163704169311, 5097672513440128799, 10239237003504588839], [12646065887601541794, 12646065887601541794, 12646065887601541794, 96, 0, 2, 442, -12, 12646065887601541794, 12646065887601541794, 12646065887601541794]]]" />
    <node ID="0.1" type="Word">
      <attributes paragraph="1" paragraph_position="1" text="The" />
      <extra dep="det" ent_iob="2" ent_type="" head="1" lemma="the" orig_paragraph="1" orth="The" pos="DET" prefix="T" shape="Xxx" suffix="The" tag="DT" />
    </node>
    <node ID="0.2" type="Word">
      <attributes paragraph="1" paragraph_position="2" text="monster" />
      <extra dep="nsubj" ent_iob="2" ent_type="" head="1" lemma="monster" orig_paragraph="1" orth="monster" pos="NOUN" prefix="m" shape="xxxx" suffix="ter" tag="NN" />
    </node>
    <node ID="0.3" type="Word">
      <attributes paragraph="1" paragraph_position="3" text="existed" />
      <extra dep="root" ent_iob="2" ent_type="" head="0" lemma="exist" orig_paragraph="1" orth="existed" pos="VERB" prefix="e" shape="xxxx" suffix="ted" tag="VBD" />
    </node>
    <node ID="0.4" type="Punctuation">
      <attributes paragraph="1" paragraph_position="4" text="," />
      <extra dep="punct" ent_iob="2" ent_type="" head="4" lemma="," orig_paragraph="1" orth="," pos="PUNCT" prefix="," shape="," suffix="," tag="," />
    </node>
    <node ID="0.5" type="Word">
      <attributes paragraph="1" paragraph_position="5" text="and" />
      <extra dep="cc" ent_iob="2" ent_type="" head="3" lemma="and" orig_paragraph="1" orth="and" pos="CCONJ" prefix="a" shape="xxx" suffix="and" tag="CC" />
    </node>
    <node ID="0.6" type="Word">
      <attributes paragraph="1" paragraph_position="6" text="he" />
      <extra dep="nsubj" ent_iob="2" ent_type="" head="2" lemma="he" orig_paragraph="1" orth="he" pos="PRON" prefix="h" shape="xx" suffix="he" tag="PRP" />
    </node>
    <node ID="0.7" type="Word">
      <attributes paragraph="1" paragraph_position="7" text="had" />
      <extra dep="aux" ent_iob="2" ent_type="" head="1" lemma="have" orig_paragraph="1" orth="had" pos="AUX" prefix="h" shape="xxx" suffix="had" tag="VBD" />
    </node>
    <node ID="0.8" type="Word">
      <attributes paragraph="1" paragraph_position="8" text="vowed" />
      <extra dep="conj" ent_iob="2" ent_type="" head="-5" lemma="vow" orig_paragraph="1" orth="vowed" pos="VERB" prefix="v" shape="xxxx" suffix="wed" tag="VBN" />
    </node>
    <node ID="0.9" type="Word">
      <attributes paragraph="1" paragraph_position="9" text="to" />
      <extra dep="mark" ent_iob="2" ent_type="" head="1" lemma="to" orig_paragraph="1" orth="to" pos="PART" prefix="t" shape="xx" suffix="to" tag="TO" />
    </node>
    <node ID="0.10" type="Word">
      <attributes paragraph="1" paragraph_position="10" text="rid" />
      <extra dep="xcomp" ent_iob="2" ent_type="" head="-2" lemma="rid" orig_paragraph="1" orth="rid" pos="VERB" prefix="r" shape="xxx" suffix="rid" tag="VB" />
    </node>
    <node ID="0.11" type="Word">
      <attributes paragraph="1" paragraph_position="11" text="the" />
      <extra dep="det" ent_iob="2" ent_type="" head="1" lemma="the" orig_paragraph="1" orth="the" pos="DET" prefix="t" shape="xxx" suffix="the" tag="DT" />
    </node>
    <node ID="0.12" type="Word">
      <attributes paragraph="1" paragraph_position="12" text="seas" />
      <extra dep="obj" ent_iob="2" ent_type="" head="-2" lemma="seas" orig_paragraph="1" orth="seas" pos="NOUN" prefix="s" shape="xxxx" suffix="eas" tag="NN" />
    </node>
    <node ID="0.13" type="Word">
      <attributes paragraph="1" paragraph_position="13" text="of" />
      <extra dep="case" ent_iob="2" ent_type="" head="1" lemma="of" orig_paragraph="1" orth="of" pos="ADP" prefix="o" shape="xx" suffix="of" tag="IN" />
    </node>
    <node ID="0.14" type="Word">
      <attributes paragraph="1" paragraph_position="14" text="it" />
      <extra dep="nmod" ent_iob="2" ent_type="" head="-2" lemma="it" orig_paragraph="1" orth="it" pos="PRON" prefix="i" shape="xx" suffix="it" tag="PRP" />
    </node>
    <node ID="0.15" type="Punctuation">
      <attributes paragraph="1" paragraph_position="15" text="." />
      <extra dep="punct" ent_iob="2" ent_type="" head="-12" lemma="." orig_paragraph="1" orth="." pos="PUNCT" prefix="." shape="." suffix="." tag="." />
    </node>
  </layer>
  <layer layerID="1">
    <attributes />
    <node ID="1.1" type="FN">
      <attributes />
      <edge toID="1.2" type="H">
        <attributes />
        <category tag="H" />
      </edge>
      <edge toID="1.3" type="U">
        <attributes />
        <category tag="U" />
      </edge>
      <edge toID="1.4" type="L">
        <attributes />
        <category tag="L" />
      </edge>
      <edge toID="1.5" type="H">
        <attributes />
        <category tag="H" />
      </edge>
    </node>
    <node ID="1.2" type="FN">
      <attributes />
      <edge toID="1.6" type="A">
        <attributes />
        <category tag="A" />
      </edge>
      <edge toID="1.7" type="P">
        <attributes />
        <category tag="P" />
      </edge>
    </node>
    <node ID="1.3" type="PNCT">
      <attributes />
      <edge toID="0.4" type="Terminal">
        <attributes />
        <category tag="Terminal" />
      </edge>
    </node>
    <node ID="1.4" type="FN">
      <attributes />
      <edge toID="0.5" type="Terminal">
        <attributes />
        <category tag="Terminal" />
      </edge>
    </node>
    <node ID="1.5" type="FN">
      <attributes />
      <edge toID="1.8" type="A">
        <attributes />
        <category tag="A" />
      </edge>
      <edge toID="1.9" type="F">
        <attributes />
        <category tag="F" />
      </edge>
      <edge toID="1.10" type="P">
        <attributes />
        <category tag="P" />
      </edge>
      <edge toID="1.11" type="A">
        <attributes />
        <category tag="A" />
      </edge>
    </node>
    <node ID="1.6" type="FN">
      <attributes />
      <edge toID="1.12" type="E">
        <attributes />
        <category tag="E" />
      </edge>
      <edge toID="1.13" type="C">
        <attributes />
        <category tag="C" />
      </edge>
    </node>
    <node ID="1.7" type="FN">
      <attributes />
      <edge toID="0.3" type="Terminal">
        <attributes />
        <category tag="Terminal" />
      </edge>
    </node>
    <node ID="1.8" type="FN">
      <attributes />
      <edge toID="0.6" type="Terminal">
        <attributes />
        <category tag="Terminal" />
      </edge>
    </node>
    <node ID="1.9" type="FN">
      <attributes />
      <edge toID="0.7" type="Terminal">
        <attributes />
        <category tag="Terminal" />
      </edge>
    </node>
    <node ID="1.10" type="FN">
      <attributes />
      <edge toID="0.8" type="Terminal">
        <attributes />
        <category tag="Terminal" />
      </edge>
    </node>
    <node ID="1.11" type="FN">
      <attributes />
      <edge toID="1.14" type="F">
        <attributes />
        <category tag="F" />
      </edge>
      <edge toID="1.15" type="P">
        <attributes />
        <category tag="P" />
      </edge>
      <edge toID="1.16" type="A">
        <attributes />
        <category tag="A" />
      </edge>
    </node>
    <node ID="1.12" type="FN">
      <attributes />
      <edge toID="0.1" type="Terminal">
        <attributes />
        <category tag="Terminal" />
      </edge>
    </node>
    <node ID="1.13" type="FN">
      <attributes />
      <edge toID="0.2" type="Terminal">
        <attributes />
        <category tag="Terminal" />
      </edge>
    </node>
    <node ID="1.14" type="FN">
      <attributes />
      <edge toID="0.9" type="Terminal">
        <attributes />
        <category tag="Terminal" />
      </edge>
    </node>
    <node ID="1.15" type="FN">
      <attributes />
      <edge toID="0.10" type="Terminal">
        <attributes />
        <category tag="Terminal" />
      </edge>
    </node>
    <node ID="1.16" type="FN">
      <attributes />
      <edge toID="1.17" type="E">
        <attributes />
        <category tag="E" />
      </edge>
      <edge toID="1.18" type="C">
        <attributes />
        <category tag="C" />
      </edge>
      <edge toID="1.19" type="E">
        <attributes />
        <category tag="E" />
      </edge>
    </node>
    <node ID="1.17" type="FN">
      <attributes />
      <edge toID="0.11" type="Terminal">
        <attributes />
        <category tag="Terminal" />
      </edge>
    </node>
    <node ID="1.18" type="FN">
      <attributes />
      <edge toID="0.12" type="Terminal">
        <attributes />
        <category tag="Terminal" />
      </edge>
    </node>
    <node ID="1.19" type="FN">
      <attributes />
      <edge toID="1.20" type="R">
        <attributes />
        <category tag="R" />
      </edge>
      <edge toID="1.21" type="C">
        <attributes />
        <category tag="C" />
      </edge>
      <edge toID="1.22" type="U">
        <attributes />
        <category tag="U" />
      </edge>
    </node>
    <node ID="1.20" type="FN">
      <attributes />
      <edge toID="0.13" type="Terminal">
        <attributes />
        <category tag="Terminal" />
      </edge>
    </node>
    <node ID="1.21" type="FN">
      <attributes />
      <edge toID="0.14" type="Terminal">
        <attributes />
        <category tag="Terminal" />
      </edge>
    </node>
    <node ID="1.22" type="PNCT">
      <attributes />
      <edge toID="0.15" type="Terminal">
        <attributes />
        <category tag="Terminal" />
      </edge>
    </node>
  </layer>
</root>
