<root annotationID="0" passageID="887000">
  <attributes />
  <extra format="ucca" />
  <layer layerID="0">
    <attributes />
    <extra doc="[[[9739302657816088396, 10850957288794122991, 15794550382381185553, 95, 378, 3, 426, 6, 18200729499220207786, 10850957288794122991, 9739302657816088396], [731233208058718707, 9223110792950820932, 15794550382381185553, 95, 378, 1, 2666271516716718244, -1, 10887629174180191697, 10603054956214495369, 2283656566040971221], [9921686513378912864, 10382539506755952630, 17109001835818727656, 86, 0, 2, 408, 4, 4088098365541558500, 260667111241363922, 9921686513378912864], [942632335873952620, 942632335873952620, 164681854541413346, 85, 388, 3, 397, 1, 13110060611322374290, 11901859001352538922, 1696981056005371314], [12344446904173077125, 12344446904173077125, 8427216679587749980, 92, 388, 1, 12837356684637874264, 1, 13110060611322374290, 13110760720460257827, 15868559410633204914], [9492612516460955585, 14889849580704678361, 783433942507015291, 91, 388, 1, 13281628109400036974, 1, 13110060611322374290, 9409450202036847209, 4693948714968911997], [2483095116303079762, 2483095116303079762, 10554686591937588953, 83, 388, 1, 445, 0, 4088098365541558500, 1489474827855109852, 2483095116303079762], [12646065887601541794, 12646065887601541794, 12646065887601541794, 96, 0, 2, 442, -1, 12646065887601541794, 12646065887601541794, 12646065887601541794]]]" />
    <node ID="0.1" type="Word">
      <attributes paragraph="1" paragraph_position="1" text="Ned" />
      <extra dep="nsubj" ent_iob="3" ent_type="PERSON" head="6" lemma="N" orig_paragraph="1" orth="Ned" pos="PROPN" prefix="N" shape="Xxx" suffix="Ned" tag="NNP" />
    </node>
    <node ID="0.2" type="Word">
      <attributes paragraph="1" paragraph_position="2" text="Land" />
      <extra dep="flat" ent_iob="1" ent_type="PERSON" head="-1" lemma="land" orig_paragraph="1" orth="Land" pos="PROPN" prefix="L" shape="Xxxx" suffix="and" tag="NNP" />
    </node>
    <node ID="0.3" type="Word">
      <attributes paragraph="1" paragraph_position="3" text="was" />
      <extra dep="cop" ent_iob="2" ent_type="" head="4" lemma="be" orig_paragraph="1" orth="was" pos="AUX" prefix="w" shape="xxx" suffix="was" tag="VBD" />
    </node>
    <node ID="0.4" type="Word">
      <attributes paragraph="1" paragraph_position="4" text="about" />
      <extra dep="advmod" ent_iob="3" ent_type="DATE" head="1" lemma="about" orig_paragraph="1" orth="about" pos="ADV" prefix="a" shape="xxxx" suffix="out" tag="RB" />
    </node>
    <node ID="0.5" type="Word">
      <attributes paragraph="1" paragraph_position="5" text="forty" />
      <extra dep="nummod" ent_iob="1" ent_type="DATE" head="1" lemma="forty" orig_paragraph="1" orth="forty" pos="NUM" prefix="f" shape="xxxx" suffix="rty" tag="CD" />
    </node>
    <node ID="0.6" type="Word">
      <attributes paragraph="1" paragraph_position="6" text="years" />
      <extra dep="obl:npmod" ent_iob="1" ent_type="DATE" head="1" lemma="year" orig_paragraph="1" orth="years" pos="NOUN" prefix="y" shape="xxxx" suffix="ars" tag="NNS" />
    </node>
    <node ID="0.7" type="Word">
      <attributes paragraph="1" paragraph_position="7" text="old" />
      <extra dep="root" ent_iob="1" ent_type="DATE" head="-4" lemma="old" orig_paragraph="1" orth="old" pos="ADJ" prefix="o" shape="xxx" suffix="old" tag="JJ" />
    </node>
    <node ID="0.8" type="Punctuation">
      <attributes paragraph="1" paragraph_position="8" text="." />
      <extra dep="punct" ent_iob="2" ent_type="" head="-1" lemma="." orig_paragraph="1" orth="." pos="PUNCT" prefix="." shape="." suffix="." tag="." />
    </node>
  </layer>
  <layer layerID="1">
    <attributes />
    <node ID="1.1" type="FN">
      <attributes />
      <edge toID="1.2" type="F">
        <attributes />
        <category tag="F" />
      </edge>
      <edge toID="1.3" type="A">
        <attributes />
        <category tag="A" />
      </edge>
    </node>
    <node ID="1.2" type="FN">
      <attributes />
      <edge toID="0.3" type="Terminal">
        <attributes />
        <category tag="Terminal" />
      </edge>
    </node>
    <node ID="1.3" type="FN">
      <attributes />
      <edge toID="1.4" type="A">
        <attributes />
        <category tag="A" />
      </edge>
      <edge toID="1.5" type="H">
        <attributes />
        <category tag="H" />
      </edge>
    </node>
    <node ID="1.4" type="FN">
      <attributes />
      <edge toID="0.1" type="Terminal">
        <attributes />
        <category tag="Terminal" />
      </edge>
      <edge toID="0.2" type="Terminal">
        <attributes />
        <category tag="Terminal" />
      </edge>
    </node>
    <node ID="1.5" type="FN">
      <attributes />
      <edge toID="1.6" type="A">
        <attributes />
        <category tag="A" />
      </edge>
      <edge toID="1.7" type="P">
        <attributes />
        <category tag="P" />
      </edge>
      <edge toID="1.8" type="U">
        <attributes />
        <category tag="U" />
      </edge>
    </node>
    <node ID="1.6" type="FN">
      <attributes />
      <edge toID="1.9" type="R">
        <attributes />
        <category tag="R" />
      </edge>
      <edge toID="1.10" type="E">
        <attributes />
        <category tag="E" />
      </edge>
      <edge toID="1.11" type="C">
        <attributes />
        <category tag="C" />
      </edge>
    </node>
    <node ID="1.7" type="FN">
      <attributes />
      <edge toID="0.7" type="Terminal">
        <attributes />
        <category tag="Terminal" />
      </edge>
    </node>
    <node ID="1.8" type="PNCT">
      <attributes />
      <edge toID="0.8" type="Terminal">
        <attributes />
        <category tag="Terminal" />
      </edge>
    </node>
    <node ID="1.9" type="FN">
      <attributes />
      <edge toID="0.4" type="Terminal">
        <attributes />
        <category tag="Terminal" />
      </edge>
    </node>
    <node ID="1.10" type="FN">
      <attributes />
      <edge toID="0.5" type="Terminal">
        <attributes />
        <category tag="Terminal" />
      </edge>
    </node>
    <node ID="1.11" type="FN">
      <attributes />
      <edge toID="0.6" type="Terminal">
        <attributes />
        <category tag="Terminal" />
      </edge>
    </node>
  </layer>
</root>
