<root annotationID="0" passageID="903000">
  <attributes />
  <extra format="ucca" />
  <layer layerID="0">
    <attributes />
    <extra doc="[[[15884554869126768810, 15884554869126768810, 4969857429396651903, 96, 0, 2, 442, 2, 15884554869126768810, 15884554869126768810, 15884554869126768810], [4063327158281494861, 5503414810468166232, 3252815442139690129, 90, 0, 2, 32368682835521138, 1, 12204527652707022206, 17427324969254097257, 4063327158281494861], [14653600329166397554, 14653600329166397554, 164681854541413346, 85, 0, 2, 397, 4, 13110060611322374290, 16562859848569467201, 12215235795949914907], [8205403955989537350, 8205403955989537350, 12646065887601541794, 96, 0, 2, 442, -1, 8205403955989537350, 8205403955989537350, 8205403955989537350], [15884554869126768810, 15884554869126768810, 14143520107006108953, 96, 0, 2, 442, -2, 15884554869126768810, 15884554869126768810, 15884554869126768810], [9739302657816088396, 10850957288794122991, 15794550382381185553, 95, 378, 3, 426, 1, 18200729499220207786, 10850957288794122991, 9739302657816088396], [17573686707662795042, 8685289367999165211, 17109001835818727656, 99, 0, 2, 433, 2, 13110060611322374290, 16978132545290669629, 11586757942818230145], [2593208677638477497, 2593208677638477497, 2593208677638477497, 96, 0, 2, 442, -1, 2593208677638477497, 2593208677638477497, 2593208677638477497], [17828005950898612506, 7295382246692734628, 1534113631682161808, 99, 0, 2, 445, 0, 13110060611322374290, 15369245168918225700, 7679303661980345986], [18197037023634208128, 4690420944186131903, 13656873538139661788, 94, 0, 2, 419, -1, 4370460163704169311, 646772771845179972, 18197037023634208128], [11901859001352538922, 11901859001352538922, 15267657372422890137, 89, 0, 2, 412, 1, 11123243248953317070, 11901859001352538922, 11901859001352538922], [16309340639090615119, 16309340639090615119, 15308085513773655218, 91, 0, 2, 431, -3, 13110060611322374290, 260667111241363922, 10259868722016142706], [12646065887601541794, 12646065887601541794, 12646065887601541794, 96, 0, 2, 442, -4, 12646065887601541794, 12646065887601541794, 12646065887601541794]]]" />
    <node ID="0.1" type="Punctuation">
      <attributes paragraph="1" paragraph_position="1" text="&quot;" />
      <extra dep="punct" ent_iob="2" ent_type="" head="2" lemma="&quot;" orig_paragraph="1" orth="&quot;" pos="PUNCT" prefix="&quot;" shape="&quot;" suffix="&quot;" tag="``" />
    </node>
    <node ID="0.2" type="Word">
      <attributes paragraph="1" paragraph_position="2" text="Oh" />
      <extra dep="discourse" ent_iob="2" ent_type="" head="1" lemma="oh" orig_paragraph="1" orth="Oh" pos="INTJ" prefix="O" shape="Xx" suffix="Oh" tag="UH" />
    </node>
    <node ID="0.3" type="Word">
      <attributes paragraph="1" paragraph_position="3" text="really" />
      <extra dep="advmod" ent_iob="2" ent_type="" head="4" lemma="really" orig_paragraph="1" orth="really" pos="ADV" prefix="r" shape="xxxx" suffix="lly" tag="RB" />
    </node>
    <node ID="0.4" type="Punctuation">
      <attributes paragraph="1" paragraph_position="4" text="?" />
      <extra dep="punct" ent_iob="2" ent_type="" head="-1" lemma="?" orig_paragraph="1" orth="?" pos="PUNCT" prefix="?" shape="?" suffix="?" tag="." />
    </node>
    <node ID="0.5" type="Punctuation">
      <attributes paragraph="1" paragraph_position="5" text="&quot;" />
      <extra dep="punct" ent_iob="2" ent_type="" head="-2" lemma="&quot;" orig_paragraph="1" orth="&quot;" pos="PUNCT" prefix="&quot;" shape="&quot;" suffix="&quot;" tag="''" />
    </node>
    <node ID="0.6" type="Word">
      <attributes paragraph="1" paragraph_position="6" text="Ned" />
      <extra dep="nsubj" ent_iob="3" ent_type="PERSON" head="1" lemma="N" orig_paragraph="1" orth="Ned" pos="PROPN" prefix="N" shape="Xxx" suffix="Ned" tag="NNP" />
    </node>
    <node ID="0.7" type="Word">
      <attributes paragraph="1" paragraph_position="7" text="said" />
      <extra dep="parataxis" ent_iob="2" ent_type="" head="2" lemma="say" orig_paragraph="1" orth="said" pos="VERB" prefix="s" shape="xxxx" suffix="aid" tag="VBD" />
    </node>
    <node ID="0.8" type="Punctuation">
      <attributes paragraph="1" paragraph_position="8" text="," />
      <extra dep="punct" ent_iob="2" ent_type="" head="-1" lemma="," orig_paragraph="1" orth="," pos="PUNCT" prefix="," shape="," suffix="," tag="," />
    </node>
    <node ID="0.9" type="Word">
      <attributes paragraph="1" paragraph_position="9" text="tipping" />
      <extra dep="root" ent_iob="2" ent_type="" head="0" lemma="tip" orig_paragraph="1" orth="tipping" pos="VERB" prefix="t" shape="xxxx" suffix="ing" tag="VBG" />
    </node>
    <node ID="0.10" type="Word">
      <attributes paragraph="1" paragraph_position="10" text="me" />
      <extra dep="iobj" ent_iob="2" ent_type="" head="-1" lemma="I" orig_paragraph="1" orth="me" pos="PRON" prefix="m" shape="xx" suffix="me" tag="PRP" />
    </node>
    <node ID="0.11" type="Word">
      <attributes paragraph="1" paragraph_position="11" text="a" />
      <extra dep="det" ent_iob="2" ent_type="" head="1" lemma="a" orig_paragraph="1" orth="a" pos="DET" prefix="a" shape="x" suffix="a" tag="DT" />
    </node>
    <node ID="0.12" type="Word">
      <attributes paragraph="1" paragraph_position="12" text="wink" />
      <extra dep="obj" ent_iob="2" ent_type="" head="-3" lemma="wink" orig_paragraph="1" orth="wink" pos="NOUN" prefix="w" shape="xxxx" suffix="ink" tag="NN" />
    </node>
    <node ID="0.13" type="Punctuation">
      <attributes paragraph="1" paragraph_position="13" text="." />
      <extra dep="punct" ent_iob="2" ent_type="" head="-4" lemma="." orig_paragraph="1" orth="." pos="PUNCT" prefix="." shape="." suffix="." tag="." />
    </node>
  </layer>
  <layer layerID="1">
    <attributes />
    <node ID="1.1" type="FN">
      <attributes />
      <edge toID="1.2" type="U">
        <attributes />
        <category tag="U" />
      </edge>
      <edge toID="1.3" type="H">
        <attributes />
        <category tag="H" />
      </edge>
      <edge toID="1.4" type="P">
        <attributes />
        <category tag="P" />
      </edge>
      <edge toID="1.5" type="A">
        <attributes />
        <category tag="A" />
      </edge>
      <edge toID="1.6" type="A">
        <attributes />
        <category tag="A" />
      </edge>
    </node>
    <node ID="1.2" type="PNCT">
      <attributes />
      <edge toID="0.1" type="Terminal">
        <attributes />
        <category tag="Terminal" />
      </edge>
    </node>
    <node ID="1.3" type="FN">
      <attributes />
      <edge toID="1.7" type="A">
        <attributes />
        <category tag="A" />
      </edge>
      <edge toID="1.8" type="U">
        <attributes />
        <category tag="U" />
      </edge>
      <edge toID="1.9" type="A">
        <attributes />
        <category tag="A" />
      </edge>
      <edge toID="1.10" type="P">
        <attributes />
        <category tag="P" />
      </edge>
      <edge toID="1.11" type="U">
        <attributes />
        <category tag="U" />
      </edge>
    </node>
    <node ID="1.4" type="FN">
      <attributes />
      <edge toID="0.9" type="Terminal">
        <attributes />
        <category tag="Terminal" />
      </edge>
    </node>
    <node ID="1.5" type="FN">
      <attributes />
      <edge toID="0.10" type="Terminal">
        <attributes />
        <category tag="Terminal" />
      </edge>
    </node>
    <node ID="1.6" type="FN">
      <attributes />
      <edge toID="1.12" type="E">
        <attributes />
        <category tag="E" />
      </edge>
      <edge toID="1.13" type="C">
        <attributes />
        <category tag="C" />
      </edge>
      <edge toID="1.14" type="U">
        <attributes />
        <category tag="U" />
      </edge>
    </node>
    <node ID="1.7" type="FN">
      <attributes />
      <edge toID="1.15" type="E">
        <attributes />
        <category tag="E" />
      </edge>
      <edge toID="1.16" type="E">
        <attributes />
        <category tag="E" />
      </edge>
      <edge toID="1.17" type="U">
        <attributes />
        <category tag="U" />
      </edge>
    </node>
    <node ID="1.8" type="PNCT">
      <attributes />
      <edge toID="0.5" type="Terminal">
        <attributes />
        <category tag="Terminal" />
      </edge>
    </node>
    <node ID="1.9" type="FN">
      <attributes />
      <edge toID="0.6" type="Terminal">
        <attributes />
        <category tag="Terminal" />
      </edge>
    </node>
    <node ID="1.10" type="FN">
      <attributes />
      <edge toID="0.7" type="Terminal">
        <attributes />
        <category tag="Terminal" />
      </edge>
    </node>
    <node ID="1.11" type="PNCT">
      <attributes />
      <edge toID="0.8" type="Terminal">
        <attributes />
        <category tag="Terminal" />
      </edge>
    </node>
    <node ID="1.12" type="FN">
      <attributes />
      <edge toID="0.11" type="Terminal">
        <attributes />
        <category tag="Terminal" />
      </edge>
    </node>
    <node ID="1.13" type="FN">
      <attributes />
      <edge toID="0.12" type="Terminal">
        <attributes />
        <category tag="Terminal" />
      </edge>
    </node>
    <node ID="1.14" type="PNCT">
      <attributes />
      <edge toID="0.13" type="Terminal">
        <attributes />
        <category tag="Terminal" />
      </edge>
    </node>
    <node ID="1.15" type="FN">
      <attributes />
      <edge toID="0.2" type="Terminal">
        <attributes />
        <category tag="Terminal" />
      </edge>
    </node>
    <node ID="1.16" type="FN">
      <attributes />
      <edge toID="0.3" type="Terminal">
        <attributes />
        <category tag="Terminal" />
      </edge>
    </node>
    <node ID="1.17" type="PNCT">
      <attributes />
      <edge toID="0.4" type="Terminal">
        <attributes />
        <category tag="Terminal" />
      </edge>
    </node>
  </layer>
</root>
