<root annotationID="0" passageID="905007">
  <attributes />
  <extra format="ucca" />
  <layer layerID="0">
    <attributes />
    <extra doc="[[[15884554869126768810, 15884554869126768810, 4969857429396651903, 96, 0, 2, 442, 2, 15884554869126768810, 15884554869126768810, 15884554869126768810], [15884554869126768810, 15884554869126768810, 4969857429396651903, 96, 0, 2, 442, 1, 15884554869126768810, 15884554869126768810, 15884554869126768810], [8477147217195544546, 8477147217195544546, 14200088355797579614, 99, 0, 2, 445, 0, 10887629174180191697, 9148987913859918431, 5303704553415556917], [2283656566040971221, 2283656566040971221, 17571114184892886314, 88, 0, 2, 404, 1, 4088098365541558500, 11901859001352538922, 2283656566040971221], [15705077984354179993, 15705077984354179993, 14200088355797579614, 99, 0, 2, 407, -2, 13110060611322374290, 15598372446745583797, 17454115351911680600], [17494803046312582752, 17494803046312582752, 12646065887601541794, 96, 0, 2, 442, -3, 17494803046312582752, 17494803046312582752, 17494803046312582752], [15884554869126768810, 15884554869126768810, 14143520107006108953, 96, 0, 2, 442, -4, 15884554869126768810, 15884554869126768810, 15884554869126768810], [9739302657816088396, 10850957288794122991, 3822385049556375858, 99, 378, 3, 399, 1, 18200729499220207786, 10850957288794122991, 9739302657816088396], [11532405253426108718, 11532405253426108718, 3822385049556375858, 99, 0, 2, 446, -6, 4088098365541558500, 8861071527689086543, 11532405253426108718], [3002984154512732771, 3002984154512732771, 6860118812490040284, 84, 0, 2, 2008358639898919775, -1, 4370460163704169311, 5097672513440128799, 3002984154512732771], [12646065887601541794, 12646065887601541794, 12646065887601541794, 96, 0, 2, 442, -8, 12646065887601541794, 12646065887601541794, 12646065887601541794]]]" />
    <node ID="0.1" type="Punctuation">
      <attributes paragraph="1" paragraph_position="1" text="&quot;" />
      <extra dep="punct" ent_iob="2" ent_type="" head="2" lemma="&quot;" orig_paragraph="1" orth="&quot;" pos="PUNCT" prefix="&quot;" shape="&quot;" suffix="&quot;" tag="``" />
    </node>
    <node ID="0.2" type="Punctuation">
      <attributes paragraph="1" paragraph_position="2" text="&quot;" />
      <extra dep="punct" ent_iob="2" ent_type="" head="1" lemma="&quot;" orig_paragraph="1" orth="&quot;" pos="PUNCT" prefix="&quot;" shape="&quot;" suffix="&quot;" tag="``" />
    </node>
    <node ID="0.3" type="Word">
      <attributes paragraph="1" paragraph_position="3" text="Fire" />
      <extra dep="root" ent_iob="2" ent_type="" head="0" lemma="Fire" orig_paragraph="1" orth="Fire" pos="VERB" prefix="F" shape="Xxxx" suffix="ire" tag="VB" />
    </node>
    <node ID="0.4" type="Word">
      <attributes paragraph="1" paragraph_position="4" text="and" />
      <extra dep="cc" ent_iob="2" ent_type="" head="1" lemma="and" orig_paragraph="1" orth="and" pos="CCONJ" prefix="a" shape="xxx" suffix="and" tag="CC" />
    </node>
    <node ID="0.5" type="Word">
      <attributes paragraph="1" paragraph_position="5" text="brimstone" />
      <extra dep="conj" ent_iob="2" ent_type="" head="-2" lemma="brimstone" orig_paragraph="1" orth="brimstone" pos="VERB" prefix="b" shape="xxxx" suffix="one" tag="VB" />
    </node>
    <node ID="0.6" type="Punctuation">
      <attributes paragraph="1" paragraph_position="6" text="!" />
      <extra dep="punct" ent_iob="2" ent_type="" head="-3" lemma="!" orig_paragraph="1" orth="!" pos="PUNCT" prefix="!" shape="!" suffix="!" tag="." />
    </node>
    <node ID="0.7" type="Punctuation">
      <attributes paragraph="1" paragraph_position="7" text="&quot;" />
      <extra dep="punct" ent_iob="2" ent_type="" head="-4" lemma="&quot;" orig_paragraph="1" orth="&quot;" pos="PUNCT" prefix="&quot;" shape="&quot;" suffix="&quot;" tag="''" />
    </node>
    <node ID="0.8" type="Word">
      <attributes paragraph="1" paragraph_position="8" text="Ned" />
      <extra dep="amod" ent_iob="3" ent_type="PERSON" head="1" lemma="N" orig_paragraph="1" orth="Ned" pos="VERB" prefix="N" shape="Xxx" suffix="Ned" tag="VBN" />
    </node>
    <node ID="0.9" type="Word">
      <attributes paragraph="1" paragraph_position="9" text="put" />
      <extra dep="xcomp" ent_iob="2" ent_type="" head="-6" lemma="put" orig_paragraph="1" orth="put" pos="VERB" prefix="p" shape="xxx" suffix="put" tag="VBN" />
    </node>
    <node ID="0.10" type="Word">
      <attributes paragraph="1" paragraph_position="10" text="in" />
      <extra dep="compound:prt" ent_iob="2" ent_type="" head="-1" lemma="in" orig_paragraph="1" orth="in" pos="ADP" prefix="i" shape="xx" suffix="in" tag="RP" />
    </node>
    <node ID="0.11" type="Punctuation">
      <attributes paragraph="1" paragraph_position="11" text="." />
      <extra dep="punct" ent_iob="2" ent_type="" head="-8" lemma="." orig_paragraph="1" orth="." pos="PUNCT" prefix="." shape="." suffix="." tag="." />
    </node>
  </layer>
  <layer layerID="1">
    <attributes />
    <node ID="1.1" type="FN">
      <attributes />
      <edge toID="1.2" type="U">
        <attributes />
        <category tag="U" />
      </edge>
      <edge toID="1.3" type="U">
        <attributes />
        <category tag="U" />
      </edge>
      <edge toID="1.4" type="H">
        <attributes />
        <category tag="H" />
      </edge>
    </node>
    <node ID="1.2" type="PNCT">
      <attributes />
      <edge toID="0.1" type="Terminal">
        <attributes />
        <category tag="Terminal" />
      </edge>
    </node>
    <node ID="1.3" type="PNCT">
      <attributes />
      <edge toID="0.2" type="Terminal">
        <attributes />
        <category tag="Terminal" />
      </edge>
    </node>
    <node ID="1.4" type="FN">
      <attributes />
      <edge toID="1.5" type="A">
        <attributes />
        <category tag="A" />
      </edge>
      <edge toID="1.6" type="U">
        <attributes />
        <category tag="U" />
      </edge>
      <edge toID="1.7" type="U">
        <attributes />
        <category tag="U" />
      </edge>
      <edge toID="1.8" type="A">
        <attributes />
        <category tag="A" />
      </edge>
      <edge toID="1.9" type="P">
        <attributes />
        <category tag="P" />
      </edge>
      <edge toID="1.10" type="A">
        <attributes />
        <category tag="A" />
      </edge>
    </node>
    <node ID="1.5" type="FN">
      <attributes />
      <edge toID="1.11" type="C">
        <attributes />
        <category tag="C" />
      </edge>
      <edge toID="1.12" type="N">
        <attributes />
        <category tag="N" />
      </edge>
      <edge toID="1.13" type="C">
        <attributes />
        <category tag="C" />
      </edge>
    </node>
    <node ID="1.6" type="PNCT">
      <attributes />
      <edge toID="0.6" type="Terminal">
        <attributes />
        <category tag="Terminal" />
      </edge>
    </node>
    <node ID="1.7" type="PNCT">
      <attributes />
      <edge toID="0.7" type="Terminal">
        <attributes />
        <category tag="Terminal" />
      </edge>
    </node>
    <node ID="1.8" type="FN">
      <attributes />
      <edge toID="0.8" type="Terminal">
        <attributes />
        <category tag="Terminal" />
      </edge>
    </node>
    <node ID="1.9" type="FN">
      <attributes />
      <edge toID="0.9" type="Terminal">
        <attributes />
        <category tag="Terminal" />
      </edge>
    </node>
    <node ID="1.10" type="FN">
      <attributes />
      <edge toID="1.14" type="R">
        <attributes />
        <category tag="R" />
      </edge>
      <edge toID="1.15" type="U">
        <attributes />
        <category tag="U" />
      </edge>
    </node>
    <node ID="1.11" type="FN">
      <attributes />
      <edge toID="0.3" type="Terminal">
        <attributes />
        <category tag="Terminal" />
      </edge>
    </node>
    <node ID="1.12" type="FN">
      <attributes />
      <edge toID="0.4" type="Terminal">
        <attributes />
        <category tag="Terminal" />
      </edge>
    </node>
    <node ID="1.13" type="FN">
      <attributes />
      <edge toID="0.5" type="Terminal">
        <attributes />
        <category tag="Terminal" />
      </edge>
    </node>
    <node ID="1.14" type="FN">
      <attributes />
      <edge toID="0.10" type="Terminal">
        <attributes />
        <category tag="Terminal" />
      </edge>
    </node>
    <node ID="1.15" type="PNCT">
      <attributes />
      <edge toID="0.11" type="Terminal">
        <attributes />
        <category tag="Terminal" />
      </edge>
    </node>
  </layer>
</root>
