<root annotationID="0" passageID="979001">
  <attributes />
  <extra format="ucca" />
  <layer layerID="0">
    <attributes />
    <extra doc="[[[12172435438170721471, 2283656566040971221, 17571114184892886314, 88, 0, 2, 404, 1, 18200729499220207786, 14862748245026736845, 12172435438170721471], [3642769012341782148, 3642769012341782148, 17571114184892886314, 88, 0, 2, 404, 3, 4088098365541558500, 9409450202036847209, 3642769012341782148], [7425985699627899538, 7425985699627899538, 15267657372422890137, 89, 0, 2, 412, 2, 4088098365541558500, 15369245168918225700, 7425985699627899538], [11002965631216810003, 11002965631216810003, 10554686591937588953, 83, 0, 2, 399, 1, 13110060611322374290, 646772771845179972, 13906627124797355281], [10405720708504167118, 10405720708504167118, 15308085513773655218, 91, 0, 2, 426, 6, 13110060611322374290, 8861071527689086543, 3188722896227931298], [886050111519832510, 886050111519832510, 1292078113972184607, 84, 0, 2, 8110129090154140942, 2, 4370460163704169311, 1489474827855109852, 886050111519832510], [2661093235354845946, 1655312771067108281, 4062917326063685704, 94, 0, 2, 1227985075839834553, 1, 4088098365541558500, 15817570140490810055, 2661093235354845946], [13805421583668193750, 13805421583668193750, 15308085513773655218, 91, 0, 2, 423, -3, 13110060611322374290, 2482183445564601373, 10748144119362648261], [7494117911267222209, 7494117911267222209, 16235386156175103506, 86, 0, 2, 402, 2, 13110060611322374290, 16900879642891266615, 17438164932492296010], [14692702688101715474, 14692702688101715474, 14200088355797579614, 86, 0, 2, 402, 1, 13110060611322374290, 15817570140490810055, 13891979019686982531], [15243861877432033496, 2369620111149368749, 3822385049556375858, 99, 0, 2, 445, 0, 13110060611322374290, 8861071527689086543, 14009161575225144129], [9802814860700980627, 9802814860700980627, 10554686591937588953, 83, 0, 2, 399, 1, 13110060611322374290, 9409450202036847209, 3104811030673030468], [208172016153456603, 208172016153456603, 15308085513773655218, 91, 0, 2, 431, -2, 13110060611322374290, 16978132545290669629, 16077735445828477292], [12646065887601541794, 12646065887601541794, 12646065887601541794, 96, 0, 2, 442, -3, 12646065887601541794, 12646065887601541794, 12646065887601541794]]]" />
    <node ID="0.1" type="Word">
      <attributes paragraph="1" paragraph_position="1" text="And" />
      <extra dep="cc" ent_iob="2" ent_type="" head="1" lemma="and" orig_paragraph="1" orth="And" pos="CCONJ" prefix="A" shape="Xxx" suffix="And" tag="CC" />
    </node>
    <node ID="0.2" type="Word">
      <attributes paragraph="1" paragraph_position="2" text="yet" />
      <extra dep="cc" ent_iob="2" ent_type="" head="3" lemma="yet" orig_paragraph="1" orth="yet" pos="CCONJ" prefix="y" shape="xxx" suffix="yet" tag="CC" />
    </node>
    <node ID="0.3" type="Word">
      <attributes paragraph="1" paragraph_position="3" text="the" />
      <extra dep="det" ent_iob="2" ent_type="" head="2" lemma="the" orig_paragraph="1" orth="the" pos="DET" prefix="t" shape="xxx" suffix="the" tag="DT" />
    </node>
    <node ID="0.4" type="Word">
      <attributes paragraph="1" paragraph_position="4" text="marvelous" />
      <extra dep="amod" ent_iob="2" ent_type="" head="1" lemma="marvelous" orig_paragraph="1" orth="marvelous" pos="ADJ" prefix="m" shape="xxxx" suffix="ous" tag="JJ" />
    </node>
    <node ID="0.5" type="Word">
      <attributes paragraph="1" paragraph_position="5" text="power" />
      <extra dep="nsubj" ent_iob="2" ent_type="" head="6" lemma="power" orig_paragraph="1" orth="power" pos="NOUN" prefix="p" shape="xxxx" suffix="wer" tag="NN" />
    </node>
    <node ID="0.6" type="Word">
      <attributes paragraph="1" paragraph_position="6" text="of" />
      <extra dep="case" ent_iob="2" ent_type="" head="2" lemma="of" orig_paragraph="1" orth="of" pos="ADP" prefix="o" shape="xx" suffix="of" tag="IN" />
    </node>
    <node ID="0.7" type="Word">
      <attributes paragraph="1" paragraph_position="7" text="his" />
      <extra dep="nmod:poss" ent_iob="2" ent_type="" head="1" lemma="he" orig_paragraph="1" orth="his" pos="PRON" prefix="h" shape="xxx" suffix="his" tag="PRP$" />
    </node>
    <node ID="0.8" type="Word">
      <attributes paragraph="1" paragraph_position="8" text="vision" />
      <extra dep="nmod" ent_iob="2" ent_type="" head="-3" lemma="vision" orig_paragraph="1" orth="vision" pos="NOUN" prefix="v" shape="xxxx" suffix="ion" tag="NN" />
    </node>
    <node ID="0.9" type="Word">
      <attributes paragraph="1" paragraph_position="9" text="could" />
      <extra dep="aux" ent_iob="2" ent_type="" head="2" lemma="could" orig_paragraph="1" orth="could" pos="AUX" prefix="c" shape="xxxx" suffix="uld" tag="MD" />
    </node>
    <node ID="0.10" type="Word">
      <attributes paragraph="1" paragraph_position="10" text="have" />
      <extra dep="aux" ent_iob="2" ent_type="" head="1" lemma="have" orig_paragraph="1" orth="have" pos="AUX" prefix="h" shape="xxxx" suffix="ave" tag="VB" />
    </node>
    <node ID="0.11" type="Word">
      <attributes paragraph="1" paragraph_position="11" text="performed" />
      <extra dep="root" ent_iob="2" ent_type="" head="0" lemma="perform" orig_paragraph="1" orth="performed" pos="VERB" prefix="p" shape="xxxx" suffix="med" tag="VBN" />
    </node>
    <node ID="0.12" type="Word">
      <attributes paragraph="1" paragraph_position="12" text="yeoman" />
      <extra dep="amod" ent_iob="2" ent_type="" head="1" lemma="yeoman" orig_paragraph="1" orth="yeoman" pos="ADJ" prefix="y" shape="xxxx" suffix="man" tag="JJ" />
    </node>
    <node ID="0.13" type="Word">
      <attributes paragraph="1" paragraph_position="13" text="service" />
      <extra dep="obj" ent_iob="2" ent_type="" head="-2" lemma="service" orig_paragraph="1" orth="service" pos="NOUN" prefix="s" shape="xxxx" suffix="ice" tag="NN" />
    </node>
    <node ID="0.14" type="Punctuation">
      <attributes paragraph="1" paragraph_position="14" text="." />
      <extra dep="punct" ent_iob="2" ent_type="" head="-3" lemma="." orig_paragraph="1" orth="." pos="PUNCT" prefix="." shape="." suffix="." tag="." />
    </node>
  </layer>
  <layer layerID="1">
    <attributes />
    <node ID="1.1" type="FN">
      <attributes />
      <edge toID="1.2" type="L">
        <attributes />
        <category tag="L" />
      </edge>
      <edge toID="1.3" type="L">
        <attributes />
        <category tag="L" />
      </edge>
      <edge toID="1.4" type="H">
        <attributes />
        <category tag="H" />
      </edge>
      <edge toID="1.5" type="H">
        <attributes />
        <category tag="H" />
      </edge>
    </node>
    <node ID="1.2" type="FN">
      <attributes />
      <edge toID="0.1" type="Terminal">
        <attributes />
        <category tag="Terminal" />
      </edge>
    </node>
    <node ID="1.3" type="FN">
      <attributes />
      <edge toID="0.2" type="Terminal">
        <attributes />
        <category tag="Terminal" />
      </edge>
    </node>
    <node ID="1.4" type="FN">
      <attributes />
      <edge toID="1.6" type="A">
        <attributes />
        <category tag="A" />
      </edge>
      <edge toID="1.7" type="A">
        <attributes />
        <category tag="A" />
      </edge>
    </node>
    <node ID="1.5" type="FN">
      <attributes />
      <edge toID="1.8" type="D">
        <attributes />
        <category tag="D" />
      </edge>
      <edge toID="1.9" type="F">
        <attributes />
        <category tag="F" />
      </edge>
      <edge toID="1.10" type="P">
        <attributes />
        <category tag="P" />
      </edge>
      <edge toID="1.11" type="A">
        <attributes />
        <category tag="A" />
      </edge>
    </node>
    <node ID="1.6" type="FN">
      <attributes />
      <edge toID="1.12" type="E">
        <attributes />
        <category tag="E" />
      </edge>
      <edge toID="1.13" type="E">
        <attributes />
        <category tag="E" />
      </edge>
      <edge toID="1.14" type="C">
        <attributes />
        <category tag="C" />
      </edge>
    </node>
    <node ID="1.7" type="FN">
      <attributes />
      <edge toID="1.15" type="R">
        <attributes />
        <category tag="R" />
      </edge>
      <edge toID="1.16" type="E">
        <attributes />
        <category tag="E" />
      </edge>
      <edge toID="1.17" type="C">
        <attributes />
        <category tag="C" />
      </edge>
    </node>
    <node ID="1.8" type="FN">
      <attributes />
      <edge toID="0.9" type="Terminal">
        <attributes />
        <category tag="Terminal" />
      </edge>
    </node>
    <node ID="1.9" type="FN">
      <attributes />
      <edge toID="0.10" type="Terminal">
        <attributes />
        <category tag="Terminal" />
      </edge>
    </node>
    <node ID="1.10" type="FN">
      <attributes />
      <edge toID="0.11" type="Terminal">
        <attributes />
        <category tag="Terminal" />
      </edge>
    </node>
    <node ID="1.11" type="FN">
      <attributes />
      <edge toID="1.18" type="E">
        <attributes />
        <category tag="E" />
      </edge>
      <edge toID="1.19" type="C">
        <attributes />
        <category tag="C" />
      </edge>
      <edge toID="1.20" type="U">
        <attributes />
        <category tag="U" />
      </edge>
    </node>
    <node ID="1.12" type="FN">
      <attributes />
      <edge toID="0.3" type="Terminal">
        <attributes />
        <category tag="Terminal" />
      </edge>
    </node>
    <node ID="1.13" type="FN">
      <attributes />
      <edge toID="0.4" type="Terminal">
        <attributes />
        <category tag="Terminal" />
      </edge>
    </node>
    <node ID="1.14" type="FN">
      <attributes />
      <edge toID="0.5" type="Terminal">
        <attributes />
        <category tag="Terminal" />
      </edge>
    </node>
    <node ID="1.15" type="FN">
      <attributes />
      <edge toID="0.6" type="Terminal">
        <attributes />
        <category tag="Terminal" />
      </edge>
    </node>
    <node ID="1.16" type="FN">
      <attributes />
      <edge toID="0.7" type="Terminal">
        <attributes />
        <category tag="Terminal" />
      </edge>
    </node>
    <node ID="1.17" type="FN">
      <attributes />
      <edge toID="0.8" type="Terminal">
        <attributes />
        <category tag="Terminal" />
      </edge>
    </node>
    <node ID="1.18" type="FN">
      <attributes />
      <edge toID="0.12" type="Terminal">
        <attributes />
        <category tag="Terminal" />
      </edge>
    </node>
    <node ID="1.19" type="FN">
      <attributes />
      <edge toID="0.13" type="Terminal">
        <attributes />
        <category tag="Terminal" />
      </edge>
    </node>
    <node ID="1.20" type="PNCT">
      <attributes />
      <edge toID="0.14" type="Terminal">
        <attributes />
        <category tag="Terminal" />
      </edge>
    </node>
  </layer>
</root>
