<root annotationID="0" passageID="981001">
  <attributes />
  <extra format="ucca" />
  <layer layerID="0">
    <attributes />
    <extra doc="[[[16111106986158872860, 3048093926267947469, 164681854541413346, 85, 0, 2, 397, 4, 16072095006890171862, 17427324969254097257, 9795478344495024921], [16064069575701507746, 16064069575701507746, 13656873538139661788, 94, 0, 2, 426, 3, 4370460163704169311, 260667111241363922, 16064069575701507746], [9570894245975188254, 10382539506755952630, 17109001835818727656, 86, 0, 2, 402, 2, 13110060611322374290, 260667111241363922, 18139757808136603089], [7148522813498185515, 7148522813498185515, 164681854541413346, 85, 0, 2, 397, 1, 13110060611322374290, 8565857220533584986, 11544752174441366476], [14555857257223563443, 16215041636262328277, 1534113631682161808, 99, 0, 2, 445, 0, 13110060611322374290, 6217145520856553898, 7679303661980345986], [13206360846788655489, 13206360846788655489, 164681854541413346, 85, 0, 2, 397, -1, 13110060611322374290, 15598372446745583797, 2081287391058509732], [12646065887601541794, 12646065887601541794, 12646065887601541794, 96, 0, 2, 442, -2, 12646065887601541794, 12646065887601541794, 12646065887601541794]]]" />
    <node ID="0.1" type="Word">
      <attributes paragraph="1" paragraph_position="1" text="Obviously" />
      <extra dep="advmod" ent_iob="2" ent_type="" head="4" lemma="obviously" orig_paragraph="1" orth="Obviously" pos="ADV" prefix="O" shape="Xxxxx" suffix="sly" tag="RB" />
    </node>
    <node ID="0.2" type="Word">
      <attributes paragraph="1" paragraph_position="2" text="we" />
      <extra dep="nsubj" ent_iob="2" ent_type="" head="3" lemma="we" orig_paragraph="1" orth="we" pos="PRON" prefix="w" shape="xx" suffix="we" tag="PRP" />
    </node>
    <node ID="0.3" type="Word">
      <attributes paragraph="1" paragraph_position="3" text="were" />
      <extra dep="aux" ent_iob="2" ent_type="" head="2" lemma="be" orig_paragraph="1" orth="were" pos="AUX" prefix="w" shape="xxxx" suffix="ere" tag="VBD" />
    </node>
    <node ID="0.4" type="Word">
      <attributes paragraph="1" paragraph_position="4" text="just" />
      <extra dep="advmod" ent_iob="2" ent_type="" head="1" lemma="just" orig_paragraph="1" orth="just" pos="ADV" prefix="j" shape="xxxx" suffix="ust" tag="RB" />
    </node>
    <node ID="0.5" type="Word">
      <attributes paragraph="1" paragraph_position="5" text="groping" />
      <extra dep="root" ent_iob="2" ent_type="" head="0" lemma="grop" orig_paragraph="1" orth="groping" pos="VERB" prefix="g" shape="xxxx" suffix="ing" tag="VBG" />
    </node>
    <node ID="0.6" type="Word">
      <attributes paragraph="1" paragraph_position="6" text="blindly" />
      <extra dep="advmod" ent_iob="2" ent_type="" head="-1" lemma="blindly" orig_paragraph="1" orth="blindly" pos="ADV" prefix="b" shape="xxxx" suffix="dly" tag="RB" />
    </node>
    <node ID="0.7" type="Punctuation">
      <attributes paragraph="1" paragraph_position="7" text="." />
      <extra dep="punct" ent_iob="2" ent_type="" head="-2" lemma="." orig_paragraph="1" orth="." pos="PUNCT" prefix="." shape="." suffix="." tag="." />
    </node>
  </layer>
  <layer layerID="1">
    <attributes />
    <node ID="1.1" type="FN">
      <attributes />
      <edge toID="1.2" type="L">
        <attributes />
        <category tag="L" />
      </edge>
      <edge toID="1.3" type="H">
        <attributes />
        <category tag="H" />
      </edge>
    </node>
    <node ID="1.2" type="FN">
      <attributes />
      <edge toID="0.1" type="Terminal">
        <attributes />
        <category tag="Terminal" />
      </edge>
    </node>
    <node ID="1.3" type="FN">
      <attributes />
      <edge toID="1.4" type="A">
        <attributes />
        <category tag="A" />
      </edge>
      <edge toID="1.5" type="F">
        <attributes />
        <category tag="F" />
      </edge>
      <edge toID="1.6" type="D">
        <attributes />
        <category tag="D" />
      </edge>
      <edge toID="1.7" type="P">
        <attributes />
        <category tag="P" />
      </edge>
      <edge toID="1.8" type="D">
        <attributes />
        <category tag="D" />
      </edge>
      <edge toID="1.9" type="U">
        <attributes />
        <category tag="U" />
      </edge>
    </node>
    <node ID="1.4" type="FN">
      <attributes />
      <edge toID="0.2" type="Terminal">
        <attributes />
        <category tag="Terminal" />
      </edge>
    </node>
    <node ID="1.5" type="FN">
      <attributes />
      <edge toID="0.3" type="Terminal">
        <attributes />
        <category tag="Terminal" />
      </edge>
    </node>
    <node ID="1.6" type="FN">
      <attributes />
      <edge toID="0.4" type="Terminal">
        <attributes />
        <category tag="Terminal" />
      </edge>
    </node>
    <node ID="1.7" type="FN">
      <attributes />
      <edge toID="0.5" type="Terminal">
        <attributes />
        <category tag="Terminal" />
      </edge>
    </node>
    <node ID="1.8" type="FN">
      <attributes />
      <edge toID="0.6" type="Terminal">
        <attributes />
        <category tag="Terminal" />
      </edge>
    </node>
    <node ID="1.9" type="PNCT">
      <attributes />
      <edge toID="0.7" type="Terminal">
        <attributes />
        <category tag="Terminal" />
      </edge>
    </node>
  </layer>
</root>
