<root annotationID="0" passageID="983001">
  <attributes />
  <extra format="ucca" />
  <layer layerID="0">
    <attributes />
    <extra doc="[[[12172435438170721471, 2283656566040971221, 17571114184892886314, 88, 0, 2, 404, 7, 18200729499220207786, 14862748245026736845, 12172435438170721471], [3002984154512732771, 3002984154512732771, 1292078113972184607, 84, 0, 2, 8110129090154140942, 2, 4370460163704169311, 5097672513440128799, 3002984154512732771], [13409319323822384369, 13409319323822384369, 15267657372422890137, 89, 0, 2, 412, 1, 4088098365541558500, 11901859001352538922, 13409319323822384369], [1827453007124618455, 1827453007124618455, 15308085513773655218, 91, 0, 2, 432, 4, 13110060611322374290, 15817570140490810055, 10653289598238593957], [2593208677638477497, 2593208677638477497, 2593208677638477497, 96, 0, 2, 442, 3, 2593208677638477497, 2593208677638477497, 2593208677638477497], [5752890500743049035, 5752890500743049035, 15308085513773655218, 91, 0, 2, 7037928807040764755, 1, 13110060611322374290, 16978132545290669629, 1263800284926261336], [3344740871784584227, 15050408803291667128, 783433942507015291, 91, 0, 2, 426, 1, 13110060611322374290, 16900879642891266615, 8906198441074590503], [6445175924335283980, 12558846041070486771, 17109001835818727656, 99, 0, 2, 445, 0, 13110060611322374290, 15598372446745583797, 17945561419632433267], [16477424308483498569, 16477424308483498569, 15308085513773655218, 91, 0, 2, 7037928807040764755, 2, 13110060611322374290, 2985121464356781022, 3379727247772060121], [9153284864653046197, 9153284864653046197, 8214596291009089021, 96, 0, 2, 442, 1, 9153284864653046197, 9153284864653046197, 9153284864653046197], [11768594955946696803, 11768594955946696803, 15308085513773655218, 91, 0, 2, 446, -3, 13110060611322374290, 15369245168918225700, 7679303661980345986], [12646065887601541794, 12646065887601541794, 12646065887601541794, 96, 0, 2, 442, -4, 12646065887601541794, 12646065887601541794, 12646065887601541794]]]" />
    <node ID="0.1" type="Word">
      <attributes paragraph="1" paragraph_position="1" text="And" />
      <extra dep="cc" ent_iob="2" ent_type="" head="7" lemma="and" orig_paragraph="1" orth="And" pos="CCONJ" prefix="A" shape="Xxx" suffix="And" tag="CC" />
    </node>
    <node ID="0.2" type="Word">
      <attributes paragraph="1" paragraph_position="2" text="in" />
      <extra dep="case" ent_iob="2" ent_type="" head="2" lemma="in" orig_paragraph="1" orth="in" pos="ADP" prefix="i" shape="xx" suffix="in" tag="IN" />
    </node>
    <node ID="0.3" type="Word">
      <attributes paragraph="1" paragraph_position="3" text="all" />
      <extra dep="det" ent_iob="2" ent_type="" head="1" lemma="all" orig_paragraph="1" orth="all" pos="DET" prefix="a" shape="xxx" suffix="all" tag="DT" />
    </node>
    <node ID="0.4" type="Word">
      <attributes paragraph="1" paragraph_position="4" text="honesty" />
      <extra dep="obl" ent_iob="2" ent_type="" head="4" lemma="honesty" orig_paragraph="1" orth="honesty" pos="NOUN" prefix="h" shape="xxxx" suffix="sty" tag="NN" />
    </node>
    <node ID="0.5" type="Punctuation">
      <attributes paragraph="1" paragraph_position="5" text="," />
      <extra dep="punct" ent_iob="2" ent_type="" head="3" lemma="," orig_paragraph="1" orth="," pos="PUNCT" prefix="," shape="," suffix="," tag="," />
    </node>
    <node ID="0.6" type="Word">
      <attributes paragraph="1" paragraph_position="6" text="shipboard" />
      <extra dep="compound" ent_iob="2" ent_type="" head="1" lemma="shipboard" orig_paragraph="1" orth="shipboard" pos="NOUN" prefix="s" shape="xxxx" suffix="ard" tag="NN" />
    </node>
    <node ID="0.7" type="Word">
      <attributes paragraph="1" paragraph_position="7" text="conditions" />
      <extra dep="nsubj" ent_iob="2" ent_type="" head="1" lemma="condition" orig_paragraph="1" orth="conditions" pos="NOUN" prefix="c" shape="xxxx" suffix="ons" tag="NNS" />
    </node>
    <node ID="0.8" type="Word">
      <attributes paragraph="1" paragraph_position="8" text="became" />
      <extra dep="root" ent_iob="2" ent_type="" head="0" lemma="become" orig_paragraph="1" orth="became" pos="VERB" prefix="b" shape="xxxx" suffix="ame" tag="VBD" />
    </node>
    <node ID="0.9" type="Word">
      <attributes paragraph="1" paragraph_position="9" text="life" />
      <extra dep="compound" ent_iob="2" ent_type="" head="2" lemma="life" orig_paragraph="1" orth="life" pos="NOUN" prefix="l" shape="xxxx" suffix="ife" tag="NN" />
    </node>
    <node ID="0.10" type="Punctuation">
      <attributes paragraph="1" paragraph_position="10" text="-" />
      <extra dep="punct" ent_iob="2" ent_type="" head="1" lemma="-" orig_paragraph="1" orth="-" pos="PUNCT" prefix="-" shape="-" suffix="-" tag="HYPH" />
    </node>
    <node ID="0.11" type="Word">
      <attributes paragraph="1" paragraph_position="11" text="threatening" />
      <extra dep="xcomp" ent_iob="2" ent_type="" head="-3" lemma="threatening" orig_paragraph="1" orth="threatening" pos="NOUN" prefix="t" shape="xxxx" suffix="ing" tag="NN" />
    </node>
    <node ID="0.12" type="Punctuation">
      <attributes paragraph="1" paragraph_position="12" text="." />
      <extra dep="punct" ent_iob="2" ent_type="" head="-4" lemma="." orig_paragraph="1" orth="." pos="PUNCT" prefix="." shape="." suffix="." tag="." />
    </node>
  </layer>
  <layer layerID="1">
    <attributes />
    <node ID="1.1" type="FN">
      <attributes />
      <edge toID="1.2" type="L">
        <attributes />
        <category tag="L" />
      </edge>
      <edge toID="1.3" type="H">
        <attributes />
        <category tag="H" />
      </edge>
    </node>
    <node ID="1.2" type="FN">
      <attributes />
      <edge toID="0.1" type="Terminal">
        <attributes />
        <category tag="Terminal" />
      </edge>
    </node>
    <node ID="1.3" type="FN">
      <attributes />
      <edge toID="1.4" type="A">
        <attributes />
        <category tag="A" />
      </edge>
      <edge toID="1.5" type="U">
        <attributes />
        <category tag="U" />
      </edge>
      <edge toID="1.6" type="A">
        <attributes />
        <category tag="A" />
      </edge>
      <edge toID="1.7" type="P">
        <attributes />
        <category tag="P" />
      </edge>
      <edge toID="1.8" type="A">
        <attributes />
        <category tag="A" />
      </edge>
    </node>
    <node ID="1.4" type="FN">
      <attributes />
      <edge toID="1.9" type="R">
        <attributes />
        <category tag="R" />
      </edge>
      <edge toID="1.10" type="E">
        <attributes />
        <category tag="E" />
      </edge>
      <edge toID="1.11" type="C">
        <attributes />
        <category tag="C" />
      </edge>
    </node>
    <node ID="1.5" type="PNCT">
      <attributes />
      <edge toID="0.5" type="Terminal">
        <attributes />
        <category tag="Terminal" />
      </edge>
    </node>
    <node ID="1.6" type="FN">
      <attributes />
      <edge toID="1.12" type="E">
        <attributes />
        <category tag="E" />
      </edge>
      <edge toID="1.13" type="C">
        <attributes />
        <category tag="C" />
      </edge>
    </node>
    <node ID="1.7" type="FN">
      <attributes />
      <edge toID="0.8" type="Terminal">
        <attributes />
        <category tag="Terminal" />
      </edge>
    </node>
    <node ID="1.8" type="FN">
      <attributes />
      <edge toID="1.14" type="E">
        <attributes />
        <category tag="E" />
      </edge>
      <edge toID="1.15" type="U">
        <attributes />
        <category tag="U" />
      </edge>
      <edge toID="1.16" type="C">
        <attributes />
        <category tag="C" />
      </edge>
      <edge toID="1.17" type="U">
        <attributes />
        <category tag="U" />
      </edge>
    </node>
    <node ID="1.9" type="FN">
      <attributes />
      <edge toID="0.2" type="Terminal">
        <attributes />
        <category tag="Terminal" />
      </edge>
    </node>
    <node ID="1.10" type="FN">
      <attributes />
      <edge toID="0.3" type="Terminal">
        <attributes />
        <category tag="Terminal" />
      </edge>
    </node>
    <node ID="1.11" type="FN">
      <attributes />
      <edge toID="0.4" type="Terminal">
        <attributes />
        <category tag="Terminal" />
      </edge>
    </node>
    <node ID="1.12" type="FN">
      <attributes />
      <edge toID="0.6" type="Terminal">
        <attributes />
        <category tag="Terminal" />
      </edge>
    </node>
    <node ID="1.13" type="FN">
      <attributes />
      <edge toID="0.7" type="Terminal">
        <attributes />
        <category tag="Terminal" />
      </edge>
    </node>
    <node ID="1.14" type="FN">
      <attributes />
      <edge toID="0.9" type="Terminal">
        <attributes />
        <category tag="Terminal" />
      </edge>
    </node>
    <node ID="1.15" type="PNCT">
      <attributes />
      <edge toID="0.10" type="Terminal">
        <attributes />
        <category tag="Terminal" />
      </edge>
    </node>
    <node ID="1.16" type="FN">
      <attributes />
      <edge toID="0.11" type="Terminal">
        <attributes />
        <category tag="Terminal" />
      </edge>
    </node>
    <node ID="1.17" type="PNCT">
      <attributes />
      <edge toID="0.12" type="Terminal">
        <attributes />
        <category tag="Terminal" />
      </edge>
    </node>
  </layer>
</root>
