<root annotationID="0" passageID="984002">
  <attributes />
  <extra format="ucca" />
  <layer layerID="0">
    <attributes />
    <extra doc="[[[12172435438170721471, 2283656566040971221, 17571114184892886314, 88, 0, 2, 404, 2, 18200729499220207786, 14862748245026736845, 12172435438170721471], [16064069575701507746, 16064069575701507746, 13656873538139661788, 94, 0, 2, 426, 1, 4370460163704169311, 260667111241363922, 16064069575701507746], [602335199165703938, 16574616920585318162, 17109001835818727656, 99, 0, 2, 445, 0, 13110060611322374290, 13110760720460257827, 11593690929944126543], [13695514059466747455, 13695514059466747455, 15308085513773655218, 94, 0, 2, 431, -1, 13110060611322374290, 13210364986222294696, 7679303661980345986], [17494803046312582752, 17494803046312582752, 12646065887601541794, 96, 0, 2, 442, -2, 17494803046312582752, 17494803046312582752, 17494803046312582752]]]" />
    <node ID="0.1" type="Word">
      <attributes paragraph="1" paragraph_position="1" text="And" />
      <extra dep="cc" ent_iob="2" ent_type="" head="2" lemma="and" orig_paragraph="1" orth="And" pos="CCONJ" prefix="A" shape="Xxx" suffix="And" tag="CC" />
    </node>
    <node ID="0.2" type="Word">
      <attributes paragraph="1" paragraph_position="2" text="we" />
      <extra dep="nsubj" ent_iob="2" ent_type="" head="1" lemma="we" orig_paragraph="1" orth="we" pos="PRON" prefix="w" shape="xx" suffix="we" tag="PRP" />
    </node>
    <node ID="0.3" type="Word">
      <attributes paragraph="1" paragraph_position="3" text="found" />
      <extra dep="root" ent_iob="2" ent_type="" head="0" lemma="find" orig_paragraph="1" orth="found" pos="VERB" prefix="f" shape="xxxx" suffix="und" tag="VBD" />
    </node>
    <node ID="0.4" type="Word">
      <attributes paragraph="1" paragraph_position="4" text="nothing" />
      <extra dep="obj" ent_iob="2" ent_type="" head="-1" lemma="nothing" orig_paragraph="1" orth="nothing" pos="PRON" prefix="n" shape="xxxx" suffix="ing" tag="NN" />
    </node>
    <node ID="0.5" type="Punctuation">
      <attributes paragraph="1" paragraph_position="5" text="!" />
      <extra dep="punct" ent_iob="2" ent_type="" head="-2" lemma="!" orig_paragraph="1" orth="!" pos="PUNCT" prefix="!" shape="!" suffix="!" tag="." />
    </node>
  </layer>
  <layer layerID="1">
    <attributes />
    <node ID="1.1" type="FN">
      <attributes />
      <edge toID="1.2" type="L">
        <attributes />
        <category tag="L" />
      </edge>
      <edge toID="1.3" type="H">
        <attributes />
        <category tag="H" />
      </edge>
      <edge toID="1.4" type="U">
        <attributes />
        <category tag="U" />
      </edge>
    </node>
    <node ID="1.2" type="FN">
      <attributes />
      <edge toID="0.1" type="Terminal">
        <attributes />
        <category tag="Terminal" />
      </edge>
    </node>
    <node ID="1.3" type="FN">
      <attributes />
      <edge toID="1.5" type="A">
        <attributes />
        <category tag="A" />
      </edge>
      <edge toID="1.6" type="P">
        <attributes />
        <category tag="P" />
      </edge>
      <edge toID="1.7" type="A">
        <attributes />
        <category tag="A" />
      </edge>
    </node>
    <node ID="1.4" type="PNCT">
      <attributes />
      <edge toID="0.5" type="Terminal">
        <attributes />
        <category tag="Terminal" />
      </edge>
    </node>
    <node ID="1.5" type="FN">
      <attributes />
      <edge toID="0.2" type="Terminal">
        <attributes />
        <category tag="Terminal" />
      </edge>
    </node>
    <node ID="1.6" type="FN">
      <attributes />
      <edge toID="0.3" type="Terminal">
        <attributes />
        <category tag="Terminal" />
      </edge>
    </node>
    <node ID="1.7" type="FN">
      <attributes />
      <edge toID="0.4" type="Terminal">
        <attributes />
        <category tag="Terminal" />
      </edge>
    </node>
  </layer>
</root>
