<root annotationID="0" passageID="989003">
  <attributes />
  <extra format="ucca" />
  <layer layerID="0">
    <attributes />
    <extra doc="[[[16762278734495624186, 5379624210385286023, 15267657372422890137, 89, 0, 2, 412, 1, 10887629174180191697, 9391737413944127320, 11317294577325307503], [3104811030673030468, 3104811030673030468, 15308085513773655218, 91, 0, 2, 426, 1, 4088098365541558500, 646772771845179972, 3104811030673030468], [3439263888874234947, 7597692042947428029, 17109001835818727656, 99, 0, 2, 445, 0, 13110060611322374290, 260667111241363922, 14814004474743358178], [17454115351911680600, 17454115351911680600, 8427216679587749980, 92, 394, 3, 12837356684637874264, 2, 4088098365541558500, 1489474827855109852, 17454115351911680600], [10321518907502812892, 10321518907502812892, 10554686591937588953, 83, 0, 2, 399, 1, 13110060611322374290, 2985121464356781022, 5101743919633864694], [16096726548953279178, 16096726548953279178, 15308085513773655218, 91, 0, 2, 431, -3, 13110060611322374290, 2985121464356781022, 16606746569461509355], [12510949447758279278, 12510949447758279278, 1292078113972184607, 84, 0, 2, 8110129090154140942, 1, 13110060611322374290, 260667111241363922, 15366090995793808690], [7063653163634019529, 7063653163634019529, 17202369883303991778, 94, 0, 2, 432, 2, 13110060611322374290, 260667111241363922, 5864527961345014045], [3791531372978436496, 3791531372978436496, 5595707737748328492, 93, 0, 2, 420, 1, 4370460163704169311, 15369245168918225700, 3791531372978436496], [4304143454774602208, 4304143454774602208, 14200088355797579614, 99, 0, 2, 6025759613719693942, -4, 4088098365541558500, 16978132545290669629, 4304143454774602208], [2199259611705938403, 2199259611705938403, 6860118812490040284, 84, 0, 2, 2008358639898919775, -1, 4370460163704169311, 12247454108283186160, 2199259611705938403], [2661093235354845946, 1655312771067108281, 4062917326063685704, 94, 0, 2, 1227985075839834553, 1, 4088098365541558500, 15817570140490810055, 2661093235354845946], [12090100147684300169, 12090100147684300169, 15308085513773655218, 91, 0, 2, 431, -3, 13110060611322374290, 1720370409040345145, 14431812100313486463], [12646065887601541794, 12646065887601541794, 12646065887601541794, 96, 0, 2, 442, -11, 12646065887601541794, 12646065887601541794, 12646065887601541794]]]" />
    <node ID="0.1" type="Word">
      <attributes paragraph="1" paragraph_position="1" text="Each" />
      <extra dep="det" ent_iob="2" ent_type="" head="1" lemma="each" orig_paragraph="1" orth="Each" pos="DET" prefix="E" shape="Xxxx" suffix="ach" tag="DT" />
    </node>
    <node ID="0.2" type="Word">
      <attributes paragraph="1" paragraph_position="2" text="man" />
      <extra dep="nsubj" ent_iob="2" ent_type="" head="1" lemma="man" orig_paragraph="1" orth="man" pos="NOUN" prefix="m" shape="xxx" suffix="man" tag="NN" />
    </node>
    <node ID="0.3" type="Word">
      <attributes paragraph="1" paragraph_position="3" text="wanted" />
      <extra dep="root" ent_iob="2" ent_type="" head="0" lemma="want" orig_paragraph="1" orth="wanted" pos="VERB" prefix="w" shape="xxxx" suffix="ted" tag="VBD" />
    </node>
    <node ID="0.4" type="Word">
      <attributes paragraph="1" paragraph_position="4" text="one" />
      <extra dep="nummod" ent_iob="3" ent_type="CARDINAL" head="2" lemma="one" orig_paragraph="1" orth="one" pos="NUM" prefix="o" shape="xxx" suffix="one" tag="CD" />
    </node>
    <node ID="0.5" type="Word">
      <attributes paragraph="1" paragraph_position="5" text="last" />
      <extra dep="amod" ent_iob="2" ent_type="" head="1" lemma="last" orig_paragraph="1" orth="last" pos="ADJ" prefix="l" shape="xxxx" suffix="ast" tag="JJ" />
    </node>
    <node ID="0.6" type="Word">
      <attributes paragraph="1" paragraph_position="6" text="look" />
      <extra dep="obj" ent_iob="2" ent_type="" head="-3" lemma="look" orig_paragraph="1" orth="look" pos="NOUN" prefix="l" shape="xxxx" suffix="ook" tag="NN" />
    </node>
    <node ID="0.7" type="Word">
      <attributes paragraph="1" paragraph_position="7" text="with" />
      <extra dep="case" ent_iob="2" ent_type="" head="1" lemma="with" orig_paragraph="1" orth="with" pos="ADP" prefix="w" shape="xxxx" suffix="ith" tag="IN" />
    </node>
    <node ID="0.8" type="Word">
      <attributes paragraph="1" paragraph_position="8" text="which" />
      <extra dep="obl" ent_iob="2" ent_type="" head="2" lemma="which" orig_paragraph="1" orth="which" pos="PRON" prefix="w" shape="xxxx" suffix="ich" tag="WDT" />
    </node>
    <node ID="0.9" type="Word">
      <attributes paragraph="1" paragraph_position="9" text="to" />
      <extra dep="mark" ent_iob="2" ent_type="" head="1" lemma="to" orig_paragraph="1" orth="to" pos="PART" prefix="t" shape="xx" suffix="to" tag="TO" />
    </node>
    <node ID="0.10" type="Word">
      <attributes paragraph="1" paragraph_position="10" text="sum" />
      <extra dep="acl:relcl" ent_iob="2" ent_type="" head="-4" lemma="sum" orig_paragraph="1" orth="sum" pos="VERB" prefix="s" shape="xxx" suffix="sum" tag="VB" />
    </node>
    <node ID="0.11" type="Word">
      <attributes paragraph="1" paragraph_position="11" text="up" />
      <extra dep="compound:prt" ent_iob="2" ent_type="" head="-1" lemma="up" orig_paragraph="1" orth="up" pos="ADP" prefix="u" shape="xx" suffix="up" tag="RP" />
    </node>
    <node ID="0.12" type="Word">
      <attributes paragraph="1" paragraph_position="12" text="his" />
      <extra dep="nmod:poss" ent_iob="2" ent_type="" head="1" lemma="he" orig_paragraph="1" orth="his" pos="PRON" prefix="h" shape="xxx" suffix="his" tag="PRP$" />
    </node>
    <node ID="0.13" type="Word">
      <attributes paragraph="1" paragraph_position="13" text="experience" />
      <extra dep="obj" ent_iob="2" ent_type="" head="-3" lemma="experience" orig_paragraph="1" orth="experience" pos="NOUN" prefix="e" shape="xxxx" suffix="nce" tag="NN" />
    </node>
    <node ID="0.14" type="Punctuation">
      <attributes paragraph="1" paragraph_position="14" text="." />
      <extra dep="punct" ent_iob="2" ent_type="" head="-11" lemma="." orig_paragraph="1" orth="." pos="PUNCT" prefix="." shape="." suffix="." tag="." />
    </node>
  </layer>
  <layer layerID="1">
    <attributes />
    <node ID="1.1" type="FN">
      <attributes />
      <edge toID="1.2" type="H">
        <attributes />
        <category tag="H" />
      </edge>
    </node>
    <node ID="1.2" type="FN">
      <attributes />
      <edge toID="1.3" type="A">
        <attributes />
        <category tag="A" />
      </edge>
      <edge toID="1.4" type="A">
        <attributes />
        <category tag="A" />
      </edge>
      <edge toID="1.5" type="P">
        <attributes />
        <category tag="P" />
      </edge>
      <edge toID="1.6" type="A">
        <attributes />
        <category tag="A" />
      </edge>
      <edge toID="1.7" type="A">
        <attributes />
        <category tag="A" />
      </edge>
    </node>
    <node ID="1.3" type="FN">
      <attributes />
      <edge toID="0.1" type="Terminal">
        <attributes />
        <category tag="Terminal" />
      </edge>
    </node>
    <node ID="1.4" type="FN">
      <attributes />
      <edge toID="0.2" type="Terminal">
        <attributes />
        <category tag="Terminal" />
      </edge>
    </node>
    <node ID="1.5" type="FN">
      <attributes />
      <edge toID="0.3" type="Terminal">
        <attributes />
        <category tag="Terminal" />
      </edge>
    </node>
    <node ID="1.6" type="FN">
      <attributes />
      <edge toID="1.8" type="E">
        <attributes />
        <category tag="E" />
      </edge>
      <edge toID="1.9" type="E">
        <attributes />
        <category tag="E" />
      </edge>
      <edge toID="1.10" type="C">
        <attributes />
        <category tag="C" />
      </edge>
    </node>
    <node ID="1.7" type="FN">
      <attributes />
      <edge toID="1.11" type="R">
        <attributes />
        <category tag="R" />
      </edge>
      <edge toID="1.12" type="F">
        <attributes />
        <category tag="F" />
      </edge>
      <edge toID="1.13" type="F">
        <attributes />
        <category tag="F" />
      </edge>
      <edge toID="1.14" type="P">
        <attributes />
        <category tag="P" />
      </edge>
      <edge toID="1.15" type="A">
        <attributes />
        <category tag="A" />
      </edge>
    </node>
    <node ID="1.8" type="FN">
      <attributes />
      <edge toID="0.4" type="Terminal">
        <attributes />
        <category tag="Terminal" />
      </edge>
    </node>
    <node ID="1.9" type="FN">
      <attributes />
      <edge toID="0.5" type="Terminal">
        <attributes />
        <category tag="Terminal" />
      </edge>
    </node>
    <node ID="1.10" type="FN">
      <attributes />
      <edge toID="0.6" type="Terminal">
        <attributes />
        <category tag="Terminal" />
      </edge>
    </node>
    <node ID="1.11" type="FN">
      <attributes />
      <edge toID="0.7" type="Terminal">
        <attributes />
        <category tag="Terminal" />
      </edge>
    </node>
    <node ID="1.12" type="FN">
      <attributes />
      <edge toID="0.8" type="Terminal">
        <attributes />
        <category tag="Terminal" />
      </edge>
    </node>
    <node ID="1.13" type="FN">
      <attributes />
      <edge toID="0.9" type="Terminal">
        <attributes />
        <category tag="Terminal" />
      </edge>
    </node>
    <node ID="1.14" type="FN">
      <attributes />
      <edge toID="0.10" type="Terminal">
        <attributes />
        <category tag="Terminal" />
      </edge>
      <edge toID="0.11" type="Terminal">
        <attributes />
        <category tag="Terminal" />
      </edge>
    </node>
    <node ID="1.15" type="FN">
      <attributes />
      <edge toID="1.16" type="E">
        <attributes />
        <category tag="E" />
      </edge>
      <edge toID="1.17" type="C">
        <attributes />
        <category tag="C" />
      </edge>
      <edge toID="1.18" type="U">
        <attributes />
        <category tag="U" />
      </edge>
    </node>
    <node ID="1.16" type="FN">
      <attributes />
      <edge toID="0.12" type="Terminal">
        <attributes />
        <category tag="Terminal" />
      </edge>
    </node>
    <node ID="1.17" type="FN">
      <attributes />
      <edge toID="0.13" type="Terminal">
        <attributes />
        <category tag="Terminal" />
      </edge>
    </node>
    <node ID="1.18" type="PNCT">
      <attributes />
      <edge toID="0.14" type="Terminal">
        <attributes />
        <category tag="Terminal" />
      </edge>
    </node>
  </layer>
</root>
