<root annotationID="0" passageID="992005">
  <attributes />
  <extra format="ucca" />
  <layer layerID="0">
    <attributes />
    <extra doc="[[[5059648917813135842, 7425985699627899538, 15267657372422890137, 89, 0, 2, 412, 1, 18200729499220207786, 5582244037879929967, 5059648917813135842], [3315219263181363146, 3315219263181363146, 15308085513773655218, 91, 0, 2, 426, 1, 4088098365541558500, 16978132545290669629, 3315219263181363146], [9536371214855462867, 11099196733396062200, 17109001835818727656, 99, 0, 2, 445, 0, 13110060611322374290, 12247454108283186160, 14814004474743358178], [17047582390393821862, 17047582390393821862, 164681854541413346, 85, 0, 2, 397, -1, 13110060611322374290, 8861071527689086543, 2081287391058509732], [17620993085141864809, 17620993085141864809, 1292078113972184607, 84, 0, 2, 8110129090154140942, 4, 13110060611322374290, 15598372446745583797, 10649870341302306557], [7425985699627899538, 7425985699627899538, 15267657372422890137, 89, 0, 2, 412, 1, 4088098365541558500, 15369245168918225700, 7425985699627899538], [16113485747970527978, 16113485747970527978, 15308085513773655218, 91, 0, 2, 1227985075839834553, 2, 13110060611322374290, 13110760720460257827, 10806788082624814911], [16428057658620181782, 16428057658620181782, 74, 93, 0, 2, 8110129090154140942, -1, 3155823383004454315, 11221368173670222813, 16428057658620181782], [6443698696147694976, 6443698696147694976, 15308085513773655218, 91, 0, 2, 432, -6, 13110060611322374290, 16978132545290669629, 16044663281106737988], [12646065887601541794, 12646065887601541794, 12646065887601541794, 96, 0, 2, 442, -7, 12646065887601541794, 12646065887601541794, 12646065887601541794]]]" />
    <node ID="0.1" type="Word">
      <attributes paragraph="1" paragraph_position="1" text="The" />
      <extra dep="det" ent_iob="2" ent_type="" head="1" lemma="the" orig_paragraph="1" orth="The" pos="DET" prefix="T" shape="Xxx" suffix="The" tag="DT" />
    </node>
    <node ID="0.2" type="Word">
      <attributes paragraph="1" paragraph_position="2" text="sea" />
      <extra dep="nsubj" ent_iob="2" ent_type="" head="1" lemma="sea" orig_paragraph="1" orth="sea" pos="NOUN" prefix="s" shape="xxx" suffix="sea" tag="NN" />
    </node>
    <node ID="0.3" type="Word">
      <attributes paragraph="1" paragraph_position="3" text="undulated" />
      <extra dep="root" ent_iob="2" ent_type="" head="-1" lemma="undulate" orig_paragraph="1" orth="undulated" pos="VERB" prefix="u" shape="xxxx" suffix="ted" tag="VBD" />
    </node>
    <node ID="0.4" type="Word">
      <attributes paragraph="1" paragraph_position="4" text="placidly" />
      <extra dep="advmod" ent_iob="2" ent_type="" head="-1" lemma="placidly" orig_paragraph="1" orth="placidly" pos="ADV" prefix="p" shape="xxxx" suffix="dly" tag="RB" />
    </node>
    <node ID="0.5" type="Word">
      <attributes paragraph="1" paragraph_position="5" text="beneath" />
      <extra dep="case" ent_iob="2" ent_type="" head="4" lemma="beneath" orig_paragraph="1" orth="beneath" pos="ADP" prefix="b" shape="xxxx" suffix="ath" tag="IN" />
    </node>
    <node ID="0.6" type="Word">
      <attributes paragraph="1" paragraph_position="6" text="the" />
      <extra dep="det" ent_iob="2" ent_type="" head="1" lemma="the" orig_paragraph="1" orth="the" pos="DET" prefix="t" shape="xxx" suffix="the" tag="DT" />
    </node>
    <node ID="0.7" type="Word">
      <attributes paragraph="1" paragraph_position="7" text="frigate" />
      <extra dep="nmod:poss" ent_iob="2" ent_type="" head="2" lemma="frigate" orig_paragraph="1" orth="frigate" pos="NOUN" prefix="f" shape="xxxx" suffix="ate" tag="NN" />
    </node>
    <node ID="0.8" type="Word">
      <attributes paragraph="1" paragraph_position="8" text="'s" />
      <extra dep="case" ent_iob="2" ent_type="" head="-1" lemma="'s" orig_paragraph="1" orth="'s" pos="PART" prefix="'" shape="'x" suffix="'s" tag="POS" />
    </node>
    <node ID="0.9" type="Word">
      <attributes paragraph="1" paragraph_position="9" text="stempost" />
      <extra dep="obl" ent_iob="2" ent_type="" head="-6" lemma="stempost" orig_paragraph="1" orth="stempost" pos="NOUN" prefix="s" shape="xxxx" suffix="ost" tag="NN" />
    </node>
    <node ID="0.10" type="Punctuation">
      <attributes paragraph="1" paragraph_position="10" text="." />
      <extra dep="punct" ent_iob="2" ent_type="" head="-7" lemma="." orig_paragraph="1" orth="." pos="PUNCT" prefix="." shape="." suffix="." tag="." />
    </node>
  </layer>
  <layer layerID="1">
    <attributes />
    <node ID="1.1" type="FN">
      <attributes />
      <edge toID="1.2" type="H">
        <attributes />
        <category tag="H" />
      </edge>
    </node>
    <node ID="1.2" type="FN">
      <attributes />
      <edge toID="1.3" type="A">
        <attributes />
        <category tag="A" />
      </edge>
      <edge toID="1.4" type="P">
        <attributes />
        <category tag="P" />
      </edge>
      <edge toID="1.5" type="D">
        <attributes />
        <category tag="D" />
      </edge>
      <edge toID="1.6" type="A">
        <attributes />
        <category tag="A" />
      </edge>
    </node>
    <node ID="1.3" type="FN">
      <attributes />
      <edge toID="1.7" type="E">
        <attributes />
        <category tag="E" />
      </edge>
      <edge toID="1.8" type="C">
        <attributes />
        <category tag="C" />
      </edge>
    </node>
    <node ID="1.4" type="FN">
      <attributes />
      <edge toID="0.3" type="Terminal">
        <attributes />
        <category tag="Terminal" />
      </edge>
    </node>
    <node ID="1.5" type="FN">
      <attributes />
      <edge toID="0.4" type="Terminal">
        <attributes />
        <category tag="Terminal" />
      </edge>
    </node>
    <node ID="1.6" type="FN">
      <attributes />
      <edge toID="1.9" type="C">
        <attributes />
        <category tag="C" />
      </edge>
      <edge toID="1.10" type="E">
        <attributes />
        <category tag="E" />
      </edge>
      <edge toID="1.11" type="C">
        <attributes />
        <category tag="C" />
      </edge>
      <edge toID="1.12" type="U">
        <attributes />
        <category tag="U" />
      </edge>
    </node>
    <node ID="1.7" type="FN">
      <attributes />
      <edge toID="0.1" type="Terminal">
        <attributes />
        <category tag="Terminal" />
      </edge>
    </node>
    <node ID="1.8" type="FN">
      <attributes />
      <edge toID="0.2" type="Terminal">
        <attributes />
        <category tag="Terminal" />
      </edge>
    </node>
    <node ID="1.9" type="FN">
      <attributes />
      <edge toID="0.5" type="Terminal">
        <attributes />
        <category tag="Terminal" />
      </edge>
    </node>
    <node ID="1.10" type="FN">
      <attributes />
      <edge toID="1.13" type="E">
        <attributes />
        <category tag="E" />
      </edge>
      <edge toID="1.14" type="C">
        <attributes />
        <category tag="C" />
      </edge>
      <edge toID="1.15" type="R">
        <attributes />
        <category tag="R" />
      </edge>
    </node>
    <node ID="1.11" type="FN">
      <attributes />
      <edge toID="0.9" type="Terminal">
        <attributes />
        <category tag="Terminal" />
      </edge>
    </node>
    <node ID="1.12" type="PNCT">
      <attributes />
      <edge toID="0.10" type="Terminal">
        <attributes />
        <category tag="Terminal" />
      </edge>
    </node>
    <node ID="1.13" type="FN">
      <attributes />
      <edge toID="0.6" type="Terminal">
        <attributes />
        <category tag="Terminal" />
      </edge>
    </node>
    <node ID="1.14" type="FN">
      <attributes />
      <edge toID="0.7" type="Terminal">
        <attributes />
        <category tag="Terminal" />
      </edge>
    </node>
    <node ID="1.15" type="FN">
      <attributes />
      <edge toID="0.8" type="Terminal">
        <attributes />
        <category tag="Terminal" />
      </edge>
    </node>
  </layer>
</root>
