<root annotationID="0" passageID="997003">
  <attributes />
  <extra format="ucca" />
  <layer layerID="0">
    <attributes />
    <extra doc="[[[15884554869126768810, 15884554869126768810, 4969857429396651903, 96, 0, 2, 442, 7, 15884554869126768810, 15884554869126768810, 15884554869126768810], [15884554869126768810, 15884554869126768810, 4969857429396651903, 96, 0, 2, 442, 1, 15884554869126768810, 15884554869126768810, 15884554869126768810], [14379783840816760627, 4525988469032889948, 3252815442139690129, 90, 0, 2, 32368682835521138, 1, 10887629174180191697, 14825646868312541310, 8117903961816325909], [2630753287402592467, 2630753287402592467, 164681854541413346, 85, 0, 2, 397, 4, 13110060611322374290, 15369245168918225700, 17541118948136595177], [2593208677638477497, 2593208677638477497, 2593208677638477497, 96, 0, 2, 442, 3, 2593208677638477497, 2593208677638477497, 2593208677638477497], [10239237003504588839, 10239237003504588839, 13656873538139661788, 94, 0, 2, 426, 2, 4370460163704169311, 5097672513440128799, 10239237003504588839], [18307573501153647118, 18307573501153647118, 16235386156175103506, 86, 0, 2, 402, 1, 13110060611322374290, 260667111241363922, 10522273805588696859], [16305312580841578055, 16305312580841578055, 14200088355797579614, 99, 0, 2, 445, 0, 13110060611322374290, 16978132545290669629, 9101606180127388338], [10195888877917791284, 10195888877917791284, 15308085513773655218, 91, 0, 2, 431, -1, 13110060611322374290, 646772771845179972, 16111258787187009011], [5943797630011647483, 5943797630011647483, 164681854541413346, 85, 0, 2, 397, -2, 13110060611322374290, 16562859848569467201, 9602547604334134776], [17494803046312582752, 17494803046312582752, 12646065887601541794, 96, 0, 2, 442, -3, 17494803046312582752, 17494803046312582752, 17494803046312582752]]]" />
    <node ID="0.1" type="Punctuation">
      <attributes paragraph="1" paragraph_position="1" text="&quot;" />
      <extra dep="punct" ent_iob="2" ent_type="" head="7" lemma="&quot;" orig_paragraph="1" orth="&quot;" pos="PUNCT" prefix="&quot;" shape="&quot;" suffix="&quot;" tag="``" />
    </node>
    <node ID="0.2" type="Punctuation">
      <attributes paragraph="1" paragraph_position="2" text="&quot;" />
      <extra dep="punct" ent_iob="2" ent_type="" head="1" lemma="&quot;" orig_paragraph="1" orth="&quot;" pos="PUNCT" prefix="&quot;" shape="&quot;" suffix="&quot;" tag="``" />
    </node>
    <node ID="0.3" type="Word">
      <attributes paragraph="1" paragraph_position="3" text="Well" />
      <extra dep="discourse" ent_iob="2" ent_type="" head="1" lemma="well" orig_paragraph="1" orth="Well" pos="INTJ" prefix="W" shape="Xxxx" suffix="ell" tag="UH" />
    </node>
    <node ID="0.4" type="Word">
      <attributes paragraph="1" paragraph_position="4" text="then" />
      <extra dep="advmod" ent_iob="2" ent_type="" head="4" lemma="then" orig_paragraph="1" orth="then" pos="ADV" prefix="t" shape="xxxx" suffix="hen" tag="RB" />
    </node>
    <node ID="0.5" type="Punctuation">
      <attributes paragraph="1" paragraph_position="5" text="," />
      <extra dep="punct" ent_iob="2" ent_type="" head="3" lemma="," orig_paragraph="1" orth="," pos="PUNCT" prefix="," shape="," suffix="," tag="," />
    </node>
    <node ID="0.6" type="Word">
      <attributes paragraph="1" paragraph_position="6" text="it" />
      <extra dep="nsubj" ent_iob="2" ent_type="" head="2" lemma="it" orig_paragraph="1" orth="it" pos="PRON" prefix="i" shape="xx" suffix="it" tag="PRP" />
    </node>
    <node ID="0.7" type="Word">
      <attributes paragraph="1" paragraph_position="7" text="will" />
      <extra dep="aux" ent_iob="2" ent_type="" head="1" lemma="will" orig_paragraph="1" orth="will" pos="AUX" prefix="w" shape="xxxx" suffix="ill" tag="MD" />
    </node>
    <node ID="0.8" type="Word">
      <attributes paragraph="1" paragraph_position="8" text="serve" />
      <extra dep="root" ent_iob="2" ent_type="" head="0" lemma="serve" orig_paragraph="1" orth="serve" pos="VERB" prefix="s" shape="xxxx" suffix="rve" tag="VB" />
    </node>
    <node ID="0.9" type="Word">
      <attributes paragraph="1" paragraph_position="9" text="master" />
      <extra dep="obj" ent_iob="2" ent_type="" head="-1" lemma="master" orig_paragraph="1" orth="master" pos="NOUN" prefix="m" shape="xxxx" suffix="ter" tag="NN" />
    </node>
    <node ID="0.10" type="Word">
      <attributes paragraph="1" paragraph_position="10" text="right" />
      <extra dep="advmod" ent_iob="2" ent_type="" head="-2" lemma="right" orig_paragraph="1" orth="right" pos="ADV" prefix="r" shape="xxxx" suffix="ght" tag="RB" />
    </node>
    <node ID="0.11" type="Punctuation">
      <attributes paragraph="1" paragraph_position="11" text="!" />
      <extra dep="punct" ent_iob="2" ent_type="" head="-3" lemma="!" orig_paragraph="1" orth="!" pos="PUNCT" prefix="!" shape="!" suffix="!" tag="." />
    </node>
  </layer>
  <layer layerID="1">
    <attributes />
    <node ID="1.1" type="FN">
      <attributes />
      <edge toID="1.2" type="U">
        <attributes />
        <category tag="U" />
      </edge>
      <edge toID="1.3" type="U">
        <attributes />
        <category tag="U" />
      </edge>
      <edge toID="1.4" type="U">
        <attributes />
        <category tag="U" />
      </edge>
      <edge toID="1.5" type="H">
        <attributes />
        <category tag="H" />
      </edge>
      <edge toID="1.6" type="D">
        <attributes />
        <category tag="D" />
      </edge>
      <edge toID="1.7" type="D">
        <attributes />
        <category tag="D" />
      </edge>
    </node>
    <node ID="1.2" type="PNCT">
      <attributes />
      <edge toID="0.1" type="Terminal">
        <attributes />
        <category tag="Terminal" />
      </edge>
    </node>
    <node ID="1.3" type="PNCT">
      <attributes />
      <edge toID="0.2" type="Terminal">
        <attributes />
        <category tag="Terminal" />
      </edge>
    </node>
    <node ID="1.4" type="PNCT">
      <attributes />
      <edge toID="0.5" type="Terminal">
        <attributes />
        <category tag="Terminal" />
      </edge>
    </node>
    <node ID="1.5" type="FN">
      <attributes />
      <edge toID="1.8" type="A">
        <attributes />
        <category tag="A" />
      </edge>
      <edge toID="1.9" type="F">
        <attributes />
        <category tag="F" />
      </edge>
      <edge toID="1.10" type="P">
        <attributes />
        <category tag="P" />
      </edge>
      <edge toID="1.11" type="A">
        <attributes />
        <category tag="A" />
      </edge>
      <edge toID="1.12" type="D">
        <attributes />
        <category tag="D" />
      </edge>
      <edge toID="1.13" type="U">
        <attributes />
        <category tag="U" />
      </edge>
    </node>
    <node ID="1.6" type="FN">
      <attributes />
      <edge toID="0.3" type="Terminal">
        <attributes />
        <category tag="Terminal" />
      </edge>
    </node>
    <node ID="1.7" type="FN">
      <attributes />
      <edge toID="0.4" type="Terminal">
        <attributes />
        <category tag="Terminal" />
      </edge>
    </node>
    <node ID="1.8" type="FN">
      <attributes />
      <edge toID="0.6" type="Terminal">
        <attributes />
        <category tag="Terminal" />
      </edge>
    </node>
    <node ID="1.9" type="FN">
      <attributes />
      <edge toID="0.7" type="Terminal">
        <attributes />
        <category tag="Terminal" />
      </edge>
    </node>
    <node ID="1.10" type="FN">
      <attributes />
      <edge toID="0.8" type="Terminal">
        <attributes />
        <category tag="Terminal" />
      </edge>
    </node>
    <node ID="1.11" type="FN">
      <attributes />
      <edge toID="0.9" type="Terminal">
        <attributes />
        <category tag="Terminal" />
      </edge>
    </node>
    <node ID="1.12" type="FN">
      <attributes />
      <edge toID="0.10" type="Terminal">
        <attributes />
        <category tag="Terminal" />
      </edge>
    </node>
    <node ID="1.13" type="PNCT">
      <attributes />
      <edge toID="0.11" type="Terminal">
        <attributes />
        <category tag="Terminal" />
      </edge>
    </node>
  </layer>
</root>
