<root annotationID="0" passageID="25818004">
  <attributes />
  <extra format="ucca" />
  <layer layerID="0">
    <attributes />
    <extra doc="[[[5342463183827332990, 5342463183827332990, 2532279993560548391, 96, 0, 2, 442, 3, 5342463183827332990, 5342463183827332990, 5342463183827332990], [4732614314772344171, 15610264216305626631, 2550391404972115923, 88, 0, 2, 404, 2, 10887629174180191697, 14862748245026736845, 8529155809759507800], [5864527961345014045, 5864527961345014045, 9330139752921481772, 94, 0, 2, 426, 1, 4088098365541558500, 5097672513440128799, 5864527961345014045], [16025550426928647138, 4428613551136970131, 15308085513773655218, 99, 0, 2, 445, 0, 13110060611322374290, 15369245168918225700, 5031071008796623873], [1070648429421044067, 16042591547380249544, 9330139752921481772, 94, 0, 2, 431, 4, 4088098365541558500, 5097672513440128799, 1070648429421044067], [2286230950484416146, 2286230950484416146, 10675845091474465339, 83, 0, 2, 397, 3, 13110060611322374290, 16978132545290669629, 7970704286052693043], [12646065887601541794, 12646065887601541794, 17404231807887051932, 96, 0, 2, 442, 2, 12646065887601541794, 12646065887601541794, 12646065887601541794], [18359238256410643017, 16042591547380249544, 9330139752921481772, 94, 0, 2, 426, 1, 12204527652707022206, 9391737413944127320, 18359238256410643017], [16059661906895054072, 10876639154610760839, 10675845091474465339, 99, 0, 2, 433, -5, 13110060611322374290, 646772771845179972, 412], [15528541230100913379, 5864527961345014045, 3443513148085174024, 94, 0, 2, 431, -1, 13110060611322374290, 646772771845179972, 5864527961345014045], [7036218751749675492, 7036218751749675492, 85, 85, 0, 2, 397, -2, 13110060611322374290, 16978132545290669629, 16777261968302921388], [12646065887601541794, 12646065887601541794, 17404231807887051932, 96, 0, 2, 442, -3, 12646065887601541794, 12646065887601541794, 12646065887601541794], [1373379536816847062, 1373379536816847062, 2532279993560548391, 96, 0, 2, 442, -4, 1373379536816847062, 1373379536816847062, 1373379536816847062]], [], [], [], [], [], [], [], [], [], [], [], [], [], [], [], [], [], []]" />
    <node ID="0.1" type="Punctuation">
      <attributes paragraph="1" paragraph_position="1" text="&#187;" />
      <extra dep="punct" ent_iob="2" ent_type="" head="3" lemma="&#187;" orig_paragraph="5" orth="&#187;" pos="PUNCT" prefix="&#187;" shape="&#187;" suffix="&#187;" tag="$(" />
    </node>
    <node ID="0.2" type="Word">
      <attributes paragraph="1" paragraph_position="2" text="Aber" />
      <extra dep="cc" ent_iob="2" ent_type="" head="2" lemma="aber" orig_paragraph="5" orth="Aber" pos="CCONJ" prefix="A" shape="Xxxx" suffix="ber" tag="KON" />
    </node>
    <node ID="0.3" type="Word">
      <attributes paragraph="1" paragraph_position="3" text="ich" />
      <extra dep="nsubj" ent_iob="2" ent_type="" head="1" lemma="ich" orig_paragraph="5" orth="ich" pos="PRON" prefix="i" shape="xxx" suffix="ich" tag="PPER" />
    </node>
    <node ID="0.4" type="Word">
      <attributes paragraph="1" paragraph_position="4" text="treffe" />
      <extra dep="root" ent_iob="2" ent_type="" head="0" lemma="treffen" orig_paragraph="5" orth="treffe" pos="VERB" prefix="t" shape="xxxx" suffix="ffe" tag="NN" />
    </node>
    <node ID="0.5" type="Word">
      <attributes paragraph="1" paragraph_position="5" text="ihn" />
      <extra dep="obj" ent_iob="2" ent_type="" head="4" lemma="er" orig_paragraph="5" orth="ihn" pos="PRON" prefix="i" shape="xxx" suffix="ihn" tag="PPER" />
    </node>
    <node ID="0.6" type="Word">
      <attributes paragraph="1" paragraph_position="6" text="selten" />
      <extra dep="advmod" ent_iob="2" ent_type="" head="3" lemma="selten" orig_paragraph="5" orth="selten" pos="ADJ" prefix="s" shape="xxxx" suffix="ten" tag="VVFIN" />
    </node>
    <node ID="0.7" type="Punctuation">
      <attributes paragraph="1" paragraph_position="7" text="." />
      <extra dep="punct" ent_iob="2" ent_type="" head="2" lemma="." orig_paragraph="5" orth="." pos="PUNCT" prefix="." shape="." suffix="." tag="$." />
    </node>
    <node ID="0.8" type="Word">
      <attributes paragraph="1" paragraph_position="8" text="Er" />
      <extra dep="nsubj" ent_iob="2" ent_type="" head="1" lemma="er" orig_paragraph="5" orth="Er" pos="PRON" prefix="E" shape="Xx" suffix="Er" tag="PPER" />
    </node>
    <node ID="0.9" type="Word">
      <attributes paragraph="1" paragraph_position="9" text="meidet" />
      <extra dep="parataxis" ent_iob="2" ent_type="" head="-5" lemma="meiden" orig_paragraph="5" orth="meidet" pos="VERB" prefix="m" shape="xxxx" suffix="det" tag="VVFIN" />
    </node>
    <node ID="0.10" type="Word">
      <attributes paragraph="1" paragraph_position="10" text="mich" />
      <extra dep="obj" ent_iob="2" ent_type="" head="-1" lemma="ich" orig_paragraph="5" orth="mich" pos="PRON" prefix="m" shape="xxxx" suffix="ich" tag="PRF" />
    </node>
    <node ID="0.11" type="Word">
      <attributes paragraph="1" paragraph_position="11" text="sogar" />
      <extra dep="advmod" ent_iob="2" ent_type="" head="-2" lemma="sogar" orig_paragraph="5" orth="sogar" pos="ADV" prefix="s" shape="xxxx" suffix="gar" tag="ADV" />
    </node>
    <node ID="0.12" type="Punctuation">
      <attributes paragraph="1" paragraph_position="12" text="." />
      <extra dep="punct" ent_iob="2" ent_type="" head="-3" lemma="." orig_paragraph="5" orth="." pos="PUNCT" prefix="." shape="." suffix="." tag="$." />
    </node>
    <node ID="0.13" type="Punctuation">
      <attributes paragraph="1" paragraph_position="13" text="&#171;" />
      <extra dep="punct" ent_iob="2" ent_type="" head="-4" lemma="&#171;" orig_paragraph="5" orth="&#171;" pos="PUNCT" prefix="&#171;" shape="&#171;" suffix="&#171;" tag="$(" />
    </node>
  </layer>
  <layer layerID="1">
    <attributes />
    <node ID="1.1" type="FN">
      <attributes />
      <edge toID="1.2" type="H">
        <attributes />
        <category tag="H" />
      </edge>
    </node>
    <node ID="1.2" type="FN">
      <attributes />
      <edge toID="1.3" type="A">
        <attributes />
        <category tag="A" />
      </edge>
    </node>
    <node ID="1.3" type="FN">
      <attributes />
      <edge toID="1.4" type="U">
        <attributes />
        <category tag="U" />
      </edge>
      <edge toID="1.5" type="L">
        <attributes />
        <category tag="L" />
      </edge>
      <edge toID="1.6" type="H">
        <attributes />
        <category tag="H" />
      </edge>
      <edge toID="1.7" type="U">
        <attributes />
        <category tag="U" />
      </edge>
      <edge toID="1.8" type="H">
        <attributes />
        <category tag="H" />
      </edge>
    </node>
    <node ID="1.4" type="PNCT">
      <attributes />
      <edge toID="0.1" type="Terminal">
        <attributes />
        <category tag="Terminal" />
      </edge>
    </node>
    <node ID="1.5" type="FN">
      <attributes />
      <edge toID="0.2" type="Terminal">
        <attributes />
        <category tag="Terminal" />
      </edge>
    </node>
    <node ID="1.6" type="FN">
      <attributes />
      <edge toID="1.9" type="A">
        <attributes />
        <category tag="A" />
      </edge>
      <edge toID="1.10" type="P">
        <attributes />
        <category tag="P" />
      </edge>
      <edge toID="1.11" type="A">
        <attributes />
        <category tag="A" />
      </edge>
      <edge toID="1.12" type="D">
        <attributes />
        <category tag="D" />
      </edge>
    </node>
    <node ID="1.7" type="PNCT">
      <attributes />
      <edge toID="0.7" type="Terminal">
        <attributes />
        <category tag="Terminal" />
      </edge>
    </node>
    <node ID="1.8" type="FN">
      <attributes />
      <edge toID="1.13" type="A">
        <attributes />
        <category tag="A" />
      </edge>
      <edge toID="1.14" type="P">
        <attributes />
        <category tag="P" />
      </edge>
      <edge toID="1.15" type="A">
        <attributes />
        <category tag="A" />
      </edge>
      <edge toID="1.16" type="D">
        <attributes />
        <category tag="D" />
      </edge>
      <edge toID="1.17" type="U">
        <attributes />
        <category tag="U" />
      </edge>
      <edge toID="1.18" type="U">
        <attributes />
        <category tag="U" />
      </edge>
    </node>
    <node ID="1.9" type="FN">
      <attributes />
      <edge toID="0.3" type="Terminal">
        <attributes />
        <category tag="Terminal" />
      </edge>
    </node>
    <node ID="1.10" type="FN">
      <attributes />
      <edge toID="0.4" type="Terminal">
        <attributes />
        <category tag="Terminal" />
      </edge>
    </node>
    <node ID="1.11" type="FN">
      <attributes />
      <edge toID="0.5" type="Terminal">
        <attributes />
        <category tag="Terminal" />
      </edge>
    </node>
    <node ID="1.12" type="FN">
      <attributes />
      <edge toID="0.6" type="Terminal">
        <attributes />
        <category tag="Terminal" />
      </edge>
    </node>
    <node ID="1.13" type="FN">
      <attributes />
      <edge toID="0.8" type="Terminal">
        <attributes />
        <category tag="Terminal" />
      </edge>
    </node>
    <node ID="1.14" type="FN">
      <attributes />
      <edge toID="0.9" type="Terminal">
        <attributes />
        <category tag="Terminal" />
      </edge>
    </node>
    <node ID="1.15" type="FN">
      <attributes />
      <edge toID="0.10" type="Terminal">
        <attributes />
        <category tag="Terminal" />
      </edge>
    </node>
    <node ID="1.16" type="FN">
      <attributes />
      <edge toID="0.11" type="Terminal">
        <attributes />
        <category tag="Terminal" />
      </edge>
    </node>
    <node ID="1.17" type="PNCT">
      <attributes />
      <edge toID="0.12" type="Terminal">
        <attributes />
        <category tag="Terminal" />
      </edge>
    </node>
    <node ID="1.18" type="PNCT">
      <attributes />
      <edge toID="0.13" type="Terminal">
        <attributes />
        <category tag="Terminal" />
      </edge>
    </node>
  </layer>
</root>
