<root annotationID="0" passageID="25817009">
  <attributes />
  <extra format="ucca" />
  <layer layerID="0">
    <attributes />
    <extra doc="[[[3486284719029796640, 5817815807927905559, 7235388517181998261, 89, 0, 2, 4814769781414241312, 1, 16072095006890171862, 12290980237632234855, 11197236520932772837], [2518761782816331574, null, 15308085513773655218, 91, 0, 2, 426, 1, 16072095006890171862, 16829822105563051112, 5720248575162439666], [13371945140032615694, 18109087316665180197, 10675845091474465339, 99, 0, 2, 445, 0, 13110060611322374290, 6726766970128105741, 7970704286052693043], [16692807490131828156, null, 3443513148085174024, 94, 0, 2, 431, -1, 13110060611322374290, 16978132545290669629, 5864527961345014045], [2593208677638477497, 2593208677638477497, 12261388825712162116, 96, 0, 2, 442, 5, 2593208677638477497, 2593208677638477497, 2593208677638477497], [5817815807927905559, 5817815807927905559, 7235388517181998261, 89, 0, 2, 4814769781414241312, 1, 13110060611322374290, 16978132545290669629, 15192908731043726583], [9963917842771206269, 9963917842771206269, 15308085513773655218, 91, 0, 2, 426, 3, 16072095006890171862, 149303876845869574, 16111258787187009011], [7160561961961780657, 12051397711696727242, 17274946937384965927, 86, 0, 2, 408, 2, 13110060611322374290, 260667111241363922, 15785506248286527210], [8497386109998413792, 8497386109998413792, 11856006255221940381, 83, 0, 2, 397, 1, 13110060611322374290, 15369245168918225700, 5864527961345014045], [1078673163309276799, 8469784737338885976, 9068901972800807265, 83, 0, 2, 407, -7, 13110060611322374290, 13110760720460257827, 16929576628258175649], [12646065887601541794, 12646065887601541794, 17404231807887051932, 96, 0, 2, 442, -8, 12646065887601541794, 12646065887601541794, 12646065887601541794]], [], [], [], []]" />
    <node ID="0.1" type="Word">
      <attributes paragraph="1" paragraph_position="1" text="Seine" />
      <extra dep="det:poss" ent_iob="2" ent_type="" head="1" lemma="sein" orig_paragraph="5" orth="Seine" pos="DET" prefix="S" shape="Xxxxx" suffix="ine" tag="PPOSAT" />
    </node>
    <node ID="0.2" type="Word">
      <attributes paragraph="1" paragraph_position="2" text="Gesichtsz&#252;ge" />
      <extra dep="nsubj" ent_iob="2" ent_type="" head="1" lemma="Gesichtszug" orig_paragraph="5" orth="Gesichtsz&#252;ge" pos="NOUN" prefix="G" shape="Xxxxx" suffix="&#252;ge" tag="NN" />
    </node>
    <node ID="0.3" type="Word">
      <attributes paragraph="1" paragraph_position="3" text="&#228;nderten" />
      <extra dep="root" ent_iob="2" ent_type="" head="0" lemma="&#228;ndern" orig_paragraph="5" orth="&#228;nderten" pos="VERB" prefix="&#228;" shape="xxxx" suffix="ten" tag="VVFIN" />
    </node>
    <node ID="0.4" type="Word">
      <attributes paragraph="1" paragraph_position="4" text="sich" />
      <extra dep="obj" ent_iob="2" ent_type="" head="-1" lemma="er|es|sie" orig_paragraph="5" orth="sich" pos="PRON" prefix="s" shape="xxxx" suffix="ich" tag="PRF" />
    </node>
    <node ID="0.5" type="Punctuation">
      <attributes paragraph="1" paragraph_position="5" text="," />
      <extra dep="punct" ent_iob="2" ent_type="" head="5" lemma="," orig_paragraph="5" orth="," pos="PUNCT" prefix="," shape="," suffix="," tag="$," />
    </node>
    <node ID="0.6" type="Word">
      <attributes paragraph="1" paragraph_position="6" text="sein" />
      <extra dep="det:poss" ent_iob="2" ent_type="" head="1" lemma="sein" orig_paragraph="5" orth="sein" pos="DET" prefix="s" shape="xxxx" suffix="ein" tag="PPOSAT" />
    </node>
    <node ID="0.7" type="Word">
      <attributes paragraph="1" paragraph_position="7" text="Charakter" />
      <extra dep="nsubj" ent_iob="2" ent_type="" head="3" lemma="Charakter" orig_paragraph="5" orth="Charakter" pos="NOUN" prefix="C" shape="Xxxxx" suffix="ter" tag="NN" />
    </node>
    <node ID="0.8" type="Word">
      <attributes paragraph="1" paragraph_position="8" text="wurde" />
      <extra dep="cop" ent_iob="2" ent_type="" head="2" lemma="werden" orig_paragraph="5" orth="wurde" pos="AUX" prefix="w" shape="xxxx" suffix="rde" tag="NE" />
    </node>
    <node ID="0.9" type="Word">
      <attributes paragraph="1" paragraph_position="9" text="t&#228;glich" />
      <extra dep="advmod" ent_iob="2" ent_type="" head="1" lemma="t&#228;glich" orig_paragraph="5" orth="t&#228;glich" pos="ADJ" prefix="t" shape="xxxx" suffix="ich" tag="ADJD" />
    </node>
    <node ID="0.10" type="Word">
      <attributes paragraph="1" paragraph_position="10" text="finsterer" />
      <extra dep="conj" ent_iob="2" ent_type="" head="-7" lemma="finster" orig_paragraph="5" orth="finsterer" pos="ADJ" prefix="f" shape="xxxx" suffix="rer" tag="ADJA" />
    </node>
    <node ID="0.11" type="Punctuation">
      <attributes paragraph="1" paragraph_position="11" text="." />
      <extra dep="punct" ent_iob="2" ent_type="" head="-8" lemma="." orig_paragraph="5" orth="." pos="PUNCT" prefix="." shape="." suffix="." tag="$." />
    </node>
  </layer>
  <layer layerID="1">
    <attributes />
    <node ID="1.1" type="FN">
      <attributes />
      <edge toID="1.2" type="H">
        <attributes />
        <category tag="H" />
      </edge>
      <edge toID="1.3" type="U">
        <attributes />
        <category tag="U" />
      </edge>
      <edge toID="1.4" type="H">
        <attributes />
        <category tag="H" />
      </edge>
    </node>
    <node ID="1.2" type="FN">
      <attributes />
      <edge toID="1.5" type="A">
        <attributes />
        <category tag="A" />
      </edge>
      <edge toID="1.6" type="P">
        <attributes />
        <category tag="P" />
      </edge>
    </node>
    <node ID="1.3" type="PNCT">
      <attributes />
      <edge toID="0.5" type="Terminal">
        <attributes />
        <category tag="Terminal" />
      </edge>
    </node>
    <node ID="1.4" type="FN">
      <attributes />
      <edge toID="1.7" type="A">
        <attributes />
        <category tag="A" />
      </edge>
      <edge toID="1.8" type="F">
        <attributes />
        <category tag="F" />
      </edge>
      <edge toID="1.9" type="D">
        <attributes />
        <category tag="D" />
      </edge>
      <edge toID="1.10" type="P">
        <attributes />
        <category tag="P" />
      </edge>
      <edge toID="1.11" type="U">
        <attributes />
        <category tag="U" />
      </edge>
    </node>
    <node ID="1.5" type="FN">
      <attributes />
      <edge toID="1.12" type="E">
        <attributes />
        <category tag="E" />
      </edge>
      <edge toID="1.13" type="C">
        <attributes />
        <category tag="C" />
      </edge>
    </node>
    <node ID="1.6" type="FN">
      <attributes />
      <edge toID="0.3" type="Terminal">
        <attributes />
        <category tag="Terminal" />
      </edge>
      <edge toID="0.4" type="Terminal">
        <attributes />
        <category tag="Terminal" />
      </edge>
    </node>
    <node ID="1.7" type="FN">
      <attributes />
      <edge toID="1.14" type="E">
        <attributes />
        <category tag="E" />
      </edge>
      <edge toID="1.15" type="C">
        <attributes />
        <category tag="C" />
      </edge>
    </node>
    <node ID="1.8" type="FN">
      <attributes />
      <edge toID="0.8" type="Terminal">
        <attributes />
        <category tag="Terminal" />
      </edge>
    </node>
    <node ID="1.9" type="FN">
      <attributes />
      <edge toID="0.9" type="Terminal">
        <attributes />
        <category tag="Terminal" />
      </edge>
    </node>
    <node ID="1.10" type="FN">
      <attributes />
      <edge toID="0.10" type="Terminal">
        <attributes />
        <category tag="Terminal" />
      </edge>
    </node>
    <node ID="1.11" type="PNCT">
      <attributes />
      <edge toID="0.11" type="Terminal">
        <attributes />
        <category tag="Terminal" />
      </edge>
    </node>
    <node ID="1.12" type="FN">
      <attributes />
      <edge toID="0.1" type="Terminal">
        <attributes />
        <category tag="Terminal" />
      </edge>
    </node>
    <node ID="1.13" type="FN">
      <attributes />
      <edge toID="0.2" type="Terminal">
        <attributes />
        <category tag="Terminal" />
      </edge>
    </node>
    <node ID="1.14" type="FN">
      <attributes />
      <edge toID="0.6" type="Terminal">
        <attributes />
        <category tag="Terminal" />
      </edge>
    </node>
    <node ID="1.15" type="FN">
      <attributes />
      <edge toID="0.7" type="Terminal">
        <attributes />
        <category tag="Terminal" />
      </edge>
    </node>
  </layer>
</root>
