<root annotationID="0" passageID="25818013">
  <attributes />
  <extra format="ucca" />
  <layer layerID="0">
    <attributes />
    <extra doc="[[[8770837055701338795, 17784187696877778905, 13264545156129351491, 97, 0, 2, 420, 4, 12204527652707022206, 3929483993944067416, 8770837055701338795], [5864527961345014045, 5864527961345014045, 9330139752921481772, 94, 0, 2, 426, 3, 4088098365541558500, 5097672513440128799, 5864527961345014045], [12508082737821923009, 12508082737821923009, 9068901972800807265, 93, 0, 2, 420, 1, 4370460163704169311, 7187156974425934, 12508082737821923009], [17670260333392965639, 17670260333392965639, 15308085513773655218, 99, 0, 2, 431, 1, 13110060611322374290, 13110760720460257827, 11090586419576673076], [4046909298659875441, null, 10223029614809230375, 99, 0, 2, 396, 10, 13110060611322374290, 15598372446745583797, 15425007702371471922], [5218199566914660295, 2479014303761381782, 16459489951230957934, 86, 0, 2, 402, -1, 13110060611322374290, 15817570140490810055, 4932520593635672838], [2593208677638477497, 2593208677638477497, 12261388825712162116, 96, 0, 2, 442, -2, 2593208677638477497, 2593208677638477497, 2593208677638477497], [9781598966686434415, 9781598966686434415, 85, 85, 0, 2, 397, 7, 4370460163704169311, 16978132545290669629, 9781598966686434415], [7532492794259638109, 15573012778503759517, 13528910128642776055, 86, 0, 2, 402, 6, 13110060611322374290, 260667111241363922, 18156557601795085805], [5864527961345014045, 5864527961345014045, 9330139752921481772, 94, 0, 2, 426, 5, 4088098365541558500, 5097672513440128799, 5864527961345014045], [2772313391959946859, 2772313391959946859, 11856006255221940381, 83, 0, 2, 397, 4, 13110060611322374290, 12247454108283186160, 5864527961345014045], [11978598486154730481, 11978598486154730481, 15042152720043500318, 85, 0, 2, 397, 3, 13110060611322374290, 8148669997605808657, 403527350404785839], [1417242165557439293, 3002984154512732771, 17274946937384965927, 89, 0, 2, 412, 2, 4088098365541558500, 5097672513440128799, 1417242165557439293], [17002106535942603233, 4838095557162896887, 17274946937384965927, 83, 0, 2, 399, 1, 13110060611322374290, 16562859848569467201, 11197236520932772837], [17090106522754752866, 17090106522754752866, 17015325344306543250, 99, 0, 2, 445, 0, 13110060611322374290, 15917291556903334389, 14856451825348452620], [12646065887601541794, 12646065887601541794, 17404231807887051932, 96, 0, 2, 442, -1, 12646065887601541794, 12646065887601541794, 12646065887601541794]], [], [], [], [], [], [], [], [], [], [], [], [], [], [], [], [], [], []]" />
    <node ID="0.1" type="Word">
      <attributes paragraph="1" paragraph_position="1" text="Da" />
      <extra dep="mark" ent_iob="2" ent_type="" head="4" lemma="da" orig_paragraph="13" orth="Da" pos="SCONJ" prefix="D" shape="Xx" suffix="Da" tag="KOUS" />
    </node>
    <node ID="0.2" type="Word">
      <attributes paragraph="1" paragraph_position="2" text="ich" />
      <extra dep="nsubj" ent_iob="2" ent_type="" head="3" lemma="ich" orig_paragraph="13" orth="ich" pos="PRON" prefix="i" shape="xxx" suffix="ich" tag="PPER" />
    </node>
    <node ID="0.3" type="Word">
      <attributes paragraph="1" paragraph_position="3" text="zu" />
      <extra dep="mark" ent_iob="2" ent_type="" head="1" lemma="zu" orig_paragraph="13" orth="zu" pos="PART" prefix="z" shape="xx" suffix="zu" tag="ADJA" />
    </node>
    <node ID="0.4" type="Word">
      <attributes paragraph="1" paragraph_position="4" text="fragen" />
      <extra dep="obj" ent_iob="2" ent_type="" head="1" lemma="fragen" orig_paragraph="13" orth="fragen" pos="VERB" prefix="f" shape="xxxx" suffix="gen" tag="NN" />
    </node>
    <node ID="0.5" type="Word">
      <attributes paragraph="1" paragraph_position="5" text="beschlossen" />
      <extra dep="advcl" ent_iob="2" ent_type="" head="10" lemma="beschlie&#223;en" orig_paragraph="13" orth="beschlossen" pos="VERB" prefix="b" shape="xxxx" suffix="sen" tag="VVPP" />
    </node>
    <node ID="0.6" type="Word">
      <attributes paragraph="1" paragraph_position="6" text="hatte" />
      <extra dep="aux" ent_iob="2" ent_type="" head="-1" lemma="haben" orig_paragraph="13" orth="hatte" pos="AUX" prefix="h" shape="xxxx" suffix="tte" tag="VAFIN" />
    </node>
    <node ID="0.7" type="Punctuation">
      <attributes paragraph="1" paragraph_position="7" text="," />
      <extra dep="punct" ent_iob="2" ent_type="" head="-2" lemma="," orig_paragraph="13" orth="," pos="PUNCT" prefix="," shape="," suffix="," tag="$," />
    </node>
    <node ID="0.8" type="Word">
      <attributes paragraph="1" paragraph_position="8" text="so" />
      <extra dep="advmod" ent_iob="2" ent_type="" head="7" lemma="so" orig_paragraph="13" orth="so" pos="ADV" prefix="s" shape="xx" suffix="so" tag="ADV" />
    </node>
    <node ID="0.9" type="Word">
      <attributes paragraph="1" paragraph_position="9" text="wollte" />
      <extra dep="aux" ent_iob="2" ent_type="" head="6" lemma="wollen" orig_paragraph="13" orth="wollte" pos="AUX" prefix="w" shape="xxxx" suffix="lte" tag="VMFIN" />
    </node>
    <node ID="0.10" type="Word">
      <attributes paragraph="1" paragraph_position="10" text="ich" />
      <extra dep="nsubj" ent_iob="2" ent_type="" head="5" lemma="ich" orig_paragraph="13" orth="ich" pos="PRON" prefix="i" shape="xxx" suffix="ich" tag="PPER" />
    </node>
    <node ID="0.11" type="Word">
      <attributes paragraph="1" paragraph_position="11" text="unverz&#252;glich" />
      <extra dep="advmod" ent_iob="2" ent_type="" head="4" lemma="unverz&#252;glich" orig_paragraph="13" orth="unverz&#252;glich" pos="ADJ" prefix="u" shape="xxxx" suffix="ich" tag="ADJD" />
    </node>
    <node ID="0.12" type="Word">
      <attributes paragraph="1" paragraph_position="12" text="damit" />
      <extra dep="advmod" ent_iob="2" ent_type="" head="3" lemma="damit" orig_paragraph="13" orth="damit" pos="ADV" prefix="d" shape="xxxx" suffix="mit" tag="PAV" />
    </node>
    <node ID="0.13" type="Word">
      <attributes paragraph="1" paragraph_position="13" text="ins" />
      <extra dep="det" ent_iob="2" ent_type="" head="2" lemma="in" orig_paragraph="13" orth="ins" pos="DET" prefix="i" shape="xxx" suffix="ins" tag="NE" />
    </node>
    <node ID="0.14" type="Word">
      <attributes paragraph="1" paragraph_position="14" text="reine" />
      <extra dep="amod" ent_iob="2" ent_type="" head="1" lemma="rein" orig_paragraph="13" orth="reine" pos="ADJ" prefix="r" shape="xxxx" suffix="ine" tag="NE" />
    </node>
    <node ID="0.15" type="Word">
      <attributes paragraph="1" paragraph_position="15" text="kommen" />
      <extra dep="root" ent_iob="2" ent_type="" head="-6" lemma="kommen" orig_paragraph="13" orth="kommen" pos="VERB" prefix="k" shape="xxxx" suffix="men" tag="VVINF" />
    </node>
    <node ID="0.16" type="Punctuation">
      <attributes paragraph="1" paragraph_position="16" text="." />
      <extra dep="punct" ent_iob="2" ent_type="" head="-1" lemma="." orig_paragraph="13" orth="." pos="PUNCT" prefix="." shape="." suffix="." tag="$." />
    </node>
  </layer>
  <layer layerID="1">
    <attributes />
    <node ID="1.1" type="FN">
      <attributes />
      <edge toID="1.2" type="L">
        <attributes />
        <category tag="L" />
      </edge>
      <edge toID="1.3" type="H">
        <attributes />
        <category tag="H" />
      </edge>
      <edge toID="1.4" type="U">
        <attributes />
        <category tag="U" />
      </edge>
      <edge toID="1.5" type="L">
        <attributes />
        <category tag="L" />
      </edge>
      <edge toID="1.6" type="H">
        <attributes />
        <category tag="H" />
      </edge>
    </node>
    <node ID="1.2" type="FN">
      <attributes />
      <edge toID="0.1" type="Terminal">
        <attributes />
        <category tag="Terminal" />
      </edge>
    </node>
    <node ID="1.3" type="FN">
      <attributes />
      <edge toID="1.7" type="A">
        <attributes />
        <category tag="A" />
      </edge>
      <edge toID="1.8" type="F">
        <attributes />
        <category tag="F" />
      </edge>
      <edge toID="1.9" type="P">
        <attributes />
        <category tag="P" />
      </edge>
      <edge toID="1.10" type="D">
        <attributes />
        <category tag="D" />
      </edge>
      <edge toID="1.11" type="F">
        <attributes />
        <category tag="F" />
      </edge>
    </node>
    <node ID="1.4" type="PNCT">
      <attributes />
      <edge toID="0.7" type="Terminal">
        <attributes />
        <category tag="Terminal" />
      </edge>
    </node>
    <node ID="1.5" type="FN">
      <attributes />
      <edge toID="0.8" type="Terminal">
        <attributes />
        <category tag="Terminal" />
      </edge>
    </node>
    <node ID="1.6" type="FN">
      <attributes />
      <edge toID="1.12" type="D">
        <attributes />
        <category tag="D" />
      </edge>
      <edge toID="1.13" type="A">
        <attributes />
        <category tag="A" />
      </edge>
      <edge toID="1.14" type="D">
        <attributes />
        <category tag="D" />
      </edge>
      <edge toID="1.15" type="A">
        <attributes />
        <category tag="A" />
      </edge>
      <edge toID="1.16" type="A">
        <attributes />
        <category tag="A" />
      </edge>
      <edge toID="1.17" type="P">
        <attributes />
        <category tag="P" />
      </edge>
      <edge toID="1.18" type="U">
        <attributes />
        <category tag="U" />
      </edge>
    </node>
    <node ID="1.7" type="FN">
      <attributes />
      <edge toID="0.2" type="Terminal">
        <attributes />
        <category tag="Terminal" />
      </edge>
    </node>
    <node ID="1.8" type="FN">
      <attributes />
      <edge toID="0.3" type="Terminal">
        <attributes />
        <category tag="Terminal" />
      </edge>
    </node>
    <node ID="1.9" type="FN">
      <attributes />
      <edge toID="0.4" type="Terminal">
        <attributes />
        <category tag="Terminal" />
      </edge>
    </node>
    <node ID="1.10" type="FN">
      <attributes />
      <edge toID="0.5" type="Terminal">
        <attributes />
        <category tag="Terminal" />
      </edge>
    </node>
    <node ID="1.11" type="FN">
      <attributes />
      <edge toID="0.6" type="Terminal">
        <attributes />
        <category tag="Terminal" />
      </edge>
    </node>
    <node ID="1.12" type="FN">
      <attributes />
      <edge toID="0.9" type="Terminal">
        <attributes />
        <category tag="Terminal" />
      </edge>
    </node>
    <node ID="1.13" type="FN">
      <attributes />
      <edge toID="0.10" type="Terminal">
        <attributes />
        <category tag="Terminal" />
      </edge>
    </node>
    <node ID="1.14" type="FN">
      <attributes />
      <edge toID="0.11" type="Terminal">
        <attributes />
        <category tag="Terminal" />
      </edge>
    </node>
    <node ID="1.15" type="FN">
      <attributes />
      <edge toID="0.12" type="Terminal">
        <attributes />
        <category tag="Terminal" />
      </edge>
    </node>
    <node ID="1.16" type="FN">
      <attributes />
      <edge toID="1.19" type="R">
        <attributes />
        <category tag="R" />
      </edge>
      <edge toID="1.20" type="C">
        <attributes />
        <category tag="C" />
      </edge>
    </node>
    <node ID="1.17" type="FN">
      <attributes />
      <edge toID="0.15" type="Terminal">
        <attributes />
        <category tag="Terminal" />
      </edge>
    </node>
    <node ID="1.18" type="PNCT">
      <attributes />
      <edge toID="0.16" type="Terminal">
        <attributes />
        <category tag="Terminal" />
      </edge>
    </node>
    <node ID="1.19" type="FN">
      <attributes />
      <edge toID="0.13" type="Terminal">
        <attributes />
        <category tag="Terminal" />
      </edge>
    </node>
    <node ID="1.20" type="FN">
      <attributes />
      <edge toID="0.14" type="Terminal">
        <attributes />
        <category tag="Terminal" />
      </edge>
    </node>
  </layer>
</root>
