<root annotationID="0" passageID="25817002">
  <attributes />
  <extra format="ucca" />
  <layer layerID="0">
    <attributes />
    <extra doc="[[[2962392279715359700, 15931089041693217225, 5092317722631983890, 94, 0, 2, 412, 1, 16072095006890171862, 3929483993944067416, 15047934436621572485], [14285953217642714937, 14285953217642714937, 15308085513773655218, 91, 0, 2, 432, 7, 10887629174180191697, 3209455878668673793, 13619076340639482504], [403527350404785839, 403527350404785839, 6794885307917495400, 84, 0, 2, 8110129090154140942, 3, 4088098365541558500, 646772771845179972, 403527350404785839], [8437571957895998648, 15192908731043726583, 6406657664862290459, 89, 0, 2, 412, 2, 13110060611322374290, 1720370409040345145, 8413212245620426949], [2127206337480511599, null, 9068901972800807265, 83, 0, 2, 399, 1, 13110060611322374290, 7187156974425934, 17541118948136595177], [4758670000176298807, 4758670000176298807, 15308085513773655218, 91, 0, 2, 423, -4, 10887629174180191697, 14230521632333904559, 5830257350971368881], [2029322578437581831, null, 6794885307917495400, 95, 0, 2, 2666271516716718244, -1, 16072095006890171862, 5582244037879929967, 6965706255091397354], [12508082737821923009, 12508082737821923009, 17274946937384965927, 93, 0, 2, 420, 1, 4370460163704169311, 7187156974425934, 12508082737821923009], [17468210774940935728, 17468210774940935728, 10675845091474465339, 99, 0, 2, 445, 0, 13110060611322374290, 15598372446745583797, 7970704286052693043], [1269071886833429403, 5817815807927905559, 85, 86, 0, 2, 408, 2, 4088098365541558500, 260667111241363922, 1269071886833429403], [17147576610794069713, 17831951380973366746, 9068901972800807265, 83, 0, 2, 399, 1, 13110060611322374290, 16978132545290669629, 18119152608922315876], [17618720483919199471, 17618720483919199471, 15308085513773655218, 91, 0, 2, 426, -3, 16072095006890171862, 10926178514336144719, 8260942817837933071], [12646065887601541794, 12646065887601541794, 17404231807887051932, 96, 0, 2, 442, -4, 12646065887601541794, 12646065887601541794, 12646065887601541794]], [], [], [], []]" />
    <node ID="0.1" type="Word">
      <attributes paragraph="1" paragraph_position="1" text="Diesem" />
      <extra dep="det" ent_iob="2" ent_type="" head="1" lemma="dies" orig_paragraph="1" orth="Diesem" pos="PRON" prefix="D" shape="Xxxxx" suffix="sem" tag="PDAT" />
    </node>
    <node ID="0.2" type="Word">
      <attributes paragraph="1" paragraph_position="2" text="Meer" />
      <extra dep="obl" ent_iob="2" ent_type="" head="7" lemma="Meer" orig_paragraph="1" orth="Meer" pos="NOUN" prefix="M" shape="Xxxx" suffix="eer" tag="NN" />
    </node>
    <node ID="0.3" type="Word">
      <attributes paragraph="1" paragraph_position="3" text="mit" />
      <extra dep="case" ent_iob="2" ent_type="" head="3" lemma="mit" orig_paragraph="1" orth="mit" pos="ADP" prefix="m" shape="xxx" suffix="mit" tag="APPR" />
    </node>
    <node ID="0.4" type="Word">
      <attributes paragraph="1" paragraph_position="4" text="einem" />
      <extra dep="det" ent_iob="2" ent_type="" head="2" lemma="ein" orig_paragraph="1" orth="einem" pos="DET" prefix="e" shape="xxxx" suffix="nem" tag="ART" />
    </node>
    <node ID="0.5" type="Word">
      <attributes paragraph="1" paragraph_position="5" text="zerbrechlichen" />
      <extra dep="amod" ent_iob="2" ent_type="" head="1" lemma="zerbrechlich" orig_paragraph="1" orth="zerbrechlichen" pos="ADJ" prefix="z" shape="xxxx" suffix="hen" tag="ADJA" />
    </node>
    <node ID="0.6" type="Word">
      <attributes paragraph="1" paragraph_position="6" text="Boot" />
      <extra dep="nmod" ent_iob="2" ent_type="" head="-4" lemma="Boot" orig_paragraph="1" orth="Boot" pos="NOUN" prefix="B" shape="Xxxx" suffix="oot" tag="NN" />
    </node>
    <node ID="0.7" type="Word">
      <attributes paragraph="1" paragraph_position="7" text="Trotz" />
      <extra dep="flat" ent_iob="2" ent_type="" head="-1" lemma="Trotzen" orig_paragraph="1" orth="Trotz" pos="PROPN" prefix="T" shape="Xxxxx" suffix="otz" tag="APPR" />
    </node>
    <node ID="0.8" type="Word">
      <attributes paragraph="1" paragraph_position="8" text="zu" />
      <extra dep="mark" ent_iob="2" ent_type="" head="1" lemma="zu" orig_paragraph="1" orth="zu" pos="PART" prefix="z" shape="xx" suffix="zu" tag="NE" />
    </node>
    <node ID="0.9" type="Word">
      <attributes paragraph="1" paragraph_position="9" text="bieten" />
      <extra dep="root" ent_iob="2" ent_type="" head="1" lemma="bieten" orig_paragraph="1" orth="bieten" pos="VERB" prefix="b" shape="xxxx" suffix="ten" tag="VVFIN" />
    </node>
    <node ID="0.10" type="Word">
      <attributes paragraph="1" paragraph_position="10" text="war" />
      <extra dep="cop" ent_iob="2" ent_type="" head="2" lemma="sein" orig_paragraph="1" orth="war" pos="AUX" prefix="w" shape="xxx" suffix="war" tag="ADV" />
    </node>
    <node ID="0.11" type="Word">
      <attributes paragraph="1" paragraph_position="11" text="sicheres" />
      <extra dep="amod" ent_iob="2" ent_type="" head="1" lemma="sicher" orig_paragraph="1" orth="sicheres" pos="ADJ" prefix="s" shape="xxxx" suffix="res" tag="ADJA" />
    </node>
    <node ID="0.12" type="Word">
      <attributes paragraph="1" paragraph_position="12" text="Verderben" />
      <extra dep="nsubj" ent_iob="2" ent_type="" head="-3" lemma="Verderben" orig_paragraph="1" orth="Verderben" pos="NOUN" prefix="V" shape="Xxxxx" suffix="ben" tag="NN" />
    </node>
    <node ID="0.13" type="Punctuation">
      <attributes paragraph="1" paragraph_position="13" text="." />
      <extra dep="punct" ent_iob="2" ent_type="" head="-4" lemma="." orig_paragraph="1" orth="." pos="PUNCT" prefix="." shape="." suffix="." tag="$." />
    </node>
  </layer>
  <layer layerID="1">
    <attributes />
    <node ID="1.1" type="FN">
      <attributes />
      <edge toID="1.2" type="H">
        <attributes />
        <category tag="H" />
      </edge>
    </node>
    <node ID="1.2" type="FN">
      <attributes />
      <edge toID="1.3" type="A">
        <attributes />
        <category tag="A" />
      </edge>
      <edge toID="1.4" type="A">
        <attributes />
        <category tag="A" />
      </edge>
      <edge toID="1.5" type="A">
        <attributes />
        <category tag="A" />
      </edge>
      <edge toID="1.6" type="F">
        <attributes />
        <category tag="F" />
      </edge>
      <edge toID="1.7" type="F">
        <attributes />
        <category tag="F" />
      </edge>
      <edge toID="1.8" type="D">
        <attributes />
        <category tag="D" />
      </edge>
      <edge toID="1.9" type="S">
        <attributes />
        <category tag="S" />
      </edge>
      <edge toID="1.10" type="U">
        <attributes />
        <category tag="U" />
      </edge>
    </node>
    <node ID="1.3" type="FN">
      <attributes />
      <edge toID="1.11" type="E">
        <attributes />
        <category tag="E" />
      </edge>
      <edge toID="1.12" type="C">
        <attributes />
        <category tag="C" />
      </edge>
    </node>
    <node ID="1.4" type="FN">
      <attributes />
      <edge toID="1.13" type="R">
        <attributes />
        <category tag="R" />
      </edge>
      <edge toID="1.14" type="E">
        <attributes />
        <category tag="E" />
      </edge>
      <edge toID="1.15" type="E">
        <attributes />
        <category tag="E" />
      </edge>
      <edge toID="1.16" type="C">
        <attributes />
        <category tag="C" />
      </edge>
    </node>
    <node ID="1.5" type="FN">
      <attributes />
      <edge toID="1.17" type="P">
        <attributes />
        <category tag="P" />
      </edge>
    </node>
    <node ID="1.6" type="FN">
      <attributes />
      <edge toID="0.8" type="Terminal">
        <attributes />
        <category tag="Terminal" />
      </edge>
    </node>
    <node ID="1.7" type="FN">
      <attributes />
      <edge toID="0.10" type="Terminal">
        <attributes />
        <category tag="Terminal" />
      </edge>
    </node>
    <node ID="1.8" type="FN">
      <attributes />
      <edge toID="0.11" type="Terminal">
        <attributes />
        <category tag="Terminal" />
      </edge>
    </node>
    <node ID="1.9" type="FN">
      <attributes />
      <edge toID="0.12" type="Terminal">
        <attributes />
        <category tag="Terminal" />
      </edge>
    </node>
    <node ID="1.10" type="PNCT">
      <attributes />
      <edge toID="0.13" type="Terminal">
        <attributes />
        <category tag="Terminal" />
      </edge>
    </node>
    <node ID="1.11" type="FN">
      <attributes />
      <edge toID="0.1" type="Terminal">
        <attributes />
        <category tag="Terminal" />
      </edge>
    </node>
    <node ID="1.12" type="FN">
      <attributes />
      <edge toID="0.2" type="Terminal">
        <attributes />
        <category tag="Terminal" />
      </edge>
    </node>
    <node ID="1.13" type="FN">
      <attributes />
      <edge toID="0.3" type="Terminal">
        <attributes />
        <category tag="Terminal" />
      </edge>
    </node>
    <node ID="1.14" type="FN">
      <attributes />
      <edge toID="0.4" type="Terminal">
        <attributes />
        <category tag="Terminal" />
      </edge>
    </node>
    <node ID="1.15" type="FN">
      <attributes />
      <edge toID="0.5" type="Terminal">
        <attributes />
        <category tag="Terminal" />
      </edge>
    </node>
    <node ID="1.16" type="FN">
      <attributes />
      <edge toID="0.6" type="Terminal">
        <attributes />
        <category tag="Terminal" />
      </edge>
    </node>
    <node ID="1.17" type="FN">
      <attributes />
      <edge toID="0.7" type="Terminal">
        <attributes />
        <category tag="Terminal" />
      </edge>
      <edge toID="0.9" type="Terminal">
        <attributes />
        <category tag="Terminal" />
      </edge>
    </node>
  </layer>
</root>
