<root annotationID="0" passageID="25817010">
  <attributes />
  <extra format="ucca" />
  <layer layerID="0">
    <attributes />
    <extra doc="[[[3126701799202552694, 5864527961345014045, 9330139752921481772, 94, 0, 2, 426, 1, 18200729499220207786, 4690420944186131903, 3126701799202552694], [16660275419628168143, 4341284639678364665, 10675845091474465339, 99, 0, 2, 445, 0, 13110060611322374290, 13110760720460257827, 18156557601795085805], [2593208677638477497, 2593208677638477497, 12261388825712162116, 96, 0, 2, 442, -1, 2593208677638477497, 2593208677638477497, 2593208677638477497], [18390846335711919857, 18390846335711919857, 2550391404972115923, 97, 0, 2, 420, 2, 4088098365541558500, 260667111241363922, 18390846335711919857], [16042591547380249544, 16042591547380249544, 9330139752921481772, 94, 0, 2, 426, 1, 4370460163704169311, 1720370409040345145, 16042591547380249544], [6875211792903078160, 6875211792903078160, 10675845091474465339, 99, 0, 2, 396, 6, 13110060611322374290, 2985121464356781022, 16957618830852774490], [16758105635101513843, 17354069643706185858, 9068901972800807265, 86, 0, 2, 402, -1, 13110060611322374290, 646772771845179972, 14322370493309098308], [2593208677638477497, 2593208677638477497, 12261388825712162116, 96, 0, 2, 442, 4, 2593208677638477497, 2593208677638477497, 2593208677638477497], [16003835020372419407, 16003835020372419407, 2550391404972115923, 88, 0, 2, 404, 3, 13110060611322374290, 8148669997605808657, 13607609072745310818], [130540849680294293, 130540849680294293, 85, 85, 0, 2, 397, 2, 13110060611322374290, 11901859001352538922, 12877438759000667980], [15528541230100913379, 5864527961345014045, 3443513148085174024, 94, 0, 2, 431, 1, 13110060611322374290, 646772771845179972, 5864527961345014045], [11653376627329396003, 8576055387461268343, 10675845091474465339, 99, 0, 2, 396, -10, 13110060611322374290, 15598372446745583797, 4958144247407165748], [2666547246678678851, 9250722957692387333, 9009853383461569577, 89, 0, 2, 412, 1, 4088098365541558500, 8148669997605808657, 2666547246678678851], [14390287107683410861, 14390287107683410861, 14411128152957788988, 91, 0, 2, 426, -2, 16072095006890171862, 9350754067018752509, 9329417836777437902], [12646065887601541794, 12646065887601541794, 17404231807887051932, 96, 0, 2, 442, -13, 12646065887601541794, 12646065887601541794, 12646065887601541794]], [], [], [], []]" />
    <node ID="0.1" type="Word">
      <attributes paragraph="1" paragraph_position="1" text="Ich" />
      <extra dep="nsubj" ent_iob="2" ent_type="" head="1" lemma="ich" orig_paragraph="5" orth="Ich" pos="PRON" prefix="I" shape="Xxx" suffix="Ich" tag="PPER" />
    </node>
    <node ID="0.2" type="Word">
      <attributes paragraph="1" paragraph_position="2" text="f&#252;hlte" />
      <extra dep="root" ent_iob="2" ent_type="" head="0" lemma="f&#252;hlen" orig_paragraph="5" orth="f&#252;hlte" pos="VERB" prefix="f" shape="xxxx" suffix="lte" tag="VVFIN" />
    </node>
    <node ID="0.3" type="Punctuation">
      <attributes paragraph="1" paragraph_position="3" text="," />
      <extra dep="punct" ent_iob="2" ent_type="" head="-1" lemma="," orig_paragraph="5" orth="," pos="PUNCT" prefix="," shape="," suffix="," tag="$," />
    </node>
    <node ID="0.4" type="Word">
      <attributes paragraph="1" paragraph_position="4" text="wie" />
      <extra dep="mark" ent_iob="2" ent_type="" head="2" lemma="wie" orig_paragraph="5" orth="wie" pos="SCONJ" prefix="w" shape="xxx" suffix="wie" tag="KON" />
    </node>
    <node ID="0.5" type="Word">
      <attributes paragraph="1" paragraph_position="5" text="er" />
      <extra dep="nsubj" ent_iob="2" ent_type="" head="1" lemma="er" orig_paragraph="5" orth="er" pos="PRON" prefix="e" shape="xx" suffix="er" tag="PPER" />
    </node>
    <node ID="0.6" type="Word">
      <attributes paragraph="1" paragraph_position="6" text="leiden" />
      <extra dep="advcl" ent_iob="2" ent_type="" head="6" lemma="leiden" orig_paragraph="5" orth="leiden" pos="VERB" prefix="l" shape="xxxx" suffix="den" tag="VVFIN" />
    </node>
    <node ID="0.7" type="Word">
      <attributes paragraph="1" paragraph_position="7" text="musste" />
      <extra dep="aux" ent_iob="2" ent_type="" head="-1" lemma="m&#252;ssen" orig_paragraph="5" orth="musste" pos="AUX" prefix="m" shape="xxxx" suffix="ste" tag="ADJA" />
    </node>
    <node ID="0.8" type="Punctuation">
      <attributes paragraph="1" paragraph_position="8" text="," />
      <extra dep="punct" ent_iob="2" ent_type="" head="4" lemma="," orig_paragraph="5" orth="," pos="PUNCT" prefix="," shape="," suffix="," tag="$," />
    </node>
    <node ID="0.9" type="Word">
      <attributes paragraph="1" paragraph_position="9" text="denn" />
      <extra dep="cc" ent_iob="2" ent_type="" head="3" lemma="denn" orig_paragraph="5" orth="denn" pos="CCONJ" prefix="d" shape="xxxx" suffix="enn" tag="KON" />
    </node>
    <node ID="0.10" type="Word">
      <attributes paragraph="1" paragraph_position="10" text="auch" />
      <extra dep="advmod" ent_iob="2" ent_type="" head="2" lemma="auch" orig_paragraph="5" orth="auch" pos="ADV" prefix="a" shape="xxxx" suffix="uch" tag="ADV" />
    </node>
    <node ID="0.11" type="Word">
      <attributes paragraph="1" paragraph_position="11" text="mich" />
      <extra dep="obj" ent_iob="2" ent_type="" head="1" lemma="ich" orig_paragraph="5" orth="mich" pos="PRON" prefix="m" shape="xxxx" suffix="ich" tag="PRF" />
    </node>
    <node ID="0.12" type="Word">
      <attributes paragraph="1" paragraph_position="12" text="befiel" />
      <extra dep="advcl" ent_iob="2" ent_type="" head="-10" lemma="befallen" orig_paragraph="5" orth="befiel" pos="VERB" prefix="b" shape="xxxx" suffix="iel" tag="VVFIN" />
    </node>
    <node ID="0.13" type="Word">
      <attributes paragraph="1" paragraph_position="13" text="das" />
      <extra dep="det" ent_iob="2" ent_type="" head="1" lemma="der" orig_paragraph="5" orth="das" pos="DET" prefix="d" shape="xxx" suffix="das" tag="PDS" />
    </node>
    <node ID="0.14" type="Word">
      <attributes paragraph="1" paragraph_position="14" text="Heimweh" />
      <extra dep="nsubj" ent_iob="2" ent_type="" head="-2" lemma="Heimweh" orig_paragraph="5" orth="Heimweh" pos="NOUN" prefix="H" shape="Xxxxx" suffix="weh" tag="PTKVZ" />
    </node>
    <node ID="0.15" type="Punctuation">
      <attributes paragraph="1" paragraph_position="15" text="." />
      <extra dep="punct" ent_iob="2" ent_type="" head="-13" lemma="." orig_paragraph="5" orth="." pos="PUNCT" prefix="." shape="." suffix="." tag="$." />
    </node>
  </layer>
  <layer layerID="1">
    <attributes />
    <node ID="1.1" type="FN">
      <attributes />
      <edge toID="1.2" type="H">
        <attributes />
        <category tag="H" />
      </edge>
      <edge toID="1.3" type="U">
        <attributes />
        <category tag="U" />
      </edge>
      <edge toID="1.4" type="L">
        <attributes />
        <category tag="L" />
      </edge>
      <edge toID="1.5" type="H">
        <attributes />
        <category tag="H" />
      </edge>
    </node>
    <node ID="1.2" type="FN">
      <attributes />
      <edge toID="1.6" type="A">
        <attributes />
        <category tag="A" />
      </edge>
      <edge toID="1.7" type="P">
        <attributes />
        <category tag="P" />
      </edge>
      <edge toID="1.8" type="U">
        <attributes />
        <category tag="U" />
      </edge>
      <edge toID="1.9" type="A">
        <attributes />
        <category tag="A" />
      </edge>
    </node>
    <node ID="1.3" type="PNCT">
      <attributes />
      <edge toID="0.8" type="Terminal">
        <attributes />
        <category tag="Terminal" />
      </edge>
    </node>
    <node ID="1.4" type="FN">
      <attributes />
      <edge toID="0.9" type="Terminal">
        <attributes />
        <category tag="Terminal" />
      </edge>
    </node>
    <node ID="1.5" type="FN">
      <attributes />
      <edge toID="1.10" type="D">
        <attributes />
        <category tag="D" />
      </edge>
      <edge toID="1.11" type="A">
        <attributes />
        <category tag="A" />
      </edge>
      <edge toID="1.12" type="P">
        <attributes />
        <category tag="P" />
      </edge>
      <edge toID="1.13" type="A">
        <attributes />
        <category tag="A" />
      </edge>
    </node>
    <node ID="1.6" type="FN">
      <attributes />
      <edge toID="0.1" type="Terminal">
        <attributes />
        <category tag="Terminal" />
      </edge>
    </node>
    <node ID="1.7" type="FN">
      <attributes />
      <edge toID="0.2" type="Terminal">
        <attributes />
        <category tag="Terminal" />
      </edge>
    </node>
    <node ID="1.8" type="PNCT">
      <attributes />
      <edge toID="0.3" type="Terminal">
        <attributes />
        <category tag="Terminal" />
      </edge>
    </node>
    <node ID="1.9" type="FN">
      <attributes />
      <edge toID="1.14" type="R">
        <attributes />
        <category tag="R" />
      </edge>
      <edge toID="1.15" type="A">
        <attributes />
        <category tag="A" />
      </edge>
      <edge toID="1.16" type="P">
        <attributes />
        <category tag="P" />
      </edge>
      <edge toID="1.17" type="D">
        <attributes />
        <category tag="D" />
      </edge>
    </node>
    <node ID="1.10" type="FN">
      <attributes />
      <edge toID="0.10" type="Terminal">
        <attributes />
        <category tag="Terminal" />
      </edge>
    </node>
    <node ID="1.11" type="FN">
      <attributes />
      <edge toID="0.11" type="Terminal">
        <attributes />
        <category tag="Terminal" />
      </edge>
    </node>
    <node ID="1.12" type="FN">
      <attributes />
      <edge toID="0.12" type="Terminal">
        <attributes />
        <category tag="Terminal" />
      </edge>
    </node>
    <node ID="1.13" type="FN">
      <attributes />
      <edge toID="1.18" type="E">
        <attributes />
        <category tag="E" />
      </edge>
      <edge toID="1.19" type="C">
        <attributes />
        <category tag="C" />
      </edge>
      <edge toID="1.20" type="U">
        <attributes />
        <category tag="U" />
      </edge>
    </node>
    <node ID="1.14" type="FN">
      <attributes />
      <edge toID="0.4" type="Terminal">
        <attributes />
        <category tag="Terminal" />
      </edge>
    </node>
    <node ID="1.15" type="FN">
      <attributes />
      <edge toID="0.5" type="Terminal">
        <attributes />
        <category tag="Terminal" />
      </edge>
    </node>
    <node ID="1.16" type="FN">
      <attributes />
      <edge toID="0.6" type="Terminal">
        <attributes />
        <category tag="Terminal" />
      </edge>
    </node>
    <node ID="1.17" type="FN">
      <attributes />
      <edge toID="0.7" type="Terminal">
        <attributes />
        <category tag="Terminal" />
      </edge>
    </node>
    <node ID="1.18" type="FN">
      <attributes />
      <edge toID="0.13" type="Terminal">
        <attributes />
        <category tag="Terminal" />
      </edge>
    </node>
    <node ID="1.19" type="FN">
      <attributes />
      <edge toID="0.14" type="Terminal">
        <attributes />
        <category tag="Terminal" />
      </edge>
    </node>
    <node ID="1.20" type="PNCT">
      <attributes />
      <edge toID="0.15" type="Terminal">
        <attributes />
        <category tag="Terminal" />
      </edge>
    </node>
  </layer>
</root>
