<root annotationID="0" passageID="25818016">
  <attributes />
  <extra format="ucca" />
  <layer layerID="0">
    <attributes />
    <extra doc="[[[6709865152477851751, 11636831397600301969, 85, 85, 0, 2, 397, 1, 10887629174180191697, 9350754067018752509, 14983792334920777924], [14918226042736122276, 4009191010602699072, 10675845091474465339, 99, 0, 2, 445, 0, 13110060611322374290, 15817570140490810055, 7674016154577261214], [5864527961345014045, 5864527961345014045, 9330139752921481772, 94, 0, 2, 426, -1, 4088098365541558500, 5097672513440128799, 5864527961345014045], [16957618830852774490, 9250722957692387333, 6406657664862290459, 89, 0, 2, 412, 1, 4088098365541558500, 8148669997605808657, 16957618830852774490], [13392642364380995863, 13392642364380995863, 15308085513773655218, 91, 0, 2, 431, -3, 16072095006890171862, 8656007278630577320, 11459100825914725836], [205941294864397889, 205941294864397889, 14411128152957788988, 84, 0, 2, 2008358639898919775, -4, 4088098365541558500, 11901859001352538922, 205941294864397889], [11593690929944126543, 11593690929944126543, 17274946937384965927, 88, 0, 2, 404, 2, 4088098365541558500, 12247454108283186160, 11593690929944126543], [6606101647874324205, 6606101647874324205, 14411128152957788988, 93, 0, 2, 420, 1, 4370460163704169311, 11901859001352538922, 6606101647874324205], [13851756645724982237, 13851756645724982237, 17015325344306543250, 99, 0, 2, 407, -7, 13110060611322374290, 6217145520856553898, 17541118948136595177], [12646065887601541794, 12646065887601541794, 17404231807887051932, 96, 0, 2, 442, -8, 12646065887601541794, 12646065887601541794, 12646065887601541794]], [], [], [], [], [], [], [], [], [], [], [], [], [], [], [], [], [], []]" />
    <node ID="0.1" type="Word">
      <attributes paragraph="1" paragraph_position="1" text="Hier" />
      <extra dep="advmod" ent_iob="2" ent_type="" head="1" lemma="hier" orig_paragraph="14" orth="Hier" pos="ADV" prefix="H" shape="Xxxx" suffix="ier" tag="ADV" />
    </node>
    <node ID="0.2" type="Word">
      <attributes paragraph="1" paragraph_position="2" text="h&#246;rte" />
      <extra dep="root" ent_iob="2" ent_type="" head="0" lemma="h&#246;ren" orig_paragraph="14" orth="h&#246;rte" pos="VERB" prefix="h" shape="xxxx" suffix="rte" tag="VVFIN" />
    </node>
    <node ID="0.3" type="Word">
      <attributes paragraph="1" paragraph_position="3" text="ich" />
      <extra dep="nsubj" ent_iob="2" ent_type="" head="-1" lemma="ich" orig_paragraph="14" orth="ich" pos="PRON" prefix="i" shape="xxx" suffix="ich" tag="PPER" />
    </node>
    <node ID="0.4" type="Word">
      <attributes paragraph="1" paragraph_position="4" text="den" />
      <extra dep="det" ent_iob="2" ent_type="" head="1" lemma="der" orig_paragraph="14" orth="den" pos="DET" prefix="d" shape="xxx" suffix="den" tag="ART" />
    </node>
    <node ID="0.5" type="Word">
      <attributes paragraph="1" paragraph_position="5" text="Kapit&#228;n" />
      <extra dep="obj" ent_iob="2" ent_type="" head="-3" lemma="Kapit&#228;n" orig_paragraph="14" orth="Kapit&#228;n" pos="NOUN" prefix="K" shape="Xxxxx" suffix="t&#228;n" tag="NN" />
    </node>
    <node ID="0.6" type="Word">
      <attributes paragraph="1" paragraph_position="6" text="auf" />
      <extra dep="compound:prt" ent_iob="2" ent_type="" head="-4" lemma="auf" orig_paragraph="14" orth="auf" pos="ADP" prefix="a" shape="xxx" suffix="auf" tag="PTKVZ" />
    </node>
    <node ID="0.7" type="Word">
      <attributes paragraph="1" paragraph_position="7" text="und" />
      <extra dep="cc" ent_iob="2" ent_type="" head="2" lemma="und" orig_paragraph="14" orth="und" pos="CCONJ" prefix="u" shape="xxx" suffix="und" tag="NE" />
    </node>
    <node ID="0.8" type="Word">
      <attributes paragraph="1" paragraph_position="8" text="ab" />
      <extra dep="mark" ent_iob="2" ent_type="" head="1" lemma="ab" orig_paragraph="14" orth="ab" pos="PART" prefix="a" shape="xx" suffix="ab" tag="PTKVZ" />
    </node>
    <node ID="0.9" type="Word">
      <attributes paragraph="1" paragraph_position="9" text="gehen" />
      <extra dep="conj" ent_iob="2" ent_type="" head="-7" lemma="gehen" orig_paragraph="14" orth="gehen" pos="VERB" prefix="g" shape="xxxx" suffix="hen" tag="VVINF" />
    </node>
    <node ID="0.10" type="Punctuation">
      <attributes paragraph="1" paragraph_position="10" text="." />
      <extra dep="punct" ent_iob="2" ent_type="" head="-8" lemma="." orig_paragraph="14" orth="." pos="PUNCT" prefix="." shape="." suffix="." tag="$." />
    </node>
  </layer>
  <layer layerID="1">
    <attributes />
    <node ID="1.1" type="FN">
      <attributes />
      <edge toID="1.2" type="H">
        <attributes />
        <category tag="H" />
      </edge>
      <edge toID="1.3" type="L">
        <attributes />
        <category tag="L" />
      </edge>
      <edge toID="1.4" type="H">
        <attributes />
        <category tag="H" />
      </edge>
    </node>
    <node ID="1.2" type="FN">
      <attributes />
      <edge toID="1.5" type="A">
        <attributes />
        <category tag="A" />
      </edge>
      <edge toID="1.6" type="P">
        <attributes />
        <category tag="P" />
      </edge>
      <edge toID="1.7" type="A">
        <attributes />
        <category tag="A" />
      </edge>
      <edge toID="1.8" type="A">
        <attributes />
        <category tag="A" />
      </edge>
    </node>
    <node ID="1.3" type="FN">
      <attributes />
      <edge toID="0.7" type="Terminal">
        <attributes />
        <category tag="Terminal" />
      </edge>
    </node>
    <node ID="1.4" type="FN">
      <attributes />
      <edge toID="1.7" type="A">
        <attributes remote="True" />
        <category tag="A" />
      </edge>
      <edge toID="1.9" type="P">
        <attributes />
        <category tag="P" />
      </edge>
      <edge toID="1.10" type="U">
        <attributes />
        <category tag="U" />
      </edge>
    </node>
    <node ID="1.5" type="FN">
      <attributes />
      <edge toID="0.1" type="Terminal">
        <attributes />
        <category tag="Terminal" />
      </edge>
    </node>
    <node ID="1.6" type="FN">
      <attributes />
      <edge toID="0.2" type="Terminal">
        <attributes />
        <category tag="Terminal" />
      </edge>
      <edge toID="0.6" type="Terminal">
        <attributes />
        <category tag="Terminal" />
      </edge>
    </node>
    <node ID="1.7" type="FN">
      <attributes />
      <edge toID="0.3" type="Terminal">
        <attributes />
        <category tag="Terminal" />
      </edge>
    </node>
    <node ID="1.8" type="FN">
      <attributes />
      <edge toID="1.11" type="E">
        <attributes />
        <category tag="E" />
      </edge>
      <edge toID="1.12" type="C">
        <attributes />
        <category tag="C" />
      </edge>
    </node>
    <node ID="1.9" type="FN">
      <attributes />
      <edge toID="0.8" type="Terminal">
        <attributes />
        <category tag="Terminal" />
      </edge>
      <edge toID="0.9" type="Terminal">
        <attributes />
        <category tag="Terminal" />
      </edge>
    </node>
    <node ID="1.10" type="PNCT">
      <attributes />
      <edge toID="0.10" type="Terminal">
        <attributes />
        <category tag="Terminal" />
      </edge>
    </node>
    <node ID="1.11" type="FN">
      <attributes />
      <edge toID="0.4" type="Terminal">
        <attributes />
        <category tag="Terminal" />
      </edge>
    </node>
    <node ID="1.12" type="FN">
      <attributes />
      <edge toID="0.5" type="Terminal">
        <attributes />
        <category tag="Terminal" />
      </edge>
    </node>
  </layer>
</root>
