<root annotationID="0" passageID="25816002">
  <attributes />
  <extra format="ucca" />
  <layer layerID="0">
    <attributes />
    <extra doc="[[[17831099778462416609, 3002984154512732771, 6794885307917495400, 84, 0, 2, 8110129090154140942, 2, 12204527652707022206, 4690420944186131903, 17831099778462416609], [8213955003822771937, 15931089041693217225, 5092317722631983890, 94, 0, 2, 412, 1, 13110060611322374290, 8148669997605808657, 15047934436621572485], [11135654448830995623, 11135654448830995623, 15308085513773655218, 91, 0, 2, 423, 3, 16072095006890171862, 14862748245026736845, 4162776279516314175], [17652895185554004816, null, 10675845091474465339, 86, 0, 2, 408, 2, 13110060611322374290, 15598372446745583797, 6469151226700973220], [3573116604670608395, 9250722957692387333, 6406657664862290459, 89, 0, 2, 412, 1, 4088098365541558500, 8148669997605808657, 3573116604670608395], [17905429301607462081, 17905429301607462081, 15308085513773655218, 91, 0, 2, 445, 0, 16072095006890171862, 16829822105563051112, 9412122969883391327], [6923696665978021163, 9250722957692387333, 6406657664862290459, 89, 0, 2, 412, 1, 4088098365541558500, 8148669997605808657, 6923696665978021163], [12439032580418255480, null, 15308085513773655218, 91, 0, 2, 423, -2, 16627623237267252970, 16829822105563051112, 7165277417979530448], [15180167692696242062, 15180167692696242062, 2689273639941441550, 92, 0, 2, 12837356684637874264, 1, 8148669997605808657, 15180167692696242062, 15180167692696242062], [6687134860147892390, 6687134860147892390, 15308085513773655218, 91, 0, 2, 400, -2, 16072095006890171862, 3209455878668673793, 16111258787187009011], [4522981160172931067, 4522981160172931067, 2689273639941441550, 92, 0, 2, 400, -1, 4620368362210911820, 15180167692696242062, 4522981160172931067], [3002984154512732771, 3002984154512732771, 6794885307917495400, 84, 0, 2, 8110129090154140942, 2, 4370460163704169311, 5097672513440128799, 3002984154512732771], [9250722957692387333, 9250722957692387333, 6406657664862290459, 89, 0, 2, 412, 1, 4088098365541558500, 8148669997605808657, 9250722957692387333], [5659478701495082054, null, 15308085513773655218, 91, 0, 2, 423, -8, 16072095006890171862, 12290980237632234855, 10576201942903268945], [12646065887601541794, 12646065887601541794, 17404231807887051932, 96, 0, 2, 442, -9, 12646065887601541794, 12646065887601541794, 12646065887601541794]], [], [], [], []]" />
    <node ID="0.1" type="Word">
      <attributes paragraph="1" paragraph_position="1" text="In" />
      <extra dep="case" ent_iob="2" ent_type="" head="2" lemma="in" orig_paragraph="3" orth="In" pos="ADP" prefix="I" shape="Xx" suffix="In" tag="APPR" />
    </node>
    <node ID="0.2" type="Word">
      <attributes paragraph="1" paragraph_position="2" text="diesem" />
      <extra dep="det" ent_iob="2" ent_type="" head="1" lemma="dies" orig_paragraph="3" orth="diesem" pos="PRON" prefix="d" shape="xxxx" suffix="sem" tag="PDAT" />
    </node>
    <node ID="0.3" type="Word">
      <attributes paragraph="1" paragraph_position="3" text="Augenblick" />
      <extra dep="nmod" ent_iob="2" ent_type="" head="3" lemma="Augenblick" orig_paragraph="3" orth="Augenblick" pos="NOUN" prefix="A" shape="Xxxxx" suffix="ick" tag="NN" />
    </node>
    <node ID="0.4" type="Word">
      <attributes paragraph="1" paragraph_position="4" text="betrug" />
      <extra dep="cop" ent_iob="2" ent_type="" head="2" lemma="betragen" orig_paragraph="3" orth="betrug" pos="AUX" prefix="b" shape="xxxx" suffix="rug" tag="VVFIN" />
    </node>
    <node ID="0.5" type="Word">
      <attributes paragraph="1" paragraph_position="5" text="die" />
      <extra dep="det" ent_iob="2" ent_type="" head="1" lemma="der" orig_paragraph="3" orth="die" pos="DET" prefix="d" shape="xxx" suffix="die" tag="ART" />
    </node>
    <node ID="0.6" type="Word">
      <attributes paragraph="1" paragraph_position="6" text="Geschwindigkeit" />
      <extra dep="root" ent_iob="2" ent_type="" head="-2" lemma="Geschwindigkeit" orig_paragraph="3" orth="Geschwindigkeit" pos="NOUN" prefix="G" shape="Xxxxx" suffix="eit" tag="NN" />
    </node>
    <node ID="0.7" type="Word">
      <attributes paragraph="1" paragraph_position="7" text="des" />
      <extra dep="det" ent_iob="2" ent_type="" head="1" lemma="der" orig_paragraph="3" orth="des" pos="DET" prefix="d" shape="xxx" suffix="des" tag="ART" />
    </node>
    <node ID="0.8" type="Word">
      <attributes paragraph="1" paragraph_position="8" text="Golf-stroms" />
      <extra dep="nmod" ent_iob="2" ent_type="" head="-2" lemma="Golf-strom" orig_paragraph="3" orth="Golf-stroms" pos="NOUN" prefix="G" shape="Xxxx-xxxx" suffix="oms" tag="NN" />
    </node>
    <node ID="0.9" type="Word">
      <attributes paragraph="1" paragraph_position="9" text="2" />
      <extra dep="nummod" ent_iob="2" ent_type="" head="1" lemma="2" orig_paragraph="3" orth="2" pos="NUM" prefix="2" shape="d" suffix="2" tag="CARD" />
    </node>
    <node ID="0.10" type="Word">
      <attributes paragraph="1" paragraph_position="10" text="Meter" />
      <extra dep="appos" ent_iob="2" ent_type="" head="-2" lemma="Meter" orig_paragraph="3" orth="Meter" pos="NOUN" prefix="M" shape="Xxxxx" suffix="ter" tag="NN" />
    </node>
    <node ID="0.11" type="Word">
      <attributes paragraph="1" paragraph_position="11" text="25" />
      <extra dep="appos" ent_iob="2" ent_type="" head="-1" lemma="25" orig_paragraph="3" orth="25" pos="NUM" prefix="2" shape="dd" suffix="25" tag="CARD" />
    </node>
    <node ID="0.12" type="Word">
      <attributes paragraph="1" paragraph_position="12" text="in" />
      <extra dep="case" ent_iob="2" ent_type="" head="2" lemma="in" orig_paragraph="3" orth="in" pos="ADP" prefix="i" shape="xx" suffix="in" tag="APPR" />
    </node>
    <node ID="0.13" type="Word">
      <attributes paragraph="1" paragraph_position="13" text="der" />
      <extra dep="det" ent_iob="2" ent_type="" head="1" lemma="der" orig_paragraph="3" orth="der" pos="DET" prefix="d" shape="xxx" suffix="der" tag="ART" />
    </node>
    <node ID="0.14" type="Word">
      <attributes paragraph="1" paragraph_position="14" text="Sekunde" />
      <extra dep="nmod" ent_iob="2" ent_type="" head="-8" lemma="Sekund" orig_paragraph="3" orth="Sekunde" pos="NOUN" prefix="S" shape="Xxxxx" suffix="nde" tag="NN" />
    </node>
    <node ID="0.15" type="Punctuation">
      <attributes paragraph="1" paragraph_position="15" text="." />
      <extra dep="punct" ent_iob="2" ent_type="" head="-9" lemma="." orig_paragraph="3" orth="." pos="PUNCT" prefix="." shape="." suffix="." tag="$." />
    </node>
  </layer>
  <layer layerID="1">
    <attributes />
    <node ID="1.1" type="FN">
      <attributes />
      <edge toID="1.2" type="H">
        <attributes />
        <category tag="H" />
      </edge>
    </node>
    <node ID="1.2" type="FN">
      <attributes />
      <edge toID="1.3" type="D">
        <attributes />
        <category tag="D" />
      </edge>
      <edge toID="1.4" type="P">
        <attributes />
        <category tag="P" />
      </edge>
      <edge toID="1.5" type="A">
        <attributes />
        <category tag="A" />
      </edge>
      <edge toID="1.6" type="A">
        <attributes />
        <category tag="A" />
      </edge>
      <edge toID="1.7" type="A">
        <attributes />
        <category tag="A" />
      </edge>
    </node>
    <node ID="1.3" type="FN">
      <attributes />
      <edge toID="1.8" type="R">
        <attributes />
        <category tag="R" />
      </edge>
      <edge toID="1.9" type="E">
        <attributes />
        <category tag="E" />
      </edge>
      <edge toID="1.10" type="C">
        <attributes />
        <category tag="C" />
      </edge>
    </node>
    <node ID="1.4" type="FN">
      <attributes />
      <edge toID="0.4" type="Terminal">
        <attributes />
        <category tag="Terminal" />
      </edge>
      <edge toID="0.11" type="Terminal">
        <attributes />
        <category tag="Terminal" />
      </edge>
    </node>
    <node ID="1.5" type="FN">
      <attributes />
      <edge toID="1.11" type="E">
        <attributes />
        <category tag="E" />
      </edge>
      <edge toID="1.12" type="C">
        <attributes />
        <category tag="C" />
      </edge>
      <edge toID="1.13" type="E">
        <attributes />
        <category tag="E" />
      </edge>
    </node>
    <node ID="1.6" type="FN">
      <attributes />
      <edge toID="1.14" type="E">
        <attributes />
        <category tag="E" />
      </edge>
      <edge toID="1.15" type="C">
        <attributes />
        <category tag="C" />
      </edge>
    </node>
    <node ID="1.7" type="FN">
      <attributes />
      <edge toID="1.16" type="R">
        <attributes />
        <category tag="R" />
      </edge>
      <edge toID="1.17" type="E">
        <attributes />
        <category tag="E" />
      </edge>
      <edge toID="1.18" type="C">
        <attributes />
        <category tag="C" />
      </edge>
      <edge toID="1.19" type="U">
        <attributes />
        <category tag="U" />
      </edge>
    </node>
    <node ID="1.8" type="FN">
      <attributes />
      <edge toID="0.1" type="Terminal">
        <attributes />
        <category tag="Terminal" />
      </edge>
    </node>
    <node ID="1.9" type="FN">
      <attributes />
      <edge toID="0.2" type="Terminal">
        <attributes />
        <category tag="Terminal" />
      </edge>
    </node>
    <node ID="1.10" type="FN">
      <attributes />
      <edge toID="0.3" type="Terminal">
        <attributes />
        <category tag="Terminal" />
      </edge>
    </node>
    <node ID="1.11" type="FN">
      <attributes />
      <edge toID="0.5" type="Terminal">
        <attributes />
        <category tag="Terminal" />
      </edge>
    </node>
    <node ID="1.12" type="FN">
      <attributes />
      <edge toID="0.6" type="Terminal">
        <attributes />
        <category tag="Terminal" />
      </edge>
    </node>
    <node ID="1.13" type="FN">
      <attributes />
      <edge toID="1.20" type="R">
        <attributes />
        <category tag="R" />
      </edge>
      <edge toID="1.21" type="C">
        <attributes />
        <category tag="C" />
      </edge>
    </node>
    <node ID="1.14" type="FN">
      <attributes />
      <edge toID="0.9" type="Terminal">
        <attributes />
        <category tag="Terminal" />
      </edge>
    </node>
    <node ID="1.15" type="FN">
      <attributes />
      <edge toID="0.10" type="Terminal">
        <attributes />
        <category tag="Terminal" />
      </edge>
    </node>
    <node ID="1.16" type="FN">
      <attributes />
      <edge toID="0.12" type="Terminal">
        <attributes />
        <category tag="Terminal" />
      </edge>
    </node>
    <node ID="1.17" type="FN">
      <attributes />
      <edge toID="0.13" type="Terminal">
        <attributes />
        <category tag="Terminal" />
      </edge>
    </node>
    <node ID="1.18" type="FN">
      <attributes />
      <edge toID="0.14" type="Terminal">
        <attributes />
        <category tag="Terminal" />
      </edge>
    </node>
    <node ID="1.19" type="PNCT">
      <attributes />
      <edge toID="0.15" type="Terminal">
        <attributes />
        <category tag="Terminal" />
      </edge>
    </node>
    <node ID="1.20" type="FN">
      <attributes />
      <edge toID="0.7" type="Terminal">
        <attributes />
        <category tag="Terminal" />
      </edge>
    </node>
    <node ID="1.21" type="FN">
      <attributes />
      <edge toID="0.8" type="Terminal">
        <attributes />
        <category tag="Terminal" />
      </edge>
    </node>
  </layer>
</root>
