<root annotationID="0" passageID="25817007">
  <attributes />
  <extra format="ucca" />
  <layer layerID="0">
    <attributes />
    <extra doc="[[[6245235275672532050, 9250722957692387333, 6406657664862290459, 89, 0, 2, 412, 1, 18200729499220207786, 3929483993944067416, 6245235275672532050], [11963987016619060676, 11963987016619060676, 15308085513773655218, 91, 383, 3, 426, 1, 16072095006890171862, 8656007278630577320, 14983792334920777924], [5218199566914660295, 2479014303761381782, 16459489951230957934, 99, 0, 2, 402, 5, 13110060611322374290, 15817570140490810055, 4932520593635672838], [14864492656084079787, 14864492656084079787, 17274946937384965927, 85, 0, 2, 397, -1, 13110060611322374290, 1489474827855109852, 5898049090513426128], [3573116604670608395, 9250722957692387333, 6406657664862290459, 89, 0, 2, 412, 1, 4088098365541558500, 8148669997605808657, 3573116604670608395], [12766660978927484787, 12766660978927484787, 15308085513773655218, 91, 0, 2, 431, 2, 16072095006890171862, 16829822105563051112, 17438164932492296010], [17508578264228258042, 17508578264228258042, 11856006255221940381, 83, 0, 2, 397, 1, 13110060611322374290, 6217145520856553898, 5864527961345014045], [14310077634875123521, 7497497128674337652, 10223029614809230375, 85, 0, 2, 445, 0, 13110060611322374290, 2482183445564601373, 5870647784995216628], [12646065887601541794, 12646065887601541794, 17404231807887051932, 96, 0, 2, 442, -1, 12646065887601541794, 12646065887601541794, 12646065887601541794]], [], [], [], []]" />
    <node ID="0.1" type="Word">
      <attributes paragraph="1" paragraph_position="1" text="Der" />
      <extra dep="det" ent_iob="2" ent_type="" head="1" lemma="der" orig_paragraph="5" orth="Der" pos="DET" prefix="D" shape="Xxx" suffix="Der" tag="ART" />
    </node>
    <node ID="0.2" type="Word">
      <attributes paragraph="1" paragraph_position="2" text="Kanadier" />
      <extra dep="nsubj" ent_iob="3" ent_type="LOC" head="1" lemma="Kanadier" orig_paragraph="5" orth="Kanadier" pos="NOUN" prefix="K" shape="Xxxxx" suffix="ier" tag="NN" />
    </node>
    <node ID="0.3" type="Word">
      <attributes paragraph="1" paragraph_position="3" text="hatte" />
      <extra dep="aux" ent_iob="2" ent_type="" head="5" lemma="haben" orig_paragraph="5" orth="hatte" pos="VERB" prefix="h" shape="xxxx" suffix="tte" tag="VAFIN" />
    </node>
    <node ID="0.4" type="Word">
      <attributes paragraph="1" paragraph_position="4" text="offenbar" />
      <extra dep="advmod" ent_iob="2" ent_type="" head="-1" lemma="offenbar" orig_paragraph="5" orth="offenbar" pos="ADV" prefix="o" shape="xxxx" suffix="bar" tag="NE" />
    </node>
    <node ID="0.5" type="Word">
      <attributes paragraph="1" paragraph_position="5" text="die" />
      <extra dep="det" ent_iob="2" ent_type="" head="1" lemma="der" orig_paragraph="5" orth="die" pos="DET" prefix="d" shape="xxx" suffix="die" tag="ART" />
    </node>
    <node ID="0.6" type="Word">
      <attributes paragraph="1" paragraph_position="6" text="Geduld" />
      <extra dep="obj" ent_iob="2" ent_type="" head="2" lemma="Geduld" orig_paragraph="5" orth="Geduld" pos="NOUN" prefix="G" shape="Xxxxx" suffix="uld" tag="NN" />
    </node>
    <node ID="0.7" type="Word">
      <attributes paragraph="1" paragraph_position="7" text="g&#228;nzlich" />
      <extra dep="advmod" ent_iob="2" ent_type="" head="1" lemma="g&#228;nzlich" orig_paragraph="5" orth="g&#228;nzlich" pos="ADJ" prefix="g" shape="xxxx" suffix="ich" tag="ADJD" />
    </node>
    <node ID="0.8" type="Word">
      <attributes paragraph="1" paragraph_position="8" text="verloren" />
      <extra dep="root" ent_iob="2" ent_type="" head="-5" lemma="verlieren" orig_paragraph="5" orth="verloren" pos="ADV" prefix="v" shape="xxxx" suffix="ren" tag="VVPP" />
    </node>
    <node ID="0.9" type="Punctuation">
      <attributes paragraph="1" paragraph_position="9" text="." />
      <extra dep="punct" ent_iob="2" ent_type="" head="-1" lemma="." orig_paragraph="5" orth="." pos="PUNCT" prefix="." shape="." suffix="." tag="$." />
    </node>
  </layer>
  <layer layerID="1">
    <attributes />
    <node ID="1.1" type="FN">
      <attributes />
      <edge toID="1.2" type="H">
        <attributes />
        <category tag="H" />
      </edge>
    </node>
    <node ID="1.2" type="FN">
      <attributes />
      <edge toID="1.3" type="A">
        <attributes />
        <category tag="A" />
      </edge>
      <edge toID="1.4" type="F">
        <attributes />
        <category tag="F" />
      </edge>
      <edge toID="1.5" type="G">
        <attributes />
        <category tag="G" />
      </edge>
      <edge toID="1.6" type="A">
        <attributes />
        <category tag="A" />
      </edge>
      <edge toID="1.7" type="D">
        <attributes />
        <category tag="D" />
      </edge>
      <edge toID="1.8" type="P">
        <attributes />
        <category tag="P" />
      </edge>
      <edge toID="1.9" type="U">
        <attributes />
        <category tag="U" />
      </edge>
    </node>
    <node ID="1.3" type="FN">
      <attributes />
      <edge toID="1.10" type="E">
        <attributes />
        <category tag="E" />
      </edge>
      <edge toID="1.11" type="C">
        <attributes />
        <category tag="C" />
      </edge>
    </node>
    <node ID="1.4" type="FN">
      <attributes />
      <edge toID="0.3" type="Terminal">
        <attributes />
        <category tag="Terminal" />
      </edge>
    </node>
    <node ID="1.5" type="FN">
      <attributes />
      <edge toID="0.4" type="Terminal">
        <attributes />
        <category tag="Terminal" />
      </edge>
    </node>
    <node ID="1.6" type="FN">
      <attributes />
      <edge toID="1.12" type="E">
        <attributes />
        <category tag="E" />
      </edge>
      <edge toID="1.13" type="C">
        <attributes />
        <category tag="C" />
      </edge>
    </node>
    <node ID="1.7" type="FN">
      <attributes />
      <edge toID="0.7" type="Terminal">
        <attributes />
        <category tag="Terminal" />
      </edge>
    </node>
    <node ID="1.8" type="FN">
      <attributes />
      <edge toID="0.8" type="Terminal">
        <attributes />
        <category tag="Terminal" />
      </edge>
    </node>
    <node ID="1.9" type="PNCT">
      <attributes />
      <edge toID="0.9" type="Terminal">
        <attributes />
        <category tag="Terminal" />
      </edge>
    </node>
    <node ID="1.10" type="FN">
      <attributes />
      <edge toID="0.1" type="Terminal">
        <attributes />
        <category tag="Terminal" />
      </edge>
    </node>
    <node ID="1.11" type="FN">
      <attributes />
      <edge toID="0.2" type="Terminal">
        <attributes />
        <category tag="Terminal" />
      </edge>
    </node>
    <node ID="1.12" type="FN">
      <attributes />
      <edge toID="0.5" type="Terminal">
        <attributes />
        <category tag="Terminal" />
      </edge>
    </node>
    <node ID="1.13" type="FN">
      <attributes />
      <edge toID="0.6" type="Terminal">
        <attributes />
        <category tag="Terminal" />
      </edge>
    </node>
  </layer>
</root>
