<root annotationID="0" passageID="25818014">
  <attributes />
  <extra format="ucca" />
  <layer layerID="0">
    <attributes />
    <extra doc="[[[1740501284492554590, 17021070238844273573, 11856006255221940381, 83, 4317129024397789502, 3, 397, 1, 16072095006890171862, 14230521632333904559, 940341820454552972], [6496406908505786943, 11910456212730779830, 10223029614809230375, 99, 0, 2, 445, 0, 13110060611322374290, 6217145520856553898, 5127631211755802587], [2593208677638477497, 2593208677638477497, 12261388825712162116, 96, 0, 2, 442, -1, 2593208677638477497, 2593208677638477497, 2593208677638477497], [9727125788672890116, 9727125788672890116, 13264545156129351491, 97, 0, 2, 420, 3, 4088098365541558500, 11901859001352538922, 9727125788672890116], [50340426821988662, 50340426821988662, 2689273639941441550, 85, 0, 2, 397, 2, 13110060611322374290, 13210364986222294696, 11965311973866822031], [12508082737821923009, 12508082737821923009, 15308085513773655218, 93, 0, 2, 420, 1, 4370460163704169311, 7187156974425934, 12508082737821923009], [11910456212730779830, 11910456212730779830, 17015325344306543250, 99, 0, 2, 396, -5, 4088098365541558500, 15369245168918225700, 11910456212730779830], [12646065887601541794, 12646065887601541794, 17404231807887051932, 96, 0, 2, 442, -6, 12646065887601541794, 12646065887601541794, 12646065887601541794]], [], [], [], [], [], [], [], [], [], [], [], [], [], [], [], [], [], []]" />
    <node ID="0.1" type="Word">
      <attributes paragraph="1" paragraph_position="1" text="Besser" />
      <extra dep="advmod" ent_iob="3" ent_type="PER" head="1" lemma="gut" orig_paragraph="13" orth="Besser" pos="ADJ" prefix="B" shape="Xxxxx" suffix="ser" tag="ADJD" />
    </node>
    <node ID="0.2" type="Word">
      <attributes paragraph="1" paragraph_position="2" text="getan" />
      <extra dep="root" ent_iob="2" ent_type="" head="0" lemma="tun" orig_paragraph="13" orth="getan" pos="VERB" prefix="g" shape="xxxx" suffix="tan" tag="VVPP" />
    </node>
    <node ID="0.3" type="Punctuation">
      <attributes paragraph="1" paragraph_position="3" text="," />
      <extra dep="punct" ent_iob="2" ent_type="" head="-1" lemma="," orig_paragraph="13" orth="," pos="PUNCT" prefix="," shape="," suffix="," tag="$," />
    </node>
    <node ID="0.4" type="Word">
      <attributes paragraph="1" paragraph_position="4" text="als" />
      <extra dep="mark" ent_iob="2" ent_type="" head="3" lemma="als" orig_paragraph="13" orth="als" pos="SCONJ" prefix="a" shape="xxx" suffix="als" tag="KOUS" />
    </node>
    <node ID="0.5" type="Word">
      <attributes paragraph="1" paragraph_position="5" text="noch" />
      <extra dep="advmod" ent_iob="2" ent_type="" head="2" lemma="noch" orig_paragraph="13" orth="noch" pos="ADV" prefix="n" shape="xxxx" suffix="och" tag="CARD" />
    </node>
    <node ID="0.6" type="Word">
      <attributes paragraph="1" paragraph_position="6" text="zu" />
      <extra dep="mark" ent_iob="2" ent_type="" head="1" lemma="zu" orig_paragraph="13" orth="zu" pos="PART" prefix="z" shape="xx" suffix="zu" tag="NN" />
    </node>
    <node ID="0.7" type="Word">
      <attributes paragraph="1" paragraph_position="7" text="tun" />
      <extra dep="advcl" ent_iob="2" ent_type="" head="-5" lemma="tun" orig_paragraph="13" orth="tun" pos="VERB" prefix="t" shape="xxx" suffix="tun" tag="VVINF" />
    </node>
    <node ID="0.8" type="Punctuation">
      <attributes paragraph="1" paragraph_position="8" text="." />
      <extra dep="punct" ent_iob="2" ent_type="" head="-6" lemma="." orig_paragraph="13" orth="." pos="PUNCT" prefix="." shape="." suffix="." tag="$." />
    </node>
  </layer>
  <layer layerID="1">
    <attributes />
    <node ID="1.1" type="FN">
      <attributes />
      <edge toID="1.2" type="H">
        <attributes />
        <category tag="H" />
      </edge>
      <edge toID="1.3" type="U">
        <attributes />
        <category tag="U" />
      </edge>
      <edge toID="1.4" type="L">
        <attributes />
        <category tag="L" />
      </edge>
      <edge toID="1.5" type="H">
        <attributes />
        <category tag="H" />
      </edge>
    </node>
    <node ID="1.2" type="FN">
      <attributes />
      <edge toID="1.6" type="D">
        <attributes />
        <category tag="D" />
      </edge>
      <edge toID="1.7" type="P">
        <attributes />
        <category tag="P" />
      </edge>
    </node>
    <node ID="1.3" type="PNCT">
      <attributes />
      <edge toID="0.3" type="Terminal">
        <attributes />
        <category tag="Terminal" />
      </edge>
    </node>
    <node ID="1.4" type="FN">
      <attributes />
      <edge toID="0.4" type="Terminal">
        <attributes />
        <category tag="Terminal" />
      </edge>
    </node>
    <node ID="1.5" type="FN">
      <attributes />
      <edge toID="1.8" type="D">
        <attributes />
        <category tag="D" />
      </edge>
      <edge toID="1.9" type="F">
        <attributes />
        <category tag="F" />
      </edge>
      <edge toID="1.10" type="P">
        <attributes />
        <category tag="P" />
      </edge>
      <edge toID="1.11" type="U">
        <attributes />
        <category tag="U" />
      </edge>
    </node>
    <node ID="1.6" type="FN">
      <attributes />
      <edge toID="0.1" type="Terminal">
        <attributes />
        <category tag="Terminal" />
      </edge>
    </node>
    <node ID="1.7" type="FN">
      <attributes />
      <edge toID="0.2" type="Terminal">
        <attributes />
        <category tag="Terminal" />
      </edge>
    </node>
    <node ID="1.8" type="FN">
      <attributes />
      <edge toID="0.5" type="Terminal">
        <attributes />
        <category tag="Terminal" />
      </edge>
    </node>
    <node ID="1.9" type="FN">
      <attributes />
      <edge toID="0.6" type="Terminal">
        <attributes />
        <category tag="Terminal" />
      </edge>
    </node>
    <node ID="1.10" type="FN">
      <attributes />
      <edge toID="0.7" type="Terminal">
        <attributes />
        <category tag="Terminal" />
      </edge>
    </node>
    <node ID="1.11" type="PNCT">
      <attributes />
      <edge toID="0.8" type="Terminal">
        <attributes />
        <category tag="Terminal" />
      </edge>
    </node>
  </layer>
</root>
