<root annotationID="0" passageID="25818006">
  <attributes />
  <extra format="ucca" />
  <layer layerID="0">
    <attributes />
    <extra doc="[[[5342463183827332990, 5342463183827332990, 2532279993560548391, 96, 0, 2, 442, 1, 5342463183827332990, 5342463183827332990, 5342463183827332990], [3126701799202552694, 5864527961345014045, 9330139752921481772, 94, 0, 2, 426, 5, 18200729499220207786, 4690420944186131903, 3126701799202552694], [18307573501153647118, 15573012778503759517, 17274946937384965927, 86, 0, 2, 402, 4, 13110060611322374290, 260667111241363922, 10522273805588696859], [5835689883812623785, 16042591547380249544, 9330139752921481772, 94, 0, 2, 419, 3, 4088098365541558500, 5097672513440128799, 5835689883812623785], [3573116604670608395, 9250722957692387333, 6406657664862290459, 89, 0, 2, 412, 1, 4088098365541558500, 8148669997605808657, 3573116604670608395], [8334976522256870371, 8334976522256870371, 15308085513773655218, 91, 0, 2, 431, 1, 16072095006890171862, 9148987913859918431, 10400321950887182855], [10492508852202950473, 10492508852202950473, 10675845091474465339, 99, 0, 2, 445, 0, 13110060611322374290, 16978132545290669629, 13724210500437027975], [2593208677638477497, 2593208677638477497, 12261388825712162116, 96, 0, 2, 442, -1, 2593208677638477497, 2593208677638477497, 2593208677638477497], [9739302657816088396, 9739302657816088396, 15308085513773655218, 95, 383, 3, 400, -2, 18200729499220207786, 10850957288794122991, 9739302657816088396], [12646065887601541794, 12646065887601541794, 17404231807887051932, 96, 0, 2, 442, -3, 12646065887601541794, 12646065887601541794, 12646065887601541794], [1373379536816847062, 1373379536816847062, 2532279993560548391, 96, 0, 2, 442, -4, 1373379536816847062, 1373379536816847062, 1373379536816847062]], [], [], [], [], [], [], [], [], [], [], [], [], [], [], [], [], [], []]" />
    <node ID="0.1" type="Punctuation">
      <attributes paragraph="1" paragraph_position="1" text="&#187;" />
      <extra dep="punct" ent_iob="2" ent_type="" head="1" lemma="&#187;" orig_paragraph="7" orth="&#187;" pos="PUNCT" prefix="&#187;" shape="&#187;" suffix="&#187;" tag="$(" />
    </node>
    <node ID="0.2" type="Word">
      <attributes paragraph="1" paragraph_position="2" text="Ich" />
      <extra dep="nsubj" ent_iob="2" ent_type="" head="5" lemma="ich" orig_paragraph="7" orth="Ich" pos="PRON" prefix="I" shape="Xxx" suffix="Ich" tag="PPER" />
    </node>
    <node ID="0.3" type="Word">
      <attributes paragraph="1" paragraph_position="3" text="will" />
      <extra dep="aux" ent_iob="2" ent_type="" head="4" lemma="wollen" orig_paragraph="7" orth="will" pos="AUX" prefix="w" shape="xxxx" suffix="ill" tag="NE" />
    </node>
    <node ID="0.4" type="Word">
      <attributes paragraph="1" paragraph_position="4" text="ihm" />
      <extra dep="iobj" ent_iob="2" ent_type="" head="3" lemma="er" orig_paragraph="7" orth="ihm" pos="PRON" prefix="i" shape="xxx" suffix="ihm" tag="PPER" />
    </node>
    <node ID="0.5" type="Word">
      <attributes paragraph="1" paragraph_position="5" text="die" />
      <extra dep="det" ent_iob="2" ent_type="" head="1" lemma="der" orig_paragraph="7" orth="die" pos="DET" prefix="d" shape="xxx" suffix="die" tag="ART" />
    </node>
    <node ID="0.6" type="Word">
      <attributes paragraph="1" paragraph_position="6" text="Frage" />
      <extra dep="obj" ent_iob="2" ent_type="" head="1" lemma="Frage" orig_paragraph="7" orth="Frage" pos="NOUN" prefix="F" shape="Xxxxx" suffix="age" tag="NN" />
    </node>
    <node ID="0.7" type="Word">
      <attributes paragraph="1" paragraph_position="7" text="stellen" />
      <extra dep="root" ent_iob="2" ent_type="" head="-4" lemma="stellen" orig_paragraph="7" orth="stellen" pos="VERB" prefix="s" shape="xxxx" suffix="len" tag="VVFIN" />
    </node>
    <node ID="0.8" type="Punctuation">
      <attributes paragraph="1" paragraph_position="8" text="," />
      <extra dep="punct" ent_iob="2" ent_type="" head="-1" lemma="," orig_paragraph="7" orth="," pos="PUNCT" prefix="," shape="," suffix="," tag="$," />
    </node>
    <node ID="0.9" type="Word">
      <attributes paragraph="1" paragraph_position="9" text="Ned" />
      <extra dep="appos" ent_iob="3" ent_type="LOC" head="-2" lemma="Ned" orig_paragraph="7" orth="Ned" pos="PROPN" prefix="N" shape="Xxx" suffix="Ned" tag="NN" />
    </node>
    <node ID="0.10" type="Punctuation">
      <attributes paragraph="1" paragraph_position="10" text="." />
      <extra dep="punct" ent_iob="2" ent_type="" head="-3" lemma="." orig_paragraph="7" orth="." pos="PUNCT" prefix="." shape="." suffix="." tag="$." />
    </node>
    <node ID="0.11" type="Punctuation">
      <attributes paragraph="1" paragraph_position="11" text="&#171;" />
      <extra dep="punct" ent_iob="2" ent_type="" head="-4" lemma="&#171;" orig_paragraph="7" orth="&#171;" pos="PUNCT" prefix="&#171;" shape="&#171;" suffix="&#171;" tag="$(" />
    </node>
  </layer>
  <layer layerID="1">
    <attributes />
    <node ID="1.1" type="FN">
      <attributes />
      <edge toID="1.2" type="H">
        <attributes />
        <category tag="H" />
      </edge>
    </node>
    <node ID="1.2" type="FN">
      <attributes />
      <edge toID="1.3" type="A">
        <attributes />
        <category tag="A" />
      </edge>
    </node>
    <node ID="1.3" type="FN">
      <attributes />
      <edge toID="1.4" type="U">
        <attributes />
        <category tag="U" />
      </edge>
      <edge toID="1.5" type="A">
        <attributes />
        <category tag="A" />
      </edge>
      <edge toID="1.6" type="D">
        <attributes />
        <category tag="D" />
      </edge>
      <edge toID="1.7" type="A">
        <attributes />
        <category tag="A" />
      </edge>
      <edge toID="1.8" type="A">
        <attributes />
        <category tag="A" />
      </edge>
      <edge toID="1.9" type="P">
        <attributes />
        <category tag="P" />
      </edge>
      <edge toID="1.10" type="U">
        <attributes />
        <category tag="U" />
      </edge>
      <edge toID="1.11" type="G">
        <attributes />
        <category tag="G" />
      </edge>
      <edge toID="1.12" type="U">
        <attributes />
        <category tag="U" />
      </edge>
      <edge toID="1.13" type="U">
        <attributes />
        <category tag="U" />
      </edge>
    </node>
    <node ID="1.4" type="PNCT">
      <attributes />
      <edge toID="0.1" type="Terminal">
        <attributes />
        <category tag="Terminal" />
      </edge>
    </node>
    <node ID="1.5" type="FN">
      <attributes />
      <edge toID="0.2" type="Terminal">
        <attributes />
        <category tag="Terminal" />
      </edge>
    </node>
    <node ID="1.6" type="FN">
      <attributes />
      <edge toID="0.3" type="Terminal">
        <attributes />
        <category tag="Terminal" />
      </edge>
    </node>
    <node ID="1.7" type="FN">
      <attributes />
      <edge toID="0.4" type="Terminal">
        <attributes />
        <category tag="Terminal" />
      </edge>
    </node>
    <node ID="1.8" type="FN">
      <attributes />
      <edge toID="1.14" type="E">
        <attributes />
        <category tag="E" />
      </edge>
      <edge toID="1.15" type="C">
        <attributes />
        <category tag="C" />
      </edge>
    </node>
    <node ID="1.9" type="FN">
      <attributes />
      <edge toID="0.7" type="Terminal">
        <attributes />
        <category tag="Terminal" />
      </edge>
    </node>
    <node ID="1.10" type="PNCT">
      <attributes />
      <edge toID="0.8" type="Terminal">
        <attributes />
        <category tag="Terminal" />
      </edge>
    </node>
    <node ID="1.11" type="FN">
      <attributes />
      <edge toID="0.9" type="Terminal">
        <attributes />
        <category tag="Terminal" />
      </edge>
    </node>
    <node ID="1.12" type="PNCT">
      <attributes />
      <edge toID="0.10" type="Terminal">
        <attributes />
        <category tag="Terminal" />
      </edge>
    </node>
    <node ID="1.13" type="PNCT">
      <attributes />
      <edge toID="0.11" type="Terminal">
        <attributes />
        <category tag="Terminal" />
      </edge>
    </node>
    <node ID="1.14" type="FN">
      <attributes />
      <edge toID="0.5" type="Terminal">
        <attributes />
        <category tag="Terminal" />
      </edge>
    </node>
    <node ID="1.15" type="FN">
      <attributes />
      <edge toID="0.6" type="Terminal">
        <attributes />
        <category tag="Terminal" />
      </edge>
    </node>
  </layer>
</root>
