<root annotationID="0" passageID="25817014">
  <attributes />
  <extra format="ucca" />
  <layer layerID="0">
    <attributes />
    <extra doc="[[[16632778982559207784, 9060718883982528417, 85, 85, 0, 2, 397, 2, 18200729499220207786, 10850957288794122991, 16632778982559207784], [15192908731043726583, 15192908731043726583, 6406657664862290459, 89, 0, 2, 412, 1, 4088098365541558500, 1720370409040345145, 15192908731043726583], [6608455694066794903, 6608455694066794903, 15308085513773655218, 91, 0, 2, 426, 8, 16072095006890171862, 9148987913859918431, 17945561419632433267], [18390846335711919857, 18390846335711919857, 15308085513773655218, 84, 0, 2, 8110129090154140942, 1, 4088098365541558500, 260667111241363922, 18390846335711919857], [10265832328710632600, 10265832328710632600, 17274946937384965927, 91, 4317129024397789502, 3, 423, -2, 16072095006890171862, 149303876845869574, 9113047341877232477], [13882649713620344877, 2374223031526016620, 13528910128642776055, 86, 0, 2, 402, 5, 13110060611322374290, 15917291556903334389, 9232162645330919472], [16692807490131828156, null, 3443513148085174024, 94, 0, 2, 431, 4, 13110060611322374290, 16978132545290669629, 5864527961345014045], [3002984154512732771, 3002984154512732771, 6794885307917495400, 84, 0, 2, 8110129090154140942, 2, 4370460163704169311, 5097672513440128799, 3002984154512732771], [900772359309133375, 15931089041693217225, 5092317722631983890, 94, 0, 2, 412, 1, 13110060611322374290, 8148669997605808657, 17080020411610877296], [18033345762994084666, 18033345762994084666, 15308085513773655218, 91, 0, 2, 432, 1, 10887629174180191697, 10603054956214495369, 10400321950887182855], [18364186397485101241, 18364186397485101241, 10675845091474465339, 99, 0, 2, 445, 0, 13110060611322374290, 13110760720460257827, 11090586419576673076], [12646065887601541794, 12646065887601541794, 17404231807887051932, 96, 0, 2, 442, -1, 12646065887601541794, 12646065887601541794, 12646065887601541794]], [], [], [], []]" />
    <node ID="0.1" type="Word">
      <attributes paragraph="1" paragraph_position="1" text="Nur" />
      <extra dep="advmod" ent_iob="2" ent_type="" head="2" lemma="nur" orig_paragraph="5" orth="Nur" pos="ADV" prefix="N" shape="Xxx" suffix="Nur" tag="ADV" />
    </node>
    <node ID="0.2" type="Word">
      <attributes paragraph="1" paragraph_position="2" text="ein" />
      <extra dep="det" ent_iob="2" ent_type="" head="1" lemma="ein" orig_paragraph="5" orth="ein" pos="DET" prefix="e" shape="xxx" suffix="ein" tag="ART" />
    </node>
    <node ID="0.3" type="Word">
      <attributes paragraph="1" paragraph_position="3" text="Flame" />
      <extra dep="nsubj" ent_iob="2" ent_type="" head="8" lemma="Flame" orig_paragraph="5" orth="Flame" pos="NOUN" prefix="F" shape="Xxxxx" suffix="ame" tag="NN" />
    </node>
    <node ID="0.4" type="Word">
      <attributes paragraph="1" paragraph_position="4" text="wie" />
      <extra dep="case" ent_iob="2" ent_type="" head="1" lemma="wie" orig_paragraph="5" orth="wie" pos="ADP" prefix="w" shape="xxx" suffix="wie" tag="NN" />
    </node>
    <node ID="0.5" type="Word">
      <attributes paragraph="1" paragraph_position="5" text="Conseil" />
      <extra dep="nmod" ent_iob="3" ent_type="PER" head="-2" lemma="Conseil" orig_paragraph="5" orth="Conseil" pos="NOUN" prefix="C" shape="Xxxxx" suffix="eil" tag="NE" />
    </node>
    <node ID="0.6" type="Word">
      <attributes paragraph="1" paragraph_position="6" text="konnte" />
      <extra dep="aux" ent_iob="2" ent_type="" head="5" lemma="k&#246;nnen" orig_paragraph="5" orth="konnte" pos="AUX" prefix="k" shape="xxxx" suffix="nte" tag="VMFIN" />
    </node>
    <node ID="0.7" type="Word">
      <attributes paragraph="1" paragraph_position="7" text="sich" />
      <extra dep="obj" ent_iob="2" ent_type="" head="4" lemma="er|es|sie" orig_paragraph="5" orth="sich" pos="PRON" prefix="s" shape="xxxx" suffix="ich" tag="PRF" />
    </node>
    <node ID="0.8" type="Word">
      <attributes paragraph="1" paragraph_position="8" text="in" />
      <extra dep="case" ent_iob="2" ent_type="" head="2" lemma="in" orig_paragraph="5" orth="in" pos="ADP" prefix="i" shape="xx" suffix="in" tag="APPR" />
    </node>
    <node ID="0.9" type="Word">
      <attributes paragraph="1" paragraph_position="9" text="diese" />
      <extra dep="det" ent_iob="2" ent_type="" head="1" lemma="dies" orig_paragraph="5" orth="diese" pos="PRON" prefix="d" shape="xxxx" suffix="ese" tag="PDAT" />
    </node>
    <node ID="0.10" type="Word">
      <attributes paragraph="1" paragraph_position="10" text="Lage" />
      <extra dep="obl" ent_iob="2" ent_type="" head="1" lemma="Lage" orig_paragraph="5" orth="Lage" pos="NOUN" prefix="L" shape="Xxxx" suffix="age" tag="NN" />
    </node>
    <node ID="0.11" type="Word">
      <attributes paragraph="1" paragraph_position="11" text="f&#252;gen" />
      <extra dep="root" ent_iob="2" ent_type="" head="-5" lemma="f&#252;gen" orig_paragraph="5" orth="f&#252;gen" pos="VERB" prefix="f" shape="xxxx" suffix="gen" tag="VVFIN" />
    </node>
    <node ID="0.12" type="Punctuation">
      <attributes paragraph="1" paragraph_position="12" text="." />
      <extra dep="punct" ent_iob="2" ent_type="" head="-1" lemma="." orig_paragraph="5" orth="." pos="PUNCT" prefix="." shape="." suffix="." tag="$." />
    </node>
  </layer>
  <layer layerID="1">
    <attributes />
    <node ID="1.1" type="FN">
      <attributes />
      <edge toID="1.2" type="H">
        <attributes />
        <category tag="H" />
      </edge>
    </node>
    <node ID="1.2" type="FN">
      <attributes />
      <edge toID="1.3" type="D">
        <attributes />
        <category tag="D" />
      </edge>
      <edge toID="1.4" type="A">
        <attributes />
        <category tag="A" />
      </edge>
      <edge toID="1.5" type="D">
        <attributes />
        <category tag="D" />
      </edge>
      <edge toID="1.6" type="P">
        <attributes />
        <category tag="P" />
      </edge>
      <edge toID="1.7" type="A">
        <attributes />
        <category tag="A" />
      </edge>
      <edge toID="1.8" type="U">
        <attributes />
        <category tag="U" />
      </edge>
    </node>
    <node ID="1.3" type="FN">
      <attributes />
      <edge toID="0.1" type="Terminal">
        <attributes />
        <category tag="Terminal" />
      </edge>
    </node>
    <node ID="1.4" type="FN">
      <attributes />
      <edge toID="1.9" type="E">
        <attributes />
        <category tag="E" />
      </edge>
      <edge toID="1.10" type="C">
        <attributes />
        <category tag="C" />
      </edge>
      <edge toID="1.11" type="E">
        <attributes />
        <category tag="E" />
      </edge>
    </node>
    <node ID="1.5" type="FN">
      <attributes />
      <edge toID="0.6" type="Terminal">
        <attributes />
        <category tag="Terminal" />
      </edge>
    </node>
    <node ID="1.6" type="FN">
      <attributes />
      <edge toID="0.7" type="Terminal">
        <attributes />
        <category tag="Terminal" />
      </edge>
      <edge toID="0.11" type="Terminal">
        <attributes />
        <category tag="Terminal" />
      </edge>
    </node>
    <node ID="1.7" type="FN">
      <attributes />
      <edge toID="1.12" type="R">
        <attributes />
        <category tag="R" />
      </edge>
      <edge toID="1.13" type="E">
        <attributes />
        <category tag="E" />
      </edge>
      <edge toID="1.14" type="C">
        <attributes />
        <category tag="C" />
      </edge>
    </node>
    <node ID="1.8" type="PNCT">
      <attributes />
      <edge toID="0.12" type="Terminal">
        <attributes />
        <category tag="Terminal" />
      </edge>
    </node>
    <node ID="1.9" type="FN">
      <attributes />
      <edge toID="0.2" type="Terminal">
        <attributes />
        <category tag="Terminal" />
      </edge>
    </node>
    <node ID="1.10" type="FN">
      <attributes />
      <edge toID="0.3" type="Terminal">
        <attributes />
        <category tag="Terminal" />
      </edge>
    </node>
    <node ID="1.11" type="FN">
      <attributes />
      <edge toID="1.15" type="R">
        <attributes />
        <category tag="R" />
      </edge>
      <edge toID="1.16" type="C">
        <attributes />
        <category tag="C" />
      </edge>
    </node>
    <node ID="1.12" type="FN">
      <attributes />
      <edge toID="0.8" type="Terminal">
        <attributes />
        <category tag="Terminal" />
      </edge>
    </node>
    <node ID="1.13" type="FN">
      <attributes />
      <edge toID="0.9" type="Terminal">
        <attributes />
        <category tag="Terminal" />
      </edge>
    </node>
    <node ID="1.14" type="FN">
      <attributes />
      <edge toID="0.10" type="Terminal">
        <attributes />
        <category tag="Terminal" />
      </edge>
    </node>
    <node ID="1.15" type="FN">
      <attributes />
      <edge toID="0.4" type="Terminal">
        <attributes />
        <category tag="Terminal" />
      </edge>
    </node>
    <node ID="1.16" type="FN">
      <attributes />
      <edge toID="0.5" type="Terminal">
        <attributes />
        <category tag="Terminal" />
      </edge>
    </node>
  </layer>
</root>
