<root annotationID="0" passageID="25828024">
  <attributes />
  <extra format="ucca" />
  <layer layerID="0">
    <attributes />
    <extra doc="[[[3126701799202552694, 5864527961345014045, 9330139752921481772, 94, 0, 2, 426, 1, 18200729499220207786, 4690420944186131903, 3126701799202552694], [12276508259350633026, 1136656502529314637, 10675845091474465339, 99, 0, 2, 445, 0, 13110060611322374290, 15598372446745583797, 6069863595322697540], [16681622050007979695, 16681622050007979695, 17274946937384965927, 85, 0, 2, 397, -1, 13110060611322374290, 16562859848569467201, 6346050485213909690], [11593690929944126543, 11593690929944126543, 17274946937384965927, 88, 0, 2, 404, 1, 4088098365541558500, 12247454108283186160, 11593690929944126543], [8313707800834491077, 5513153705242160378, 10675845091474465339, 99, 0, 2, 407, -3, 4088098365541558500, 16978132545290669629, 8313707800834491077], [14608794574148703416, 14608794574148703416, 9068901972800807265, 94, 0, 2, 426, -1, 13110060611322374290, 13210364986222294696, 6346050485213909690], [9727125788672890116, 9727125788672890116, 18380376575901008336, 84, 0, 2, 8110129090154140942, 2, 4088098365541558500, 11901859001352538922, 9727125788672890116], [16540691904303737013, 12256695288433532741, 9068901972800807265, 83, 0, 2, 399, 1, 13110060611322374290, 16562859848569467201, 7622538229716628981], [12166393966534635331, 12166393966534635331, 15308085513773655218, 91, 0, 2, 432, -4, 16072095006890171862, 16829822105563051112, 940341820454552972], [9853453377236851768, 9853453377236851768, 6794885307917495400, 84, 0, 2, 8110129090154140942, -5, 4088098365541558500, 15598372446745583797, 9853453377236851768], [3002984154512732771, 3002984154512732771, 6794885307917495400, 84, 0, 2, 8110129090154140942, 2, 4370460163704169311, 5097672513440128799, 3002984154512732771], [8921756412478281709, null, 9068901972800807265, 83, 0, 2, 399, 1, 13110060611322374290, 12247454108283186160, 13130769157622138839], [16470330687997359131, 16470330687997359131, 15308085513773655218, 91, 4317129024397789502, 3, 423, -3, 16072095006890171862, 9148987913859918431, 3955977838252955301], [12646065887601541794, 12646065887601541794, 17404231807887051932, 96, 0, 2, 442, -12, 12646065887601541794, 12646065887601541794, 12646065887601541794]], [], [], [], [], [], [], [], [], [], []]" />
    <node ID="0.1" type="Word">
      <attributes paragraph="1" paragraph_position="1" text="Ich" />
      <extra dep="nsubj" ent_iob="2" ent_type="" head="1" lemma="ich" orig_paragraph="10" orth="Ich" pos="PRON" prefix="I" shape="Xxx" suffix="Ich" tag="PPER" />
    </node>
    <node ID="0.2" type="Word">
      <attributes paragraph="1" paragraph_position="2" text="blickte" />
      <extra dep="root" ent_iob="2" ent_type="" head="0" lemma="blicken" orig_paragraph="10" orth="blickte" pos="VERB" prefix="b" shape="xxxx" suffix="kte" tag="VVFIN" />
    </node>
    <node ID="0.3" type="Word">
      <attributes paragraph="1" paragraph_position="3" text="rechts" />
      <extra dep="advmod" ent_iob="2" ent_type="" head="-1" lemma="rechts" orig_paragraph="10" orth="rechts" pos="ADV" prefix="r" shape="xxxx" suffix="hts" tag="NE" />
    </node>
    <node ID="0.4" type="Word">
      <attributes paragraph="1" paragraph_position="4" text="und" />
      <extra dep="cc" ent_iob="2" ent_type="" head="1" lemma="und" orig_paragraph="10" orth="und" pos="CCONJ" prefix="u" shape="xxx" suffix="und" tag="NE" />
    </node>
    <node ID="0.5" type="Word">
      <attributes paragraph="1" paragraph_position="5" text="sah" />
      <extra dep="conj" ent_iob="2" ent_type="" head="-3" lemma="sehen" orig_paragraph="10" orth="sah" pos="VERB" prefix="s" shape="xxx" suffix="sah" tag="VVFIN" />
    </node>
    <node ID="0.6" type="Word">
      <attributes paragraph="1" paragraph_position="6" text="nichts" />
      <extra dep="nsubj" ent_iob="2" ent_type="" head="-1" lemma="nichts" orig_paragraph="10" orth="nichts" pos="PRON" prefix="n" shape="xxxx" suffix="hts" tag="ADJA" />
    </node>
    <node ID="0.7" type="Word">
      <attributes paragraph="1" paragraph_position="7" text="als" />
      <extra dep="case" ent_iob="2" ent_type="" head="2" lemma="als" orig_paragraph="10" orth="als" pos="ADP" prefix="a" shape="xxx" suffix="als" tag="KOKOM" />
    </node>
    <node ID="0.8" type="Word">
      <attributes paragraph="1" paragraph_position="8" text="ruhiges" />
      <extra dep="amod" ent_iob="2" ent_type="" head="1" lemma="ruhig" orig_paragraph="10" orth="ruhiges" pos="ADJ" prefix="r" shape="xxxx" suffix="ges" tag="ADJA" />
    </node>
    <node ID="0.9" type="Word">
      <attributes paragraph="1" paragraph_position="9" text="Gew&#228;sser" />
      <extra dep="obl" ent_iob="2" ent_type="" head="-4" lemma="Gew&#228;sser" orig_paragraph="10" orth="Gew&#228;sser" pos="NOUN" prefix="G" shape="Xxxxx" suffix="ser" tag="NN" />
    </node>
    <node ID="0.10" type="Word">
      <attributes paragraph="1" paragraph_position="10" text="bis" />
      <extra dep="case" ent_iob="2" ent_type="" head="-5" lemma="bis" orig_paragraph="10" orth="bis" pos="ADP" prefix="b" shape="xxx" suffix="bis" tag="APPR" />
    </node>
    <node ID="0.11" type="Word">
      <attributes paragraph="1" paragraph_position="11" text="in" />
      <extra dep="case" ent_iob="2" ent_type="" head="2" lemma="in" orig_paragraph="10" orth="in" pos="ADP" prefix="i" shape="xx" suffix="in" tag="APPR" />
    </node>
    <node ID="0.12" type="Word">
      <attributes paragraph="1" paragraph_position="12" text="unerme&#223;liche" />
      <extra dep="amod" ent_iob="2" ent_type="" head="1" lemma="unerme&#223;lich" orig_paragraph="10" orth="unerme&#223;liche" pos="ADJ" prefix="u" shape="xxxx" suffix="che" tag="ADJA" />
    </node>
    <node ID="0.13" type="Word">
      <attributes paragraph="1" paragraph_position="13" text="Ferne" />
      <extra dep="nmod" ent_iob="3" ent_type="PER" head="-3" lemma="Ferne" orig_paragraph="10" orth="Ferne" pos="NOUN" prefix="F" shape="Xxxxx" suffix="rne" tag="NN" />
    </node>
    <node ID="0.14" type="Punctuation">
      <attributes paragraph="1" paragraph_position="14" text="." />
      <extra dep="punct" ent_iob="2" ent_type="" head="-12" lemma="." orig_paragraph="10" orth="." pos="PUNCT" prefix="." shape="." suffix="." tag="$." />
    </node>
  </layer>
  <layer layerID="1">
    <attributes />
    <node ID="1.1" type="FN">
      <attributes />
      <edge toID="1.2" type="H">
        <attributes />
        <category tag="H" />
      </edge>
      <edge toID="1.3" type="L">
        <attributes />
        <category tag="L" />
      </edge>
      <edge toID="1.4" type="H">
        <attributes />
        <category tag="H" />
      </edge>
    </node>
    <node ID="1.2" type="FN">
      <attributes />
      <edge toID="1.5" type="A">
        <attributes />
        <category tag="A" />
      </edge>
      <edge toID="1.6" type="P">
        <attributes />
        <category tag="P" />
      </edge>
    </node>
    <node ID="1.3" type="FN">
      <attributes />
      <edge toID="0.4" type="Terminal">
        <attributes />
        <category tag="Terminal" />
      </edge>
    </node>
    <node ID="1.4" type="FN">
      <attributes />
      <edge toID="1.5" type="A">
        <attributes remote="True" />
        <category tag="A" />
      </edge>
      <edge toID="1.7" type="P">
        <attributes />
        <category tag="P" />
      </edge>
      <edge toID="1.8" type="D">
        <attributes />
        <category tag="D" />
      </edge>
      <edge toID="1.9" type="A">
        <attributes />
        <category tag="A" />
      </edge>
      <edge toID="1.10" type="A">
        <attributes />
        <category tag="A" />
      </edge>
    </node>
    <node ID="1.5" type="FN">
      <attributes />
      <edge toID="0.1" type="Terminal">
        <attributes />
        <category tag="Terminal" />
      </edge>
    </node>
    <node ID="1.6" type="FN">
      <attributes />
      <edge toID="0.2" type="Terminal">
        <attributes />
        <category tag="Terminal" />
      </edge>
      <edge toID="0.3" type="Terminal">
        <attributes />
        <category tag="Terminal" />
      </edge>
    </node>
    <node ID="1.7" type="FN">
      <attributes />
      <edge toID="0.5" type="Terminal">
        <attributes />
        <category tag="Terminal" />
      </edge>
    </node>
    <node ID="1.8" type="FN">
      <attributes />
      <edge toID="0.6" type="Terminal">
        <attributes />
        <category tag="Terminal" />
      </edge>
    </node>
    <node ID="1.9" type="FN">
      <attributes />
      <edge toID="1.11" type="R">
        <attributes />
        <category tag="R" />
      </edge>
      <edge toID="1.12" type="E">
        <attributes />
        <category tag="E" />
      </edge>
      <edge toID="1.13" type="C">
        <attributes />
        <category tag="C" />
      </edge>
    </node>
    <node ID="1.10" type="FN">
      <attributes />
      <edge toID="1.14" type="R">
        <attributes />
        <category tag="R" />
      </edge>
      <edge toID="1.15" type="E">
        <attributes />
        <category tag="E" />
      </edge>
      <edge toID="1.16" type="C">
        <attributes />
        <category tag="C" />
      </edge>
      <edge toID="1.17" type="U">
        <attributes />
        <category tag="U" />
      </edge>
    </node>
    <node ID="1.11" type="FN">
      <attributes />
      <edge toID="0.7" type="Terminal">
        <attributes />
        <category tag="Terminal" />
      </edge>
    </node>
    <node ID="1.12" type="FN">
      <attributes />
      <edge toID="0.8" type="Terminal">
        <attributes />
        <category tag="Terminal" />
      </edge>
    </node>
    <node ID="1.13" type="FN">
      <attributes />
      <edge toID="0.9" type="Terminal">
        <attributes />
        <category tag="Terminal" />
      </edge>
    </node>
    <node ID="1.14" type="FN">
      <attributes />
      <edge toID="0.10" type="Terminal">
        <attributes />
        <category tag="Terminal" />
      </edge>
      <edge toID="0.11" type="Terminal">
        <attributes />
        <category tag="Terminal" />
      </edge>
    </node>
    <node ID="1.15" type="FN">
      <attributes />
      <edge toID="0.12" type="Terminal">
        <attributes />
        <category tag="Terminal" />
      </edge>
    </node>
    <node ID="1.16" type="FN">
      <attributes />
      <edge toID="0.13" type="Terminal">
        <attributes />
        <category tag="Terminal" />
      </edge>
    </node>
    <node ID="1.17" type="PNCT">
      <attributes />
      <edge toID="0.14" type="Terminal">
        <attributes />
        <category tag="Terminal" />
      </edge>
    </node>
  </layer>
</root>
