<root annotationID="0" passageID="25823021">
  <attributes />
  <extra format="ucca" />
  <layer layerID="0">
    <attributes />
    <extra doc="[[[10265832328710632600, 10265832328710632600, 17274946937384965927, 91, 4317129024397789502, 3, 431, 6, 16072095006890171862, 149303876845869574, 9113047341877232477], [11593690929944126543, 11593690929944126543, 17274946937384965927, 88, 0, 2, 404, 1, 4088098365541558500, 12247454108283186160, 11593690929944126543], [5864527961345014045, 5864527961345014045, 9330139752921481772, 94, 0, 2, 407, -2, 4088098365541558500, 5097672513440128799, 5864527961345014045], [2593208677638477497, 2593208677638477497, 12261388825712162116, 96, 0, 2, 442, -3, 2593208677638477497, 2593208677638477497, 2593208677638477497], [772318639904384352, 772318639904384352, 17274946937384965927, 94, 0, 2, 426, 2, 4088098365541558500, 260667111241363922, 772318639904384352], [10187127339660937711, 14782459204989352470, 10675845091474465339, 86, 0, 2, 408, 1, 13110060611322374290, 15598372446745583797, 8260942817837933071], [255919417264121929, 255919417264121929, 11856006255221940381, 83, 0, 2, 445, 0, 13110060611322374290, 12247454108283186160, 5864527961345014045], [12646065887601541794, 12646065887601541794, 17404231807887051932, 96, 0, 2, 442, -1, 12646065887601541794, 12646065887601541794, 12646065887601541794]], [], [], [], [], [], [], [], [], []]" />
    <node ID="0.1" type="Word">
      <attributes paragraph="1" paragraph_position="1" text="Conseil" />
      <extra dep="obj" ent_iob="3" ent_type="PER" head="6" lemma="Conseil" orig_paragraph="8" orth="Conseil" pos="NOUN" prefix="C" shape="Xxxxx" suffix="eil" tag="NE" />
    </node>
    <node ID="0.2" type="Word">
      <attributes paragraph="1" paragraph_position="2" text="und" />
      <extra dep="cc" ent_iob="2" ent_type="" head="1" lemma="und" orig_paragraph="8" orth="und" pos="CCONJ" prefix="u" shape="xxx" suffix="und" tag="NE" />
    </node>
    <node ID="0.3" type="Word">
      <attributes paragraph="1" paragraph_position="3" text="ich" />
      <extra dep="conj" ent_iob="2" ent_type="" head="-2" lemma="ich" orig_paragraph="8" orth="ich" pos="PRON" prefix="i" shape="xxx" suffix="ich" tag="PPER" />
    </node>
    <node ID="0.4" type="Punctuation">
      <attributes paragraph="1" paragraph_position="4" text="," />
      <extra dep="punct" ent_iob="2" ent_type="" head="-3" lemma="," orig_paragraph="8" orth="," pos="PUNCT" prefix="," shape="," suffix="," tag="$," />
    </node>
    <node ID="0.5" type="Word">
      <attributes paragraph="1" paragraph_position="5" text="wir" />
      <extra dep="nsubj" ent_iob="2" ent_type="" head="2" lemma="wir" orig_paragraph="8" orth="wir" pos="PRON" prefix="w" shape="xxx" suffix="wir" tag="NE" />
    </node>
    <node ID="0.6" type="Word">
      <attributes paragraph="1" paragraph_position="6" text="blieben" />
      <extra dep="cop" ent_iob="2" ent_type="" head="1" lemma="bleiben" orig_paragraph="8" orth="blieben" pos="AUX" prefix="b" shape="xxxx" suffix="ben" tag="VVFIN" />
    </node>
    <node ID="0.7" type="Word">
      <attributes paragraph="1" paragraph_position="7" text="unzertrennlich" />
      <extra dep="root" ent_iob="2" ent_type="" head="-1" lemma="unzertrennlich" orig_paragraph="8" orth="unzertrennlich" pos="ADJ" prefix="u" shape="xxxx" suffix="ich" tag="ADJD" />
    </node>
    <node ID="0.8" type="Punctuation">
      <attributes paragraph="1" paragraph_position="8" text="." />
      <extra dep="punct" ent_iob="2" ent_type="" head="-1" lemma="." orig_paragraph="8" orth="." pos="PUNCT" prefix="." shape="." suffix="." tag="$." />
    </node>
  </layer>
  <layer layerID="1">
    <attributes />
    <node ID="1.1" type="FN">
      <attributes />
      <edge toID="1.2" type="H">
        <attributes />
        <category tag="H" />
      </edge>
    </node>
    <node ID="1.2" type="FN">
      <attributes />
      <edge toID="1.3" type="A">
        <attributes />
        <category tag="A" />
      </edge>
      <edge toID="1.4" type="U">
        <attributes />
        <category tag="U" />
      </edge>
      <edge toID="1.5" type="A">
        <attributes />
        <category tag="A" />
      </edge>
      <edge toID="1.6" type="D">
        <attributes />
        <category tag="D" />
      </edge>
      <edge toID="1.7" type="S">
        <attributes />
        <category tag="S" />
      </edge>
      <edge toID="1.8" type="U">
        <attributes />
        <category tag="U" />
      </edge>
    </node>
    <node ID="1.3" type="FN">
      <attributes />
      <edge toID="1.9" type="C">
        <attributes />
        <category tag="C" />
      </edge>
      <edge toID="1.10" type="N">
        <attributes />
        <category tag="N" />
      </edge>
      <edge toID="1.11" type="C">
        <attributes />
        <category tag="C" />
      </edge>
    </node>
    <node ID="1.4" type="PNCT">
      <attributes />
      <edge toID="0.4" type="Terminal">
        <attributes />
        <category tag="Terminal" />
      </edge>
    </node>
    <node ID="1.5" type="FN">
      <attributes />
      <edge toID="0.5" type="Terminal">
        <attributes />
        <category tag="Terminal" />
      </edge>
    </node>
    <node ID="1.6" type="FN">
      <attributes />
      <edge toID="0.6" type="Terminal">
        <attributes />
        <category tag="Terminal" />
      </edge>
    </node>
    <node ID="1.7" type="FN">
      <attributes />
      <edge toID="0.7" type="Terminal">
        <attributes />
        <category tag="Terminal" />
      </edge>
    </node>
    <node ID="1.8" type="PNCT">
      <attributes />
      <edge toID="0.8" type="Terminal">
        <attributes />
        <category tag="Terminal" />
      </edge>
    </node>
    <node ID="1.9" type="FN">
      <attributes />
      <edge toID="0.1" type="Terminal">
        <attributes />
        <category tag="Terminal" />
      </edge>
    </node>
    <node ID="1.10" type="FN">
      <attributes />
      <edge toID="0.2" type="Terminal">
        <attributes />
        <category tag="Terminal" />
      </edge>
    </node>
    <node ID="1.11" type="FN">
      <attributes />
      <edge toID="0.3" type="Terminal">
        <attributes />
        <category tag="Terminal" />
      </edge>
    </node>
  </layer>
</root>
