<root annotationID="0" passageID="25829013">
  <attributes />
  <extra format="ucca" />
  <layer layerID="0">
    <attributes />
    <extra doc="[[[18258199938562639160, 5817815807927905559, 17274946937384965927, 86, 0, 2, 408, 3, 18200729499220207786, 14825646868312541310, 18258199938562639160], [10343076919720641053, 10343076919720641053, 9330139752921481772, 94, 0, 2, 426, 2, 4370460163704169311, 1720370409040345145, 10343076919720641053], [15192908731043726583, 15192908731043726583, 6406657664862290459, 89, 0, 2, 412, 1, 4088098365541558500, 1720370409040345145, 15192908731043726583], [11573579302398068273, 11573579302398068273, 15308085513773655218, 91, 0, 2, 445, 0, 18200729499220207786, 9350754067018752509, 11573579302398068273], [2593208677638477497, 2593208677638477497, 12261388825712162116, 96, 0, 2, 442, -1, 2593208677638477497, 2593208677638477497, 2593208677638477497], [9250722957692387333, 9250722957692387333, 4551439094721565604, 94, 0, 2, 426, 4, 4088098365541558500, 8148669997605808657, 9250722957692387333], [50340426821988662, 50340426821988662, 85, 85, 0, 2, 397, 2, 13110060611322374290, 13210364986222294696, 11965311973866822031], [10611441411687283471, 10611441411687283471, 15308085513773655218, 84, 0, 2, 8110129090154140942, 1, 13110060611322374290, 13210364986222294696, 11317294577325307503], [9084686974184369615, 9084686974184369615, 15308085513773655218, 91, 0, 2, 432, 1, 16072095006890171862, 16337536289976144572, 13130769157622138839], [13480983043587451674, null, 10675845091474465339, 99, 0, 2, 447, -6, 13110060611322374290, 8148669997605808657, 1660677297813483573], [8205403955989537350, 8205403955989537350, 17404231807887051932, 96, 0, 2, 442, -7, 8205403955989537350, 8205403955989537350, 8205403955989537350]], [], [], [], [], [], [], [], [], [], [], [], [], [], [], [], [], [], [], [], []]" />
    <node ID="0.1" type="Word">
      <attributes paragraph="1" paragraph_position="1" text="War" />
      <extra dep="cop" ent_iob="2" ent_type="" head="3" lemma="sein" orig_paragraph="8" orth="War" pos="AUX" prefix="W" shape="Xxx" suffix="War" tag="NE" />
    </node>
    <node ID="0.2" type="Word">
      <attributes paragraph="1" paragraph_position="2" text="es" />
      <extra dep="nsubj" ent_iob="2" ent_type="" head="2" lemma="es" orig_paragraph="8" orth="es" pos="PRON" prefix="e" shape="xx" suffix="es" tag="PPER" />
    </node>
    <node ID="0.3" type="Word">
      <attributes paragraph="1" paragraph_position="3" text="ein" />
      <extra dep="det" ent_iob="2" ent_type="" head="1" lemma="ein" orig_paragraph="8" orth="ein" pos="DET" prefix="e" shape="xxx" suffix="ein" tag="ART" />
    </node>
    <node ID="0.4" type="Word">
      <attributes paragraph="1" paragraph_position="4" text="Ha&#223;" />
      <extra dep="root" ent_iob="2" ent_type="" head="-3" lemma="Ha&#223;" orig_paragraph="8" orth="Ha&#223;" pos="NOUN" prefix="H" shape="Xxx" suffix="Ha&#223;" tag="NN" />
    </node>
    <node ID="0.5" type="Punctuation">
      <attributes paragraph="1" paragraph_position="5" text="," />
      <extra dep="punct" ent_iob="2" ent_type="" head="-1" lemma="," orig_paragraph="8" orth="," pos="PUNCT" prefix="," shape="," suffix="," tag="$," />
    </node>
    <node ID="0.6" type="Word">
      <attributes paragraph="1" paragraph_position="6" text="der" />
      <extra dep="nsubj" ent_iob="2" ent_type="" head="4" lemma="der" orig_paragraph="8" orth="der" pos="PRON" prefix="d" shape="xxx" suffix="der" tag="PRELS" />
    </node>
    <node ID="0.7" type="Word">
      <attributes paragraph="1" paragraph_position="7" text="noch" />
      <extra dep="advmod" ent_iob="2" ent_type="" head="2" lemma="noch" orig_paragraph="8" orth="noch" pos="ADV" prefix="n" shape="xxxx" suffix="och" tag="ADV" />
    </node>
    <node ID="0.8" type="Word">
      <attributes paragraph="1" paragraph_position="8" text="nach" />
      <extra dep="case" ent_iob="2" ent_type="" head="1" lemma="nach" orig_paragraph="8" orth="nach" pos="ADP" prefix="n" shape="xxxx" suffix="ach" tag="NN" />
    </node>
    <node ID="0.9" type="Word">
      <attributes paragraph="1" paragraph_position="9" text="Rache" />
      <extra dep="obl" ent_iob="2" ent_type="" head="1" lemma="Rache" orig_paragraph="8" orth="Rache" pos="NOUN" prefix="R" shape="Xxxxx" suffix="che" tag="NN" />
    </node>
    <node ID="0.10" type="Word">
      <attributes paragraph="1" paragraph_position="10" text="d&#252;rstete" />
      <extra dep="acl" ent_iob="2" ent_type="" head="-6" lemma="d&#252;rsten" orig_paragraph="8" orth="d&#252;rstete" pos="VERB" prefix="d" shape="xxxx" suffix="ete" tag="VVFIN" />
    </node>
    <node ID="0.11" type="Punctuation">
      <attributes paragraph="1" paragraph_position="11" text="?" />
      <extra dep="punct" ent_iob="2" ent_type="" head="-7" lemma="?" orig_paragraph="8" orth="?" pos="PUNCT" prefix="?" shape="?" suffix="?" tag="$." />
    </node>
  </layer>
  <layer layerID="1">
    <attributes />
    <node ID="1.1" type="FN">
      <attributes />
      <edge toID="1.2" type="H">
        <attributes />
        <category tag="H" />
      </edge>
    </node>
    <node ID="1.2" type="FN">
      <attributes />
      <edge toID="1.3" type="S">
        <attributes />
        <category tag="S" />
      </edge>
      <edge toID="1.4" type="A">
        <attributes />
        <category tag="A" />
      </edge>
      <edge toID="1.5" type="A">
        <attributes />
        <category tag="A" />
      </edge>
    </node>
    <node ID="1.3" type="FN">
      <attributes />
      <edge toID="0.1" type="Terminal">
        <attributes />
        <category tag="Terminal" />
      </edge>
    </node>
    <node ID="1.4" type="FN">
      <attributes />
      <edge toID="0.2" type="Terminal">
        <attributes />
        <category tag="Terminal" />
      </edge>
    </node>
    <node ID="1.5" type="FN">
      <attributes />
      <edge toID="1.6" type="E">
        <attributes />
        <category tag="E" />
      </edge>
      <edge toID="1.7" type="U">
        <attributes />
        <category tag="U" />
      </edge>
      <edge toID="1.8" type="E">
        <attributes />
        <category tag="E" />
      </edge>
      <edge toID="1.9" type="C">
        <attributes />
        <category tag="C" />
      </edge>
    </node>
    <node ID="1.6" type="FN">
      <attributes />
      <edge toID="0.3" type="Terminal">
        <attributes />
        <category tag="Terminal" />
      </edge>
    </node>
    <node ID="1.7" type="PNCT">
      <attributes />
      <edge toID="0.5" type="Terminal">
        <attributes />
        <category tag="Terminal" />
      </edge>
    </node>
    <node ID="1.8" type="FN">
      <attributes />
      <edge toID="1.9" type="A">
        <attributes remote="True" />
        <category tag="A" />
      </edge>
      <edge toID="1.10" type="R">
        <attributes />
        <category tag="R" />
      </edge>
      <edge toID="1.11" type="D">
        <attributes />
        <category tag="D" />
      </edge>
      <edge toID="1.12" type="A">
        <attributes />
        <category tag="A" />
      </edge>
      <edge toID="1.13" type="P">
        <attributes />
        <category tag="P" />
      </edge>
      <edge toID="1.14" type="U">
        <attributes />
        <category tag="U" />
      </edge>
    </node>
    <node ID="1.9" type="FN">
      <attributes />
      <edge toID="0.4" type="Terminal">
        <attributes />
        <category tag="Terminal" />
      </edge>
    </node>
    <node ID="1.10" type="FN">
      <attributes />
      <edge toID="0.6" type="Terminal">
        <attributes />
        <category tag="Terminal" />
      </edge>
    </node>
    <node ID="1.11" type="FN">
      <attributes />
      <edge toID="0.7" type="Terminal">
        <attributes />
        <category tag="Terminal" />
      </edge>
    </node>
    <node ID="1.12" type="FN">
      <attributes />
      <edge toID="1.15" type="R">
        <attributes />
        <category tag="R" />
      </edge>
      <edge toID="1.16" type="C">
        <attributes />
        <category tag="C" />
      </edge>
    </node>
    <node ID="1.13" type="FN">
      <attributes />
      <edge toID="0.10" type="Terminal">
        <attributes />
        <category tag="Terminal" />
      </edge>
    </node>
    <node ID="1.14" type="PNCT">
      <attributes />
      <edge toID="0.11" type="Terminal">
        <attributes />
        <category tag="Terminal" />
      </edge>
    </node>
    <node ID="1.15" type="FN">
      <attributes />
      <edge toID="0.8" type="Terminal">
        <attributes />
        <category tag="Terminal" />
      </edge>
    </node>
    <node ID="1.16" type="FN">
      <attributes />
      <edge toID="0.9" type="Terminal">
        <attributes />
        <category tag="Terminal" />
      </edge>
    </node>
  </layer>
</root>
