<root annotationID="0" passageID="25824006">
  <attributes />
  <extra format="ucca" />
  <layer layerID="0">
    <attributes />
    <extra doc="[[[14391378019311476029, 9727125788672890116, 13264545156129351491, 97, 0, 2, 420, 7, 18200729499220207786, 14862748245026736845, 14391378019311476029], [3573116604670608395, 9250722957692387333, 6406657664862290459, 89, 0, 2, 412, 1, 4088098365541558500, 8148669997605808657, 3573116604670608395], [4070060782682011301, 4070060782682011301, 17274946937384965927, 91, 383, 3, 426, 5, 13363399579475515900, 5633171510477629358, 13543863076088565300], [3566421321526964025, 3566421321526964025, 6794885307917495400, 84, 0, 2, 8110129090154140942, 3, 13110060611322374290, 8148669997605808657, 10333095992264041584], [6717227350879855914, 2839554839881490554, 7235388517181998261, 89, 0, 2, 4814769781414241312, 2, 13110060611322374290, 5097672513440128799, 5362935854461902202], [6524616557126822929, null, 9068901972800807265, 83, 0, 2, 399, 1, 13110060611322374290, 8148669997605808657, 7970704286052693043], [5241171676871018143, 1833627630090829585, 15308085513773655218, 91, 0, 2, 432, 1, 16072095006890171862, 3209455878668673793, 15425007702371471922], [10969943939167961626, 711844892192181479, 10675845091474465339, 99, 0, 2, 396, 2, 13110060611322374290, 13110760720460257827, 12625029213173723044], [2593208677638477497, 2593208677638477497, 12261388825712162116, 96, 0, 2, 442, 1, 2593208677638477497, 2593208677638477497, 2593208677638477497], [7201625430127388292, 15042795084375222521, 10675845091474465339, 99, 0, 2, 445, 0, 13110060611322374290, 646772771845179972, 13532688261345815723], [10265832328710632600, 10265832328710632600, 17274946937384965927, 95, 4317129024397789502, 3, 426, -1, 16072095006890171862, 149303876845869574, 9113047341877232477], [3573116604670608395, 9250722957692387333, 6406657664862290459, 89, 0, 2, 412, 1, 4088098365541558500, 8148669997605808657, 3573116604670608395], [4935751120643306782, 4935751120643306782, 15308085513773655218, 91, 0, 2, 431, -3, 16072095006890171862, 14230521632333904559, 15480957645181813644], [11532473245541075862, 11532473245541075862, 17404231807887051932, 96, 0, 2, 442, -4, 11532473245541075862, 11532473245541075862, 11532473245541075862]], [], [], [], [], [], [], [], [], [], [], [], []]" />
    <node ID="0.1" type="Word">
      <attributes paragraph="1" paragraph_position="1" text="Als" />
      <extra dep="mark" ent_iob="2" ent_type="" head="7" lemma="als" orig_paragraph="4" orth="Als" pos="SCONJ" prefix="A" shape="Xxx" suffix="Als" tag="KOUS" />
    </node>
    <node ID="0.2" type="Word">
      <attributes paragraph="1" paragraph_position="2" text="die" />
      <extra dep="det" ent_iob="2" ent_type="" head="1" lemma="der" orig_paragraph="4" orth="die" pos="DET" prefix="d" shape="xxx" suffix="die" tag="ART" />
    </node>
    <node ID="0.3" type="Word">
      <attributes paragraph="1" paragraph_position="3" text="&#8250;Nautilus&#8249;" />
      <extra dep="nsubj" ent_iob="3" ent_type="LOC" head="5" lemma="&#8250;Nautilus&#8249;" orig_paragraph="4" orth="&#8250;Nautilus&#8249;" pos="NOUN" prefix="&#8250;" shape="&#8250;Xxxxx&#8249;" suffix="us&#8249;" tag="NE" />
    </node>
    <node ID="0.4" type="Word">
      <attributes paragraph="1" paragraph_position="4" text="durch" />
      <extra dep="case" ent_iob="2" ent_type="" head="3" lemma="durch" orig_paragraph="4" orth="durch" pos="ADP" prefix="d" shape="xxxx" suffix="rch" tag="APPR" />
    </node>
    <node ID="0.5" type="Word">
      <attributes paragraph="1" paragraph_position="5" text="ihre" />
      <extra dep="det:poss" ent_iob="2" ent_type="" head="2" lemma="ihr" orig_paragraph="4" orth="ihre" pos="DET" prefix="i" shape="xxxx" suffix="hre" tag="PPOSAT" />
    </node>
    <node ID="0.6" type="Word">
      <attributes paragraph="1" paragraph_position="6" text="dichtgedr&#228;ngten" />
      <extra dep="amod" ent_iob="2" ent_type="" head="1" lemma="dichtgedr&#228;ngt" orig_paragraph="4" orth="dichtgedr&#228;ngten" pos="ADJ" prefix="d" shape="xxxx" suffix="ten" tag="ADJA" />
    </node>
    <node ID="0.7" type="Word">
      <attributes paragraph="1" paragraph_position="7" text="Massen" />
      <extra dep="obl" ent_iob="2" ent_type="" head="1" lemma="Masse" orig_paragraph="4" orth="Massen" pos="NOUN" prefix="M" shape="Xxxxx" suffix="sen" tag="NN" />
    </node>
    <node ID="0.8" type="Word">
      <attributes paragraph="1" paragraph_position="8" text="fuhr" />
      <extra dep="advcl" ent_iob="2" ent_type="" head="2" lemma="fahren" orig_paragraph="4" orth="fuhr" pos="VERB" prefix="f" shape="xxxx" suffix="uhr" tag="VVFIN" />
    </node>
    <node ID="0.9" type="Punctuation">
      <attributes paragraph="1" paragraph_position="9" text="," />
      <extra dep="punct" ent_iob="2" ent_type="" head="1" lemma="," orig_paragraph="4" orth="," pos="PUNCT" prefix="," shape="," suffix="," tag="$," />
    </node>
    <node ID="0.10" type="Word">
      <attributes paragraph="1" paragraph_position="10" text="machte" />
      <extra dep="root" ent_iob="2" ent_type="" head="0" lemma="machen" orig_paragraph="4" orth="machte" pos="VERB" prefix="m" shape="xxxx" suffix="hte" tag="VVFIN" />
    </node>
    <node ID="0.11" type="Word">
      <attributes paragraph="1" paragraph_position="11" text="Conseil" />
      <extra dep="nsubj" ent_iob="3" ent_type="PER" head="-1" lemma="Conseil" orig_paragraph="4" orth="Conseil" pos="PROPN" prefix="C" shape="Xxxxx" suffix="eil" tag="NE" />
    </node>
    <node ID="0.12" type="Word">
      <attributes paragraph="1" paragraph_position="12" text="die" />
      <extra dep="det" ent_iob="2" ent_type="" head="1" lemma="der" orig_paragraph="4" orth="die" pos="DET" prefix="d" shape="xxx" suffix="die" tag="ART" />
    </node>
    <node ID="0.13" type="Word">
      <attributes paragraph="1" paragraph_position="13" text="Bemerkung" />
      <extra dep="obj" ent_iob="2" ent_type="" head="-3" lemma="Bemerkung" orig_paragraph="4" orth="Bemerkung" pos="NOUN" prefix="B" shape="Xxxxx" suffix="ung" tag="NN" />
    </node>
    <node ID="0.14" type="Punctuation">
      <attributes paragraph="1" paragraph_position="14" text=":" />
      <extra dep="punct" ent_iob="2" ent_type="" head="-4" lemma=":" orig_paragraph="4" orth=":" pos="PUNCT" prefix=":" shape=":" suffix=":" tag="$." />
    </node>
  </layer>
  <layer layerID="1">
    <attributes />
    <node ID="1.1" type="FN">
      <attributes />
      <edge toID="1.2" type="L">
        <attributes />
        <category tag="L" />
      </edge>
      <edge toID="1.3" type="H">
        <attributes />
        <category tag="H" />
      </edge>
      <edge toID="1.4" type="U">
        <attributes />
        <category tag="U" />
      </edge>
      <edge toID="1.5" type="H">
        <attributes />
        <category tag="H" />
      </edge>
    </node>
    <node ID="1.2" type="FN">
      <attributes />
      <edge toID="0.1" type="Terminal">
        <attributes />
        <category tag="Terminal" />
      </edge>
    </node>
    <node ID="1.3" type="FN">
      <attributes />
      <edge toID="1.6" type="A">
        <attributes />
        <category tag="A" />
      </edge>
      <edge toID="1.7" type="A">
        <attributes />
        <category tag="A" />
      </edge>
      <edge toID="1.8" type="P">
        <attributes />
        <category tag="P" />
      </edge>
    </node>
    <node ID="1.4" type="PNCT">
      <attributes />
      <edge toID="0.9" type="Terminal">
        <attributes />
        <category tag="Terminal" />
      </edge>
    </node>
    <node ID="1.5" type="FN">
      <attributes />
      <edge toID="1.9" type="P">
        <attributes />
        <category tag="P" />
      </edge>
      <edge toID="1.10" type="A">
        <attributes />
        <category tag="A" />
      </edge>
      <edge toID="1.11" type="A">
        <attributes />
        <category tag="A" />
      </edge>
    </node>
    <node ID="1.6" type="FN">
      <attributes />
      <edge toID="1.12" type="E">
        <attributes />
        <category tag="E" />
      </edge>
      <edge toID="1.13" type="C">
        <attributes />
        <category tag="C" />
      </edge>
    </node>
    <node ID="1.7" type="FN">
      <attributes />
      <edge toID="1.14" type="R">
        <attributes />
        <category tag="R" />
      </edge>
      <edge toID="1.15" type="E">
        <attributes />
        <category tag="E" />
      </edge>
      <edge toID="1.16" type="E">
        <attributes />
        <category tag="E" />
      </edge>
      <edge toID="1.17" type="C">
        <attributes />
        <category tag="C" />
      </edge>
    </node>
    <node ID="1.8" type="FN">
      <attributes />
      <edge toID="0.8" type="Terminal">
        <attributes />
        <category tag="Terminal" />
      </edge>
    </node>
    <node ID="1.9" type="FN">
      <attributes />
      <edge toID="0.10" type="Terminal">
        <attributes />
        <category tag="Terminal" />
      </edge>
    </node>
    <node ID="1.10" type="FN">
      <attributes />
      <edge toID="0.11" type="Terminal">
        <attributes />
        <category tag="Terminal" />
      </edge>
    </node>
    <node ID="1.11" type="FN">
      <attributes />
      <edge toID="1.18" type="E">
        <attributes />
        <category tag="E" />
      </edge>
      <edge toID="1.19" type="C">
        <attributes />
        <category tag="C" />
      </edge>
      <edge toID="1.20" type="U">
        <attributes />
        <category tag="U" />
      </edge>
    </node>
    <node ID="1.12" type="FN">
      <attributes />
      <edge toID="0.2" type="Terminal">
        <attributes />
        <category tag="Terminal" />
      </edge>
    </node>
    <node ID="1.13" type="FN">
      <attributes />
      <edge toID="0.3" type="Terminal">
        <attributes />
        <category tag="Terminal" />
      </edge>
    </node>
    <node ID="1.14" type="FN">
      <attributes />
      <edge toID="0.4" type="Terminal">
        <attributes />
        <category tag="Terminal" />
      </edge>
    </node>
    <node ID="1.15" type="FN">
      <attributes />
      <edge toID="0.5" type="Terminal">
        <attributes />
        <category tag="Terminal" />
      </edge>
    </node>
    <node ID="1.16" type="FN">
      <attributes />
      <edge toID="0.6" type="Terminal">
        <attributes />
        <category tag="Terminal" />
      </edge>
    </node>
    <node ID="1.17" type="FN">
      <attributes />
      <edge toID="0.7" type="Terminal">
        <attributes />
        <category tag="Terminal" />
      </edge>
    </node>
    <node ID="1.18" type="FN">
      <attributes />
      <edge toID="0.12" type="Terminal">
        <attributes />
        <category tag="Terminal" />
      </edge>
    </node>
    <node ID="1.19" type="FN">
      <attributes />
      <edge toID="0.13" type="Terminal">
        <attributes />
        <category tag="Terminal" />
      </edge>
    </node>
    <node ID="1.20" type="PNCT">
      <attributes />
      <edge toID="0.14" type="Terminal">
        <attributes />
        <category tag="Terminal" />
      </edge>
    </node>
  </layer>
</root>
