<root annotationID="0" passageID="25822008">
  <attributes />
  <extra format="ucca" />
  <layer layerID="0">
    <attributes />
    <extra doc="[[[16807736786308693906, 9250722957692387333, 6406657664862290459, 89, 0, 2, 412, 1, 18200729499220207786, 3929483993944067416, 16807736786308693906], [18278938592715794213, 18278938592715794213, 15308085513773655218, 91, 0, 2, 426, 3, 16072095006890171862, 12290980237632234855, 3793998707885813792], [6923696665978021163, 9250722957692387333, 6406657664862290459, 89, 0, 2, 412, 1, 4088098365541558500, 8148669997605808657, 6923696665978021163], [16829930194438811176, 11045664955424250153, 15308085513773655218, 91, 0, 2, 423, -2, 16072095006890171862, 12290980237632234855, 9619796226526957794], [14575505891264308407, 15947168306010179542, 10675845091474465339, 99, 0, 2, 445, 0, 13110060611322374290, 13210364986222294696, 8837164897341598238], [17532039761787845450, 17532039761787845450, 17274946937384965927, 85, 0, 2, 397, 1, 13110060611322374290, 15598372446745583797, 18360179269627738963], [9175919012294849051, 9175919012294849051, 17274946937384965927, 91, 0, 2, 431, -2, 16072095006890171862, 9350754067018752509, 17541118948136595177], [9250722957692387333, 9250722957692387333, 6406657664862290459, 89, 0, 2, 412, 1, 4088098365541558500, 8148669997605808657, 9250722957692387333], [15107839636016546123, 15107839636016546123, 15308085513773655218, 91, 0, 2, 423, -2, 16072095006890171862, 10850957288794122991, 5462653070606849934], [12508082737821923009, 12508082737821923009, 17015325344306543250, 84, 0, 2, 2008358639898919775, -5, 4370460163704169311, 7187156974425934, 12508082737821923009], [12646065887601541794, 12646065887601541794, 17404231807887051932, 96, 0, 2, 442, -6, 12646065887601541794, 12646065887601541794, 12646065887601541794]], [], [], [], [], []]" />
    <node ID="0.1" type="Word">
      <attributes paragraph="1" paragraph_position="1" text="Die" />
      <extra dep="det" ent_iob="2" ent_type="" head="1" lemma="der" orig_paragraph="3" orth="Die" pos="DET" prefix="D" shape="Xxx" suffix="Die" tag="ART" />
    </node>
    <node ID="0.2" type="Word">
      <attributes paragraph="1" paragraph_position="2" text="St&#228;rke" />
      <extra dep="nsubj" ent_iob="2" ent_type="" head="3" lemma="St&#228;rke" orig_paragraph="3" orth="St&#228;rke" pos="NOUN" prefix="S" shape="Xxxxx" suffix="rke" tag="NN" />
    </node>
    <node ID="0.3" type="Word">
      <attributes paragraph="1" paragraph_position="3" text="des" />
      <extra dep="det" ent_iob="2" ent_type="" head="1" lemma="der" orig_paragraph="3" orth="des" pos="DET" prefix="d" shape="xxx" suffix="des" tag="ART" />
    </node>
    <node ID="0.4" type="Word">
      <attributes paragraph="1" paragraph_position="4" text="Sturms" />
      <extra dep="nmod" ent_iob="2" ent_type="" head="-2" lemma="Sturm" orig_paragraph="3" orth="Sturms" pos="NOUN" prefix="S" shape="Xxxxx" suffix="rms" tag="NN" />
    </node>
    <node ID="0.5" type="Word">
      <attributes paragraph="1" paragraph_position="5" text="nahm" />
      <extra dep="root" ent_iob="2" ent_type="" head="0" lemma="nehmen" orig_paragraph="3" orth="nahm" pos="VERB" prefix="n" shape="xxxx" suffix="ahm" tag="VVFIN" />
    </node>
    <node ID="0.6" type="Word">
      <attributes paragraph="1" paragraph_position="6" text="beim" />
      <extra dep="advmod" ent_iob="2" ent_type="" head="1" lemma="beim" orig_paragraph="3" orth="beim" pos="ADV" prefix="b" shape="xxxx" suffix="eim" tag="NE" />
    </node>
    <node ID="0.7" type="Word">
      <attributes paragraph="1" paragraph_position="7" text="Herannahen" />
      <extra dep="obj" ent_iob="2" ent_type="" head="-2" lemma="Herannahen" orig_paragraph="3" orth="Herannahen" pos="NOUN" prefix="H" shape="Xxxxx" suffix="hen" tag="NE" />
    </node>
    <node ID="0.8" type="Word">
      <attributes paragraph="1" paragraph_position="8" text="der" />
      <extra dep="det" ent_iob="2" ent_type="" head="1" lemma="der" orig_paragraph="3" orth="der" pos="DET" prefix="d" shape="xxx" suffix="der" tag="ART" />
    </node>
    <node ID="0.9" type="Word">
      <attributes paragraph="1" paragraph_position="9" text="Nacht" />
      <extra dep="nmod" ent_iob="2" ent_type="" head="-2" lemma="Nacht" orig_paragraph="3" orth="Nacht" pos="NOUN" prefix="N" shape="Xxxxx" suffix="cht" tag="NN" />
    </node>
    <node ID="0.10" type="Word">
      <attributes paragraph="1" paragraph_position="10" text="zu" />
      <extra dep="compound:prt" ent_iob="2" ent_type="" head="-5" lemma="zu" orig_paragraph="3" orth="zu" pos="ADP" prefix="z" shape="xx" suffix="zu" tag="VVINF" />
    </node>
    <node ID="0.11" type="Punctuation">
      <attributes paragraph="1" paragraph_position="11" text="." />
      <extra dep="punct" ent_iob="2" ent_type="" head="-6" lemma="." orig_paragraph="3" orth="." pos="PUNCT" prefix="." shape="." suffix="." tag="$." />
    </node>
  </layer>
  <layer layerID="1">
    <attributes />
    <node ID="1.1" type="FN">
      <attributes />
      <edge toID="1.2" type="H">
        <attributes />
        <category tag="H" />
      </edge>
    </node>
    <node ID="1.2" type="FN">
      <attributes />
      <edge toID="1.3" type="A">
        <attributes />
        <category tag="A" />
      </edge>
      <edge toID="1.4" type="P">
        <attributes />
        <category tag="P" />
      </edge>
      <edge toID="1.5" type="A">
        <attributes />
        <category tag="A" />
      </edge>
      <edge toID="1.6" type="U">
        <attributes />
        <category tag="U" />
      </edge>
    </node>
    <node ID="1.3" type="FN">
      <attributes />
      <edge toID="1.7" type="E">
        <attributes />
        <category tag="E" />
      </edge>
      <edge toID="1.8" type="C">
        <attributes />
        <category tag="C" />
      </edge>
      <edge toID="1.9" type="E">
        <attributes />
        <category tag="E" />
      </edge>
    </node>
    <node ID="1.4" type="FN">
      <attributes />
      <edge toID="0.5" type="Terminal">
        <attributes />
        <category tag="Terminal" />
      </edge>
      <edge toID="0.10" type="Terminal">
        <attributes />
        <category tag="Terminal" />
      </edge>
    </node>
    <node ID="1.5" type="FN">
      <attributes />
      <edge toID="1.10" type="R">
        <attributes />
        <category tag="R" />
      </edge>
      <edge toID="1.11" type="C">
        <attributes />
        <category tag="C" />
      </edge>
      <edge toID="1.12" type="E">
        <attributes />
        <category tag="E" />
      </edge>
    </node>
    <node ID="1.6" type="PNCT">
      <attributes />
      <edge toID="0.11" type="Terminal">
        <attributes />
        <category tag="Terminal" />
      </edge>
    </node>
    <node ID="1.7" type="FN">
      <attributes />
      <edge toID="0.1" type="Terminal">
        <attributes />
        <category tag="Terminal" />
      </edge>
    </node>
    <node ID="1.8" type="FN">
      <attributes />
      <edge toID="0.2" type="Terminal">
        <attributes />
        <category tag="Terminal" />
      </edge>
    </node>
    <node ID="1.9" type="FN">
      <attributes />
      <edge toID="1.13" type="R">
        <attributes />
        <category tag="R" />
      </edge>
      <edge toID="1.14" type="C">
        <attributes />
        <category tag="C" />
      </edge>
    </node>
    <node ID="1.10" type="FN">
      <attributes />
      <edge toID="0.6" type="Terminal">
        <attributes />
        <category tag="Terminal" />
      </edge>
    </node>
    <node ID="1.11" type="FN">
      <attributes />
      <edge toID="0.7" type="Terminal">
        <attributes />
        <category tag="Terminal" />
      </edge>
    </node>
    <node ID="1.12" type="FN">
      <attributes />
      <edge toID="1.15" type="R">
        <attributes />
        <category tag="R" />
      </edge>
      <edge toID="1.16" type="C">
        <attributes />
        <category tag="C" />
      </edge>
    </node>
    <node ID="1.13" type="FN">
      <attributes />
      <edge toID="0.3" type="Terminal">
        <attributes />
        <category tag="Terminal" />
      </edge>
    </node>
    <node ID="1.14" type="FN">
      <attributes />
      <edge toID="0.4" type="Terminal">
        <attributes />
        <category tag="Terminal" />
      </edge>
    </node>
    <node ID="1.15" type="FN">
      <attributes />
      <edge toID="0.8" type="Terminal">
        <attributes />
        <category tag="Terminal" />
      </edge>
    </node>
    <node ID="1.16" type="FN">
      <attributes />
      <edge toID="0.9" type="Terminal">
        <attributes />
        <category tag="Terminal" />
      </edge>
    </node>
  </layer>
</root>
