<root annotationID="0" passageID="25823000">
  <attributes />
  <extra format="ucca" />
  <layer layerID="0">
    <attributes />
    <extra doc="[[[15169689683799089839, 205941294864397889, 6794885307917495400, 84, 0, 2, 8110129090154140942, 2, 18200729499220207786, 14862748245026736845, 15169689683799089839], [16957618830852774490, 9250722957692387333, 6406657664862290459, 89, 0, 2, 412, 1, 4088098365541558500, 8148669997605808657, 16957618830852774490], [13976752623358471448, 13976752623358471448, 15308085513773655218, 91, 0, 2, 432, 2, 16072095006890171862, 17714545831559622561, 2646829786156813142], [13245825299642812197, 15374763605986507384, 17015325344306543250, 83, 0, 2, 400, -1, 13110060611322374290, 16562859848569467201, 11090586419576673076], [5149488051519900733, 8973117669818367927, 10675845091474465339, 99, 0, 2, 445, 0, 13110060611322374290, 13110760720460257827, 4484346171290105236], [15192908731043726583, 15192908731043726583, 6406657664862290459, 89, 0, 2, 412, 1, 4088098365541558500, 1720370409040345145, 15192908731043726583], [3647219289023170623, 3647219289023170623, 15308085513773655218, 91, 0, 2, 431, 1, 16072095006890171862, 9148987913859918431, 12891647876076605554], [13245825299642812197, 13245825299642812197, 17015325344306543250, 99, 0, 2, 446, -3, 13110060611322374290, 16562859848569467201, 11090586419576673076], [12646065887601541794, 12646065887601541794, 17404231807887051932, 96, 0, 2, 442, -4, 12646065887601541794, 12646065887601541794, 12646065887601541794]]]" />
    <node ID="0.1" type="Word">
      <attributes paragraph="1" paragraph_position="1" text="Auf" />
      <extra dep="case" ent_iob="2" ent_type="" head="2" lemma="auf" orig_paragraph="1" orth="Auf" pos="ADP" prefix="A" shape="Xxx" suffix="Auf" tag="APPR" />
    </node>
    <node ID="0.2" type="Word">
      <attributes paragraph="1" paragraph_position="2" text="den" />
      <extra dep="det" ent_iob="2" ent_type="" head="1" lemma="der" orig_paragraph="1" orth="den" pos="DET" prefix="d" shape="xxx" suffix="den" tag="ART" />
    </node>
    <node ID="0.3" type="Word">
      <attributes paragraph="1" paragraph_position="3" text="Platz" />
      <extra dep="obl" ent_iob="2" ent_type="" head="2" lemma="Platz" orig_paragraph="1" orth="Platz" pos="NOUN" prefix="P" shape="Xxxxx" suffix="atz" tag="NN" />
    </node>
    <node ID="0.4" type="Word">
      <attributes paragraph="1" paragraph_position="4" text="regen" />
      <extra dep="appos" ent_iob="2" ent_type="" head="-1" lemma="rege" orig_paragraph="1" orth="regen" pos="ADJ" prefix="r" shape="xxxx" suffix="gen" tag="VVINF" />
    </node>
    <node ID="0.5" type="Word">
      <attributes paragraph="1" paragraph_position="5" text="folgte" />
      <extra dep="root" ent_iob="2" ent_type="" head="0" lemma="folgen" orig_paragraph="1" orth="folgte" pos="VERB" prefix="f" shape="xxxx" suffix="gte" tag="VVFIN" />
    </node>
    <node ID="0.6" type="Word">
      <attributes paragraph="1" paragraph_position="6" text="ein" />
      <extra dep="det" ent_iob="2" ent_type="" head="1" lemma="ein" orig_paragraph="1" orth="ein" pos="DET" prefix="e" shape="xxx" suffix="ein" tag="ART" />
    </node>
    <node ID="0.7" type="Word">
      <attributes paragraph="1" paragraph_position="7" text="Feuer" />
      <extra dep="obj" ent_iob="2" ent_type="" head="1" lemma="Feuer" orig_paragraph="1" orth="Feuer" pos="NOUN" prefix="F" shape="Xxxxx" suffix="uer" tag="NN" />
    </node>
    <node ID="0.8" type="Word">
      <attributes paragraph="1" paragraph_position="8" text="regen" />
      <extra dep="xcomp" ent_iob="2" ent_type="" head="-3" lemma="regen" orig_paragraph="1" orth="regen" pos="VERB" prefix="r" shape="xxxx" suffix="gen" tag="VVINF" />
    </node>
    <node ID="0.9" type="Punctuation">
      <attributes paragraph="1" paragraph_position="9" text="." />
      <extra dep="punct" ent_iob="2" ent_type="" head="-4" lemma="." orig_paragraph="1" orth="." pos="PUNCT" prefix="." shape="." suffix="." tag="$." />
    </node>
  </layer>
  <layer layerID="1">
    <attributes />
    <node ID="1.1" type="FN">
      <attributes />
      <edge toID="1.2" type="H">
        <attributes />
        <category tag="H" />
      </edge>
    </node>
    <node ID="1.2" type="FN">
      <attributes />
      <edge toID="1.3" type="A">
        <attributes />
        <category tag="A" />
      </edge>
      <edge toID="1.4" type="D">
        <attributes />
        <category tag="D" />
      </edge>
      <edge toID="1.5" type="P">
        <attributes />
        <category tag="P" />
      </edge>
      <edge toID="1.6" type="A">
        <attributes />
        <category tag="A" />
      </edge>
      <edge toID="1.7" type="D">
        <attributes />
        <category tag="D" />
      </edge>
      <edge toID="1.8" type="U">
        <attributes />
        <category tag="U" />
      </edge>
    </node>
    <node ID="1.3" type="FN">
      <attributes />
      <edge toID="1.9" type="R">
        <attributes />
        <category tag="R" />
      </edge>
      <edge toID="1.10" type="E">
        <attributes />
        <category tag="E" />
      </edge>
      <edge toID="1.11" type="C">
        <attributes />
        <category tag="C" />
      </edge>
    </node>
    <node ID="1.4" type="FN">
      <attributes />
      <edge toID="0.4" type="Terminal">
        <attributes />
        <category tag="Terminal" />
      </edge>
    </node>
    <node ID="1.5" type="FN">
      <attributes />
      <edge toID="0.5" type="Terminal">
        <attributes />
        <category tag="Terminal" />
      </edge>
    </node>
    <node ID="1.6" type="FN">
      <attributes />
      <edge toID="1.12" type="E">
        <attributes />
        <category tag="E" />
      </edge>
      <edge toID="1.13" type="C">
        <attributes />
        <category tag="C" />
      </edge>
    </node>
    <node ID="1.7" type="FN">
      <attributes />
      <edge toID="0.8" type="Terminal">
        <attributes />
        <category tag="Terminal" />
      </edge>
    </node>
    <node ID="1.8" type="PNCT">
      <attributes />
      <edge toID="0.9" type="Terminal">
        <attributes />
        <category tag="Terminal" />
      </edge>
    </node>
    <node ID="1.9" type="FN">
      <attributes />
      <edge toID="0.1" type="Terminal">
        <attributes />
        <category tag="Terminal" />
      </edge>
    </node>
    <node ID="1.10" type="FN">
      <attributes />
      <edge toID="0.2" type="Terminal">
        <attributes />
        <category tag="Terminal" />
      </edge>
    </node>
    <node ID="1.11" type="FN">
      <attributes />
      <edge toID="0.3" type="Terminal">
        <attributes />
        <category tag="Terminal" />
      </edge>
    </node>
    <node ID="1.12" type="FN">
      <attributes />
      <edge toID="0.6" type="Terminal">
        <attributes />
        <category tag="Terminal" />
      </edge>
    </node>
    <node ID="1.13" type="FN">
      <attributes />
      <edge toID="0.7" type="Terminal">
        <attributes />
        <category tag="Terminal" />
      </edge>
    </node>
  </layer>
</root>
