<root annotationID="0" passageID="25823001">
  <attributes />
  <extra format="ucca" />
  <layer layerID="0">
    <attributes />
    <extra doc="[[[16807736786308693906, 9250722957692387333, 6406657664862290459, 89, 0, 2, 412, 1, 18200729499220207786, 3929483993944067416, 16807736786308693906], [10480907079509484595, 10480907079509484595, 15308085513773655218, 91, 0, 2, 426, 1, 16072095006890171862, 14825646868312541310, 940341820454552972], [1232652384098450869, 1232652384098450869, 15308085513773655218, 99, 0, 2, 445, 0, 13110060611322374290, 15369245168918225700, 13014049009108672802], [2717937005844543220, null, 10675845091474465339, 83, 0, 2, 397, -1, 13110060611322374290, 2482183445564601373, 7970704286052693043], [16692807490131828156, null, 3443513148085174024, 94, 0, 2, 431, 4, 13110060611322374290, 16978132545290669629, 5864527961345014045], [3002984154512732771, 3002984154512732771, 6794885307917495400, 84, 0, 2, 8110129090154140942, 2, 4370460163704169311, 5097672513440128799, 3002984154512732771], [14098102343802424038, null, 9068901972800807265, 83, 0, 2, 399, 1, 13110060611322374290, 2985121464356781022, 10576201942903268945], [12348777734845908666, 17726011216845106898, 15308085513773655218, 91, 0, 2, 423, 1, 16072095006890171862, 12290980237632234855, 13724210500437027975], [4470839589371340175, 4470839589371340175, 17274946937384965927, 83, 0, 2, 446, -5, 13110060611322374290, 15598372446745583797, 6518952531311925397], [12646065887601541794, 12646065887601541794, 17404231807887051932, 96, 0, 2, 442, -7, 12646065887601541794, 12646065887601541794, 12646065887601541794]], [], [], [], [], [], [], [], [], []]" />
    <node ID="0.1" type="Word">
      <attributes paragraph="1" paragraph_position="1" text="Die" />
      <extra dep="det" ent_iob="2" ent_type="" head="1" lemma="der" orig_paragraph="1" orth="Die" pos="DET" prefix="D" shape="Xxx" suffix="Die" tag="ART" />
    </node>
    <node ID="0.2" type="Word">
      <attributes paragraph="1" paragraph_position="2" text="Wasser" />
      <extra dep="nsubj" ent_iob="2" ent_type="" head="1" lemma="Wasser" orig_paragraph="1" orth="Wasser" pos="NOUN" prefix="W" shape="Xxxxx" suffix="ser" tag="NN" />
    </node>
    <node ID="0.3" type="Word">
      <attributes paragraph="1" paragraph_position="3" text="tropfen" />
      <extra dep="root" ent_iob="2" ent_type="" head="0" lemma="tropfen" orig_paragraph="1" orth="tropfen" pos="VERB" prefix="t" shape="xxxx" suffix="fen" tag="NN" />
    </node>
    <node ID="0.4" type="Word">
      <attributes paragraph="1" paragraph_position="4" text="verwandelten" />
      <extra dep="advmod" ent_iob="2" ent_type="" head="-1" lemma="verwandelt" orig_paragraph="1" orth="verwandelten" pos="ADJ" prefix="v" shape="xxxx" suffix="ten" tag="VVFIN" />
    </node>
    <node ID="0.5" type="Word">
      <attributes paragraph="1" paragraph_position="5" text="sich" />
      <extra dep="obj" ent_iob="2" ent_type="" head="4" lemma="er|es|sie" orig_paragraph="1" orth="sich" pos="PRON" prefix="s" shape="xxxx" suffix="ich" tag="PRF" />
    </node>
    <node ID="0.6" type="Word">
      <attributes paragraph="1" paragraph_position="6" text="in" />
      <extra dep="case" ent_iob="2" ent_type="" head="2" lemma="in" orig_paragraph="1" orth="in" pos="ADP" prefix="i" shape="xx" suffix="in" tag="APPR" />
    </node>
    <node ID="0.7" type="Word">
      <attributes paragraph="1" paragraph_position="7" text="leuchtende" />
      <extra dep="amod" ent_iob="2" ent_type="" head="1" lemma="leuchtend" orig_paragraph="1" orth="leuchtende" pos="ADJ" prefix="l" shape="xxxx" suffix="nde" tag="ADJA" />
    </node>
    <node ID="0.8" type="Word">
      <attributes paragraph="1" paragraph_position="8" text="Strahlen" />
      <extra dep="nmod" ent_iob="2" ent_type="" head="1" lemma="strahlen" orig_paragraph="1" orth="Strahlen" pos="NOUN" prefix="S" shape="Xxxxx" suffix="len" tag="NN" />
    </node>
    <node ID="0.9" type="Word">
      <attributes paragraph="1" paragraph_position="9" text="b&#252;schel" />
      <extra dep="xcomp" ent_iob="2" ent_type="" head="-5" lemma="b&#252;schel" orig_paragraph="1" orth="b&#252;schel" pos="ADJ" prefix="b" shape="xxxx" suffix="hel" tag="NE" />
    </node>
    <node ID="0.10" type="Punctuation">
      <attributes paragraph="1" paragraph_position="10" text="." />
      <extra dep="punct" ent_iob="2" ent_type="" head="-7" lemma="." orig_paragraph="1" orth="." pos="PUNCT" prefix="." shape="." suffix="." tag="$." />
    </node>
  </layer>
  <layer layerID="1">
    <attributes />
    <node ID="1.1" type="FN">
      <attributes />
      <edge toID="1.2" type="H">
        <attributes />
        <category tag="H" />
      </edge>
    </node>
    <node ID="1.2" type="FN">
      <attributes />
      <edge toID="1.3" type="A">
        <attributes />
        <category tag="A" />
      </edge>
      <edge toID="1.4" type="P">
        <attributes />
        <category tag="P" />
      </edge>
      <edge toID="1.5" type="A">
        <attributes />
        <category tag="A" />
      </edge>
    </node>
    <node ID="1.3" type="FN">
      <attributes />
      <edge toID="1.6" type="E">
        <attributes />
        <category tag="E" />
      </edge>
      <edge toID="1.7" type="E">
        <attributes />
        <category tag="E" />
      </edge>
      <edge toID="1.8" type="C">
        <attributes />
        <category tag="C" />
      </edge>
    </node>
    <node ID="1.4" type="FN">
      <attributes />
      <edge toID="0.4" type="Terminal">
        <attributes />
        <category tag="Terminal" />
      </edge>
      <edge toID="0.5" type="Terminal">
        <attributes />
        <category tag="Terminal" />
      </edge>
    </node>
    <node ID="1.5" type="FN">
      <attributes />
      <edge toID="1.9" type="R">
        <attributes />
        <category tag="R" />
      </edge>
      <edge toID="1.10" type="E">
        <attributes />
        <category tag="E" />
      </edge>
      <edge toID="1.11" type="E">
        <attributes />
        <category tag="E" />
      </edge>
      <edge toID="1.12" type="C">
        <attributes />
        <category tag="C" />
      </edge>
      <edge toID="1.13" type="U">
        <attributes />
        <category tag="U" />
      </edge>
    </node>
    <node ID="1.6" type="FN">
      <attributes />
      <edge toID="0.1" type="Terminal">
        <attributes />
        <category tag="Terminal" />
      </edge>
    </node>
    <node ID="1.7" type="FN">
      <attributes />
      <edge toID="0.2" type="Terminal">
        <attributes />
        <category tag="Terminal" />
      </edge>
    </node>
    <node ID="1.8" type="FN">
      <attributes />
      <edge toID="0.3" type="Terminal">
        <attributes />
        <category tag="Terminal" />
      </edge>
    </node>
    <node ID="1.9" type="FN">
      <attributes />
      <edge toID="0.6" type="Terminal">
        <attributes />
        <category tag="Terminal" />
      </edge>
    </node>
    <node ID="1.10" type="FN">
      <attributes />
      <edge toID="0.7" type="Terminal">
        <attributes />
        <category tag="Terminal" />
      </edge>
    </node>
    <node ID="1.11" type="FN">
      <attributes />
      <edge toID="0.8" type="Terminal">
        <attributes />
        <category tag="Terminal" />
      </edge>
    </node>
    <node ID="1.12" type="FN">
      <attributes />
      <edge toID="0.9" type="Terminal">
        <attributes />
        <category tag="Terminal" />
      </edge>
    </node>
    <node ID="1.13" type="PNCT">
      <attributes />
      <edge toID="0.10" type="Terminal">
        <attributes />
        <category tag="Terminal" />
      </edge>
    </node>
  </layer>
</root>
