<root annotationID="0" passageID="25829001">
  <attributes />
  <extra format="ucca" />
  <layer layerID="0">
    <attributes />
    <extra doc="[[[13799368007536545857, 10655419927311337834, 17274946937384965927, 95, 4317129024397789502, 3, 426, 1, 16072095006890171862, 14825646868312541310, 6141130524798237142], [18324990548658533002, 2008890185935176874, 10675845091474465339, 99, 0, 2, 445, 0, 13110060611322374290, 15598372446745583797, 13532688261345815723], [3573116604670608395, 9250722957692387333, 6406657664862290459, 89, 0, 2, 412, 1, 4088098365541558500, 8148669997605808657, 3573116604670608395], [4070060782682011301, 4070060782682011301, 17274946937384965927, 91, 4317129024397789502, 3, 426, -2, 13363399579475515900, 5633171510477629358, 13543863076088565300], [5462119612803958703, 5817815807927905559, 7235388517181998261, 89, 0, 2, 4814769781414241312, 1, 13110060611322374290, 16978132545290669629, 11197236520932772837], [8686449428606226972, 8686449428606226972, 15308085513773655218, 91, 0, 2, 431, -4, 16072095006890171862, 16829822105563051112, 4932520593635672838], [8205403955989537350, 8205403955989537350, 17404231807887051932, 96, 0, 2, 442, -5, 8205403955989537350, 8205403955989537350, 8205403955989537350]], [], [], [], [], [], [], [], [], [], [], [], [], [], [], [], [], [], [], [], []]" />
    <node ID="0.1" type="Word">
      <attributes paragraph="1" paragraph_position="1" text="Weshalb" />
      <extra dep="nsubj" ent_iob="3" ent_type="PER" head="1" lemma="weshalb" orig_paragraph="1" orth="Weshalb" pos="PROPN" prefix="W" shape="Xxxxx" suffix="alb" tag="NE" />
    </node>
    <node ID="0.2" type="Word">
      <attributes paragraph="1" paragraph_position="2" text="besuchte" />
      <extra dep="root" ent_iob="2" ent_type="" head="0" lemma="besuchen" orig_paragraph="1" orth="besuchte" pos="VERB" prefix="b" shape="xxxx" suffix="hte" tag="VVFIN" />
    </node>
    <node ID="0.3" type="Word">
      <attributes paragraph="1" paragraph_position="3" text="die" />
      <extra dep="det" ent_iob="2" ent_type="" head="1" lemma="der" orig_paragraph="1" orth="die" pos="DET" prefix="d" shape="xxx" suffix="die" tag="ART" />
    </node>
    <node ID="0.4" type="Word">
      <attributes paragraph="1" paragraph_position="4" text="&#8250;Nautilus&#8249;" />
      <extra dep="nsubj" ent_iob="3" ent_type="PER" head="-2" lemma="&#8250;Nautilus&#8249;" orig_paragraph="1" orth="&#8250;Nautilus&#8249;" pos="NOUN" prefix="&#8250;" shape="&#8250;Xxxxx&#8249;" suffix="us&#8249;" tag="NE" />
    </node>
    <node ID="0.5" type="Word">
      <attributes paragraph="1" paragraph_position="5" text="seine" />
      <extra dep="det:poss" ent_iob="2" ent_type="" head="1" lemma="sein" orig_paragraph="1" orth="seine" pos="DET" prefix="s" shape="xxxx" suffix="ine" tag="PPOSAT" />
    </node>
    <node ID="0.6" type="Word">
      <attributes paragraph="1" paragraph_position="6" text="Grabst&#228;tte" />
      <extra dep="obj" ent_iob="2" ent_type="" head="-4" lemma="Grabst&#228;tte" orig_paragraph="1" orth="Grabst&#228;tte" pos="NOUN" prefix="G" shape="Xxxxx" suffix="tte" tag="NN" />
    </node>
    <node ID="0.7" type="Punctuation">
      <attributes paragraph="1" paragraph_position="7" text="?" />
      <extra dep="punct" ent_iob="2" ent_type="" head="-5" lemma="?" orig_paragraph="1" orth="?" pos="PUNCT" prefix="?" shape="?" suffix="?" tag="$." />
    </node>
  </layer>
  <layer layerID="1">
    <attributes />
    <node ID="1.1" type="FN">
      <attributes />
      <edge toID="1.2" type="H">
        <attributes />
        <category tag="H" />
      </edge>
    </node>
    <node ID="1.2" type="FN">
      <attributes />
      <edge toID="1.3" type="A">
        <attributes />
        <category tag="A" />
      </edge>
      <edge toID="1.4" type="P">
        <attributes />
        <category tag="P" />
      </edge>
      <edge toID="1.5" type="A">
        <attributes />
        <category tag="A" />
      </edge>
      <edge toID="1.6" type="A">
        <attributes />
        <category tag="A" />
      </edge>
    </node>
    <node ID="1.3" type="FN">
      <attributes />
      <edge toID="0.1" type="Terminal">
        <attributes />
        <category tag="Terminal" />
      </edge>
    </node>
    <node ID="1.4" type="FN">
      <attributes />
      <edge toID="0.2" type="Terminal">
        <attributes />
        <category tag="Terminal" />
      </edge>
    </node>
    <node ID="1.5" type="FN">
      <attributes />
      <edge toID="1.7" type="E">
        <attributes />
        <category tag="E" />
      </edge>
      <edge toID="1.8" type="C">
        <attributes />
        <category tag="C" />
      </edge>
    </node>
    <node ID="1.6" type="FN">
      <attributes />
      <edge toID="1.9" type="E">
        <attributes />
        <category tag="E" />
      </edge>
      <edge toID="1.10" type="C">
        <attributes />
        <category tag="C" />
      </edge>
      <edge toID="1.11" type="U">
        <attributes />
        <category tag="U" />
      </edge>
    </node>
    <node ID="1.7" type="FN">
      <attributes />
      <edge toID="0.3" type="Terminal">
        <attributes />
        <category tag="Terminal" />
      </edge>
    </node>
    <node ID="1.8" type="FN">
      <attributes />
      <edge toID="0.4" type="Terminal">
        <attributes />
        <category tag="Terminal" />
      </edge>
    </node>
    <node ID="1.9" type="FN">
      <attributes />
      <edge toID="0.5" type="Terminal">
        <attributes />
        <category tag="Terminal" />
      </edge>
    </node>
    <node ID="1.10" type="FN">
      <attributes />
      <edge toID="0.6" type="Terminal">
        <attributes />
        <category tag="Terminal" />
      </edge>
    </node>
    <node ID="1.11" type="PNCT">
      <attributes />
      <edge toID="0.7" type="Terminal">
        <attributes />
        <category tag="Terminal" />
      </edge>
    </node>
  </layer>
</root>
