<root annotationID="0" passageID="25823010">
  <attributes />
  <extra format="ucca" />
  <layer layerID="0">
    <attributes />
    <extra doc="[[[3301275551293667606, 16155539035181170680, 3206779794898015328, 94, 0, 2, 7833439085008721140, 7, 16072095006890171862, 9391737413944127320, 17931690229151247571], [17439045846616326722, 12051397711696727242, 11856006255221940381, 86, 0, 2, 18127512502257733094, 6, 13110060611322374290, 260667111241363922, 16957618830852774490], [12100996580221916120, 12100996580221916120, 15308085513773655218, 84, 0, 2, 8110129090154140942, 2, 4088098365541558500, 2482183445564601373, 12100996580221916120], [12095396426734486088, 7570793064135359215, 7235388517181998261, 94, 0, 2, 4814769781414241312, 1, 13110060611322374290, 646772771845179972, 9520894940047451528], [14471125190857202470, 17342376295550280388, 15308085513773655218, 91, 0, 2, 432, 3, 16072095006890171862, 14862748245026736845, 11090586419576673076], [16479543707238985174, 16479543707238985174, 15308085513773655218, 84, 0, 2, 8110129090154140942, 1, 4088098365541558500, 2482183445564601373, 16479543707238985174], [4366572809450051934, 4366572809450051934, 17274946937384965927, 91, 0, 2, 432, 1, 16072095006890171862, 14230521632333904559, 16328620523511056159], [13266035445803661796, null, 10223029614809230375, 99, 0, 2, 445, 0, 13110060611322374290, 6217145520856553898, 13014049009108672802], [17494803046312582752, 17494803046312582752, 17404231807887051932, 96, 0, 2, 442, -1, 17494803046312582752, 17494803046312582752, 17494803046312582752]], [], [], [], [], [], [], [], [], []]" />
    <node ID="0.1" type="Word">
      <attributes paragraph="1" paragraph_position="1" text="Einige" />
      <extra dep="nsubj:pass" ent_iob="2" ent_type="" head="7" lemma="einige" orig_paragraph="4" orth="Einige" pos="PRON" prefix="E" shape="Xxxxx" suffix="ige" tag="PIS" />
    </node>
    <node ID="0.2" type="Word">
      <attributes paragraph="1" paragraph_position="2" text="wurden" />
      <extra dep="aux:pass" ent_iob="2" ent_type="" head="6" lemma="werden" orig_paragraph="4" orth="wurden" pos="AUX" prefix="w" shape="xxxx" suffix="den" tag="ADJD" />
    </node>
    <node ID="0.3" type="Word">
      <attributes paragraph="1" paragraph_position="3" text="vor" />
      <extra dep="case" ent_iob="2" ent_type="" head="2" lemma="vor" orig_paragraph="4" orth="vor" pos="ADP" prefix="v" shape="xxx" suffix="vor" tag="NN" />
    </node>
    <node ID="0.4" type="Word">
      <attributes paragraph="1" paragraph_position="4" text="meinen" />
      <extra dep="det:poss" ent_iob="2" ent_type="" head="1" lemma="mein" orig_paragraph="4" orth="meinen" pos="PRON" prefix="m" shape="xxxx" suffix="nen" tag="PPOSAT" />
    </node>
    <node ID="0.5" type="Word">
      <attributes paragraph="1" paragraph_position="5" text="Augen" />
      <extra dep="obl" ent_iob="2" ent_type="" head="3" lemma="Auge" orig_paragraph="4" orth="Augen" pos="NOUN" prefix="A" shape="Xxxxx" suffix="gen" tag="NN" />
    </node>
    <node ID="0.6" type="Word">
      <attributes paragraph="1" paragraph_position="6" text="vom" />
      <extra dep="case" ent_iob="2" ent_type="" head="1" lemma="vom" orig_paragraph="4" orth="vom" pos="ADP" prefix="v" shape="xxx" suffix="vom" tag="NN" />
    </node>
    <node ID="0.7" type="Word">
      <attributes paragraph="1" paragraph_position="7" text="Blitz" />
      <extra dep="obl" ent_iob="2" ent_type="" head="1" lemma="Blitz" orig_paragraph="4" orth="Blitz" pos="NOUN" prefix="B" shape="Xxxxx" suffix="itz" tag="NE" />
    </node>
    <node ID="0.8" type="Word">
      <attributes paragraph="1" paragraph_position="8" text="getroffen" />
      <extra dep="root" ent_iob="2" ent_type="" head="-6" lemma="treffen|triefen" orig_paragraph="4" orth="getroffen" pos="VERB" prefix="g" shape="xxxx" suffix="fen" tag="VVPP" />
    </node>
    <node ID="0.9" type="Punctuation">
      <attributes paragraph="1" paragraph_position="9" text="!" />
      <extra dep="punct" ent_iob="2" ent_type="" head="-1" lemma="!" orig_paragraph="4" orth="!" pos="PUNCT" prefix="!" shape="!" suffix="!" tag="$." />
    </node>
  </layer>
  <layer layerID="1">
    <attributes />
    <node ID="1.1" type="FN">
      <attributes />
      <edge toID="1.2" type="H">
        <attributes />
        <category tag="H" />
      </edge>
    </node>
    <node ID="1.2" type="FN">
      <attributes />
      <edge toID="1.3" type="A">
        <attributes />
        <category tag="A" />
      </edge>
      <edge toID="1.4" type="F">
        <attributes />
        <category tag="F" />
      </edge>
      <edge toID="1.5" type="A">
        <attributes />
        <category tag="A" />
      </edge>
      <edge toID="1.6" type="A">
        <attributes />
        <category tag="A" />
      </edge>
      <edge toID="1.7" type="P">
        <attributes />
        <category tag="P" />
      </edge>
      <edge toID="1.8" type="U">
        <attributes />
        <category tag="U" />
      </edge>
    </node>
    <node ID="1.3" type="FN">
      <attributes />
      <edge toID="0.1" type="Terminal">
        <attributes />
        <category tag="Terminal" />
      </edge>
    </node>
    <node ID="1.4" type="FN">
      <attributes />
      <edge toID="0.2" type="Terminal">
        <attributes />
        <category tag="Terminal" />
      </edge>
    </node>
    <node ID="1.5" type="FN">
      <attributes />
      <edge toID="1.9" type="R">
        <attributes />
        <category tag="R" />
      </edge>
      <edge toID="1.10" type="E">
        <attributes />
        <category tag="E" />
      </edge>
      <edge toID="1.11" type="C">
        <attributes />
        <category tag="C" />
      </edge>
    </node>
    <node ID="1.6" type="FN">
      <attributes />
      <edge toID="1.12" type="R">
        <attributes />
        <category tag="R" />
      </edge>
      <edge toID="1.13" type="C">
        <attributes />
        <category tag="C" />
      </edge>
    </node>
    <node ID="1.7" type="FN">
      <attributes />
      <edge toID="0.8" type="Terminal">
        <attributes />
        <category tag="Terminal" />
      </edge>
    </node>
    <node ID="1.8" type="PNCT">
      <attributes />
      <edge toID="0.9" type="Terminal">
        <attributes />
        <category tag="Terminal" />
      </edge>
    </node>
    <node ID="1.9" type="FN">
      <attributes />
      <edge toID="0.3" type="Terminal">
        <attributes />
        <category tag="Terminal" />
      </edge>
    </node>
    <node ID="1.10" type="FN">
      <attributes />
      <edge toID="0.4" type="Terminal">
        <attributes />
        <category tag="Terminal" />
      </edge>
    </node>
    <node ID="1.11" type="FN">
      <attributes />
      <edge toID="0.5" type="Terminal">
        <attributes />
        <category tag="Terminal" />
      </edge>
    </node>
    <node ID="1.12" type="FN">
      <attributes />
      <edge toID="0.6" type="Terminal">
        <attributes />
        <category tag="Terminal" />
      </edge>
    </node>
    <node ID="1.13" type="FN">
      <attributes />
      <edge toID="0.7" type="Terminal">
        <attributes />
        <category tag="Terminal" />
      </edge>
    </node>
  </layer>
</root>
