<root annotationID="0" passageID="25829028">
  <attributes />
  <extra format="ucca" />
  <layer layerID="0">
    <attributes />
    <extra doc="[[[5342463183827332990, 5342463183827332990, 2532279993560548391, 96, 0, 2, 442, 3, 5342463183827332990, 5342463183827332990, 5342463183827332990], [11210659663718846955, 9921686513378912864, 17274946937384965927, 94, 0, 2, 426, 2, 18200729499220207786, 14825646868312541310, 11210659663718846955], [17662423340270362397, 5817815807927905559, 10675845091474465339, 86, 0, 2, 408, 1, 4088098365541558500, 5097672513440128799, 17662423340270362397], [16428057658620181782, 10343076919720641053, 6406657664862290459, 94, 0, 2, 445, 0, 3155823383004454315, 11221368173670222813, 16428057658620181782], [17756121291259335420, 17756121291259335420, 6794885307917495400, 84, 0, 2, 8110129090154140942, 2, 4088098365541558500, 13110760720460257827, 17756121291259335420], [15192908731043726583, 15192908731043726583, 6406657664862290459, 89, 0, 2, 412, 1, 4088098365541558500, 1720370409040345145, 15192908731043726583], [15629085167443051458, 15629085167443051458, 15308085513773655218, 91, 0, 2, 423, -3, 16072095006890171862, 12290980237632234855, 8283335873881301742], [2593208677638477497, 2593208677638477497, 12261388825712162116, 96, 0, 2, 442, 1, 2593208677638477497, 2593208677638477497, 2593208677638477497], [9739302657816088396, 9739302657816088396, 15308085513773655218, 95, 7654241940133152407, 3, 400, -5, 18200729499220207786, 10850957288794122991, 9739302657816088396], [8205403955989537350, 8205403955989537350, 17404231807887051932, 96, 0, 2, 442, -6, 8205403955989537350, 8205403955989537350, 8205403955989537350], [1373379536816847062, 1373379536816847062, 2532279993560548391, 96, 0, 2, 442, -7, 1373379536816847062, 1373379536816847062, 1373379536816847062]], [], [], [], [], [], [], [], [], [], [], [], [], [], [], [], [], [], [], [], []]" />
    <node ID="0.1" type="Punctuation">
      <attributes paragraph="1" paragraph_position="1" text="&#187;" />
      <extra dep="punct" ent_iob="2" ent_type="" head="3" lemma="&#187;" orig_paragraph="17" orth="&#187;" pos="PUNCT" prefix="&#187;" shape="&#187;" suffix="&#187;" tag="$(" />
    </node>
    <node ID="0.2" type="Word">
      <attributes paragraph="1" paragraph_position="2" text="Was" />
      <extra dep="nsubj" ent_iob="2" ent_type="" head="2" lemma="was" orig_paragraph="17" orth="Was" pos="PRON" prefix="W" shape="Xxx" suffix="Was" tag="NE" />
    </node>
    <node ID="0.3" type="Word">
      <attributes paragraph="1" paragraph_position="3" text="ist" />
      <extra dep="cop" ent_iob="2" ent_type="" head="1" lemma="sein" orig_paragraph="17" orth="ist" pos="AUX" prefix="i" shape="xxx" suffix="ist" tag="VVFIN" />
    </node>
    <node ID="0.4" type="Word">
      <attributes paragraph="1" paragraph_position="4" text="'s" />
      <extra dep="root" ent_iob="2" ent_type="" head="-1" lemma="es" orig_paragraph="17" orth="'s" pos="PRON" prefix="'" shape="'x" suffix="'s" tag="ART" />
    </node>
    <node ID="0.5" type="Word">
      <attributes paragraph="1" paragraph_position="5" text="f&#252;r" />
      <extra dep="case" ent_iob="2" ent_type="" head="2" lemma="f&#252;r" orig_paragraph="17" orth="f&#252;r" pos="ADP" prefix="f" shape="xxx" suffix="f&#252;r" tag="APPR" />
    </node>
    <node ID="0.6" type="Word">
      <attributes paragraph="1" paragraph_position="6" text="ein" />
      <extra dep="det" ent_iob="2" ent_type="" head="1" lemma="ein" orig_paragraph="17" orth="ein" pos="DET" prefix="e" shape="xxx" suffix="ein" tag="ART" />
    </node>
    <node ID="0.7" type="Word">
      <attributes paragraph="1" paragraph_position="7" text="Schiff" />
      <extra dep="nmod" ent_iob="2" ent_type="" head="-3" lemma="Schiff" orig_paragraph="17" orth="Schiff" pos="NOUN" prefix="S" shape="Xxxxx" suffix="iff" tag="NN" />
    </node>
    <node ID="0.8" type="Punctuation">
      <attributes paragraph="1" paragraph_position="8" text="," />
      <extra dep="punct" ent_iob="2" ent_type="" head="1" lemma="," orig_paragraph="17" orth="," pos="PUNCT" prefix="," shape="," suffix="," tag="$," />
    </node>
    <node ID="0.9" type="Word">
      <attributes paragraph="1" paragraph_position="9" text="Ned" />
      <extra dep="appos" ent_iob="3" ent_type="MISC" head="-5" lemma="Ned" orig_paragraph="17" orth="Ned" pos="PROPN" prefix="N" shape="Xxx" suffix="Ned" tag="NN" />
    </node>
    <node ID="0.10" type="Punctuation">
      <attributes paragraph="1" paragraph_position="10" text="?" />
      <extra dep="punct" ent_iob="2" ent_type="" head="-6" lemma="?" orig_paragraph="17" orth="?" pos="PUNCT" prefix="?" shape="?" suffix="?" tag="$." />
    </node>
    <node ID="0.11" type="Punctuation">
      <attributes paragraph="1" paragraph_position="11" text="&#171;" />
      <extra dep="punct" ent_iob="2" ent_type="" head="-7" lemma="&#171;" orig_paragraph="17" orth="&#171;" pos="PUNCT" prefix="&#171;" shape="&#171;" suffix="&#171;" tag="$(" />
    </node>
  </layer>
  <layer layerID="1">
    <attributes />
    <node ID="1.1" type="FN">
      <attributes />
      <edge toID="1.2" type="H">
        <attributes />
        <category tag="H" />
      </edge>
    </node>
    <node ID="1.2" type="FN">
      <attributes />
      <edge toID="1.3" type="A">
        <attributes />
        <category tag="A" />
      </edge>
    </node>
    <node ID="1.3" type="FN">
      <attributes />
      <edge toID="1.4" type="U">
        <attributes />
        <category tag="U" />
      </edge>
      <edge toID="1.5" type="A">
        <attributes />
        <category tag="A" />
      </edge>
      <edge toID="1.6" type="S">
        <attributes />
        <category tag="S" />
      </edge>
      <edge toID="1.7" type="F">
        <attributes />
        <category tag="F" />
      </edge>
      <edge toID="1.8" type="F">
        <attributes />
        <category tag="F" />
      </edge>
      <edge toID="1.9" type="A">
        <attributes />
        <category tag="A" />
      </edge>
      <edge toID="1.10" type="U">
        <attributes />
        <category tag="U" />
      </edge>
      <edge toID="1.11" type="G">
        <attributes />
        <category tag="G" />
      </edge>
      <edge toID="1.12" type="U">
        <attributes />
        <category tag="U" />
      </edge>
      <edge toID="1.13" type="U">
        <attributes />
        <category tag="U" />
      </edge>
    </node>
    <node ID="1.4" type="PNCT">
      <attributes />
      <edge toID="0.1" type="Terminal">
        <attributes />
        <category tag="Terminal" />
      </edge>
    </node>
    <node ID="1.5" type="FN">
      <attributes />
      <edge toID="0.2" type="Terminal">
        <attributes />
        <category tag="Terminal" />
      </edge>
    </node>
    <node ID="1.6" type="FN">
      <attributes />
      <edge toID="0.3" type="Terminal">
        <attributes />
        <category tag="Terminal" />
      </edge>
    </node>
    <node ID="1.7" type="FN">
      <attributes />
      <edge toID="0.4" type="Terminal">
        <attributes />
        <category tag="Terminal" />
      </edge>
    </node>
    <node ID="1.8" type="FN">
      <attributes />
      <edge toID="0.5" type="Terminal">
        <attributes />
        <category tag="Terminal" />
      </edge>
    </node>
    <node ID="1.9" type="FN">
      <attributes />
      <edge toID="1.14" type="E">
        <attributes />
        <category tag="E" />
      </edge>
      <edge toID="1.15" type="C">
        <attributes />
        <category tag="C" />
      </edge>
    </node>
    <node ID="1.10" type="PNCT">
      <attributes />
      <edge toID="0.8" type="Terminal">
        <attributes />
        <category tag="Terminal" />
      </edge>
    </node>
    <node ID="1.11" type="FN">
      <attributes />
      <edge toID="0.9" type="Terminal">
        <attributes />
        <category tag="Terminal" />
      </edge>
    </node>
    <node ID="1.12" type="PNCT">
      <attributes />
      <edge toID="0.10" type="Terminal">
        <attributes />
        <category tag="Terminal" />
      </edge>
    </node>
    <node ID="1.13" type="PNCT">
      <attributes />
      <edge toID="0.11" type="Terminal">
        <attributes />
        <category tag="Terminal" />
      </edge>
    </node>
    <node ID="1.14" type="FN">
      <attributes />
      <edge toID="0.6" type="Terminal">
        <attributes />
        <category tag="Terminal" />
      </edge>
    </node>
    <node ID="1.15" type="FN">
      <attributes />
      <edge toID="0.7" type="Terminal">
        <attributes />
        <category tag="Terminal" />
      </edge>
    </node>
  </layer>
</root>
