<root annotationID="0" passageID="25823013">
  <attributes />
  <extra format="ucca" />
  <layer layerID="0">
    <attributes />
    <extra doc="[[[16807736786308693906, 9250722957692387333, 6406657664862290459, 89, 0, 2, 412, 2, 18200729499220207786, 3929483993944067416, 16807736786308693906], [9180436391394108397, 4448716900410821433, 9068901972800807265, 83, 0, 2, 399, 1, 13110060611322374290, 1489474827855109852, 5870647784995216628], [12838105368908195762, null, 15308085513773655218, 91, 7654241940133152407, 3, 426, 4, 16072095006890171862, 12290980237632234855, 7970704286052693043], [17519744635522201115, 5817815807927905559, 16459489951230957934, 86, 0, 2, 408, 3, 13110060611322374290, 260667111241363922, 5870647784995216628], [12508082737821923009, 12508082737821923009, 17274946937384965927, 84, 0, 2, 8110129090154140942, 1, 4370460163704169311, 7187156974425934, 12508082737821923009], [16172406610413959646, 16172406610413959646, 17274946937384965927, 85, 0, 2, 397, 1, 13110060611322374290, 16978132545290669629, 14723773034341625007], [9472850695075569326, 9472850695075569326, 10223029614809230375, 99, 0, 2, 445, 0, 13110060611322374290, 11901859001352538922, 10965125619949609148], [12646065887601541794, 12646065887601541794, 17404231807887051932, 96, 0, 2, 442, -1, 12646065887601541794, 12646065887601541794, 12646065887601541794]], [], [], [], [], [], [], [], [], []]" />
    <node ID="0.1" type="Word">
      <attributes paragraph="1" paragraph_position="1" text="Die" />
      <extra dep="det" ent_iob="2" ent_type="" head="2" lemma="der" orig_paragraph="5" orth="Die" pos="DET" prefix="D" shape="Xxx" suffix="Die" tag="ART" />
    </node>
    <node ID="0.2" type="Word">
      <attributes paragraph="1" paragraph_position="2" text="oberen" />
      <extra dep="amod" ent_iob="2" ent_type="" head="1" lemma="ober" orig_paragraph="5" orth="oberen" pos="ADJ" prefix="o" shape="xxxx" suffix="ren" tag="ADJA" />
    </node>
    <node ID="0.3" type="Word">
      <attributes paragraph="1" paragraph_position="3" text="Schichten" />
      <extra dep="nsubj" ent_iob="3" ent_type="MISC" head="4" lemma="Schicht" orig_paragraph="5" orth="Schichten" pos="NOUN" prefix="S" shape="Xxxxx" suffix="ten" tag="NN" />
    </node>
    <node ID="0.4" type="Word">
      <attributes paragraph="1" paragraph_position="4" text="waren" />
      <extra dep="cop" ent_iob="2" ent_type="" head="3" lemma="sein" orig_paragraph="5" orth="waren" pos="AUX" prefix="w" shape="xxxx" suffix="ren" tag="VAFIN" />
    </node>
    <node ID="0.5" type="Word">
      <attributes paragraph="1" paragraph_position="5" text="zu" />
      <extra dep="case" ent_iob="2" ent_type="" head="1" lemma="zu" orig_paragraph="5" orth="zu" pos="ADP" prefix="z" shape="xx" suffix="zu" tag="NE" />
    </node>
    <node ID="0.6" type="Word">
      <attributes paragraph="1" paragraph_position="6" text="sehr" />
      <extra dep="advmod" ent_iob="2" ent_type="" head="1" lemma="sehr" orig_paragraph="5" orth="sehr" pos="ADV" prefix="s" shape="xxxx" suffix="ehr" tag="NE" />
    </node>
    <node ID="0.7" type="Word">
      <attributes paragraph="1" paragraph_position="7" text="aufgeregt" />
      <extra dep="root" ent_iob="2" ent_type="" head="-3" lemma="aufgeregt" orig_paragraph="5" orth="aufgeregt" pos="VERB" prefix="a" shape="xxxx" suffix="egt" tag="VVPP" />
    </node>
    <node ID="0.8" type="Punctuation">
      <attributes paragraph="1" paragraph_position="8" text="." />
      <extra dep="punct" ent_iob="2" ent_type="" head="-1" lemma="." orig_paragraph="5" orth="." pos="PUNCT" prefix="." shape="." suffix="." tag="$." />
    </node>
  </layer>
  <layer layerID="1">
    <attributes />
    <node ID="1.1" type="FN">
      <attributes />
      <edge toID="1.2" type="H">
        <attributes />
        <category tag="H" />
      </edge>
    </node>
    <node ID="1.2" type="FN">
      <attributes />
      <edge toID="1.3" type="A">
        <attributes />
        <category tag="A" />
      </edge>
      <edge toID="1.4" type="F">
        <attributes />
        <category tag="F" />
      </edge>
      <edge toID="1.5" type="D">
        <attributes />
        <category tag="D" />
      </edge>
      <edge toID="1.6" type="P">
        <attributes />
        <category tag="P" />
      </edge>
      <edge toID="1.7" type="U">
        <attributes />
        <category tag="U" />
      </edge>
    </node>
    <node ID="1.3" type="FN">
      <attributes />
      <edge toID="1.8" type="E">
        <attributes />
        <category tag="E" />
      </edge>
      <edge toID="1.9" type="E">
        <attributes />
        <category tag="E" />
      </edge>
      <edge toID="1.10" type="C">
        <attributes />
        <category tag="C" />
      </edge>
    </node>
    <node ID="1.4" type="FN">
      <attributes />
      <edge toID="0.4" type="Terminal">
        <attributes />
        <category tag="Terminal" />
      </edge>
    </node>
    <node ID="1.5" type="FN">
      <attributes />
      <edge toID="1.11" type="R">
        <attributes />
        <category tag="R" />
      </edge>
      <edge toID="1.12" type="C">
        <attributes />
        <category tag="C" />
      </edge>
    </node>
    <node ID="1.6" type="FN">
      <attributes />
      <edge toID="0.7" type="Terminal">
        <attributes />
        <category tag="Terminal" />
      </edge>
    </node>
    <node ID="1.7" type="PNCT">
      <attributes />
      <edge toID="0.8" type="Terminal">
        <attributes />
        <category tag="Terminal" />
      </edge>
    </node>
    <node ID="1.8" type="FN">
      <attributes />
      <edge toID="0.1" type="Terminal">
        <attributes />
        <category tag="Terminal" />
      </edge>
    </node>
    <node ID="1.9" type="FN">
      <attributes />
      <edge toID="0.2" type="Terminal">
        <attributes />
        <category tag="Terminal" />
      </edge>
    </node>
    <node ID="1.10" type="FN">
      <attributes />
      <edge toID="0.3" type="Terminal">
        <attributes />
        <category tag="Terminal" />
      </edge>
    </node>
    <node ID="1.11" type="FN">
      <attributes />
      <edge toID="0.5" type="Terminal">
        <attributes />
        <category tag="Terminal" />
      </edge>
    </node>
    <node ID="1.12" type="FN">
      <attributes />
      <edge toID="0.6" type="Terminal">
        <attributes />
        <category tag="Terminal" />
      </edge>
    </node>
  </layer>
</root>
