<root annotationID="0" passageID="25820001">
  <attributes />
  <extra format="ucca" />
  <layer layerID="0">
    <attributes />
    <extra doc="[[[5342463183827332990, 5342463183827332990, 2532279993560548391, 96, 0, 2, 442, 1, 5342463183827332990, 5342463183827332990, 5342463183827332990], [2331330708648671441, 13395929365477533733, 10675845091474465339, 99, 4317129024397789502, 3, 445, 0, 16072095006890171862, 10850957288794122991, 9520894940047451528], [17944391625304287878, null, 9330139752921481772, 94, 0, 2, 426, -1, 18200729499220207786, 12290980237632234855, 17944391625304287878], [16428057658620181782, 10343076919720641053, 9330139752921481772, 94, 0, 2, 411, -2, 3155823383004454315, 11221368173670222813, 16428057658620181782], [2593208677638477497, 2593208677638477497, 12261388825712162116, 96, 0, 2, 442, -3, 2593208677638477497, 2593208677638477497, 2593208677638477497], [18390846335711919857, 18390846335711919857, 2550391404972115923, 97, 0, 2, 420, 2, 4088098365541558500, 260667111241363922, 18390846335711919857], [17944391625304287878, 13323500956662843128, 9330139752921481772, 94, 0, 2, 426, 1, 18200729499220207786, 12290980237632234855, 17944391625304287878], [15573012778503759517, 15573012778503759517, 13528910128642776055, 99, 0, 2, 396, -6, 13110060611322374290, 260667111241363922, 13724210500437027975], [12646065887601541794, 12646065887601541794, 17404231807887051932, 96, 0, 2, 442, -7, 12646065887601541794, 12646065887601541794, 12646065887601541794], [1373379536816847062, 1373379536816847062, 2532279993560548391, 96, 0, 2, 442, -8, 1373379536816847062, 1373379536816847062, 1373379536816847062]], [], [], [], [], [], [], []]" />
    <node ID="0.1" type="Punctuation">
      <attributes paragraph="1" paragraph_position="1" text="&#187;" />
      <extra dep="punct" ent_iob="2" ent_type="" head="1" lemma="&#187;" orig_paragraph="2" orth="&#187;" pos="PUNCT" prefix="&#187;" shape="&#187;" suffix="&#187;" tag="$(" />
    </node>
    <node ID="0.2" type="Word">
      <attributes paragraph="1" paragraph_position="2" text="Nennen" />
      <extra dep="root" ent_iob="3" ent_type="PER" head="0" lemma="nennen" orig_paragraph="2" orth="Nennen" pos="VERB" prefix="N" shape="Xxxxx" suffix="nen" tag="VVFIN" />
    </node>
    <node ID="0.3" type="Word">
      <attributes paragraph="1" paragraph_position="3" text="Sie" />
      <extra dep="nsubj" ent_iob="2" ent_type="" head="-1" lemma="Sie|sie" orig_paragraph="2" orth="Sie" pos="PRON" prefix="S" shape="Xxx" suffix="Sie" tag="PPER" />
    </node>
    <node ID="0.4" type="Word">
      <attributes paragraph="1" paragraph_position="4" text="'s" />
      <extra dep="dep" ent_iob="2" ent_type="" head="-2" lemma="es" orig_paragraph="2" orth="'s" pos="PRON" prefix="'" shape="'x" suffix="'s" tag="PPER" />
    </node>
    <node ID="0.5" type="Punctuation">
      <attributes paragraph="1" paragraph_position="5" text="," />
      <extra dep="punct" ent_iob="2" ent_type="" head="-3" lemma="," orig_paragraph="2" orth="," pos="PUNCT" prefix="," shape="," suffix="," tag="$," />
    </node>
    <node ID="0.6" type="Word">
      <attributes paragraph="1" paragraph_position="6" text="wie" />
      <extra dep="mark" ent_iob="2" ent_type="" head="2" lemma="wie" orig_paragraph="2" orth="wie" pos="SCONJ" prefix="w" shape="xxx" suffix="wie" tag="KON" />
    </node>
    <node ID="0.7" type="Word">
      <attributes paragraph="1" paragraph_position="7" text="Sie" />
      <extra dep="nsubj" ent_iob="2" ent_type="" head="1" lemma="sie" orig_paragraph="2" orth="Sie" pos="PRON" prefix="S" shape="Xxx" suffix="Sie" tag="PPER" />
    </node>
    <node ID="0.8" type="Word">
      <attributes paragraph="1" paragraph_position="8" text="wollen" />
      <extra dep="advcl" ent_iob="2" ent_type="" head="-6" lemma="wollen" orig_paragraph="2" orth="wollen" pos="VERB" prefix="w" shape="xxxx" suffix="len" tag="VMFIN" />
    </node>
    <node ID="0.9" type="Punctuation">
      <attributes paragraph="1" paragraph_position="9" text="." />
      <extra dep="punct" ent_iob="2" ent_type="" head="-7" lemma="." orig_paragraph="2" orth="." pos="PUNCT" prefix="." shape="." suffix="." tag="$." />
    </node>
    <node ID="0.10" type="Punctuation">
      <attributes paragraph="1" paragraph_position="10" text="&#171;" />
      <extra dep="punct" ent_iob="2" ent_type="" head="-8" lemma="&#171;" orig_paragraph="2" orth="&#171;" pos="PUNCT" prefix="&#171;" shape="&#171;" suffix="&#171;" tag="$(" />
    </node>
  </layer>
  <layer layerID="1">
    <attributes />
    <node ID="1.1" type="FN">
      <attributes />
      <edge toID="1.2" type="H">
        <attributes />
        <category tag="H" />
      </edge>
    </node>
    <node ID="1.2" type="FN">
      <attributes />
      <edge toID="1.3" type="A">
        <attributes />
        <category tag="A" />
      </edge>
    </node>
    <node ID="1.3" type="FN">
      <attributes />
      <edge toID="1.4" type="U">
        <attributes />
        <category tag="U" />
      </edge>
      <edge toID="1.5" type="P">
        <attributes />
        <category tag="P" />
      </edge>
      <edge toID="1.6" type="F">
        <attributes />
        <category tag="F" />
      </edge>
      <edge toID="1.7" type="F">
        <attributes />
        <category tag="F" />
      </edge>
      <edge toID="1.8" type="U">
        <attributes />
        <category tag="U" />
      </edge>
      <edge toID="1.9" type="A">
        <attributes />
        <category tag="A" />
      </edge>
    </node>
    <node ID="1.4" type="PNCT">
      <attributes />
      <edge toID="0.1" type="Terminal">
        <attributes />
        <category tag="Terminal" />
      </edge>
    </node>
    <node ID="1.5" type="FN">
      <attributes />
      <edge toID="0.2" type="Terminal">
        <attributes />
        <category tag="Terminal" />
      </edge>
    </node>
    <node ID="1.6" type="FN">
      <attributes />
      <edge toID="0.3" type="Terminal">
        <attributes />
        <category tag="Terminal" />
      </edge>
    </node>
    <node ID="1.7" type="FN">
      <attributes />
      <edge toID="0.4" type="Terminal">
        <attributes />
        <category tag="Terminal" />
      </edge>
    </node>
    <node ID="1.8" type="PNCT">
      <attributes />
      <edge toID="0.5" type="Terminal">
        <attributes />
        <category tag="Terminal" />
      </edge>
    </node>
    <node ID="1.9" type="FN">
      <attributes />
      <edge toID="1.10" type="D">
        <attributes />
        <category tag="D" />
      </edge>
      <edge toID="1.11" type="A">
        <attributes />
        <category tag="A" />
      </edge>
      <edge toID="1.12" type="S">
        <attributes />
        <category tag="S" />
      </edge>
      <edge toID="1.13" type="U">
        <attributes />
        <category tag="U" />
      </edge>
      <edge toID="1.14" type="U">
        <attributes />
        <category tag="U" />
      </edge>
    </node>
    <node ID="1.10" type="FN">
      <attributes />
      <edge toID="0.6" type="Terminal">
        <attributes />
        <category tag="Terminal" />
      </edge>
    </node>
    <node ID="1.11" type="FN">
      <attributes />
      <edge toID="0.7" type="Terminal">
        <attributes />
        <category tag="Terminal" />
      </edge>
    </node>
    <node ID="1.12" type="FN">
      <attributes />
      <edge toID="0.8" type="Terminal">
        <attributes />
        <category tag="Terminal" />
      </edge>
    </node>
    <node ID="1.13" type="PNCT">
      <attributes />
      <edge toID="0.9" type="Terminal">
        <attributes />
        <category tag="Terminal" />
      </edge>
    </node>
    <node ID="1.14" type="PNCT">
      <attributes />
      <edge toID="0.10" type="Terminal">
        <attributes />
        <category tag="Terminal" />
      </edge>
    </node>
  </layer>
</root>
