<root annotationID="0" passageID="25827015">
  <attributes />
  <extra format="ucca" />
  <layer layerID="0">
    <attributes />
    <extra doc="[[[6092108933900252068, 5515085735730672437, 85, 85, 0, 2, 397, 1, 16072095006890171862, 4690420944186131903, 15425007702371471922], [10969943939167961626, 711844892192181479, 10675845091474465339, 99, 0, 2, 445, 0, 13110060611322374290, 13110760720460257827, 12625029213173723044], [3573116604670608395, 9250722957692387333, 6406657664862290459, 89, 0, 2, 412, 1, 4088098365541558500, 8148669997605808657, 3573116604670608395], [4070060782682011301, 4070060782682011301, 17274946937384965927, 91, 4317129024397789502, 3, 426, -2, 13363399579475515900, 5633171510477629358, 13543863076088565300], [3143653409154337868, 3143653409154337868, 85, 85, 0, 2, 397, 1, 13110060611322374290, 5097672513440128799, 14417343938296032250], [12980145723779346954, 12980145723779346954, 85, 85, 0, 2, 397, -4, 13110060611322374290, 646772771845179972, 14723773034341625007], [10915956824445614331, 10915956824445614331, 85, 85, 0, 2, 397, -5, 13110060611322374290, 16978132545290669629, 5603553855925065805], [12646065887601541794, 12646065887601541794, 17404231807887051932, 96, 0, 2, 442, -6, 12646065887601541794, 12646065887601541794, 12646065887601541794]], [], [], [], [], [], [], []]" />
    <node ID="0.1" type="Word">
      <attributes paragraph="1" paragraph_position="1" text="Indessen" />
      <extra dep="advmod" ent_iob="2" ent_type="" head="1" lemma="indessen" orig_paragraph="5" orth="Indessen" pos="ADV" prefix="I" shape="Xxxxx" suffix="sen" tag="ADV" />
    </node>
    <node ID="0.2" type="Word">
      <attributes paragraph="1" paragraph_position="2" text="fuhr" />
      <extra dep="root" ent_iob="2" ent_type="" head="0" lemma="fahren" orig_paragraph="5" orth="fuhr" pos="VERB" prefix="f" shape="xxxx" suffix="uhr" tag="VVFIN" />
    </node>
    <node ID="0.3" type="Word">
      <attributes paragraph="1" paragraph_position="3" text="die" />
      <extra dep="det" ent_iob="2" ent_type="" head="1" lemma="der" orig_paragraph="5" orth="die" pos="DET" prefix="d" shape="xxx" suffix="die" tag="ART" />
    </node>
    <node ID="0.4" type="Word">
      <attributes paragraph="1" paragraph_position="4" text="&#8250;Nautilus&#8249;" />
      <extra dep="nsubj" ent_iob="3" ent_type="PER" head="-2" lemma="&#8250;Nautilus&#8249;" orig_paragraph="5" orth="&#8250;Nautilus&#8249;" pos="NOUN" prefix="&#8250;" shape="&#8250;Xxxxx&#8249;" suffix="us&#8249;" tag="NE" />
    </node>
    <node ID="0.5" type="Word">
      <attributes paragraph="1" paragraph_position="5" text="immer" />
      <extra dep="advmod" ent_iob="2" ent_type="" head="1" lemma="immer" orig_paragraph="5" orth="immer" pos="ADV" prefix="i" shape="xxxx" suffix="mer" tag="ADV" />
    </node>
    <node ID="0.6" type="Word">
      <attributes paragraph="1" paragraph_position="6" text="mehr" />
      <extra dep="advmod" ent_iob="2" ent_type="" head="-4" lemma="mehr" orig_paragraph="5" orth="mehr" pos="ADV" prefix="m" shape="xxxx" suffix="ehr" tag="ADV" />
    </node>
    <node ID="0.7" type="Word">
      <attributes paragraph="1" paragraph_position="7" text="s&#252;dw&#228;rts" />
      <extra dep="advmod" ent_iob="2" ent_type="" head="-5" lemma="s&#252;dw&#228;rts" orig_paragraph="5" orth="s&#252;dw&#228;rts" pos="ADV" prefix="s" shape="xxxx" suffix="rts" tag="ADV" />
    </node>
    <node ID="0.8" type="Punctuation">
      <attributes paragraph="1" paragraph_position="8" text="." />
      <extra dep="punct" ent_iob="2" ent_type="" head="-6" lemma="." orig_paragraph="5" orth="." pos="PUNCT" prefix="." shape="." suffix="." tag="$." />
    </node>
  </layer>
  <layer layerID="1">
    <attributes />
    <node ID="1.1" type="FN">
      <attributes />
      <edge toID="1.2" type="L">
        <attributes />
        <category tag="L" />
      </edge>
      <edge toID="1.3" type="H">
        <attributes />
        <category tag="H" />
      </edge>
    </node>
    <node ID="1.2" type="FN">
      <attributes />
      <edge toID="0.1" type="Terminal">
        <attributes />
        <category tag="Terminal" />
      </edge>
    </node>
    <node ID="1.3" type="FN">
      <attributes />
      <edge toID="1.4" type="P">
        <attributes />
        <category tag="P" />
      </edge>
      <edge toID="1.5" type="A">
        <attributes />
        <category tag="A" />
      </edge>
      <edge toID="1.6" type="D">
        <attributes />
        <category tag="D" />
      </edge>
      <edge toID="1.7" type="D">
        <attributes />
        <category tag="D" />
      </edge>
      <edge toID="1.8" type="U">
        <attributes />
        <category tag="U" />
      </edge>
    </node>
    <node ID="1.4" type="FN">
      <attributes />
      <edge toID="0.2" type="Terminal">
        <attributes />
        <category tag="Terminal" />
      </edge>
    </node>
    <node ID="1.5" type="FN">
      <attributes />
      <edge toID="1.9" type="E">
        <attributes />
        <category tag="E" />
      </edge>
      <edge toID="1.10" type="C">
        <attributes />
        <category tag="C" />
      </edge>
    </node>
    <node ID="1.6" type="FN">
      <attributes />
      <edge toID="1.11" type="C">
        <attributes />
        <category tag="C" />
      </edge>
      <edge toID="1.12" type="E">
        <attributes />
        <category tag="E" />
      </edge>
    </node>
    <node ID="1.7" type="FN">
      <attributes />
      <edge toID="0.7" type="Terminal">
        <attributes />
        <category tag="Terminal" />
      </edge>
    </node>
    <node ID="1.8" type="PNCT">
      <attributes />
      <edge toID="0.8" type="Terminal">
        <attributes />
        <category tag="Terminal" />
      </edge>
    </node>
    <node ID="1.9" type="FN">
      <attributes />
      <edge toID="0.3" type="Terminal">
        <attributes />
        <category tag="Terminal" />
      </edge>
    </node>
    <node ID="1.10" type="FN">
      <attributes />
      <edge toID="0.4" type="Terminal">
        <attributes />
        <category tag="Terminal" />
      </edge>
    </node>
    <node ID="1.11" type="FN">
      <attributes />
      <edge toID="0.5" type="Terminal">
        <attributes />
        <category tag="Terminal" />
      </edge>
    </node>
    <node ID="1.12" type="FN">
      <attributes />
      <edge toID="0.6" type="Terminal">
        <attributes />
        <category tag="Terminal" />
      </edge>
    </node>
  </layer>
</root>
