<root annotationID="0" passageID="25828014">
  <attributes />
  <extra format="ucca" />
  <layer layerID="0">
    <attributes />
    <extra doc="[[[14391378019311476029, 9727125788672890116, 13264545156129351491, 84, 0, 2, 8110129090154140942, 2, 18200729499220207786, 14862748245026736845, 14391378019311476029], [9250722957692387333, 9250722957692387333, 6406657664862290459, 89, 0, 2, 412, 1, 4088098365541558500, 8148669997605808657, 9250722957692387333], [13392642364380995863, 13392642364380995863, 15308085513773655218, 91, 0, 2, 432, 3, 16072095006890171862, 8656007278630577320, 11459100825914725836], [5462119612803958703, 5817815807927905559, 7235388517181998261, 89, 0, 2, 4814769781414241312, 1, 13110060611322374290, 16978132545290669629, 11197236520932772837], [10223189894006709921, 10223189894006709921, 15308085513773655218, 91, 0, 2, 431, 1, 16072095006890171862, 14862748245026736845, 8482819684342003983], [3701974878078504851, 15042795084375222521, 10223029614809230375, 99, 0, 2, 445, 0, 13110060611322374290, 6217145520856553898, 5462653070606849934], [2593208677638477497, 2593208677638477497, 12261388825712162116, 96, 0, 2, 442, 1, 2593208677638477497, 2593208677638477497, 2593208677638477497], [4032066648716060964, 629187180305740376, 10675845091474465339, 99, 0, 2, 407, -2, 13110060611322374290, 16978132545290669629, 11317294577325307503], [16042591547380249544, 16042591547380249544, 9330139752921481772, 94, 0, 2, 426, -1, 4370460163704169311, 1720370409040345145, 16042591547380249544], [9060718883982528417, 9060718883982528417, 17274946937384965927, 85, 0, 2, 397, -2, 4088098365541558500, 13210364986222294696, 9060718883982528417], [2666547246678678851, 9250722957692387333, 6406657664862290459, 89, 0, 2, 412, 2, 4088098365541558500, 8148669997605808657, 2666547246678678851], [10862760501441135164, 17448104868114869752, 9068901972800807265, 83, 0, 2, 399, 1, 13110060611322374290, 1720370409040345145, 17931690229151247571], [15631799212069877876, 15631799212069877876, 15308085513773655218, 91, 0, 2, 431, -5, 10887629174180191697, 14825646868312541310, 2308372342712821294], [11532473245541075862, 11532473245541075862, 17404231807887051932, 96, 0, 2, 442, -8, 11532473245541075862, 11532473245541075862, 11532473245541075862]], [], [], [], [], [], [], [], [], [], []]" />
    <node ID="0.1" type="Word">
      <attributes paragraph="1" paragraph_position="1" text="Als" />
      <extra dep="case" ent_iob="2" ent_type="" head="2" lemma="als" orig_paragraph="4" orth="Als" pos="ADP" prefix="A" shape="Xxx" suffix="Als" tag="KOUS" />
    </node>
    <node ID="0.2" type="Word">
      <attributes paragraph="1" paragraph_position="2" text="der" />
      <extra dep="det" ent_iob="2" ent_type="" head="1" lemma="der" orig_paragraph="4" orth="der" pos="DET" prefix="d" shape="xxx" suffix="der" tag="ART" />
    </node>
    <node ID="0.3" type="Word">
      <attributes paragraph="1" paragraph_position="3" text="Kapit&#228;n" />
      <extra dep="obl" ent_iob="2" ent_type="" head="3" lemma="Kapit&#228;n" orig_paragraph="4" orth="Kapit&#228;n" pos="NOUN" prefix="K" shape="Xxxxx" suffix="t&#228;n" tag="NN" />
    </node>
    <node ID="0.4" type="Word">
      <attributes paragraph="1" paragraph_position="4" text="seine" />
      <extra dep="det:poss" ent_iob="2" ent_type="" head="1" lemma="sein" orig_paragraph="4" orth="seine" pos="DET" prefix="s" shape="xxxx" suffix="ine" tag="PPOSAT" />
    </node>
    <node ID="0.5" type="Word">
      <attributes paragraph="1" paragraph_position="5" text="Aufnahme" />
      <extra dep="obj" ent_iob="2" ent_type="" head="1" lemma="Aufnahme" orig_paragraph="4" orth="Aufnahme" pos="NOUN" prefix="A" shape="Xxxxx" suffix="hme" tag="NN" />
    </node>
    <node ID="0.6" type="Word">
      <attributes paragraph="1" paragraph_position="6" text="gemacht" />
      <extra dep="root" ent_iob="2" ent_type="" head="2" lemma="machen" orig_paragraph="4" orth="gemacht" pos="VERB" prefix="g" shape="xxxx" suffix="cht" tag="VVPP" />
    </node>
    <node ID="0.7" type="Punctuation">
      <attributes paragraph="1" paragraph_position="7" text="," />
      <extra dep="punct" ent_iob="2" ent_type="" head="1" lemma="," orig_paragraph="4" orth="," pos="PUNCT" prefix="," shape="," suffix="," tag="$," />
    </node>
    <node ID="0.8" type="Word">
      <attributes paragraph="1" paragraph_position="8" text="sprach" />
      <extra dep="conj" ent_iob="2" ent_type="" head="-2" lemma="sprechen" orig_paragraph="4" orth="sprach" pos="VERB" prefix="s" shape="xxxx" suffix="ach" tag="VVFIN" />
    </node>
    <node ID="0.9" type="Word">
      <attributes paragraph="1" paragraph_position="9" text="er" />
      <extra dep="nsubj" ent_iob="2" ent_type="" head="-1" lemma="er" orig_paragraph="4" orth="er" pos="PRON" prefix="e" shape="xx" suffix="er" tag="PPER" />
    </node>
    <node ID="0.10" type="Word">
      <attributes paragraph="1" paragraph_position="10" text="nur" />
      <extra dep="advmod" ent_iob="2" ent_type="" head="-2" lemma="nur" orig_paragraph="4" orth="nur" pos="ADV" prefix="n" shape="xxx" suffix="nur" tag="NE" />
    </node>
    <node ID="0.11" type="Word">
      <attributes paragraph="1" paragraph_position="11" text="das" />
      <extra dep="det" ent_iob="2" ent_type="" head="2" lemma="der" orig_paragraph="4" orth="das" pos="DET" prefix="d" shape="xxx" suffix="das" tag="ART" />
    </node>
    <node ID="0.12" type="Word">
      <attributes paragraph="1" paragraph_position="12" text="einzige" />
      <extra dep="amod" ent_iob="2" ent_type="" head="1" lemma="einzig" orig_paragraph="4" orth="einzige" pos="ADJ" prefix="e" shape="xxxx" suffix="ige" tag="ADJA" />
    </node>
    <node ID="0.13" type="Word">
      <attributes paragraph="1" paragraph_position="13" text="Wort" />
      <extra dep="obj" ent_iob="2" ent_type="" head="-5" lemma="Wort" orig_paragraph="4" orth="Wort" pos="NOUN" prefix="W" shape="Xxxx" suffix="ort" tag="NN" />
    </node>
    <node ID="0.14" type="Punctuation">
      <attributes paragraph="1" paragraph_position="14" text=":" />
      <extra dep="punct" ent_iob="2" ent_type="" head="-8" lemma=":" orig_paragraph="4" orth=":" pos="PUNCT" prefix=":" shape=":" suffix=":" tag="$." />
    </node>
  </layer>
  <layer layerID="1">
    <attributes />
    <node ID="1.1" type="FN">
      <attributes />
      <edge toID="1.2" type="L">
        <attributes />
        <category tag="L" />
      </edge>
      <edge toID="1.3" type="H">
        <attributes />
        <category tag="H" />
      </edge>
      <edge toID="1.4" type="U">
        <attributes />
        <category tag="U" />
      </edge>
      <edge toID="1.5" type="H">
        <attributes />
        <category tag="H" />
      </edge>
    </node>
    <node ID="1.2" type="FN">
      <attributes />
      <edge toID="0.1" type="Terminal">
        <attributes />
        <category tag="Terminal" />
      </edge>
    </node>
    <node ID="1.3" type="FN">
      <attributes />
      <edge toID="1.6" type="A">
        <attributes />
        <category tag="A" />
      </edge>
      <edge toID="1.7" type="P">
        <attributes />
        <category tag="P" />
      </edge>
    </node>
    <node ID="1.4" type="PNCT">
      <attributes />
      <edge toID="0.7" type="Terminal">
        <attributes />
        <category tag="Terminal" />
      </edge>
    </node>
    <node ID="1.5" type="FN">
      <attributes />
      <edge toID="1.8" type="P">
        <attributes />
        <category tag="P" />
      </edge>
      <edge toID="1.9" type="A">
        <attributes />
        <category tag="A" />
      </edge>
      <edge toID="1.10" type="D">
        <attributes />
        <category tag="D" />
      </edge>
      <edge toID="1.11" type="A">
        <attributes />
        <category tag="A" />
      </edge>
    </node>
    <node ID="1.6" type="FN">
      <attributes />
      <edge toID="1.12" type="E">
        <attributes />
        <category tag="E" />
      </edge>
      <edge toID="1.13" type="C">
        <attributes />
        <category tag="C" />
      </edge>
    </node>
    <node ID="1.7" type="FN">
      <attributes />
      <edge toID="1.14" type="E">
        <attributes />
        <category tag="E" />
      </edge>
      <edge toID="1.15" type="C">
        <attributes />
        <category tag="C" />
      </edge>
      <edge toID="1.16" type="F">
        <attributes />
        <category tag="F" />
      </edge>
    </node>
    <node ID="1.8" type="FN">
      <attributes />
      <edge toID="0.8" type="Terminal">
        <attributes />
        <category tag="Terminal" />
      </edge>
    </node>
    <node ID="1.9" type="FN">
      <attributes />
      <edge toID="0.9" type="Terminal">
        <attributes />
        <category tag="Terminal" />
      </edge>
    </node>
    <node ID="1.10" type="FN">
      <attributes />
      <edge toID="0.10" type="Terminal">
        <attributes />
        <category tag="Terminal" />
      </edge>
    </node>
    <node ID="1.11" type="FN">
      <attributes />
      <edge toID="1.17" type="E">
        <attributes />
        <category tag="E" />
      </edge>
      <edge toID="1.18" type="E">
        <attributes />
        <category tag="E" />
      </edge>
      <edge toID="1.19" type="C">
        <attributes />
        <category tag="C" />
      </edge>
      <edge toID="1.20" type="U">
        <attributes />
        <category tag="U" />
      </edge>
    </node>
    <node ID="1.12" type="FN">
      <attributes />
      <edge toID="0.2" type="Terminal">
        <attributes />
        <category tag="Terminal" />
      </edge>
    </node>
    <node ID="1.13" type="FN">
      <attributes />
      <edge toID="0.3" type="Terminal">
        <attributes />
        <category tag="Terminal" />
      </edge>
    </node>
    <node ID="1.14" type="FN">
      <attributes />
      <edge toID="0.4" type="Terminal">
        <attributes />
        <category tag="Terminal" />
      </edge>
    </node>
    <node ID="1.15" type="FN">
      <attributes />
      <edge toID="0.5" type="Terminal">
        <attributes />
        <category tag="Terminal" />
      </edge>
    </node>
    <node ID="1.16" type="FN">
      <attributes />
      <edge toID="0.6" type="Terminal">
        <attributes />
        <category tag="Terminal" />
      </edge>
    </node>
    <node ID="1.17" type="FN">
      <attributes />
      <edge toID="0.11" type="Terminal">
        <attributes />
        <category tag="Terminal" />
      </edge>
    </node>
    <node ID="1.18" type="FN">
      <attributes />
      <edge toID="0.12" type="Terminal">
        <attributes />
        <category tag="Terminal" />
      </edge>
    </node>
    <node ID="1.19" type="FN">
      <attributes />
      <edge toID="0.13" type="Terminal">
        <attributes />
        <category tag="Terminal" />
      </edge>
    </node>
    <node ID="1.20" type="PNCT">
      <attributes />
      <edge toID="0.14" type="Terminal">
        <attributes />
        <category tag="Terminal" />
      </edge>
    </node>
  </layer>
</root>
