<root annotationID="0" passageID="25822011">
  <attributes />
  <extra format="ucca" />
  <layer layerID="0">
    <attributes />
    <extra doc="[[[13491050862432847103, 10343076919720641053, 9330139752921481772, 94, 0, 2, 426, 4, 12204527652707022206, 9391737413944127320, 13491050862432847103], [1269071886833429403, 5817815807927905559, 85, 86, 0, 2, 408, 3, 4088098365541558500, 260667111241363922, 1269071886833429403], [18349326713224006035, 18349326713224006035, 85, 85, 0, 2, 397, 2, 13110060611322374290, 260667111241363922, 1007179901871427815], [15192908731043726583, 15192908731043726583, 6406657664862290459, 89, 0, 2, 412, 1, 4088098365541558500, 1720370409040345145, 15192908731043726583], [6818233063347054039, 6818233063347054039, 15308085513773655218, 91, 0, 2, 445, 0, 16072095006890171862, 3929483993944067416, 13147371020757508111], [9250722957692387333, 9250722957692387333, 6406657664862290459, 89, 0, 2, 412, 1, 4088098365541558500, 8148669997605808657, 9250722957692387333], [2449204443345782223, 2449204443345782223, 15308085513773655218, 91, 0, 2, 423, -2, 16072095006890171862, 10603054956214495369, 11441063061165615738], [15497304006135352697, 15497304006135352697, 15308085513773655218, 84, 0, 2, 8110129090154140942, 1, 13110060611322374290, 7187156974425934, 17541118948136595177], [7503827727184870577, 7503827727184870577, 17274946937384965927, 95, 383, 3, 423, -2, 18200729499220207786, 10850957288794122991, 7503827727184870577], [7898044819112200372, 7898044819112200372, 17274946937384965927, 95, 383, 1, 2666271516716718244, -1, 10887629174180191697, 16961793518281001049, 6514075241449120593], [11593690929944126543, 11593690929944126543, 17274946937384965927, 88, 0, 2, 404, 1, 4088098365541558500, 12247454108283186160, 11593690929944126543], [2710290316118797738, 2710290316118797738, 17274946937384965927, 95, 383, 3, 407, -3, 16072095006890171862, 10603054956214495369, 4631154258224306596], [8322446468904638983, 8322446468904638983, 2689273639941441550, 88, 0, 2, 404, 1, 13110060611322374290, 1489474827855109852, 9250722957692387333], [3444481041593595989, 3444481041593595989, 17274946937384965927, 95, 383, 3, 407, -9, 16072095006890171862, 9350754067018752509, 18280133907267264843], [12646065887601541794, 12646065887601541794, 17404231807887051932, 96, 0, 2, 442, -10, 12646065887601541794, 12646065887601541794, 12646065887601541794]], [], [], [], [], []]" />
    <node ID="0.1" type="Word">
      <attributes paragraph="1" paragraph_position="1" text="Es" />
      <extra dep="nsubj" ent_iob="2" ent_type="" head="4" lemma="es" orig_paragraph="4" orth="Es" pos="PRON" prefix="E" shape="Xx" suffix="Es" tag="PPER" />
    </node>
    <node ID="0.2" type="Word">
      <attributes paragraph="1" paragraph_position="2" text="war" />
      <extra dep="cop" ent_iob="2" ent_type="" head="3" lemma="sein" orig_paragraph="4" orth="war" pos="AUX" prefix="w" shape="xxx" suffix="war" tag="ADV" />
    </node>
    <node ID="0.3" type="Word">
      <attributes paragraph="1" paragraph_position="3" text="wohl" />
      <extra dep="advmod" ent_iob="2" ent_type="" head="2" lemma="wohl" orig_paragraph="4" orth="wohl" pos="ADV" prefix="w" shape="xxxx" suffix="ohl" tag="ADV" />
    </node>
    <node ID="0.4" type="Word">
      <attributes paragraph="1" paragraph_position="4" text="ein" />
      <extra dep="det" ent_iob="2" ent_type="" head="1" lemma="ein" orig_paragraph="4" orth="ein" pos="DET" prefix="e" shape="xxx" suffix="ein" tag="ART" />
    </node>
    <node ID="0.5" type="Word">
      <attributes paragraph="1" paragraph_position="5" text="Dampfer" />
      <extra dep="root" ent_iob="2" ent_type="" head="-3" lemma="Dampfer" orig_paragraph="4" orth="Dampfer" pos="NOUN" prefix="D" shape="Xxxxx" suffix="fer" tag="NN" />
    </node>
    <node ID="0.6" type="Word">
      <attributes paragraph="1" paragraph_position="6" text="der" />
      <extra dep="det" ent_iob="2" ent_type="" head="1" lemma="der" orig_paragraph="4" orth="der" pos="DET" prefix="d" shape="xxx" suffix="der" tag="ART" />
    </node>
    <node ID="0.7" type="Word">
      <attributes paragraph="1" paragraph_position="7" text="Linie" />
      <extra dep="nmod" ent_iob="2" ent_type="" head="-2" lemma="Linie" orig_paragraph="4" orth="Linie" pos="NOUN" prefix="L" shape="Xxxxx" suffix="nie" tag="NN" />
    </node>
    <node ID="0.8" type="Word">
      <attributes paragraph="1" paragraph_position="8" text="zwischen" />
      <extra dep="case" ent_iob="2" ent_type="" head="1" lemma="zwischen" orig_paragraph="4" orth="zwischen" pos="ADP" prefix="z" shape="xxxx" suffix="hen" tag="NN" />
    </node>
    <node ID="0.9" type="Word">
      <attributes paragraph="1" paragraph_position="9" text="New" />
      <extra dep="nmod" ent_iob="3" ent_type="LOC" head="-2" lemma="New" orig_paragraph="4" orth="New" pos="PROPN" prefix="N" shape="Xxx" suffix="New" tag="NE" />
    </node>
    <node ID="0.10" type="Word">
      <attributes paragraph="1" paragraph_position="10" text="York" />
      <extra dep="flat" ent_iob="1" ent_type="LOC" head="-1" lemma="York" orig_paragraph="4" orth="York" pos="PROPN" prefix="Y" shape="Xxxx" suffix="ork" tag="NE" />
    </node>
    <node ID="0.11" type="Word">
      <attributes paragraph="1" paragraph_position="11" text="und" />
      <extra dep="cc" ent_iob="2" ent_type="" head="1" lemma="und" orig_paragraph="4" orth="und" pos="CCONJ" prefix="u" shape="xxx" suffix="und" tag="NE" />
    </node>
    <node ID="0.12" type="Word">
      <attributes paragraph="1" paragraph_position="12" text="Liverpool" />
      <extra dep="conj" ent_iob="3" ent_type="LOC" head="-3" lemma="Liverpool" orig_paragraph="4" orth="Liverpool" pos="PROPN" prefix="L" shape="Xxxxx" suffix="ool" tag="NE" />
    </node>
    <node ID="0.13" type="Word">
      <attributes paragraph="1" paragraph_position="13" text="oder" />
      <extra dep="cc" ent_iob="2" ent_type="" head="1" lemma="oder" orig_paragraph="4" orth="oder" pos="CCONJ" prefix="o" shape="xxxx" suffix="der" tag="CARD" />
    </node>
    <node ID="0.14" type="Word">
      <attributes paragraph="1" paragraph_position="14" text="Havre" />
      <extra dep="conj" ent_iob="3" ent_type="LOC" head="-9" lemma="Havre" orig_paragraph="4" orth="Havre" pos="PROPN" prefix="H" shape="Xxxxx" suffix="vre" tag="NE" />
    </node>
    <node ID="0.15" type="Punctuation">
      <attributes paragraph="1" paragraph_position="15" text="." />
      <extra dep="punct" ent_iob="2" ent_type="" head="-10" lemma="." orig_paragraph="4" orth="." pos="PUNCT" prefix="." shape="." suffix="." tag="$." />
    </node>
  </layer>
  <layer layerID="1">
    <attributes />
    <node ID="1.1" type="FN">
      <attributes />
      <edge toID="1.2" type="H">
        <attributes />
        <category tag="H" />
      </edge>
    </node>
    <node ID="1.2" type="FN">
      <attributes />
      <edge toID="1.3" type="F">
        <attributes />
        <category tag="F" />
      </edge>
      <edge toID="1.4" type="S">
        <attributes />
        <category tag="S" />
      </edge>
      <edge toID="1.5" type="G">
        <attributes />
        <category tag="G" />
      </edge>
      <edge toID="1.6" type="A">
        <attributes />
        <category tag="A" />
      </edge>
    </node>
    <node ID="1.3" type="FN">
      <attributes />
      <edge toID="0.1" type="Terminal">
        <attributes />
        <category tag="Terminal" />
      </edge>
    </node>
    <node ID="1.4" type="FN">
      <attributes />
      <edge toID="0.2" type="Terminal">
        <attributes />
        <category tag="Terminal" />
      </edge>
    </node>
    <node ID="1.5" type="FN">
      <attributes />
      <edge toID="0.3" type="Terminal">
        <attributes />
        <category tag="Terminal" />
      </edge>
    </node>
    <node ID="1.6" type="FN">
      <attributes />
      <edge toID="1.7" type="E">
        <attributes />
        <category tag="E" />
      </edge>
      <edge toID="1.8" type="C">
        <attributes />
        <category tag="C" />
      </edge>
      <edge toID="1.9" type="E">
        <attributes />
        <category tag="E" />
      </edge>
    </node>
    <node ID="1.7" type="FN">
      <attributes />
      <edge toID="0.4" type="Terminal">
        <attributes />
        <category tag="Terminal" />
      </edge>
    </node>
    <node ID="1.8" type="FN">
      <attributes />
      <edge toID="0.5" type="Terminal">
        <attributes />
        <category tag="Terminal" />
      </edge>
    </node>
    <node ID="1.9" type="FN">
      <attributes />
      <edge toID="1.10" type="R">
        <attributes />
        <category tag="R" />
      </edge>
      <edge toID="1.11" type="C">
        <attributes />
        <category tag="C" />
      </edge>
      <edge toID="1.12" type="E">
        <attributes />
        <category tag="E" />
      </edge>
    </node>
    <node ID="1.10" type="FN">
      <attributes />
      <edge toID="0.6" type="Terminal">
        <attributes />
        <category tag="Terminal" />
      </edge>
    </node>
    <node ID="1.11" type="FN">
      <attributes />
      <edge toID="0.7" type="Terminal">
        <attributes />
        <category tag="Terminal" />
      </edge>
    </node>
    <node ID="1.12" type="FN">
      <attributes />
      <edge toID="1.13" type="R">
        <attributes />
        <category tag="R" />
      </edge>
      <edge toID="1.14" type="C">
        <attributes />
        <category tag="C" />
      </edge>
      <edge toID="1.15" type="N">
        <attributes />
        <category tag="N" />
      </edge>
      <edge toID="1.16" type="C">
        <attributes />
        <category tag="C" />
      </edge>
      <edge toID="1.17" type="N">
        <attributes />
        <category tag="N" />
      </edge>
      <edge toID="1.18" type="C">
        <attributes />
        <category tag="C" />
      </edge>
      <edge toID="1.19" type="U">
        <attributes />
        <category tag="U" />
      </edge>
    </node>
    <node ID="1.13" type="FN">
      <attributes />
      <edge toID="0.8" type="Terminal">
        <attributes />
        <category tag="Terminal" />
      </edge>
    </node>
    <node ID="1.14" type="FN">
      <attributes />
      <edge toID="0.9" type="Terminal">
        <attributes />
        <category tag="Terminal" />
      </edge>
      <edge toID="0.10" type="Terminal">
        <attributes />
        <category tag="Terminal" />
      </edge>
    </node>
    <node ID="1.15" type="FN">
      <attributes />
      <edge toID="0.11" type="Terminal">
        <attributes />
        <category tag="Terminal" />
      </edge>
    </node>
    <node ID="1.16" type="FN">
      <attributes />
      <edge toID="0.12" type="Terminal">
        <attributes />
        <category tag="Terminal" />
      </edge>
    </node>
    <node ID="1.17" type="FN">
      <attributes />
      <edge toID="0.13" type="Terminal">
        <attributes />
        <category tag="Terminal" />
      </edge>
    </node>
    <node ID="1.18" type="FN">
      <attributes />
      <edge toID="0.14" type="Terminal">
        <attributes />
        <category tag="Terminal" />
      </edge>
    </node>
    <node ID="1.19" type="PNCT">
      <attributes />
      <edge toID="0.15" type="Terminal">
        <attributes />
        <category tag="Terminal" />
      </edge>
    </node>
  </layer>
</root>
