<root annotationID="0" passageID="25825010">
  <attributes />
  <extra format="ucca" />
  <layer layerID="0">
    <attributes />
    <extra doc="[[[3126701799202552694, 5864527961345014045, 9330139752921481772, 94, 0, 2, 426, 1, 18200729499220207786, 4690420944186131903, 3126701799202552694], [16555784724294226719, null, 10675845091474465339, 99, 0, 2, 445, 0, 13110060611322374290, 15598372446745583797, 7674016154577261214], [1070648429421044067, 16042591547380249544, 9330139752921481772, 94, 0, 2, 431, -1, 4088098365541558500, 5097672513440128799, 1070648429421044067], [1502415808165053963, 1502415808165053963, 11856006255221940381, 84, 0, 2, 8110129090154140942, 2, 13110060611322374290, 12942299606800070975, 8529155809759507800], [3573116604670608395, 9250722957692387333, 6406657664862290459, 89, 0, 2, 412, 1, 4088098365541558500, 8148669997605808657, 3573116604670608395], [3531041020643365970, 3531041020643365970, 15308085513773655218, 91, 0, 2, 432, -4, 16072095006890171862, 12290980237632234855, 13130769157622138839], [18142803073411045160, 17360128003509663435, 11856006255221940381, 83, 0, 2, 397, 2, 13110060611322374290, 13210364986222294696, 4115755726172261197], [18390846335711919857, 18390846335711919857, 2550391404972115923, 93, 0, 2, 397, 1, 4088098365541558500, 260667111241363922, 18390846335711919857], [17171245042042555033, 8973117669818367927, 85, 99, 0, 2, 447, -7, 13110060611322374290, 13110760720460257827, 8404725661068856353], [11532473245541075862, 11532473245541075862, 17404231807887051932, 96, 0, 2, 442, -8, 11532473245541075862, 11532473245541075862, 11532473245541075862]], [], [], [], [], [], []]" />
    <node ID="0.1" type="Word">
      <attributes paragraph="1" paragraph_position="1" text="Ich" />
      <extra dep="nsubj" ent_iob="2" ent_type="" head="1" lemma="ich" orig_paragraph="5" orth="Ich" pos="PRON" prefix="I" shape="Xxx" suffix="Ich" tag="PPER" />
    </node>
    <node ID="0.2" type="Word">
      <attributes paragraph="1" paragraph_position="2" text="belehrte" />
      <extra dep="root" ent_iob="2" ent_type="" head="0" lemma="belehren" orig_paragraph="5" orth="belehrte" pos="VERB" prefix="b" shape="xxxx" suffix="rte" tag="VVFIN" />
    </node>
    <node ID="0.3" type="Word">
      <attributes paragraph="1" paragraph_position="3" text="ihn" />
      <extra dep="obj" ent_iob="2" ent_type="" head="-1" lemma="er" orig_paragraph="5" orth="ihn" pos="PRON" prefix="i" shape="xxx" suffix="ihn" tag="PPER" />
    </node>
    <node ID="0.4" type="Word">
      <attributes paragraph="1" paragraph_position="4" text="&#252;ber" />
      <extra dep="case" ent_iob="2" ent_type="" head="2" lemma="&#252;ber" orig_paragraph="5" orth="&#252;ber" pos="ADP" prefix="&#252;" shape="xxxx" suffix="ber" tag="ADJD" />
    </node>
    <node ID="0.5" type="Word">
      <attributes paragraph="1" paragraph_position="5" text="die" />
      <extra dep="det" ent_iob="2" ent_type="" head="1" lemma="der" orig_paragraph="5" orth="die" pos="DET" prefix="d" shape="xxx" suffix="die" tag="ART" />
    </node>
    <node ID="0.6" type="Word">
      <attributes paragraph="1" paragraph_position="6" text="Sache" />
      <extra dep="obl" ent_iob="2" ent_type="" head="-4" lemma="Sache" orig_paragraph="5" orth="Sache" pos="NOUN" prefix="S" shape="Xxxxx" suffix="che" tag="NN" />
    </node>
    <node ID="0.7" type="Word">
      <attributes paragraph="1" paragraph_position="7" text="n&#228;her" />
      <extra dep="advmod" ent_iob="2" ent_type="" head="2" lemma="nah" orig_paragraph="5" orth="n&#228;her" pos="ADJ" prefix="n" shape="xxxx" suffix="her" tag="ADJD" />
    </node>
    <node ID="0.8" type="Word">
      <attributes paragraph="1" paragraph_position="8" text="wie" />
      <extra dep="advmod" ent_iob="2" ent_type="" head="1" lemma="wie" orig_paragraph="5" orth="wie" pos="PART" prefix="w" shape="xxx" suffix="wie" tag="KON" />
    </node>
    <node ID="0.9" type="Word">
      <attributes paragraph="1" paragraph_position="9" text="folgt" />
      <extra dep="acl" ent_iob="2" ent_type="" head="-7" lemma="folgen" orig_paragraph="5" orth="folgt" pos="VERB" prefix="f" shape="xxxx" suffix="lgt" tag="ADV" />
    </node>
    <node ID="0.10" type="Punctuation">
      <attributes paragraph="1" paragraph_position="10" text=":" />
      <extra dep="punct" ent_iob="2" ent_type="" head="-8" lemma=":" orig_paragraph="5" orth=":" pos="PUNCT" prefix=":" shape=":" suffix=":" tag="$." />
    </node>
  </layer>
  <layer layerID="1">
    <attributes />
    <node ID="1.1" type="FN">
      <attributes />
      <edge toID="1.2" type="H">
        <attributes />
        <category tag="H" />
      </edge>
      <edge toID="1.3" type="L">
        <attributes />
        <category tag="L" />
      </edge>
      <edge toID="1.4" type="U">
        <attributes />
        <category tag="U" />
      </edge>
    </node>
    <node ID="1.2" type="FN">
      <attributes />
      <edge toID="1.5" type="A">
        <attributes />
        <category tag="A" />
      </edge>
      <edge toID="1.6" type="P">
        <attributes />
        <category tag="P" />
      </edge>
      <edge toID="1.7" type="A">
        <attributes />
        <category tag="A" />
      </edge>
      <edge toID="1.8" type="A">
        <attributes />
        <category tag="A" />
      </edge>
      <edge toID="1.9" type="D">
        <attributes />
        <category tag="D" />
      </edge>
    </node>
    <node ID="1.3" type="FN">
      <attributes />
      <edge toID="0.8" type="Terminal">
        <attributes />
        <category tag="Terminal" />
      </edge>
    </node>
    <node ID="1.4" type="PNCT">
      <attributes />
      <edge toID="0.10" type="Terminal">
        <attributes />
        <category tag="Terminal" />
      </edge>
    </node>
    <node ID="1.5" type="FN">
      <attributes />
      <edge toID="0.1" type="Terminal">
        <attributes />
        <category tag="Terminal" />
      </edge>
    </node>
    <node ID="1.6" type="FN">
      <attributes />
      <edge toID="0.2" type="Terminal">
        <attributes />
        <category tag="Terminal" />
      </edge>
      <edge toID="0.9" type="Terminal">
        <attributes />
        <category tag="Terminal" />
      </edge>
    </node>
    <node ID="1.7" type="FN">
      <attributes />
      <edge toID="0.3" type="Terminal">
        <attributes />
        <category tag="Terminal" />
      </edge>
    </node>
    <node ID="1.8" type="FN">
      <attributes />
      <edge toID="1.10" type="R">
        <attributes />
        <category tag="R" />
      </edge>
      <edge toID="1.11" type="E">
        <attributes />
        <category tag="E" />
      </edge>
      <edge toID="1.12" type="C">
        <attributes />
        <category tag="C" />
      </edge>
    </node>
    <node ID="1.9" type="FN">
      <attributes />
      <edge toID="0.7" type="Terminal">
        <attributes />
        <category tag="Terminal" />
      </edge>
    </node>
    <node ID="1.10" type="FN">
      <attributes />
      <edge toID="0.4" type="Terminal">
        <attributes />
        <category tag="Terminal" />
      </edge>
    </node>
    <node ID="1.11" type="FN">
      <attributes />
      <edge toID="0.5" type="Terminal">
        <attributes />
        <category tag="Terminal" />
      </edge>
    </node>
    <node ID="1.12" type="FN">
      <attributes />
      <edge toID="0.6" type="Terminal">
        <attributes />
        <category tag="Terminal" />
      </edge>
    </node>
  </layer>
</root>
