<root annotationID="0" passageID="25829020">
  <attributes />
  <extra format="ucca" />
  <layer layerID="0">
    <attributes />
    <extra doc="[[[12742470589305097607, 14109088899827761419, 9111662601877357026, 89, 0, 2, 412, 1, 16072095006890171862, 8656007278630577320, 11197236520932772837], [11999959052388911707, 11999959052388911707, 15308085513773655218, 91, 0, 2, 445, 0, 16072095006890171862, 14862748245026736845, 2308372342712821294], [12646065887601541794, 12646065887601541794, 17404231807887051932, 96, 0, 2, 442, -1, 12646065887601541794, 12646065887601541794, 12646065887601541794]], [], [], [], [], [], [], [], [], [], [], [], [], [], [], [], [], [], [], [], []]" />
    <node ID="0.1" type="Word">
      <attributes paragraph="1" paragraph_position="1" text="Keine" />
      <extra dep="det" ent_iob="2" ent_type="" head="1" lemma="kein" orig_paragraph="12" orth="Keine" pos="DET" prefix="K" shape="Xxxxx" suffix="ine" tag="PIAT" />
    </node>
    <node ID="0.2" type="Word">
      <attributes paragraph="1" paragraph_position="2" text="Antwort" />
      <extra dep="root" ent_iob="2" ent_type="" head="0" lemma="Antwort" orig_paragraph="12" orth="Antwort" pos="NOUN" prefix="A" shape="Xxxxx" suffix="ort" tag="NN" />
    </node>
    <node ID="0.3" type="Punctuation">
      <attributes paragraph="1" paragraph_position="3" text="." />
      <extra dep="punct" ent_iob="2" ent_type="" head="-1" lemma="." orig_paragraph="12" orth="." pos="PUNCT" prefix="." shape="." suffix="." tag="$." />
    </node>
  </layer>
  <layer layerID="1">
    <attributes />
    <node ID="1.1" type="FN">
      <attributes />
      <edge toID="1.2" type="H">
        <attributes />
        <category tag="H" />
      </edge>
    </node>
    <node ID="1.2" type="FN">
      <attributes />
      <edge toID="1.3" type="D">
        <attributes />
        <category tag="D" />
      </edge>
      <edge toID="1.4" type="A">
        <attributes />
        <category tag="A" />
      </edge>
      <edge toID="1.5" type="U">
        <attributes />
        <category tag="U" />
      </edge>
    </node>
    <node ID="1.3" type="FN">
      <attributes />
      <edge toID="0.1" type="Terminal">
        <attributes />
        <category tag="Terminal" />
      </edge>
    </node>
    <node ID="1.4" type="FN">
      <attributes />
      <edge toID="0.2" type="Terminal">
        <attributes />
        <category tag="Terminal" />
      </edge>
    </node>
    <node ID="1.5" type="PNCT">
      <attributes />
      <edge toID="0.3" type="Terminal">
        <attributes />
        <category tag="Terminal" />
      </edge>
    </node>
  </layer>
</root>
