<root annotationID="0" passageID="25828018">
  <attributes />
  <extra format="ucca" />
  <layer layerID="0">
    <attributes />
    <extra doc="[[[3126701799202552694, 5864527961345014045, 9330139752921481772, 94, 0, 2, 426, 1, 18200729499220207786, 4690420944186131903, 3126701799202552694], [9127226181264222083, 5545094960083419120, 10675845091474465339, 99, 0, 2, 445, 0, 13110060611322374290, 260667111241363922, 14322370493309098308], [10343076919720641053, 10343076919720641053, 9330139752921481772, 94, 0, 2, 431, -1, 4370460163704169311, 1720370409040345145, 10343076919720641053], [14913735501962191409, 14913735501962191409, 2689273639941441550, 93, 0, 2, 397, 2, 13110060611322374290, 13210364986222294696, 5462653070606849934], [12508082737821923009, 12508082737821923009, 15308085513773655218, 93, 0, 2, 420, 1, 4370460163704169311, 7187156974425934, 12508082737821923009], [989745765831351027, 989745765831351027, 17015325344306543250, 99, 0, 2, 446, -4, 13110060611322374290, 16978132545290669629, 11090586419576673076], [12646065887601541794, 12646065887601541794, 17404231807887051932, 96, 0, 2, 442, -5, 12646065887601541794, 12646065887601541794, 12646065887601541794]], [], [], [], [], [], [], [], [], [], []]" />
    <node ID="0.1" type="Word">
      <attributes paragraph="1" paragraph_position="1" text="Ich" />
      <extra dep="nsubj" ent_iob="2" ent_type="" head="1" lemma="ich" orig_paragraph="6" orth="Ich" pos="PRON" prefix="I" shape="Xxx" suffix="Ich" tag="PPER" />
    </node>
    <node ID="0.2" type="Word">
      <attributes paragraph="1" paragraph_position="2" text="wusste" />
      <extra dep="root" ent_iob="2" ent_type="" head="0" lemma="wissen" orig_paragraph="6" orth="wusste" pos="VERB" prefix="w" shape="xxxx" suffix="ste" tag="VVFIN" />
    </node>
    <node ID="0.3" type="Word">
      <attributes paragraph="1" paragraph_position="3" text="es" />
      <extra dep="obj" ent_iob="2" ent_type="" head="-1" lemma="es" orig_paragraph="6" orth="es" pos="PRON" prefix="e" shape="xx" suffix="es" tag="PPER" />
    </node>
    <node ID="0.4" type="Word">
      <attributes paragraph="1" paragraph_position="4" text="nicht" />
      <extra dep="advmod" ent_iob="2" ent_type="" head="2" lemma="nicht" orig_paragraph="6" orth="nicht" pos="PART" prefix="n" shape="xxxx" suffix="cht" tag="CARD" />
    </node>
    <node ID="0.5" type="Word">
      <attributes paragraph="1" paragraph_position="5" text="zu" />
      <extra dep="mark" ent_iob="2" ent_type="" head="1" lemma="zu" orig_paragraph="6" orth="zu" pos="PART" prefix="z" shape="xx" suffix="zu" tag="NN" />
    </node>
    <node ID="0.6" type="Word">
      <attributes paragraph="1" paragraph_position="6" text="sagen" />
      <extra dep="xcomp" ent_iob="2" ent_type="" head="-4" lemma="sagen" orig_paragraph="6" orth="sagen" pos="VERB" prefix="s" shape="xxxx" suffix="gen" tag="VVINF" />
    </node>
    <node ID="0.7" type="Punctuation">
      <attributes paragraph="1" paragraph_position="7" text="." />
      <extra dep="punct" ent_iob="2" ent_type="" head="-5" lemma="." orig_paragraph="6" orth="." pos="PUNCT" prefix="." shape="." suffix="." tag="$." />
    </node>
  </layer>
  <layer layerID="1">
    <attributes />
    <node ID="1.1" type="FN">
      <attributes />
      <edge toID="1.2" type="H">
        <attributes />
        <category tag="H" />
      </edge>
    </node>
    <node ID="1.2" type="FN">
      <attributes />
      <edge toID="1.3" type="A">
        <attributes />
        <category tag="A" />
      </edge>
      <edge toID="1.4" type="D">
        <attributes />
        <category tag="D" />
      </edge>
      <edge toID="1.5" type="A">
        <attributes />
        <category tag="A" />
      </edge>
      <edge toID="1.6" type="D">
        <attributes />
        <category tag="D" />
      </edge>
      <edge toID="1.7" type="F">
        <attributes />
        <category tag="F" />
      </edge>
      <edge toID="1.8" type="P">
        <attributes />
        <category tag="P" />
      </edge>
      <edge toID="1.9" type="U">
        <attributes />
        <category tag="U" />
      </edge>
    </node>
    <node ID="1.3" type="FN">
      <attributes />
      <edge toID="0.1" type="Terminal">
        <attributes />
        <category tag="Terminal" />
      </edge>
    </node>
    <node ID="1.4" type="FN">
      <attributes />
      <edge toID="0.2" type="Terminal">
        <attributes />
        <category tag="Terminal" />
      </edge>
    </node>
    <node ID="1.5" type="FN">
      <attributes />
      <edge toID="0.3" type="Terminal">
        <attributes />
        <category tag="Terminal" />
      </edge>
    </node>
    <node ID="1.6" type="FN">
      <attributes />
      <edge toID="0.4" type="Terminal">
        <attributes />
        <category tag="Terminal" />
      </edge>
    </node>
    <node ID="1.7" type="FN">
      <attributes />
      <edge toID="0.5" type="Terminal">
        <attributes />
        <category tag="Terminal" />
      </edge>
    </node>
    <node ID="1.8" type="FN">
      <attributes />
      <edge toID="0.6" type="Terminal">
        <attributes />
        <category tag="Terminal" />
      </edge>
    </node>
    <node ID="1.9" type="PNCT">
      <attributes />
      <edge toID="0.7" type="Terminal">
        <attributes />
        <category tag="Terminal" />
      </edge>
    </node>
  </layer>
</root>
