<root annotationID="0" passageID="25827017">
  <attributes />
  <extra format="ucca" />
  <layer layerID="0">
    <attributes />
    <extra doc="[[[16318748655552216481, 15573012778503759517, 13528910128642776055, 86, 0, 2, 402, 5, 16072095006890171862, 14825646868312541310, 18156557601795085805], [13323500956662843128, 13323500956662843128, 85, 94, 0, 2, 426, 4, 4088098365541558500, 16978132545290669629, 13323500956662843128], [3002984154512732771, 3002984154512732771, 6794885307917495400, 84, 0, 2, 8110129090154140942, 2, 4370460163704169311, 5097672513440128799, 3002984154512732771], [16957618830852774490, 9250722957692387333, 6406657664862290459, 89, 0, 2, 412, 1, 4088098365541558500, 8148669997605808657, 16957618830852774490], [7263346716986128019, 7263346716986128019, 15308085513773655218, 91, 383, 3, 432, 1, 16072095006890171862, 8656007278630577320, 12011358794423696868], [9069809043053948395, 9069809043053948395, 17015325344306543250, 99, 0, 2, 396, 7, 13110060611322374290, 1720370409040345145, 5870647784995216628], [2593208677638477497, 2593208677638477497, 12261388825712162116, 96, 0, 2, 442, -1, 2593208677638477497, 2593208677638477497, 2593208677638477497], [9781598966686434415, 9781598966686434415, 85, 85, 0, 2, 397, 5, 4370460163704169311, 16978132545290669629, 9781598966686434415], [16758105635101513843, 17354069643706185858, 10675845091474465339, 86, 0, 2, 402, 4, 13110060611322374290, 646772771845179972, 14322370493309098308], [13323500956662843128, 13323500956662843128, 85, 94, 0, 2, 426, 3, 4088098365541558500, 16978132545290669629, 13323500956662843128], [6350219332336252014, 6350219332336252014, 85, 83, 0, 2, 397, 2, 13110060611322374290, 6217145520856553898, 15009892208362175462], [17740181492395231884, 17740181492395231884, 85, 85, 0, 2, 397, 1, 13110060611322374290, 1489474827855109852, 5603553855925065805], [711844892192181479, 711844892192181479, 17015325344306543250, 99, 0, 2, 445, 0, 13110060611322374290, 13110760720460257827, 5870647784995216628], [12646065887601541794, 12646065887601541794, 17404231807887051932, 96, 0, 2, 442, -1, 12646065887601541794, 12646065887601541794, 12646065887601541794]], [], [], [], [], [], [], []]" />
    <node ID="0.1" type="Word">
      <attributes paragraph="1" paragraph_position="1" text="Wollte" />
      <extra dep="aux" ent_iob="2" ent_type="" head="5" lemma="wollen" orig_paragraph="7" orth="Wollte" pos="AUX" prefix="W" shape="Xxxxx" suffix="lte" tag="VMFIN" />
    </node>
    <node ID="0.2" type="Word">
      <attributes paragraph="1" paragraph_position="2" text="sie" />
      <extra dep="nsubj" ent_iob="2" ent_type="" head="4" lemma="sie" orig_paragraph="7" orth="sie" pos="PRON" prefix="s" shape="xxx" suffix="sie" tag="ADV" />
    </node>
    <node ID="0.3" type="Word">
      <attributes paragraph="1" paragraph_position="3" text="in" />
      <extra dep="case" ent_iob="2" ent_type="" head="2" lemma="in" orig_paragraph="7" orth="in" pos="ADP" prefix="i" shape="xx" suffix="in" tag="APPR" />
    </node>
    <node ID="0.4" type="Word">
      <attributes paragraph="1" paragraph_position="4" text="den" />
      <extra dep="det" ent_iob="2" ent_type="" head="1" lemma="der" orig_paragraph="7" orth="den" pos="DET" prefix="d" shape="xxx" suffix="den" tag="ART" />
    </node>
    <node ID="0.5" type="Word">
      <attributes paragraph="1" paragraph_position="5" text="Kanal" />
      <extra dep="obl" ent_iob="3" ent_type="LOC" head="1" lemma="Kanal" orig_paragraph="7" orth="Kanal" pos="NOUN" prefix="K" shape="Xxxxx" suffix="nal" tag="NN" />
    </node>
    <node ID="0.6" type="Word">
      <attributes paragraph="1" paragraph_position="6" text="einfahren" />
      <extra dep="advcl" ent_iob="2" ent_type="" head="7" lemma="einfahren" orig_paragraph="7" orth="einfahren" pos="VERB" prefix="e" shape="xxxx" suffix="ren" tag="VVINF" />
    </node>
    <node ID="0.7" type="Punctuation">
      <attributes paragraph="1" paragraph_position="7" text="," />
      <extra dep="punct" ent_iob="2" ent_type="" head="-1" lemma="," orig_paragraph="7" orth="," pos="PUNCT" prefix="," shape="," suffix="," tag="$," />
    </node>
    <node ID="0.8" type="Word">
      <attributes paragraph="1" paragraph_position="8" text="so" />
      <extra dep="advmod" ent_iob="2" ent_type="" head="5" lemma="so" orig_paragraph="7" orth="so" pos="ADV" prefix="s" shape="xx" suffix="so" tag="ADV" />
    </node>
    <node ID="0.9" type="Word">
      <attributes paragraph="1" paragraph_position="9" text="musste" />
      <extra dep="aux" ent_iob="2" ent_type="" head="4" lemma="m&#252;ssen" orig_paragraph="7" orth="musste" pos="AUX" prefix="m" shape="xxxx" suffix="ste" tag="VVFIN" />
    </node>
    <node ID="0.10" type="Word">
      <attributes paragraph="1" paragraph_position="10" text="sie" />
      <extra dep="nsubj" ent_iob="2" ent_type="" head="3" lemma="sie" orig_paragraph="7" orth="sie" pos="PRON" prefix="s" shape="xxx" suffix="sie" tag="ADV" />
    </node>
    <node ID="0.11" type="Word">
      <attributes paragraph="1" paragraph_position="11" text="genau" />
      <extra dep="advmod" ent_iob="2" ent_type="" head="2" lemma="genau" orig_paragraph="7" orth="genau" pos="ADJ" prefix="g" shape="xxxx" suffix="nau" tag="ADV" />
    </node>
    <node ID="0.12" type="Word">
      <attributes paragraph="1" paragraph_position="12" text="ostw&#228;rts" />
      <extra dep="advmod" ent_iob="2" ent_type="" head="1" lemma="ostw&#228;rts" orig_paragraph="7" orth="ostw&#228;rts" pos="ADV" prefix="o" shape="xxxx" suffix="rts" tag="ADV" />
    </node>
    <node ID="0.13" type="Word">
      <attributes paragraph="1" paragraph_position="13" text="fahren" />
      <extra dep="root" ent_iob="2" ent_type="" head="-4" lemma="fahren" orig_paragraph="7" orth="fahren" pos="VERB" prefix="f" shape="xxxx" suffix="ren" tag="VVINF" />
    </node>
    <node ID="0.14" type="Punctuation">
      <attributes paragraph="1" paragraph_position="14" text="." />
      <extra dep="punct" ent_iob="2" ent_type="" head="-1" lemma="." orig_paragraph="7" orth="." pos="PUNCT" prefix="." shape="." suffix="." tag="$." />
    </node>
  </layer>
  <layer layerID="1">
    <attributes />
    <node ID="1.1" type="FN">
      <attributes />
      <edge toID="1.2" type="H">
        <attributes />
        <category tag="H" />
      </edge>
      <edge toID="1.3" type="U">
        <attributes />
        <category tag="U" />
      </edge>
      <edge toID="1.4" type="L">
        <attributes />
        <category tag="L" />
      </edge>
      <edge toID="1.5" type="H">
        <attributes />
        <category tag="H" />
      </edge>
    </node>
    <node ID="1.2" type="FN">
      <attributes />
      <edge toID="1.6" type="D">
        <attributes />
        <category tag="D" />
      </edge>
      <edge toID="1.7" type="A">
        <attributes />
        <category tag="A" />
      </edge>
      <edge toID="1.8" type="A">
        <attributes />
        <category tag="A" />
      </edge>
      <edge toID="1.9" type="P">
        <attributes />
        <category tag="P" />
      </edge>
    </node>
    <node ID="1.3" type="PNCT">
      <attributes />
      <edge toID="0.7" type="Terminal">
        <attributes />
        <category tag="Terminal" />
      </edge>
    </node>
    <node ID="1.4" type="FN">
      <attributes />
      <edge toID="0.8" type="Terminal">
        <attributes />
        <category tag="Terminal" />
      </edge>
    </node>
    <node ID="1.5" type="FN">
      <attributes />
      <edge toID="1.10" type="D">
        <attributes />
        <category tag="D" />
      </edge>
      <edge toID="1.11" type="A">
        <attributes />
        <category tag="A" />
      </edge>
      <edge toID="1.12" type="D">
        <attributes />
        <category tag="D" />
      </edge>
      <edge toID="1.13" type="P">
        <attributes />
        <category tag="P" />
      </edge>
      <edge toID="1.14" type="U">
        <attributes />
        <category tag="U" />
      </edge>
    </node>
    <node ID="1.6" type="FN">
      <attributes />
      <edge toID="0.1" type="Terminal">
        <attributes />
        <category tag="Terminal" />
      </edge>
    </node>
    <node ID="1.7" type="FN">
      <attributes />
      <edge toID="0.2" type="Terminal">
        <attributes />
        <category tag="Terminal" />
      </edge>
    </node>
    <node ID="1.8" type="FN">
      <attributes />
      <edge toID="1.15" type="R">
        <attributes />
        <category tag="R" />
      </edge>
      <edge toID="1.16" type="E">
        <attributes />
        <category tag="E" />
      </edge>
      <edge toID="1.17" type="C">
        <attributes />
        <category tag="C" />
      </edge>
    </node>
    <node ID="1.9" type="FN">
      <attributes />
      <edge toID="0.6" type="Terminal">
        <attributes />
        <category tag="Terminal" />
      </edge>
    </node>
    <node ID="1.10" type="FN">
      <attributes />
      <edge toID="0.9" type="Terminal">
        <attributes />
        <category tag="Terminal" />
      </edge>
    </node>
    <node ID="1.11" type="FN">
      <attributes />
      <edge toID="0.10" type="Terminal">
        <attributes />
        <category tag="Terminal" />
      </edge>
    </node>
    <node ID="1.12" type="FN">
      <attributes />
      <edge toID="0.11" type="Terminal">
        <attributes />
        <category tag="Terminal" />
      </edge>
    </node>
    <node ID="1.13" type="FN">
      <attributes />
      <edge toID="0.12" type="Terminal">
        <attributes />
        <category tag="Terminal" />
      </edge>
      <edge toID="0.13" type="Terminal">
        <attributes />
        <category tag="Terminal" />
      </edge>
    </node>
    <node ID="1.14" type="PNCT">
      <attributes />
      <edge toID="0.14" type="Terminal">
        <attributes />
        <category tag="Terminal" />
      </edge>
    </node>
    <node ID="1.15" type="FN">
      <attributes />
      <edge toID="0.3" type="Terminal">
        <attributes />
        <category tag="Terminal" />
      </edge>
    </node>
    <node ID="1.16" type="FN">
      <attributes />
      <edge toID="0.4" type="Terminal">
        <attributes />
        <category tag="Terminal" />
      </edge>
    </node>
    <node ID="1.17" type="FN">
      <attributes />
      <edge toID="0.5" type="Terminal">
        <attributes />
        <category tag="Terminal" />
      </edge>
    </node>
  </layer>
</root>
