<root annotationID="0" passageID="25821004">
  <attributes />
  <extra format="ucca" />
  <layer layerID="0">
    <attributes />
    <extra doc="[[[4732614314772344171, 15610264216305626631, 2550391404972115923, 85, 0, 2, 397, 2, 10887629174180191697, 14862748245026736845, 8529155809759507800], [2666547246678678851, 9250722957692387333, 6406657664862290459, 89, 0, 2, 412, 1, 4088098365541558500, 8148669997605808657, 2666547246678678851], [15934926838112116197, 15934926838112116197, 15308085513773655218, 91, 0, 2, 426, 3, 16072095006890171862, 14825646868312541310, 16111258787187009011], [7160561961961780657, 12051397711696727242, 15308085513773655218, 86, 0, 2, 408, 2, 13110060611322374290, 260667111241363922, 15785506248286527210], [3143653409154337868, 3143653409154337868, 85, 85, 0, 2, 397, 1, 13110060611322374290, 5097672513440128799, 14417343938296032250], [4347323851749724779, null, 85, 83, 0, 2, 397, 7, 13110060611322374290, 8148669997605808657, 9250722957692387333], [631425121691394544, 631425121691394544, 17404231807887051932, 96, 0, 2, 442, 2, 631425121691394544, 631425121691394544, 631425121691394544], [3573116604670608395, 9250722957692387333, 6406657664862290459, 89, 0, 2, 412, 1, 4088098365541558500, 8148669997605808657, 3573116604670608395], [2268117519501648897, 2268117519501648897, 15308085513773655218, 91, 0, 2, 426, 4, 16072095006890171862, 10926178514336144719, 17541118948136595177], [12105022726646651182, 15192908731043726583, 6406657664862290459, 89, 0, 2, 412, 2, 13110060611322374290, 1720370409040345145, 5129495575088765286], [9973270244984536749, null, 9068901972800807265, 83, 0, 2, 399, 1, 13110060611322374290, 15598372446745583797, 16957618830852774490], [2140262681871582830, null, 15308085513773655218, 91, 7654241940133152407, 3, 423, -3, 16072095006890171862, 17427324969254097257, 4232654337548179339], [3160114809430578398, 13568676302597868791, 10675845091474465339, 99, 0, 2, 445, 0, 13110060611322374290, 6217145520856553898, 8260942817837933071], [16692807490131828156, null, 3443513148085174024, 94, 0, 2, 431, -1, 13110060611322374290, 16978132545290669629, 5864527961345014045], [16991662159412956612, 16991662159412956612, 15308085513773655218, 83, 0, 2, 446, -2, 13110060611322374290, 15917291556903334389, 11593690929944126543], [12646065887601541794, 12646065887601541794, 17404231807887051932, 96, 0, 2, 442, -3, 12646065887601541794, 12646065887601541794, 12646065887601541794]], [], [], [], [], [], [], []]" />
    <node ID="0.1" type="Word">
      <attributes paragraph="1" paragraph_position="1" text="Aber" />
      <extra dep="advmod" ent_iob="2" ent_type="" head="2" lemma="aber" orig_paragraph="3" orth="Aber" pos="ADV" prefix="A" shape="Xxxx" suffix="ber" tag="KON" />
    </node>
    <node ID="0.2" type="Word">
      <attributes paragraph="1" paragraph_position="2" text="das" />
      <extra dep="det" ent_iob="2" ent_type="" head="1" lemma="der" orig_paragraph="3" orth="das" pos="DET" prefix="d" shape="xxx" suffix="das" tag="ART" />
    </node>
    <node ID="0.3" type="Word">
      <attributes paragraph="1" paragraph_position="3" text="Wetter" />
      <extra dep="nsubj" ent_iob="2" ent_type="" head="3" lemma="Wetter" orig_paragraph="3" orth="Wetter" pos="NOUN" prefix="W" shape="Xxxxx" suffix="ter" tag="NN" />
    </node>
    <node ID="0.4" type="Word">
      <attributes paragraph="1" paragraph_position="4" text="wurde" />
      <extra dep="cop" ent_iob="2" ent_type="" head="2" lemma="werden" orig_paragraph="3" orth="wurde" pos="AUX" prefix="w" shape="xxxx" suffix="rde" tag="NN" />
    </node>
    <node ID="0.5" type="Word">
      <attributes paragraph="1" paragraph_position="5" text="immer" />
      <extra dep="advmod" ent_iob="2" ent_type="" head="1" lemma="immer" orig_paragraph="3" orth="immer" pos="ADV" prefix="i" shape="xxxx" suffix="mer" tag="ADV" />
    </node>
    <node ID="0.6" type="Word">
      <attributes paragraph="1" paragraph_position="6" text="drohender" />
      <extra dep="advmod" ent_iob="2" ent_type="" head="7" lemma="drohend" orig_paragraph="3" orth="drohender" pos="ADJ" prefix="d" shape="xxxx" suffix="der" tag="ADV" />
    </node>
    <node ID="0.7" type="Punctuation">
      <attributes paragraph="1" paragraph_position="7" text=";" />
      <extra dep="punct" ent_iob="2" ent_type="" head="2" lemma=";" orig_paragraph="3" orth=";" pos="PUNCT" prefix=";" shape=";" suffix=";" tag="$." />
    </node>
    <node ID="0.8" type="Word">
      <attributes paragraph="1" paragraph_position="8" text="die" />
      <extra dep="det" ent_iob="2" ent_type="" head="1" lemma="der" orig_paragraph="3" orth="die" pos="DET" prefix="d" shape="xxx" suffix="die" tag="ART" />
    </node>
    <node ID="0.9" type="Word">
      <attributes paragraph="1" paragraph_position="9" text="Vorzeichen" />
      <extra dep="nsubj" ent_iob="2" ent_type="" head="4" lemma="Vorzeichen" orig_paragraph="3" orth="Vorzeichen" pos="NOUN" prefix="V" shape="Xxxxx" suffix="hen" tag="NN" />
    </node>
    <node ID="0.10" type="Word">
      <attributes paragraph="1" paragraph_position="10" text="eines" />
      <extra dep="det" ent_iob="2" ent_type="" head="2" lemma="ein" orig_paragraph="3" orth="eines" pos="DET" prefix="e" shape="xxxx" suffix="nes" tag="ART" />
    </node>
    <node ID="0.11" type="Word">
      <attributes paragraph="1" paragraph_position="11" text="bevorstehenden" />
      <extra dep="amod" ent_iob="2" ent_type="" head="1" lemma="bevorstehend" orig_paragraph="3" orth="bevorstehenden" pos="ADJ" prefix="b" shape="xxxx" suffix="den" tag="ADJA" />
    </node>
    <node ID="0.12" type="Word">
      <attributes paragraph="1" paragraph_position="12" text="Orkans" />
      <extra dep="nmod" ent_iob="3" ent_type="MISC" head="-3" lemma="Orkan" orig_paragraph="3" orth="Orkans" pos="NOUN" prefix="O" shape="Xxxxx" suffix="ans" tag="NN" />
    </node>
    <node ID="0.13" type="Word">
      <attributes paragraph="1" paragraph_position="13" text="gaben" />
      <extra dep="root" ent_iob="2" ent_type="" head="0" lemma="geben" orig_paragraph="3" orth="gaben" pos="VERB" prefix="g" shape="xxxx" suffix="ben" tag="VVFIN" />
    </node>
    <node ID="0.14" type="Word">
      <attributes paragraph="1" paragraph_position="14" text="sich" />
      <extra dep="obj" ent_iob="2" ent_type="" head="-1" lemma="er|es|sie" orig_paragraph="3" orth="sich" pos="PRON" prefix="s" shape="xxxx" suffix="ich" tag="PRF" />
    </node>
    <node ID="0.15" type="Word">
      <attributes paragraph="1" paragraph_position="15" text="kund" />
      <extra dep="xcomp" ent_iob="2" ent_type="" head="-2" lemma="kund" orig_paragraph="3" orth="kund" pos="ADJ" prefix="k" shape="xxxx" suffix="und" tag="NN" />
    </node>
    <node ID="0.16" type="Punctuation">
      <attributes paragraph="1" paragraph_position="16" text="." />
      <extra dep="punct" ent_iob="2" ent_type="" head="-3" lemma="." orig_paragraph="3" orth="." pos="PUNCT" prefix="." shape="." suffix="." tag="$." />
    </node>
  </layer>
  <layer layerID="1">
    <attributes />
    <node ID="1.1" type="FN">
      <attributes />
      <edge toID="1.2" type="L">
        <attributes />
        <category tag="L" />
      </edge>
      <edge toID="1.3" type="H">
        <attributes />
        <category tag="H" />
      </edge>
      <edge toID="1.4" type="U">
        <attributes />
        <category tag="U" />
      </edge>
      <edge toID="1.5" type="H">
        <attributes />
        <category tag="H" />
      </edge>
    </node>
    <node ID="1.2" type="FN">
      <attributes />
      <edge toID="0.1" type="Terminal">
        <attributes />
        <category tag="Terminal" />
      </edge>
    </node>
    <node ID="1.3" type="FN">
      <attributes />
      <edge toID="1.6" type="A">
        <attributes />
        <category tag="A" />
      </edge>
      <edge toID="1.7" type="F">
        <attributes />
        <category tag="F" />
      </edge>
      <edge toID="1.8" type="D">
        <attributes />
        <category tag="D" />
      </edge>
      <edge toID="1.9" type="S">
        <attributes />
        <category tag="S" />
      </edge>
    </node>
    <node ID="1.4" type="PNCT">
      <attributes />
      <edge toID="0.7" type="Terminal">
        <attributes />
        <category tag="Terminal" />
      </edge>
    </node>
    <node ID="1.5" type="FN">
      <attributes />
      <edge toID="1.10" type="A">
        <attributes />
        <category tag="A" />
      </edge>
      <edge toID="1.11" type="P">
        <attributes />
        <category tag="P" />
      </edge>
      <edge toID="1.12" type="U">
        <attributes />
        <category tag="U" />
      </edge>
    </node>
    <node ID="1.6" type="FN">
      <attributes />
      <edge toID="1.13" type="E">
        <attributes />
        <category tag="E" />
      </edge>
      <edge toID="1.14" type="C">
        <attributes />
        <category tag="C" />
      </edge>
    </node>
    <node ID="1.7" type="FN">
      <attributes />
      <edge toID="0.4" type="Terminal">
        <attributes />
        <category tag="Terminal" />
      </edge>
    </node>
    <node ID="1.8" type="FN">
      <attributes />
      <edge toID="0.5" type="Terminal">
        <attributes />
        <category tag="Terminal" />
      </edge>
    </node>
    <node ID="1.9" type="FN">
      <attributes />
      <edge toID="0.6" type="Terminal">
        <attributes />
        <category tag="Terminal" />
      </edge>
    </node>
    <node ID="1.10" type="FN">
      <attributes />
      <edge toID="1.15" type="E">
        <attributes />
        <category tag="E" />
      </edge>
      <edge toID="1.16" type="C">
        <attributes />
        <category tag="C" />
      </edge>
      <edge toID="1.17" type="E">
        <attributes />
        <category tag="E" />
      </edge>
    </node>
    <node ID="1.11" type="FN">
      <attributes />
      <edge toID="0.13" type="Terminal">
        <attributes />
        <category tag="Terminal" />
      </edge>
      <edge toID="0.14" type="Terminal">
        <attributes />
        <category tag="Terminal" />
      </edge>
      <edge toID="0.15" type="Terminal">
        <attributes />
        <category tag="Terminal" />
      </edge>
    </node>
    <node ID="1.12" type="PNCT">
      <attributes />
      <edge toID="0.16" type="Terminal">
        <attributes />
        <category tag="Terminal" />
      </edge>
    </node>
    <node ID="1.13" type="FN">
      <attributes />
      <edge toID="0.2" type="Terminal">
        <attributes />
        <category tag="Terminal" />
      </edge>
    </node>
    <node ID="1.14" type="FN">
      <attributes />
      <edge toID="0.3" type="Terminal">
        <attributes />
        <category tag="Terminal" />
      </edge>
    </node>
    <node ID="1.15" type="FN">
      <attributes />
      <edge toID="0.8" type="Terminal">
        <attributes />
        <category tag="Terminal" />
      </edge>
    </node>
    <node ID="1.16" type="FN">
      <attributes />
      <edge toID="0.9" type="Terminal">
        <attributes />
        <category tag="Terminal" />
      </edge>
    </node>
    <node ID="1.17" type="FN">
      <attributes />
      <edge toID="1.18" type="R">
        <attributes />
        <category tag="R" />
      </edge>
      <edge toID="1.19" type="E">
        <attributes />
        <category tag="E" />
      </edge>
      <edge toID="1.20" type="C">
        <attributes />
        <category tag="C" />
      </edge>
    </node>
    <node ID="1.18" type="FN">
      <attributes />
      <edge toID="0.10" type="Terminal">
        <attributes />
        <category tag="Terminal" />
      </edge>
    </node>
    <node ID="1.19" type="FN">
      <attributes />
      <edge toID="0.11" type="Terminal">
        <attributes />
        <category tag="Terminal" />
      </edge>
    </node>
    <node ID="1.20" type="FN">
      <attributes />
      <edge toID="0.12" type="Terminal">
        <attributes />
        <category tag="Terminal" />
      </edge>
    </node>
  </layer>
</root>
