<root annotationID="0" passageID="25823005">
  <attributes />
  <extra format="ucca" />
  <layer layerID="0">
    <attributes />
    <extra doc="[[[12988482944788472338, 9250722957692387333, 6406657664862290459, 89, 0, 2, 412, 1, 18200729499220207786, 3929483993944067416, 12988482944788472338], [10018813412844433875, 10018813412844433875, 15308085513773655218, 91, 7654241940133152407, 3, 426, 1, 16072095006890171862, 16829822105563051112, 16111258787187009011], [1269071886833429403, 5817815807927905559, 85, 86, 0, 2, 445, 0, 4088098365541558500, 260667111241363922, 1269071886833429403], [11841794299688253623, 11841794299688253623, 85, 85, 0, 2, 397, 3, 13110060611322374290, 1720370409040345145, 8260942817837933071], [205941294864397889, 205941294864397889, 6794885307917495400, 84, 0, 2, 8110129090154140942, 2, 4088098365541558500, 11901859001352538922, 205941294864397889], [1471408868295299003, 9250722957692387333, 6406657664862290459, 89, 0, 2, 412, 1, 4088098365541558500, 8148669997605808657, 1471408868295299003], [7771590410446625072, 7771590410446625072, 15308085513773655218, 91, 0, 2, 432, -4, 16072095006890171862, 9350754067018752509, 6786116092285954819], [16162910319942684201, 5817815807927905559, 7235388517181998261, 89, 0, 2, 4814769781414241312, 1, 13110060611322374290, 16978132545290669629, 15636847292248824302], [18278938592715794213, 18278938592715794213, 15308085513773655218, 91, 0, 2, 423, -2, 16072095006890171862, 12290980237632234855, 3793998707885813792], [12646065887601541794, 12646065887601541794, 17404231807887051932, 96, 0, 2, 442, -7, 12646065887601541794, 12646065887601541794, 12646065887601541794]], [], [], [], [], [], [], [], [], []]" />
    <node ID="0.1" type="Word">
      <attributes paragraph="1" paragraph_position="1" text="Das" />
      <extra dep="det" ent_iob="2" ent_type="" head="1" lemma="der" orig_paragraph="2" orth="Das" pos="DET" prefix="D" shape="Xxx" suffix="Das" tag="ART" />
    </node>
    <node ID="0.2" type="Word">
      <attributes paragraph="1" paragraph_position="2" text="Gewitter" />
      <extra dep="nsubj" ent_iob="3" ent_type="MISC" head="1" lemma="Gewitter" orig_paragraph="2" orth="Gewitter" pos="NOUN" prefix="G" shape="Xxxxx" suffix="ter" tag="NN" />
    </node>
    <node ID="0.3" type="Word">
      <attributes paragraph="1" paragraph_position="3" text="war" />
      <extra dep="root" ent_iob="2" ent_type="" head="0" lemma="sein" orig_paragraph="2" orth="war" pos="AUX" prefix="w" shape="xxx" suffix="war" tag="ADV" />
    </node>
    <node ID="0.4" type="Word">
      <attributes paragraph="1" paragraph_position="4" text="eben" />
      <extra dep="advmod" ent_iob="2" ent_type="" head="3" lemma="eben" orig_paragraph="2" orth="eben" pos="ADV" prefix="e" shape="xxxx" suffix="ben" tag="ADV" />
    </node>
    <node ID="0.5" type="Word">
      <attributes paragraph="1" paragraph_position="5" text="auf" />
      <extra dep="case" ent_iob="2" ent_type="" head="2" lemma="auf" orig_paragraph="2" orth="auf" pos="ADP" prefix="a" shape="xxx" suffix="auf" tag="APPR" />
    </node>
    <node ID="0.6" type="Word">
      <attributes paragraph="1" paragraph_position="6" text="dem" />
      <extra dep="det" ent_iob="2" ent_type="" head="1" lemma="der" orig_paragraph="2" orth="dem" pos="DET" prefix="d" shape="xxx" suffix="dem" tag="ART" />
    </node>
    <node ID="0.7" type="Word">
      <attributes paragraph="1" paragraph_position="7" text="H&#246;hepunkt" />
      <extra dep="obl" ent_iob="2" ent_type="" head="-4" lemma="H&#246;hepunkt" orig_paragraph="2" orth="H&#246;hepunkt" pos="NOUN" prefix="H" shape="Xxxxx" suffix="nkt" tag="NN" />
    </node>
    <node ID="0.8" type="Word">
      <attributes paragraph="1" paragraph_position="8" text="seiner" />
      <extra dep="det:poss" ent_iob="2" ent_type="" head="1" lemma="sein" orig_paragraph="2" orth="seiner" pos="DET" prefix="s" shape="xxxx" suffix="ner" tag="PPOSAT" />
    </node>
    <node ID="0.9" type="Word">
      <attributes paragraph="1" paragraph_position="9" text="St&#228;rke" />
      <extra dep="nmod" ent_iob="2" ent_type="" head="-2" lemma="St&#228;rke" orig_paragraph="2" orth="St&#228;rke" pos="NOUN" prefix="S" shape="Xxxxx" suffix="rke" tag="NN" />
    </node>
    <node ID="0.10" type="Punctuation">
      <attributes paragraph="1" paragraph_position="10" text="." />
      <extra dep="punct" ent_iob="2" ent_type="" head="-7" lemma="." orig_paragraph="2" orth="." pos="PUNCT" prefix="." shape="." suffix="." tag="$." />
    </node>
  </layer>
  <layer layerID="1">
    <attributes />
    <node ID="1.1" type="FN">
      <attributes />
      <edge toID="1.2" type="H">
        <attributes />
        <category tag="H" />
      </edge>
    </node>
    <node ID="1.2" type="FN">
      <attributes />
      <edge toID="1.3" type="A">
        <attributes />
        <category tag="A" />
      </edge>
      <edge toID="1.4" type="S">
        <attributes />
        <category tag="S" />
      </edge>
      <edge toID="1.5" type="D">
        <attributes />
        <category tag="D" />
      </edge>
      <edge toID="1.6" type="A">
        <attributes />
        <category tag="A" />
      </edge>
    </node>
    <node ID="1.3" type="FN">
      <attributes />
      <edge toID="1.7" type="E">
        <attributes />
        <category tag="E" />
      </edge>
      <edge toID="1.8" type="C">
        <attributes />
        <category tag="C" />
      </edge>
    </node>
    <node ID="1.4" type="FN">
      <attributes />
      <edge toID="0.3" type="Terminal">
        <attributes />
        <category tag="Terminal" />
      </edge>
    </node>
    <node ID="1.5" type="FN">
      <attributes />
      <edge toID="0.4" type="Terminal">
        <attributes />
        <category tag="Terminal" />
      </edge>
    </node>
    <node ID="1.6" type="FN">
      <attributes />
      <edge toID="1.9" type="R">
        <attributes />
        <category tag="R" />
      </edge>
      <edge toID="1.10" type="E">
        <attributes />
        <category tag="E" />
      </edge>
      <edge toID="1.11" type="C">
        <attributes />
        <category tag="C" />
      </edge>
      <edge toID="1.12" type="E">
        <attributes />
        <category tag="E" />
      </edge>
    </node>
    <node ID="1.7" type="FN">
      <attributes />
      <edge toID="0.1" type="Terminal">
        <attributes />
        <category tag="Terminal" />
      </edge>
    </node>
    <node ID="1.8" type="FN">
      <attributes />
      <edge toID="0.2" type="Terminal">
        <attributes />
        <category tag="Terminal" />
      </edge>
    </node>
    <node ID="1.9" type="FN">
      <attributes />
      <edge toID="0.5" type="Terminal">
        <attributes />
        <category tag="Terminal" />
      </edge>
    </node>
    <node ID="1.10" type="FN">
      <attributes />
      <edge toID="0.6" type="Terminal">
        <attributes />
        <category tag="Terminal" />
      </edge>
    </node>
    <node ID="1.11" type="FN">
      <attributes />
      <edge toID="0.7" type="Terminal">
        <attributes />
        <category tag="Terminal" />
      </edge>
    </node>
    <node ID="1.12" type="FN">
      <attributes />
      <edge toID="1.13" type="R">
        <attributes />
        <category tag="R" />
      </edge>
      <edge toID="1.14" type="C">
        <attributes />
        <category tag="C" />
      </edge>
      <edge toID="1.15" type="U">
        <attributes />
        <category tag="U" />
      </edge>
    </node>
    <node ID="1.13" type="FN">
      <attributes />
      <edge toID="0.8" type="Terminal">
        <attributes />
        <category tag="Terminal" />
      </edge>
    </node>
    <node ID="1.14" type="FN">
      <attributes />
      <edge toID="0.9" type="Terminal">
        <attributes />
        <category tag="Terminal" />
      </edge>
    </node>
    <node ID="1.15" type="PNCT">
      <attributes />
      <edge toID="0.10" type="Terminal">
        <attributes />
        <category tag="Terminal" />
      </edge>
    </node>
  </layer>
</root>
