<root annotationID="0" passageID="25828016">
  <attributes />
  <extra format="ucca" />
  <layer layerID="0">
    <attributes />
    <extra doc="[[[18359238256410643017, 16042591547380249544, 9330139752921481772, 94, 0, 2, 426, 1, 12204527652707022206, 9391737413944127320, 18359238256410643017], [7542581453639447814, 6113037190398558302, 10675845091474465339, 99, 0, 2, 445, 0, 13110060611322374290, 16978132545290669629, 16888712472357543365], [5637129507635152071, 5637129507635152071, 15308085513773655218, 85, 0, 2, 397, -1, 13110060611322374290, 260667111241363922, 9250722957692387333], [3566421321526964025, 3566421321526964025, 6794885307917495400, 84, 0, 2, 8110129090154140942, 2, 13110060611322374290, 8148669997605808657, 10333095992264041584], [3573116604670608395, 9250722957692387333, 6406657664862290459, 89, 0, 2, 412, 1, 4088098365541558500, 8148669997605808657, 3573116604670608395], [14189867651979494128, 14189867651979494128, 15308085513773655218, 91, 0, 2, 432, -4, 10887629174180191697, 10603054956214495369, 3663739529068700220], [4256896573228348447, 4256896573228348447, 14411128152957788988, 85, 0, 2, 2008358639898919775, -5, 13110060611322374290, 15817570140490810055, 16993444194408555965], [12646065887601541794, 12646065887601541794, 17404231807887051932, 96, 0, 2, 442, -6, 12646065887601541794, 12646065887601541794, 12646065887601541794]], [], [], [], [], [], [], [], [], [], []]" />
    <node ID="0.1" type="Word">
      <attributes paragraph="1" paragraph_position="1" text="Er" />
      <extra dep="nsubj" ent_iob="2" ent_type="" head="1" lemma="er" orig_paragraph="6" orth="Er" pos="PRON" prefix="E" shape="Xx" suffix="Er" tag="PPER" />
    </node>
    <node ID="0.2" type="Word">
      <attributes paragraph="1" paragraph_position="2" text="stieg" />
      <extra dep="root" ent_iob="2" ent_type="" head="0" lemma="steigen" orig_paragraph="6" orth="stieg" pos="VERB" prefix="s" shape="xxxx" suffix="ieg" tag="VVFIN" />
    </node>
    <node ID="0.3" type="Word">
      <attributes paragraph="1" paragraph_position="3" text="wieder" />
      <extra dep="advmod" ent_iob="2" ent_type="" head="-1" lemma="wieder" orig_paragraph="6" orth="wieder" pos="ADV" prefix="w" shape="xxxx" suffix="der" tag="NN" />
    </node>
    <node ID="0.4" type="Word">
      <attributes paragraph="1" paragraph_position="4" text="durch" />
      <extra dep="case" ent_iob="2" ent_type="" head="2" lemma="durch" orig_paragraph="6" orth="durch" pos="ADP" prefix="d" shape="xxxx" suffix="rch" tag="APPR" />
    </node>
    <node ID="0.5" type="Word">
      <attributes paragraph="1" paragraph_position="5" text="die" />
      <extra dep="det" ent_iob="2" ent_type="" head="1" lemma="der" orig_paragraph="6" orth="die" pos="DET" prefix="d" shape="xxx" suffix="die" tag="ART" />
    </node>
    <node ID="0.6" type="Word">
      <attributes paragraph="1" paragraph_position="6" text="Luke" />
      <extra dep="obl" ent_iob="2" ent_type="" head="-4" lemma="Luke" orig_paragraph="6" orth="Luke" pos="NOUN" prefix="L" shape="Xxxx" suffix="uke" tag="NN" />
    </node>
    <node ID="0.7" type="Word">
      <attributes paragraph="1" paragraph_position="7" text="hinab" />
      <extra dep="compound:prt" ent_iob="2" ent_type="" head="-5" lemma="hinab" orig_paragraph="6" orth="hinab" pos="ADV" prefix="h" shape="xxxx" suffix="nab" tag="PTKVZ" />
    </node>
    <node ID="0.8" type="Punctuation">
      <attributes paragraph="1" paragraph_position="8" text="." />
      <extra dep="punct" ent_iob="2" ent_type="" head="-6" lemma="." orig_paragraph="6" orth="." pos="PUNCT" prefix="." shape="." suffix="." tag="$." />
    </node>
  </layer>
  <layer layerID="1">
    <attributes />
    <node ID="1.1" type="FN">
      <attributes />
      <edge toID="1.2" type="H">
        <attributes />
        <category tag="H" />
      </edge>
    </node>
    <node ID="1.2" type="FN">
      <attributes />
      <edge toID="1.3" type="A">
        <attributes />
        <category tag="A" />
      </edge>
      <edge toID="1.4" type="P">
        <attributes />
        <category tag="P" />
      </edge>
      <edge toID="1.5" type="D">
        <attributes />
        <category tag="D" />
      </edge>
      <edge toID="1.6" type="A">
        <attributes />
        <category tag="A" />
      </edge>
      <edge toID="1.7" type="U">
        <attributes />
        <category tag="U" />
      </edge>
    </node>
    <node ID="1.3" type="FN">
      <attributes />
      <edge toID="0.1" type="Terminal">
        <attributes />
        <category tag="Terminal" />
      </edge>
    </node>
    <node ID="1.4" type="FN">
      <attributes />
      <edge toID="0.2" type="Terminal">
        <attributes />
        <category tag="Terminal" />
      </edge>
      <edge toID="0.7" type="Terminal">
        <attributes />
        <category tag="Terminal" />
      </edge>
    </node>
    <node ID="1.5" type="FN">
      <attributes />
      <edge toID="0.3" type="Terminal">
        <attributes />
        <category tag="Terminal" />
      </edge>
    </node>
    <node ID="1.6" type="FN">
      <attributes />
      <edge toID="1.8" type="R">
        <attributes />
        <category tag="R" />
      </edge>
      <edge toID="1.9" type="E">
        <attributes />
        <category tag="E" />
      </edge>
      <edge toID="1.10" type="C">
        <attributes />
        <category tag="C" />
      </edge>
    </node>
    <node ID="1.7" type="PNCT">
      <attributes />
      <edge toID="0.8" type="Terminal">
        <attributes />
        <category tag="Terminal" />
      </edge>
    </node>
    <node ID="1.8" type="FN">
      <attributes />
      <edge toID="0.4" type="Terminal">
        <attributes />
        <category tag="Terminal" />
      </edge>
    </node>
    <node ID="1.9" type="FN">
      <attributes />
      <edge toID="0.5" type="Terminal">
        <attributes />
        <category tag="Terminal" />
      </edge>
    </node>
    <node ID="1.10" type="FN">
      <attributes />
      <edge toID="0.6" type="Terminal">
        <attributes />
        <category tag="Terminal" />
      </edge>
    </node>
  </layer>
</root>
