<root annotationID="0" passageID="25827022">
  <attributes />
  <extra format="ucca" />
  <layer layerID="0">
    <attributes />
    <extra doc="[[[18359238256410643017, 16042591547380249544, 9330139752921481772, 94, 0, 2, 426, 1, 12204527652707022206, 9391737413944127320, 18359238256410643017], [3131292365632910969, 14404199545176130569, 10675845091474465339, 86, 0, 2, 445, 0, 13110060611322374290, 6217145520856553898, 9232162645330919472], [14241077603889048080, 5864527961345014045, 9330139752921481772, 94, 0, 2, 419, -1, 4088098365541558500, 646772771845179972, 14241077603889048080], [14913735501962191409, 14913735501962191409, 2689273639941441550, 93, 0, 2, 397, -2, 13110060611322374290, 13210364986222294696, 5462653070606849934], [15192908731043726583, 15192908731043726583, 6406657664862290459, 89, 0, 2, 412, 1, 4088098365541558500, 1720370409040345145, 15192908731043726583], [15631799212069877876, 15631799212069877876, 15308085513773655218, 91, 0, 2, 431, -4, 10887629174180191697, 14825646868312541310, 2308372342712821294], [631425121691394544, 631425121691394544, 17404231807887051932, 96, 0, 2, 442, 1, 631425121691394544, 631425121691394544, 631425121691394544], [15332930722683554645, 187759007428328320, 10675845091474465339, 99, 0, 2, 433, -6, 13110060611322374290, 16978132545290669629, 13969950457879970030], [5166751511986901291, null, 11856006255221940381, 83, 0, 2, 397, -1, 13110060611322374290, 8148669997605808657, 16929576628258175649], [18390846335711919857, 18390846335711919857, 2550391404972115923, 84, 0, 2, 8110129090154140942, 1, 4088098365541558500, 260667111241363922, 18390846335711919857], [16951607984494826409, 16951607984494826409, 85, 85, 0, 2, 397, -3, 13110060611322374290, 8565857220533584986, 9727125788672890116], [12646065887601541794, 12646065887601541794, 17404231807887051932, 96, 0, 2, 442, -10, 12646065887601541794, 12646065887601541794, 12646065887601541794]], [], [], [], [], [], [], []]" />
    <node ID="0.1" type="Word">
      <attributes paragraph="1" paragraph_position="1" text="Er" />
      <extra dep="nsubj" ent_iob="2" ent_type="" head="1" lemma="er" orig_paragraph="8" orth="Er" pos="PRON" prefix="E" shape="Xx" suffix="Er" tag="PPER" />
    </node>
    <node ID="0.2" type="Word">
      <attributes paragraph="1" paragraph_position="2" text="g&#246;nnte" />
      <extra dep="root" ent_iob="2" ent_type="" head="0" lemma="g&#246;nnen" orig_paragraph="8" orth="g&#246;nnte" pos="AUX" prefix="g" shape="xxxx" suffix="nte" tag="VVFIN" />
    </node>
    <node ID="0.3" type="Word">
      <attributes paragraph="1" paragraph_position="3" text="mir" />
      <extra dep="iobj" ent_iob="2" ent_type="" head="-1" lemma="ich" orig_paragraph="8" orth="mir" pos="PRON" prefix="m" shape="xxx" suffix="mir" tag="PPER" />
    </node>
    <node ID="0.4" type="Word">
      <attributes paragraph="1" paragraph_position="4" text="nicht" />
      <extra dep="advmod" ent_iob="2" ent_type="" head="-2" lemma="nicht" orig_paragraph="8" orth="nicht" pos="PART" prefix="n" shape="xxxx" suffix="cht" tag="CARD" />
    </node>
    <node ID="0.5" type="Word">
      <attributes paragraph="1" paragraph_position="5" text="ein" />
      <extra dep="det" ent_iob="2" ent_type="" head="1" lemma="ein" orig_paragraph="8" orth="ein" pos="DET" prefix="e" shape="xxx" suffix="ein" tag="ART" />
    </node>
    <node ID="0.6" type="Word">
      <attributes paragraph="1" paragraph_position="6" text="Wort" />
      <extra dep="obj" ent_iob="2" ent_type="" head="-4" lemma="Wort" orig_paragraph="8" orth="Wort" pos="NOUN" prefix="W" shape="Xxxx" suffix="ort" tag="NN" />
    </node>
    <node ID="0.7" type="Punctuation">
      <attributes paragraph="1" paragraph_position="7" text=";" />
      <extra dep="punct" ent_iob="2" ent_type="" head="1" lemma=";" orig_paragraph="8" orth=";" pos="PUNCT" prefix=";" shape=";" suffix=";" tag="$." />
    </node>
    <node ID="0.8" type="Word">
      <attributes paragraph="1" paragraph_position="8" text="schien" />
      <extra dep="parataxis" ent_iob="2" ent_type="" head="-6" lemma="scheinen" orig_paragraph="8" orth="schien" pos="VERB" prefix="s" shape="xxxx" suffix="ien" tag="VVFIN" />
    </node>
    <node ID="0.9" type="Word">
      <attributes paragraph="1" paragraph_position="9" text="d&#252;sterer" />
      <extra dep="advmod" ent_iob="2" ent_type="" head="-1" lemma="d&#252;ster" orig_paragraph="8" orth="d&#252;sterer" pos="ADJ" prefix="d" shape="xxxx" suffix="rer" tag="ADJD" />
    </node>
    <node ID="0.10" type="Word">
      <attributes paragraph="1" paragraph_position="10" text="wie" />
      <extra dep="case" ent_iob="2" ent_type="" head="1" lemma="wie" orig_paragraph="8" orth="wie" pos="ADP" prefix="w" shape="xxx" suffix="wie" tag="KON" />
    </node>
    <node ID="0.11" type="Word">
      <attributes paragraph="1" paragraph_position="11" text="jemals" />
      <extra dep="advmod" ent_iob="2" ent_type="" head="-3" lemma="jemals" orig_paragraph="8" orth="jemals" pos="ADV" prefix="j" shape="xxxx" suffix="als" tag="ADV" />
    </node>
    <node ID="0.12" type="Punctuation">
      <attributes paragraph="1" paragraph_position="12" text="." />
      <extra dep="punct" ent_iob="2" ent_type="" head="-10" lemma="." orig_paragraph="8" orth="." pos="PUNCT" prefix="." shape="." suffix="." tag="$." />
    </node>
  </layer>
  <layer layerID="1">
    <attributes />
    <node ID="1.1" type="FN">
      <attributes />
      <edge toID="1.2" type="H">
        <attributes />
        <category tag="H" />
      </edge>
      <edge toID="1.3" type="U">
        <attributes />
        <category tag="U" />
      </edge>
      <edge toID="1.4" type="H">
        <attributes />
        <category tag="H" />
      </edge>
    </node>
    <node ID="1.2" type="FN">
      <attributes />
      <edge toID="1.5" type="P">
        <attributes />
        <category tag="P" />
      </edge>
      <edge toID="1.6" type="A">
        <attributes />
        <category tag="A" />
      </edge>
      <edge toID="1.7" type="D">
        <attributes />
        <category tag="D" />
      </edge>
      <edge toID="1.8" type="A">
        <attributes />
        <category tag="A" />
      </edge>
      <edge toID="1.9" type="A">
        <attributes />
        <category tag="A" />
      </edge>
    </node>
    <node ID="1.3" type="PNCT">
      <attributes />
      <edge toID="0.7" type="Terminal">
        <attributes />
        <category tag="Terminal" />
      </edge>
    </node>
    <node ID="1.4" type="FN">
      <attributes />
      <edge toID="1.9" type="A">
        <attributes remote="True" />
        <category tag="A" />
      </edge>
      <edge toID="1.10" type="S">
        <attributes />
        <category tag="S" />
      </edge>
      <edge toID="1.11" type="A">
        <attributes />
        <category tag="A" />
      </edge>
      <edge toID="1.12" type="A">
        <attributes />
        <category tag="A" />
      </edge>
    </node>
    <node ID="1.5" type="FN">
      <attributes />
      <edge toID="0.2" type="Terminal">
        <attributes />
        <category tag="Terminal" />
      </edge>
    </node>
    <node ID="1.6" type="FN">
      <attributes />
      <edge toID="0.3" type="Terminal">
        <attributes />
        <category tag="Terminal" />
      </edge>
    </node>
    <node ID="1.7" type="FN">
      <attributes />
      <edge toID="0.4" type="Terminal">
        <attributes />
        <category tag="Terminal" />
      </edge>
    </node>
    <node ID="1.8" type="FN">
      <attributes />
      <edge toID="1.13" type="E">
        <attributes />
        <category tag="E" />
      </edge>
      <edge toID="1.14" type="C">
        <attributes />
        <category tag="C" />
      </edge>
    </node>
    <node ID="1.9" type="FN">
      <attributes />
      <edge toID="0.1" type="Terminal">
        <attributes />
        <category tag="Terminal" />
      </edge>
    </node>
    <node ID="1.10" type="FN">
      <attributes />
      <edge toID="0.8" type="Terminal">
        <attributes />
        <category tag="Terminal" />
      </edge>
    </node>
    <node ID="1.11" type="FN">
      <attributes />
      <edge toID="1.9" type="A">
        <attributes remote="True" />
        <category tag="A" />
      </edge>
      <edge toID="1.15" type="S">
        <attributes />
        <category tag="S" />
      </edge>
    </node>
    <node ID="1.12" type="FN">
      <attributes />
      <edge toID="1.16" type="R">
        <attributes />
        <category tag="R" />
      </edge>
      <edge toID="1.17" type="C">
        <attributes />
        <category tag="C" />
      </edge>
      <edge toID="1.18" type="U">
        <attributes />
        <category tag="U" />
      </edge>
    </node>
    <node ID="1.13" type="FN">
      <attributes />
      <edge toID="0.5" type="Terminal">
        <attributes />
        <category tag="Terminal" />
      </edge>
    </node>
    <node ID="1.14" type="FN">
      <attributes />
      <edge toID="0.6" type="Terminal">
        <attributes />
        <category tag="Terminal" />
      </edge>
    </node>
    <node ID="1.15" type="FN">
      <attributes />
      <edge toID="0.9" type="Terminal">
        <attributes />
        <category tag="Terminal" />
      </edge>
    </node>
    <node ID="1.16" type="FN">
      <attributes />
      <edge toID="0.10" type="Terminal">
        <attributes />
        <category tag="Terminal" />
      </edge>
    </node>
    <node ID="1.17" type="FN">
      <attributes />
      <edge toID="0.11" type="Terminal">
        <attributes />
        <category tag="Terminal" />
      </edge>
    </node>
    <node ID="1.18" type="PNCT">
      <attributes />
      <edge toID="0.12" type="Terminal">
        <attributes />
        <category tag="Terminal" />
      </edge>
    </node>
  </layer>
</root>
