<root annotationID="0" passageID="25829025">
  <attributes />
  <extra format="ucca" />
  <layer layerID="0">
    <attributes />
    <extra doc="[[[3126701799202552694, 5864527961345014045, 9330139752921481772, 94, 0, 2, 426, 1, 18200729499220207786, 4690420944186131903, 3126701799202552694], [9097413012878756340, 15860821264757014738, 10675845091474465339, 99, 0, 2, 445, 0, 13110060611322374290, 16562859848569467201, 1660677297813483573], [4081842105374223979, 7570793064135359215, 7235388517181998261, 89, 0, 2, 4814769781414241312, 1, 13110060611322374290, 646772771845179972, 11197236520932772837], [4116391600734456720, 613649659006434267, 17274946937384965927, 91, 0, 2, 431, -2, 16072095006890171862, 14230521632333904559, 9892363275089670843], [10611441411687283471, 10611441411687283471, 2689273639941441550, 84, 0, 2, 8110129090154140942, 2, 13110060611322374290, 13210364986222294696, 11317294577325307503], [1471408868295299003, 9250722957692387333, 6406657664862290459, 89, 0, 2, 412, 1, 4088098365541558500, 8148669997605808657, 1471408868295299003], [15629085167443051458, 15629085167443051458, 15308085513773655218, 91, 0, 2, 432, -5, 16072095006890171862, 12290980237632234855, 8283335873881301742], [15574269061696679450, 15574269061696679450, 14411128152957788988, 85, 0, 2, 2008358639898919775, -6, 4088098365541558500, 15817570140490810055, 15574269061696679450], [2593208677638477497, 2593208677638477497, 12261388825712162116, 96, 0, 2, 442, 3, 2593208677638477497, 2593208677638477497, 2593208677638477497], [2666547246678678851, 9250722957692387333, 4551439094721565604, 94, 0, 2, 431, 2, 4088098365541558500, 8148669997605808657, 2666547246678678851], [5864527961345014045, 5864527961345014045, 9330139752921481772, 94, 0, 2, 426, 1, 4088098365541558500, 5097672513440128799, 5864527961345014045], [5984289141295592066, 17461462194402236470, 10223029614809230375, 99, 0, 2, 447, -10, 13110060611322374290, 15598372446745583797, 4967093036996325937], [5218199566914660295, 2479014303761381782, 16459489951230957934, 86, 0, 2, 402, -1, 13110060611322374290, 15817570140490810055, 4932520593635672838], [12646065887601541794, 12646065887601541794, 17404231807887051932, 96, 0, 2, 442, -12, 12646065887601541794, 12646065887601541794, 12646065887601541794]], [], [], [], [], [], [], [], [], [], [], [], [], [], [], [], [], [], [], [], []]" />
    <node ID="0.1" type="Word">
      <attributes paragraph="1" paragraph_position="1" text="Ich" />
      <extra dep="nsubj" ent_iob="2" ent_type="" head="1" lemma="ich" orig_paragraph="16" orth="Ich" pos="PRON" prefix="I" shape="Xxx" suffix="Ich" tag="PPER" />
    </node>
    <node ID="0.2" type="Word">
      <attributes paragraph="1" paragraph_position="2" text="richtete" />
      <extra dep="root" ent_iob="2" ent_type="" head="0" lemma="richten" orig_paragraph="16" orth="richtete" pos="VERB" prefix="r" shape="xxxx" suffix="ete" tag="VVFIN" />
    </node>
    <node ID="0.3" type="Word">
      <attributes paragraph="1" paragraph_position="3" text="meine" />
      <extra dep="det:poss" ent_iob="2" ent_type="" head="1" lemma="mein" orig_paragraph="16" orth="meine" pos="DET" prefix="m" shape="xxxx" suffix="ine" tag="PPOSAT" />
    </node>
    <node ID="0.4" type="Word">
      <attributes paragraph="1" paragraph_position="4" text="Blicke" />
      <extra dep="obj" ent_iob="2" ent_type="" head="-2" lemma="Blick" orig_paragraph="16" orth="Blicke" pos="NOUN" prefix="B" shape="Xxxxx" suffix="cke" tag="NE" />
    </node>
    <node ID="0.5" type="Word">
      <attributes paragraph="1" paragraph_position="5" text="nach" />
      <extra dep="case" ent_iob="2" ent_type="" head="2" lemma="nach" orig_paragraph="16" orth="nach" pos="ADP" prefix="n" shape="xxxx" suffix="ach" tag="CARD" />
    </node>
    <node ID="0.6" type="Word">
      <attributes paragraph="1" paragraph_position="6" text="dem" />
      <extra dep="det" ent_iob="2" ent_type="" head="1" lemma="der" orig_paragraph="16" orth="dem" pos="DET" prefix="d" shape="xxx" suffix="dem" tag="ART" />
    </node>
    <node ID="0.7" type="Word">
      <attributes paragraph="1" paragraph_position="7" text="Schiff" />
      <extra dep="obl" ent_iob="2" ent_type="" head="-5" lemma="Schiff" orig_paragraph="16" orth="Schiff" pos="NOUN" prefix="S" shape="Xxxxx" suffix="iff" tag="NN" />
    </node>
    <node ID="0.8" type="Word">
      <attributes paragraph="1" paragraph_position="8" text="hin" />
      <extra dep="compound:prt" ent_iob="2" ent_type="" head="-6" lemma="hin" orig_paragraph="16" orth="hin" pos="ADV" prefix="h" shape="xxx" suffix="hin" tag="PTKVZ" />
    </node>
    <node ID="0.9" type="Punctuation">
      <attributes paragraph="1" paragraph_position="9" text="," />
      <extra dep="punct" ent_iob="2" ent_type="" head="3" lemma="," orig_paragraph="16" orth="," pos="PUNCT" prefix="," shape="," suffix="," tag="$," />
    </node>
    <node ID="0.10" type="Word">
      <attributes paragraph="1" paragraph_position="10" text="das" />
      <extra dep="obj" ent_iob="2" ent_type="" head="2" lemma="der" orig_paragraph="16" orth="das" pos="PRON" prefix="d" shape="xxx" suffix="das" tag="PRELS" />
    </node>
    <node ID="0.11" type="Word">
      <attributes paragraph="1" paragraph_position="11" text="ich" />
      <extra dep="nsubj" ent_iob="2" ent_type="" head="1" lemma="ich" orig_paragraph="16" orth="ich" pos="PRON" prefix="i" shape="xxx" suffix="ich" tag="PPER" />
    </node>
    <node ID="0.12" type="Word">
      <attributes paragraph="1" paragraph_position="12" text="bemerkt" />
      <extra dep="acl" ent_iob="2" ent_type="" head="-10" lemma="bemerken" orig_paragraph="16" orth="bemerkt" pos="VERB" prefix="b" shape="xxxx" suffix="rkt" tag="VVPP" />
    </node>
    <node ID="0.13" type="Word">
      <attributes paragraph="1" paragraph_position="13" text="hatte" />
      <extra dep="aux" ent_iob="2" ent_type="" head="-1" lemma="haben" orig_paragraph="16" orth="hatte" pos="AUX" prefix="h" shape="xxxx" suffix="tte" tag="VAFIN" />
    </node>
    <node ID="0.14" type="Punctuation">
      <attributes paragraph="1" paragraph_position="14" text="." />
      <extra dep="punct" ent_iob="2" ent_type="" head="-12" lemma="." orig_paragraph="16" orth="." pos="PUNCT" prefix="." shape="." suffix="." tag="$." />
    </node>
  </layer>
  <layer layerID="1">
    <attributes />
    <node ID="1.1" type="FN">
      <attributes />
      <edge toID="1.2" type="H">
        <attributes />
        <category tag="H" />
      </edge>
    </node>
    <node ID="1.2" type="FN">
      <attributes />
      <edge toID="1.3" type="A">
        <attributes />
        <category tag="A" />
      </edge>
      <edge toID="1.4" type="P">
        <attributes />
        <category tag="P" />
      </edge>
      <edge toID="1.5" type="A">
        <attributes />
        <category tag="A" />
      </edge>
      <edge toID="1.6" type="A">
        <attributes />
        <category tag="A" />
      </edge>
      <edge toID="1.7" type="U">
        <attributes />
        <category tag="U" />
      </edge>
    </node>
    <node ID="1.3" type="FN">
      <attributes />
      <edge toID="0.1" type="Terminal">
        <attributes />
        <category tag="Terminal" />
      </edge>
    </node>
    <node ID="1.4" type="FN">
      <attributes />
      <edge toID="0.2" type="Terminal">
        <attributes />
        <category tag="Terminal" />
      </edge>
      <edge toID="0.8" type="Terminal">
        <attributes />
        <category tag="Terminal" />
      </edge>
    </node>
    <node ID="1.5" type="FN">
      <attributes />
      <edge toID="1.8" type="E">
        <attributes />
        <category tag="E" />
      </edge>
      <edge toID="1.9" type="C">
        <attributes />
        <category tag="C" />
      </edge>
    </node>
    <node ID="1.6" type="FN">
      <attributes />
      <edge toID="1.10" type="R">
        <attributes />
        <category tag="R" />
      </edge>
      <edge toID="1.11" type="E">
        <attributes />
        <category tag="E" />
      </edge>
      <edge toID="1.12" type="E">
        <attributes />
        <category tag="E" />
      </edge>
      <edge toID="1.13" type="C">
        <attributes />
        <category tag="C" />
      </edge>
    </node>
    <node ID="1.7" type="PNCT">
      <attributes />
      <edge toID="0.9" type="Terminal">
        <attributes />
        <category tag="Terminal" />
      </edge>
    </node>
    <node ID="1.8" type="FN">
      <attributes />
      <edge toID="0.3" type="Terminal">
        <attributes />
        <category tag="Terminal" />
      </edge>
    </node>
    <node ID="1.9" type="FN">
      <attributes />
      <edge toID="0.4" type="Terminal">
        <attributes />
        <category tag="Terminal" />
      </edge>
    </node>
    <node ID="1.10" type="FN">
      <attributes />
      <edge toID="0.5" type="Terminal">
        <attributes />
        <category tag="Terminal" />
      </edge>
    </node>
    <node ID="1.11" type="FN">
      <attributes />
      <edge toID="0.6" type="Terminal">
        <attributes />
        <category tag="Terminal" />
      </edge>
    </node>
    <node ID="1.12" type="FN">
      <attributes />
      <edge toID="1.13" type="A">
        <attributes remote="True" />
        <category tag="A" />
      </edge>
      <edge toID="1.14" type="R">
        <attributes />
        <category tag="R" />
      </edge>
      <edge toID="1.15" type="A">
        <attributes />
        <category tag="A" />
      </edge>
      <edge toID="1.16" type="P">
        <attributes />
        <category tag="P" />
      </edge>
      <edge toID="1.17" type="F">
        <attributes />
        <category tag="F" />
      </edge>
      <edge toID="1.18" type="U">
        <attributes />
        <category tag="U" />
      </edge>
    </node>
    <node ID="1.13" type="FN">
      <attributes />
      <edge toID="0.7" type="Terminal">
        <attributes />
        <category tag="Terminal" />
      </edge>
    </node>
    <node ID="1.14" type="FN">
      <attributes />
      <edge toID="0.10" type="Terminal">
        <attributes />
        <category tag="Terminal" />
      </edge>
    </node>
    <node ID="1.15" type="FN">
      <attributes />
      <edge toID="0.11" type="Terminal">
        <attributes />
        <category tag="Terminal" />
      </edge>
    </node>
    <node ID="1.16" type="FN">
      <attributes />
      <edge toID="0.12" type="Terminal">
        <attributes />
        <category tag="Terminal" />
      </edge>
    </node>
    <node ID="1.17" type="FN">
      <attributes />
      <edge toID="0.13" type="Terminal">
        <attributes />
        <category tag="Terminal" />
      </edge>
    </node>
    <node ID="1.18" type="PNCT">
      <attributes />
      <edge toID="0.14" type="Terminal">
        <attributes />
        <category tag="Terminal" />
      </edge>
    </node>
  </layer>
</root>
