<root annotationID="0" passageID="25827020">
  <attributes />
  <extra format="ucca" />
  <layer layerID="0">
    <attributes />
    <extra doc="[[[17944391625304287878, null, 9330139752921481772, 94, 0, 2, 426, 1, 18200729499220207786, 12290980237632234855, 17944391625304287878], [15332930722683554645, 187759007428328320, 10675845091474465339, 99, 0, 2, 445, 0, 13110060611322374290, 16978132545290669629, 13969950457879970030], [4873406193780485055, 15192908731043726583, 6406657664862290459, 89, 0, 2, 412, 1, 13110060611322374290, 1720370409040345145, 9520894940047451528], [16335199077370986845, 16335199077370986845, 15308085513773655218, 91, 0, 2, 431, 2, 18200729499220207786, 17427324969254097257, 16335199077370986845], [12508082737821923009, 12508082737821923009, 17015325344306543250, 93, 0, 2, 420, 1, 4370460163704169311, 7187156974425934, 12508082737821923009], [18313823129771624139, 18313823129771624139, 17015325344306543250, 99, 0, 2, 446, -4, 13110060611322374290, 16978132545290669629, 17541118948136595177], [2593208677638477497, 2593208677638477497, 12261388825712162116, 96, 0, 2, 442, -5, 2593208677638477497, 2593208677638477497, 2593208677638477497], [16957618830852774490, 9250722957692387333, 6406657664862290459, 94, 0, 2, 431, 2, 4088098365541558500, 8148669997605808657, 16957618830852774490], [12508082737821923009, 12508082737821923009, 15308085513773655218, 93, 0, 2, 420, 1, 4370460163704169311, 7187156974425934, 12508082737821923009], [10737160703594083099, 10737160703594083099, 17015325344306543250, 99, 0, 2, 447, -8, 13110060611322374290, 13110760720460257827, 16957618830852774490], [2839554839881490554, 2839554839881490554, 7235388517181998261, 94, 0, 2, 419, 2, 4088098365541558500, 5097672513440128799, 2839554839881490554], [8241407417910626592, 8241407417910626592, 15308085513773655218, 83, 0, 2, 397, 1, 13110060611322374290, 16978132545290669629, 3188722896227931298], [7160561961961780657, 12051397711696727242, 15308085513773655218, 86, 0, 2, 18127512502257733094, -3, 13110060611322374290, 260667111241363922, 15785506248286527210], [12646065887601541794, 12646065887601541794, 17404231807887051932, 96, 0, 2, 442, -12, 12646065887601541794, 12646065887601541794, 12646065887601541794]], [], [], [], [], [], [], []]" />
    <node ID="0.1" type="Word">
      <attributes paragraph="1" paragraph_position="1" text="Sie" />
      <extra dep="nsubj" ent_iob="2" ent_type="" head="1" lemma="Sie|sie" orig_paragraph="8" orth="Sie" pos="PRON" prefix="S" shape="Xxx" suffix="Sie" tag="PPER" />
    </node>
    <node ID="0.2" type="Word">
      <attributes paragraph="1" paragraph_position="2" text="schien" />
      <extra dep="root" ent_iob="2" ent_type="" head="0" lemma="scheinen" orig_paragraph="8" orth="schien" pos="VERB" prefix="s" shape="xxxx" suffix="ien" tag="VVFIN" />
    </node>
    <node ID="0.3" type="Word">
      <attributes paragraph="1" paragraph_position="3" text="einen" />
      <extra dep="det" ent_iob="2" ent_type="" head="1" lemma="ein" orig_paragraph="8" orth="einen" pos="DET" prefix="e" shape="xxxx" suffix="nen" tag="ART" />
    </node>
    <node ID="0.4" type="Word">
      <attributes paragraph="1" paragraph_position="4" text="Ort" />
      <extra dep="obj" ent_iob="2" ent_type="" head="2" lemma="Ort" orig_paragraph="8" orth="Ort" pos="NOUN" prefix="O" shape="Xxx" suffix="Ort" tag="NN" />
    </node>
    <node ID="0.5" type="Word">
      <attributes paragraph="1" paragraph_position="5" text="zu" />
      <extra dep="mark" ent_iob="2" ent_type="" head="1" lemma="zu" orig_paragraph="8" orth="zu" pos="PART" prefix="z" shape="xx" suffix="zu" tag="VVINF" />
    </node>
    <node ID="0.6" type="Word">
      <attributes paragraph="1" paragraph_position="6" text="suchen" />
      <extra dep="xcomp" ent_iob="2" ent_type="" head="-4" lemma="suchen" orig_paragraph="8" orth="suchen" pos="VERB" prefix="s" shape="xxxx" suffix="hen" tag="VVINF" />
    </node>
    <node ID="0.7" type="Punctuation">
      <attributes paragraph="1" paragraph_position="7" text="," />
      <extra dep="punct" ent_iob="2" ent_type="" head="-5" lemma="," orig_paragraph="8" orth="," pos="PUNCT" prefix="," shape="," suffix="," tag="$," />
    </node>
    <node ID="0.8" type="Word">
      <attributes paragraph="1" paragraph_position="8" text="den" />
      <extra dep="obj" ent_iob="2" ent_type="" head="2" lemma="der" orig_paragraph="8" orth="den" pos="PRON" prefix="d" shape="xxx" suffix="den" tag="ART" />
    </node>
    <node ID="0.9" type="Word">
      <attributes paragraph="1" paragraph_position="9" text="zu" />
      <extra dep="mark" ent_iob="2" ent_type="" head="1" lemma="zu" orig_paragraph="8" orth="zu" pos="PART" prefix="z" shape="xx" suffix="zu" tag="NN" />
    </node>
    <node ID="0.10" type="Word">
      <attributes paragraph="1" paragraph_position="10" text="finden" />
      <extra dep="acl" ent_iob="2" ent_type="" head="-8" lemma="finden" orig_paragraph="8" orth="finden" pos="VERB" prefix="f" shape="xxxx" suffix="den" tag="VVINF" />
    </node>
    <node ID="0.11" type="Word">
      <attributes paragraph="1" paragraph_position="11" text="ihr" />
      <extra dep="iobj" ent_iob="2" ent_type="" head="2" lemma="ihr" orig_paragraph="8" orth="ihr" pos="PRON" prefix="i" shape="xxx" suffix="ihr" tag="PPOSAT" />
    </node>
    <node ID="0.12" type="Word">
      <attributes paragraph="1" paragraph_position="12" text="schwer" />
      <extra dep="advmod" ent_iob="2" ent_type="" head="1" lemma="schwer" orig_paragraph="8" orth="schwer" pos="ADJ" prefix="s" shape="xxxx" suffix="wer" tag="NN" />
    </node>
    <node ID="0.13" type="Word">
      <attributes paragraph="1" paragraph_position="13" text="wurde" />
      <extra dep="aux:pass" ent_iob="2" ent_type="" head="-3" lemma="werden" orig_paragraph="8" orth="wurde" pos="AUX" prefix="w" shape="xxxx" suffix="rde" tag="NN" />
    </node>
    <node ID="0.14" type="Punctuation">
      <attributes paragraph="1" paragraph_position="14" text="." />
      <extra dep="punct" ent_iob="2" ent_type="" head="-12" lemma="." orig_paragraph="8" orth="." pos="PUNCT" prefix="." shape="." suffix="." tag="$." />
    </node>
  </layer>
  <layer layerID="1">
    <attributes />
    <node ID="1.1" type="FN">
      <attributes />
      <edge toID="1.2" type="H">
        <attributes />
        <category tag="H" />
      </edge>
      <edge toID="1.3" type="U">
        <attributes />
        <category tag="U" />
      </edge>
      <edge toID="1.4" type="H">
        <attributes />
        <category tag="H" />
      </edge>
    </node>
    <node ID="1.2" type="FN">
      <attributes />
      <edge toID="1.5" type="G">
        <attributes />
        <category tag="G" />
      </edge>
      <edge toID="1.6" type="A">
        <attributes />
        <category tag="A" />
      </edge>
      <edge toID="1.7" type="A">
        <attributes />
        <category tag="A" />
      </edge>
    </node>
    <node ID="1.3" type="PNCT">
      <attributes />
      <edge toID="0.7" type="Terminal">
        <attributes />
        <category tag="Terminal" />
      </edge>
    </node>
    <node ID="1.4" type="FN">
      <attributes />
      <edge toID="1.7" type="A">
        <attributes remote="True" />
        <category tag="A" />
      </edge>
      <edge toID="1.8" type="A">
        <attributes />
        <category tag="A" />
      </edge>
      <edge toID="1.9" type="F">
        <attributes />
        <category tag="F" />
      </edge>
      <edge toID="1.10" type="P">
        <attributes />
        <category tag="P" />
      </edge>
      <edge toID="1.11" type="A">
        <attributes />
        <category tag="A" />
      </edge>
    </node>
    <node ID="1.5" type="FN">
      <attributes />
      <edge toID="0.2" type="Terminal">
        <attributes />
        <category tag="Terminal" />
      </edge>
    </node>
    <node ID="1.6" type="FN">
      <attributes />
      <edge toID="1.12" type="E">
        <attributes />
        <category tag="E" />
      </edge>
      <edge toID="1.13" type="C">
        <attributes />
        <category tag="C" />
      </edge>
      <edge toID="1.14" type="F">
        <attributes />
        <category tag="F" />
      </edge>
      <edge toID="1.15" type="P">
        <attributes />
        <category tag="P" />
      </edge>
    </node>
    <node ID="1.7" type="FN">
      <attributes />
      <edge toID="0.1" type="Terminal">
        <attributes />
        <category tag="Terminal" />
      </edge>
    </node>
    <node ID="1.8" type="FN">
      <attributes />
      <edge toID="0.8" type="Terminal">
        <attributes />
        <category tag="Terminal" />
      </edge>
    </node>
    <node ID="1.9" type="FN">
      <attributes />
      <edge toID="0.9" type="Terminal">
        <attributes />
        <category tag="Terminal" />
      </edge>
    </node>
    <node ID="1.10" type="FN">
      <attributes />
      <edge toID="0.10" type="Terminal">
        <attributes />
        <category tag="Terminal" />
      </edge>
    </node>
    <node ID="1.11" type="FN">
      <attributes />
      <edge toID="1.7" type="A">
        <attributes remote="True" />
        <category tag="A" />
      </edge>
      <edge toID="1.16" type="A">
        <attributes />
        <category tag="A" />
      </edge>
      <edge toID="1.17" type="P">
        <attributes />
        <category tag="P" />
      </edge>
      <edge toID="1.18" type="F">
        <attributes />
        <category tag="F" />
      </edge>
      <edge toID="1.19" type="U">
        <attributes />
        <category tag="U" />
      </edge>
    </node>
    <node ID="1.12" type="FN">
      <attributes />
      <edge toID="0.3" type="Terminal">
        <attributes />
        <category tag="Terminal" />
      </edge>
    </node>
    <node ID="1.13" type="FN">
      <attributes />
      <edge toID="0.4" type="Terminal">
        <attributes />
        <category tag="Terminal" />
      </edge>
    </node>
    <node ID="1.14" type="FN">
      <attributes />
      <edge toID="0.5" type="Terminal">
        <attributes />
        <category tag="Terminal" />
      </edge>
    </node>
    <node ID="1.15" type="FN">
      <attributes />
      <edge toID="0.6" type="Terminal">
        <attributes />
        <category tag="Terminal" />
      </edge>
    </node>
    <node ID="1.16" type="FN">
      <attributes />
      <edge toID="0.11" type="Terminal">
        <attributes />
        <category tag="Terminal" />
      </edge>
    </node>
    <node ID="1.17" type="FN">
      <attributes />
      <edge toID="0.12" type="Terminal">
        <attributes />
        <category tag="Terminal" />
      </edge>
    </node>
    <node ID="1.18" type="FN">
      <attributes />
      <edge toID="0.13" type="Terminal">
        <attributes />
        <category tag="Terminal" />
      </edge>
    </node>
    <node ID="1.19" type="PNCT">
      <attributes />
      <edge toID="0.14" type="Terminal">
        <attributes />
        <category tag="Terminal" />
      </edge>
    </node>
  </layer>
</root>
