<root annotationID="0" passageID="25828007">
  <attributes />
  <extra format="ucca" />
  <layer layerID="0">
    <attributes />
    <extra doc="[[[12988482944788472338, 9250722957692387333, 6406657664862290459, 89, 0, 2, 412, 1, 18200729499220207786, 3929483993944067416, 12988482944788472338], [14285953217642714937, 14285953217642714937, 15308085513773655218, 91, 0, 2, 426, 2, 10887629174180191697, 3209455878668673793, 13619076340639482504], [1269071886833429403, 5817815807927905559, 17274946937384965927, 86, 0, 2, 408, 1, 4088098365541558500, 260667111241363922, 1269071886833429403], [8105255841786712870, 8105255841786712870, 12777781219550681880, 83, 0, 2, 445, 0, 13110060611322374290, 16978132545290669629, 4478220232691824761], [2593208677638477497, 2593208677638477497, 12261388825712162116, 96, 0, 2, 442, 3, 2593208677638477497, 2593208677638477497, 2593208677638477497], [9250722957692387333, 9250722957692387333, 6406657664862290459, 89, 0, 2, 412, 1, 4088098365541558500, 8148669997605808657, 9250722957692387333], [8614007781926756091, 8614007781926756091, 17274946937384965927, 91, 0, 2, 426, 1, 16072095006890171862, 9350754067018752509, 5214718262054410247], [4838095557162896887, 4838095557162896887, 17274946937384965927, 83, 0, 2, 407, -4, 13110060611322374290, 16562859848569467201, 15192908731043726583], [12646065887601541794, 12646065887601541794, 17404231807887051932, 96, 0, 2, 442, -5, 12646065887601541794, 12646065887601541794, 12646065887601541794]], [], [], [], [], [], [], [], [], [], []]" />
    <node ID="0.1" type="Word">
      <attributes paragraph="1" paragraph_position="1" text="Das" />
      <extra dep="det" ent_iob="2" ent_type="" head="1" lemma="der" orig_paragraph="2" orth="Das" pos="DET" prefix="D" shape="Xxx" suffix="Das" tag="ART" />
    </node>
    <node ID="0.2" type="Word">
      <attributes paragraph="1" paragraph_position="2" text="Meer" />
      <extra dep="nsubj" ent_iob="2" ent_type="" head="2" lemma="Meer" orig_paragraph="2" orth="Meer" pos="NOUN" prefix="M" shape="Xxxx" suffix="eer" tag="NN" />
    </node>
    <node ID="0.3" type="Word">
      <attributes paragraph="1" paragraph_position="3" text="war" />
      <extra dep="cop" ent_iob="2" ent_type="" head="1" lemma="sein" orig_paragraph="2" orth="war" pos="AUX" prefix="w" shape="xxx" suffix="war" tag="NE" />
    </node>
    <node ID="0.4" type="Word">
      <attributes paragraph="1" paragraph_position="4" text="sch&#246;n" />
      <extra dep="root" ent_iob="2" ent_type="" head="-1" lemma="sch&#246;n" orig_paragraph="2" orth="sch&#246;n" pos="ADJ" prefix="s" shape="xxxx" suffix="h&#246;n" tag="FM" />
    </node>
    <node ID="0.5" type="Punctuation">
      <attributes paragraph="1" paragraph_position="5" text="," />
      <extra dep="punct" ent_iob="2" ent_type="" head="3" lemma="," orig_paragraph="2" orth="," pos="PUNCT" prefix="," shape="," suffix="," tag="$," />
    </node>
    <node ID="0.6" type="Word">
      <attributes paragraph="1" paragraph_position="6" text="der" />
      <extra dep="det" ent_iob="2" ent_type="" head="1" lemma="der" orig_paragraph="2" orth="der" pos="DET" prefix="d" shape="xxx" suffix="der" tag="ART" />
    </node>
    <node ID="0.7" type="Word">
      <attributes paragraph="1" paragraph_position="7" text="Himmel" />
      <extra dep="nsubj" ent_iob="2" ent_type="" head="1" lemma="Himmel" orig_paragraph="2" orth="Himmel" pos="NOUN" prefix="H" shape="Xxxxx" suffix="mel" tag="NE" />
    </node>
    <node ID="0.8" type="Word">
      <attributes paragraph="1" paragraph_position="8" text="rein" />
      <extra dep="conj" ent_iob="2" ent_type="" head="-4" lemma="rein" orig_paragraph="2" orth="rein" pos="ADJ" prefix="r" shape="xxxx" suffix="ein" tag="NE" />
    </node>
    <node ID="0.9" type="Punctuation">
      <attributes paragraph="1" paragraph_position="9" text="." />
      <extra dep="punct" ent_iob="2" ent_type="" head="-5" lemma="." orig_paragraph="2" orth="." pos="PUNCT" prefix="." shape="." suffix="." tag="$." />
    </node>
  </layer>
  <layer layerID="1">
    <attributes />
    <node ID="1.1" type="FN">
      <attributes />
      <edge toID="1.2" type="H">
        <attributes />
        <category tag="H" />
      </edge>
      <edge toID="1.3" type="U">
        <attributes />
        <category tag="U" />
      </edge>
      <edge toID="1.4" type="H">
        <attributes />
        <category tag="H" />
      </edge>
    </node>
    <node ID="1.2" type="FN">
      <attributes />
      <edge toID="1.5" type="A">
        <attributes />
        <category tag="A" />
      </edge>
      <edge toID="1.6" type="F">
        <attributes />
        <category tag="F" />
      </edge>
      <edge toID="1.7" type="S">
        <attributes />
        <category tag="S" />
      </edge>
    </node>
    <node ID="1.3" type="PNCT">
      <attributes />
      <edge toID="0.5" type="Terminal">
        <attributes />
        <category tag="Terminal" />
      </edge>
    </node>
    <node ID="1.4" type="FN">
      <attributes />
      <edge toID="1.8" type="A">
        <attributes />
        <category tag="A" />
      </edge>
      <edge toID="1.9" type="S">
        <attributes />
        <category tag="S" />
      </edge>
      <edge toID="1.10" type="U">
        <attributes />
        <category tag="U" />
      </edge>
    </node>
    <node ID="1.5" type="FN">
      <attributes />
      <edge toID="1.11" type="E">
        <attributes />
        <category tag="E" />
      </edge>
      <edge toID="1.12" type="C">
        <attributes />
        <category tag="C" />
      </edge>
    </node>
    <node ID="1.6" type="FN">
      <attributes />
      <edge toID="0.3" type="Terminal">
        <attributes />
        <category tag="Terminal" />
      </edge>
    </node>
    <node ID="1.7" type="FN">
      <attributes />
      <edge toID="0.4" type="Terminal">
        <attributes />
        <category tag="Terminal" />
      </edge>
    </node>
    <node ID="1.8" type="FN">
      <attributes />
      <edge toID="1.13" type="E">
        <attributes />
        <category tag="E" />
      </edge>
      <edge toID="1.14" type="C">
        <attributes />
        <category tag="C" />
      </edge>
    </node>
    <node ID="1.9" type="FN">
      <attributes />
      <edge toID="0.8" type="Terminal">
        <attributes />
        <category tag="Terminal" />
      </edge>
    </node>
    <node ID="1.10" type="PNCT">
      <attributes />
      <edge toID="0.9" type="Terminal">
        <attributes />
        <category tag="Terminal" />
      </edge>
    </node>
    <node ID="1.11" type="FN">
      <attributes />
      <edge toID="0.1" type="Terminal">
        <attributes />
        <category tag="Terminal" />
      </edge>
    </node>
    <node ID="1.12" type="FN">
      <attributes />
      <edge toID="0.2" type="Terminal">
        <attributes />
        <category tag="Terminal" />
      </edge>
    </node>
    <node ID="1.13" type="FN">
      <attributes />
      <edge toID="0.6" type="Terminal">
        <attributes />
        <category tag="Terminal" />
      </edge>
    </node>
    <node ID="1.14" type="FN">
      <attributes />
      <edge toID="0.7" type="Terminal">
        <attributes />
        <category tag="Terminal" />
      </edge>
    </node>
  </layer>
</root>
