<root annotationID="0" passageID="25829016">
  <attributes />
  <extra format="ucca" />
  <layer layerID="0">
    <attributes />
    <extra doc="[[[17831099778462416609, 3002984154512732771, 6794885307917495400, 84, 0, 2, 8110129090154140942, 2, 12204527652707022206, 4690420944186131903, 17831099778462416609], [8213955003822771937, 15931089041693217225, 5092317722631983890, 94, 0, 2, 412, 1, 13110060611322374290, 8148669997605808657, 15047934436621572485], [11135654448830995623, 11135654448830995623, 15308085513773655218, 91, 0, 2, 432, 1, 16072095006890171862, 14862748245026736845, 4162776279516314175], [14918226042736122276, 4009191010602699072, 10675845091474465339, 99, 0, 2, 445, 0, 13110060611322374290, 15817570140490810055, 7674016154577261214], [3104811030673030468, 3104811030673030468, 3206779794898015328, 94, 0, 2, 426, -1, 4088098365541558500, 646772771845179972, 3104811030673030468], [4873406193780485055, 15192908731043726583, 6406657664862290459, 89, 0, 2, 412, 1, 13110060611322374290, 1720370409040345145, 9520894940047451528], [8943213936268315971, 8943213936268315971, 15308085513773655218, 91, 0, 2, 431, -3, 13110060611322374290, 8148669997605808657, 13014049009108672802], [6211538298445170068, 6211538298445170068, 15308085513773655218, 95, 0, 2, 400, -1, 16072095006890171862, 8656007278630577320, 13409319323822384369], [12646065887601541794, 12646065887601541794, 17404231807887051932, 96, 0, 2, 442, -5, 12646065887601541794, 12646065887601541794, 12646065887601541794]], [], [], [], [], [], [], [], [], [], [], [], [], [], [], [], [], [], [], [], []]" />
    <node ID="0.1" type="Word">
      <attributes paragraph="1" paragraph_position="1" text="In" />
      <extra dep="case" ent_iob="2" ent_type="" head="2" lemma="in" orig_paragraph="10" orth="In" pos="ADP" prefix="I" shape="Xx" suffix="In" tag="APPR" />
    </node>
    <node ID="0.2" type="Word">
      <attributes paragraph="1" paragraph_position="2" text="diesem" />
      <extra dep="det" ent_iob="2" ent_type="" head="1" lemma="dies" orig_paragraph="10" orth="diesem" pos="PRON" prefix="d" shape="xxxx" suffix="sem" tag="PDAT" />
    </node>
    <node ID="0.3" type="Word">
      <attributes paragraph="1" paragraph_position="3" text="Augenblick" />
      <extra dep="obl" ent_iob="2" ent_type="" head="1" lemma="Augenblick" orig_paragraph="10" orth="Augenblick" pos="NOUN" prefix="A" shape="Xxxxx" suffix="ick" tag="NN" />
    </node>
    <node ID="0.4" type="Word">
      <attributes paragraph="1" paragraph_position="4" text="h&#246;rte" />
      <extra dep="root" ent_iob="2" ent_type="" head="0" lemma="h&#246;ren" orig_paragraph="10" orth="h&#246;rte" pos="VERB" prefix="h" shape="xxxx" suffix="rte" tag="VVFIN" />
    </node>
    <node ID="0.5" type="Word">
      <attributes paragraph="1" paragraph_position="5" text="man" />
      <extra dep="nsubj" ent_iob="2" ent_type="" head="-1" lemma="man" orig_paragraph="10" orth="man" pos="PRON" prefix="m" shape="xxx" suffix="man" tag="PIS" />
    </node>
    <node ID="0.6" type="Word">
      <attributes paragraph="1" paragraph_position="6" text="einen" />
      <extra dep="det" ent_iob="2" ent_type="" head="1" lemma="ein" orig_paragraph="10" orth="einen" pos="DET" prefix="e" shape="xxxx" suffix="nen" tag="ART" />
    </node>
    <node ID="0.7" type="Word">
      <attributes paragraph="1" paragraph_position="7" text="dumpfen" />
      <extra dep="obj" ent_iob="2" ent_type="" head="-3" lemma="dumpfen" orig_paragraph="10" orth="dumpfen" pos="NOUN" prefix="d" shape="xxxx" suffix="fen" tag="NN" />
    </node>
    <node ID="0.8" type="Word">
      <attributes paragraph="1" paragraph_position="8" text="Knall" />
      <extra dep="appos" ent_iob="2" ent_type="" head="-1" lemma="Knall" orig_paragraph="10" orth="Knall" pos="PROPN" prefix="K" shape="Xxxxx" suffix="all" tag="NN" />
    </node>
    <node ID="0.9" type="Punctuation">
      <attributes paragraph="1" paragraph_position="9" text="." />
      <extra dep="punct" ent_iob="2" ent_type="" head="-5" lemma="." orig_paragraph="10" orth="." pos="PUNCT" prefix="." shape="." suffix="." tag="$." />
    </node>
  </layer>
  <layer layerID="1">
    <attributes />
    <node ID="1.1" type="FN">
      <attributes />
      <edge toID="1.2" type="H">
        <attributes />
        <category tag="H" />
      </edge>
    </node>
    <node ID="1.2" type="FN">
      <attributes />
      <edge toID="1.3" type="D">
        <attributes />
        <category tag="D" />
      </edge>
      <edge toID="1.4" type="P">
        <attributes />
        <category tag="P" />
      </edge>
      <edge toID="1.5" type="A">
        <attributes />
        <category tag="A" />
      </edge>
      <edge toID="1.6" type="A">
        <attributes />
        <category tag="A" />
      </edge>
    </node>
    <node ID="1.3" type="FN">
      <attributes />
      <edge toID="1.7" type="R">
        <attributes />
        <category tag="R" />
      </edge>
      <edge toID="1.8" type="E">
        <attributes />
        <category tag="E" />
      </edge>
      <edge toID="1.9" type="C">
        <attributes />
        <category tag="C" />
      </edge>
    </node>
    <node ID="1.4" type="FN">
      <attributes />
      <edge toID="0.4" type="Terminal">
        <attributes />
        <category tag="Terminal" />
      </edge>
    </node>
    <node ID="1.5" type="FN">
      <attributes />
      <edge toID="0.5" type="Terminal">
        <attributes />
        <category tag="Terminal" />
      </edge>
    </node>
    <node ID="1.6" type="FN">
      <attributes />
      <edge toID="1.10" type="E">
        <attributes />
        <category tag="E" />
      </edge>
      <edge toID="1.11" type="E">
        <attributes />
        <category tag="E" />
      </edge>
      <edge toID="1.12" type="C">
        <attributes />
        <category tag="C" />
      </edge>
      <edge toID="1.13" type="U">
        <attributes />
        <category tag="U" />
      </edge>
    </node>
    <node ID="1.7" type="FN">
      <attributes />
      <edge toID="0.1" type="Terminal">
        <attributes />
        <category tag="Terminal" />
      </edge>
    </node>
    <node ID="1.8" type="FN">
      <attributes />
      <edge toID="0.2" type="Terminal">
        <attributes />
        <category tag="Terminal" />
      </edge>
    </node>
    <node ID="1.9" type="FN">
      <attributes />
      <edge toID="0.3" type="Terminal">
        <attributes />
        <category tag="Terminal" />
      </edge>
    </node>
    <node ID="1.10" type="FN">
      <attributes />
      <edge toID="0.6" type="Terminal">
        <attributes />
        <category tag="Terminal" />
      </edge>
    </node>
    <node ID="1.11" type="FN">
      <attributes />
      <edge toID="0.7" type="Terminal">
        <attributes />
        <category tag="Terminal" />
      </edge>
    </node>
    <node ID="1.12" type="FN">
      <attributes />
      <edge toID="0.8" type="Terminal">
        <attributes />
        <category tag="Terminal" />
      </edge>
    </node>
    <node ID="1.13" type="PNCT">
      <attributes />
      <edge toID="0.9" type="Terminal">
        <attributes />
        <category tag="Terminal" />
      </edge>
    </node>
  </layer>
</root>
