<root annotationID="0" passageID="25829008">
  <attributes />
  <extra format="ucca" />
  <layer layerID="0">
    <attributes />
    <extra doc="[[[4761588983704415206, 15192908731043726583, 6406657664862290459, 89, 0, 2, 412, 1, 10887629174180191697, 9391737413944127320, 11197236520932772837], [15612824806716528521, 15612824806716528521, 15308085513773655218, 91, 0, 2, 445, 0, 16072095006890171862, 9350754067018752509, 4064149724174899558]], [], [], [], [], [], [], [], [], [], [], [], [], [], [], [], [], [], [], [], []]" />
    <node ID="0.1" type="Word">
      <attributes paragraph="1" paragraph_position="1" text="Eine" />
      <extra dep="det" ent_iob="2" ent_type="" head="1" lemma="ein" orig_paragraph="6" orth="Eine" pos="DET" prefix="E" shape="Xxxx" suffix="ine" tag="ART" />
    </node>
    <node ID="0.2" type="Word">
      <attributes paragraph="1" paragraph_position="2" text="Hekatombe" />
      <extra dep="root" ent_iob="2" ent_type="" head="0" lemma="Hekatombe" orig_paragraph="6" orth="Hekatombe" pos="NOUN" prefix="H" shape="Xxxxx" suffix="mbe" tag="NN" />
    </node>
  </layer>
  <layer layerID="1">
    <attributes />
    <node ID="1.1" type="FN">
      <attributes />
      <edge toID="1.2" type="H">
        <attributes />
        <category tag="H" />
      </edge>
    </node>
    <node ID="1.2" type="FN">
      <attributes />
      <edge toID="1.3" type="E">
        <attributes />
        <category tag="E" />
      </edge>
      <edge toID="1.4" type="C">
        <attributes />
        <category tag="C" />
      </edge>
    </node>
    <node ID="1.3" type="FN">
      <attributes />
      <edge toID="0.1" type="Terminal">
        <attributes />
        <category tag="Terminal" />
      </edge>
    </node>
    <node ID="1.4" type="FN">
      <attributes />
      <edge toID="0.2" type="Terminal">
        <attributes />
        <category tag="Terminal" />
      </edge>
    </node>
  </layer>
</root>
