<root annotationID="0" passageID="25827018">
  <attributes />
  <extra format="ucca" />
  <layer layerID="0">
    <attributes />
    <extra doc="[[[17944391625304287878, null, 9330139752921481772, 94, 0, 2, 426, 1, 18200729499220207786, 12290980237632234855, 17944391625304287878], [18433305837455168706, 11910456212730779830, 10675845091474465339, 99, 0, 2, 445, 0, 4088098365541558500, 15369245168918225700, 18433305837455168706], [10343076919720641053, 10343076919720641053, 9330139752921481772, 94, 0, 2, 431, -1, 4370460163704169311, 1720370409040345145, 10343076919720641053], [14913735501962191409, 14913735501962191409, 2689273639941441550, 93, 0, 2, 397, -2, 13110060611322374290, 13210364986222294696, 5462653070606849934], [12646065887601541794, 12646065887601541794, 17404231807887051932, 96, 0, 2, 442, -3, 12646065887601541794, 12646065887601541794, 12646065887601541794]], [], [], [], [], [], [], []]" />
    <node ID="0.1" type="Word">
      <attributes paragraph="1" paragraph_position="1" text="Sie" />
      <extra dep="nsubj" ent_iob="2" ent_type="" head="1" lemma="Sie|sie" orig_paragraph="7" orth="Sie" pos="PRON" prefix="S" shape="Xxx" suffix="Sie" tag="PPER" />
    </node>
    <node ID="0.2" type="Word">
      <attributes paragraph="1" paragraph_position="2" text="tat" />
      <extra dep="root" ent_iob="2" ent_type="" head="0" lemma="tun" orig_paragraph="7" orth="tat" pos="VERB" prefix="t" shape="xxx" suffix="tat" tag="VVFIN" />
    </node>
    <node ID="0.3" type="Word">
      <attributes paragraph="1" paragraph_position="3" text="es" />
      <extra dep="obj" ent_iob="2" ent_type="" head="-1" lemma="es" orig_paragraph="7" orth="es" pos="PRON" prefix="e" shape="xx" suffix="es" tag="PPER" />
    </node>
    <node ID="0.4" type="Word">
      <attributes paragraph="1" paragraph_position="4" text="nicht" />
      <extra dep="advmod" ent_iob="2" ent_type="" head="-2" lemma="nicht" orig_paragraph="7" orth="nicht" pos="PART" prefix="n" shape="xxxx" suffix="cht" tag="CARD" />
    </node>
    <node ID="0.5" type="Punctuation">
      <attributes paragraph="1" paragraph_position="5" text="." />
      <extra dep="punct" ent_iob="2" ent_type="" head="-3" lemma="." orig_paragraph="7" orth="." pos="PUNCT" prefix="." shape="." suffix="." tag="$." />
    </node>
  </layer>
  <layer layerID="1">
    <attributes />
    <node ID="1.1" type="FN">
      <attributes />
      <edge toID="1.2" type="H">
        <attributes />
        <category tag="H" />
      </edge>
    </node>
    <node ID="1.2" type="FN">
      <attributes />
      <edge toID="1.3" type="A">
        <attributes />
        <category tag="A" />
      </edge>
      <edge toID="1.4" type="P">
        <attributes />
        <category tag="P" />
      </edge>
      <edge toID="1.5" type="A">
        <attributes />
        <category tag="A" />
      </edge>
      <edge toID="1.6" type="D">
        <attributes />
        <category tag="D" />
      </edge>
      <edge toID="1.7" type="U">
        <attributes />
        <category tag="U" />
      </edge>
    </node>
    <node ID="1.3" type="FN">
      <attributes />
      <edge toID="0.1" type="Terminal">
        <attributes />
        <category tag="Terminal" />
      </edge>
    </node>
    <node ID="1.4" type="FN">
      <attributes />
      <edge toID="0.2" type="Terminal">
        <attributes />
        <category tag="Terminal" />
      </edge>
    </node>
    <node ID="1.5" type="FN">
      <attributes />
      <edge toID="0.3" type="Terminal">
        <attributes />
        <category tag="Terminal" />
      </edge>
    </node>
    <node ID="1.6" type="FN">
      <attributes />
      <edge toID="0.4" type="Terminal">
        <attributes />
        <category tag="Terminal" />
      </edge>
    </node>
    <node ID="1.7" type="PNCT">
      <attributes />
      <edge toID="0.5" type="Terminal">
        <attributes />
        <category tag="Terminal" />
      </edge>
    </node>
  </layer>
</root>
