<root annotationID="0" passageID="25828002">
  <attributes />
  <extra format="ucca" />
  <layer layerID="0">
    <attributes />
    <extra doc="[[[9058007001869013498, 11593690929944126543, 11856006255221940381, 88, 0, 2, 404, 7, 18200729499220207786, 8804677687338025421, 9058007001869013498], [9921686513378912864, 9921686513378912864, 17274946937384965927, 94, 0, 2, 426, 6, 4088098365541558500, 260667111241363922, 9921686513378912864], [17756121291259335420, 17756121291259335420, 6794885307917495400, 84, 0, 2, 8110129090154140942, 1, 4088098365541558500, 13110760720460257827, 17756121291259335420], [12080033068506928780, null, 15308085513773655218, 91, 0, 2, 423, 4, 16072095006890171862, 9391737413944127320, 11090586419576673076], [17519744635522201115, 5817815807927905559, 16459489951230957934, 86, 0, 2, 408, 3, 13110060611322374290, 260667111241363922, 5870647784995216628], [10343076919720641053, 10343076919720641053, 9330139752921481772, 94, 0, 2, 426, 2, 4370460163704169311, 1720370409040345145, 10343076919720641053], [2593208677638477497, 2593208677638477497, 12261388825712162116, 96, 0, 2, 442, 1, 2593208677638477497, 2593208677638477497, 2593208677638477497], [8564758713341110483, 12722349490333345857, 15308085513773655218, 91, 0, 2, 445, 0, 16072095006890171862, 10926178514336144719, 8512042494751452519], [8322446468904638983, 8322446468904638983, 2689273639941441550, 88, 0, 2, 404, 1, 13110060611322374290, 1489474827855109852, 9250722957692387333], [13059583015973343220, 13059583015973343220, 15308085513773655218, 91, 0, 2, 407, -2, 16072095006890171862, 12290980237632234855, 5462653070606849934], [8205403955989537350, 8205403955989537350, 17404231807887051932, 96, 0, 2, 442, -3, 8205403955989537350, 8205403955989537350, 8205403955989537350]], [], [], [], [], [], [], [], [], [], []]" />
    <node ID="0.1" type="Word">
      <attributes paragraph="1" paragraph_position="1" text="Und" />
      <extra dep="cc" ent_iob="2" ent_type="" head="7" lemma="und" orig_paragraph="1" orth="Und" pos="CCONJ" prefix="U" shape="Xxx" suffix="Und" tag="ADJD" />
    </node>
    <node ID="0.2" type="Word">
      <attributes paragraph="1" paragraph_position="2" text="was" />
      <extra dep="nsubj" ent_iob="2" ent_type="" head="6" lemma="was" orig_paragraph="1" orth="was" pos="PRON" prefix="w" shape="xxx" suffix="was" tag="NE" />
    </node>
    <node ID="0.3" type="Word">
      <attributes paragraph="1" paragraph_position="3" text="f&#252;r" />
      <extra dep="case" ent_iob="2" ent_type="" head="1" lemma="f&#252;r" orig_paragraph="1" orth="f&#252;r" pos="ADP" prefix="f" shape="xxx" suffix="f&#252;r" tag="APPR" />
    </node>
    <node ID="0.4" type="Word">
      <attributes paragraph="1" paragraph_position="4" text="Empfindungen" />
      <extra dep="nmod" ent_iob="2" ent_type="" head="4" lemma="Empfindung" orig_paragraph="1" orth="Empfindungen" pos="NOUN" prefix="E" shape="Xxxxx" suffix="gen" tag="NN" />
    </node>
    <node ID="0.5" type="Word">
      <attributes paragraph="1" paragraph_position="5" text="waren" />
      <extra dep="cop" ent_iob="2" ent_type="" head="3" lemma="sein" orig_paragraph="1" orth="waren" pos="AUX" prefix="w" shape="xxxx" suffix="ren" tag="VAFIN" />
    </node>
    <node ID="0.6" type="Word">
      <attributes paragraph="1" paragraph_position="6" text="es" />
      <extra dep="nsubj" ent_iob="2" ent_type="" head="2" lemma="es" orig_paragraph="1" orth="es" pos="PRON" prefix="e" shape="xx" suffix="es" tag="PPER" />
    </node>
    <node ID="0.7" type="Punctuation">
      <attributes paragraph="1" paragraph_position="7" text="," />
      <extra dep="punct" ent_iob="2" ent_type="" head="1" lemma="," orig_paragraph="1" orth="," pos="PUNCT" prefix="," shape="," suffix="," tag="$," />
    </node>
    <node ID="0.8" type="Word">
      <attributes paragraph="1" paragraph_position="8" text="Vorw&#252;rfe" />
      <extra dep="root" ent_iob="2" ent_type="" head="-2" lemma="Vorwurf" orig_paragraph="1" orth="Vorw&#252;rfe" pos="NOUN" prefix="V" shape="Xxxxx" suffix="rfe" tag="NN" />
    </node>
    <node ID="0.9" type="Word">
      <attributes paragraph="1" paragraph_position="9" text="oder" />
      <extra dep="cc" ent_iob="2" ent_type="" head="1" lemma="oder" orig_paragraph="1" orth="oder" pos="CCONJ" prefix="o" shape="xxxx" suffix="der" tag="CARD" />
    </node>
    <node ID="0.10" type="Word">
      <attributes paragraph="1" paragraph_position="10" text="Sehnsucht" />
      <extra dep="conj" ent_iob="2" ent_type="" head="-2" lemma="Sehnsucht" orig_paragraph="1" orth="Sehnsucht" pos="NOUN" prefix="S" shape="Xxxxx" suffix="cht" tag="NN" />
    </node>
    <node ID="0.11" type="Punctuation">
      <attributes paragraph="1" paragraph_position="11" text="?" />
      <extra dep="punct" ent_iob="2" ent_type="" head="-3" lemma="?" orig_paragraph="1" orth="?" pos="PUNCT" prefix="?" shape="?" suffix="?" tag="$." />
    </node>
  </layer>
  <layer layerID="1">
    <attributes />
    <node ID="1.1" type="FN">
      <attributes />
      <edge toID="1.2" type="L">
        <attributes />
        <category tag="L" />
      </edge>
      <edge toID="1.3" type="H">
        <attributes />
        <category tag="H" />
      </edge>
    </node>
    <node ID="1.2" type="FN">
      <attributes />
      <edge toID="0.1" type="Terminal">
        <attributes />
        <category tag="Terminal" />
      </edge>
    </node>
    <node ID="1.3" type="FN">
      <attributes />
      <edge toID="1.4" type="D">
        <attributes />
        <category tag="D" />
      </edge>
      <edge toID="1.5" type="S">
        <attributes />
        <category tag="S" />
      </edge>
      <edge toID="1.6" type="A">
        <attributes />
        <category tag="A" />
      </edge>
      <edge toID="1.7" type="U">
        <attributes />
        <category tag="U" />
      </edge>
      <edge toID="1.8" type="A">
        <attributes />
        <category tag="A" />
      </edge>
    </node>
    <node ID="1.4" type="FN">
      <attributes />
      <edge toID="0.2" type="Terminal">
        <attributes />
        <category tag="Terminal" />
      </edge>
      <edge toID="0.3" type="Terminal">
        <attributes />
        <category tag="Terminal" />
      </edge>
      <edge toID="0.4" type="Terminal">
        <attributes />
        <category tag="Terminal" />
      </edge>
    </node>
    <node ID="1.5" type="FN">
      <attributes />
      <edge toID="0.5" type="Terminal">
        <attributes />
        <category tag="Terminal" />
      </edge>
    </node>
    <node ID="1.6" type="FN">
      <attributes />
      <edge toID="0.6" type="Terminal">
        <attributes />
        <category tag="Terminal" />
      </edge>
    </node>
    <node ID="1.7" type="PNCT">
      <attributes />
      <edge toID="0.7" type="Terminal">
        <attributes />
        <category tag="Terminal" />
      </edge>
    </node>
    <node ID="1.8" type="FN">
      <attributes />
      <edge toID="1.9" type="C">
        <attributes />
        <category tag="C" />
      </edge>
      <edge toID="1.10" type="N">
        <attributes />
        <category tag="N" />
      </edge>
      <edge toID="1.11" type="C">
        <attributes />
        <category tag="C" />
      </edge>
      <edge toID="1.12" type="U">
        <attributes />
        <category tag="U" />
      </edge>
    </node>
    <node ID="1.9" type="FN">
      <attributes />
      <edge toID="0.8" type="Terminal">
        <attributes />
        <category tag="Terminal" />
      </edge>
    </node>
    <node ID="1.10" type="FN">
      <attributes />
      <edge toID="0.9" type="Terminal">
        <attributes />
        <category tag="Terminal" />
      </edge>
    </node>
    <node ID="1.11" type="FN">
      <attributes />
      <edge toID="0.10" type="Terminal">
        <attributes />
        <category tag="Terminal" />
      </edge>
    </node>
    <node ID="1.12" type="PNCT">
      <attributes />
      <edge toID="0.11" type="Terminal">
        <attributes />
        <category tag="Terminal" />
      </edge>
    </node>
  </layer>
</root>
