<root annotationID="0" passageID="25827021">
  <attributes />
  <extra format="ucca" />
  <layer layerID="0">
    <attributes />
    <extra doc="[[[7645855915210338899, 12508082737821923009, 17274946937384965927, 84, 0, 2, 8110129090154140942, 1, 12204527652707022206, 7173976090571422945, 7645855915210338899], [8204802580664550465, 502692956750572246, 17274946937384965927, 91, 0, 2, 432, 1, 16072095006890171862, 3209455878668673793, 18310019970426277724], [14575505891264308407, 15947168306010179542, 10675845091474465339, 99, 0, 2, 445, 0, 13110060611322374290, 13210364986222294696, 8837164897341598238], [13392642364380995863, 13392642364380995863, 15308085513773655218, 95, 4317129024397789502, 3, 426, -1, 16072095006890171862, 8656007278630577320, 11459100825914725836], [13000630151922783514, 13000630151922783514, 17274946937384965927, 95, 4317129024397789502, 3, 2666271516716718244, -1, 10887629174180191697, 10850957288794122991, 14889502520286857535], [3573116604670608395, 9250722957692387333, 6406657664862290459, 89, 0, 2, 412, 1, 4088098365541558500, 8148669997605808657, 3573116604670608395], [18033345762994084666, 18033345762994084666, 15308085513773655218, 91, 0, 2, 431, -4, 10887629174180191697, 10603054956214495369, 10400321950887182855], [10647370561768268849, 10647370561768268849, 10675845091474465339, 85, 0, 2, 397, -1, 13110060611322374290, 16978132545290669629, 8022704838731720015], [205941294864397889, 205941294864397889, 14411128152957788988, 84, 0, 2, 2008358639898919775, -6, 4088098365541558500, 11901859001352538922, 205941294864397889], [12646065887601541794, 12646065887601541794, 17404231807887051932, 96, 0, 2, 442, -7, 12646065887601541794, 12646065887601541794, 12646065887601541794]], [], [], [], [], [], [], []]" />
    <node ID="0.1" type="Word">
      <attributes paragraph="1" paragraph_position="1" text="Zu" />
      <extra dep="case" ent_iob="2" ent_type="" head="1" lemma="zu" orig_paragraph="8" orth="Zu" pos="ADP" prefix="Z" shape="Xx" suffix="Zu" tag="NE" />
    </node>
    <node ID="0.2" type="Word">
      <attributes paragraph="1" paragraph_position="2" text="Mittag" />
      <extra dep="obl" ent_iob="2" ent_type="" head="1" lemma="mittag" orig_paragraph="8" orth="Mittag" pos="NOUN" prefix="M" shape="Xxxxx" suffix="tag" tag="NE" />
    </node>
    <node ID="0.3" type="Word">
      <attributes paragraph="1" paragraph_position="3" text="nahm" />
      <extra dep="root" ent_iob="2" ent_type="" head="0" lemma="nehmen" orig_paragraph="8" orth="nahm" pos="VERB" prefix="n" shape="xxxx" suffix="ahm" tag="VVFIN" />
    </node>
    <node ID="0.4" type="Word">
      <attributes paragraph="1" paragraph_position="4" text="Kapit&#228;n" />
      <extra dep="nsubj" ent_iob="3" ent_type="PER" head="-1" lemma="Kapit&#228;n" orig_paragraph="8" orth="Kapit&#228;n" pos="PROPN" prefix="K" shape="Xxxxx" suffix="t&#228;n" tag="NN" />
    </node>
    <node ID="0.5" type="Word">
      <attributes paragraph="1" paragraph_position="5" text="Nemo" />
      <extra dep="flat" ent_iob="3" ent_type="PER" head="-1" lemma="Nemo" orig_paragraph="8" orth="Nemo" pos="PROPN" prefix="N" shape="Xxxx" suffix="emo" tag="NE" />
    </node>
    <node ID="0.6" type="Word">
      <attributes paragraph="1" paragraph_position="6" text="die" />
      <extra dep="det" ent_iob="2" ent_type="" head="1" lemma="der" orig_paragraph="8" orth="die" pos="DET" prefix="d" shape="xxx" suffix="die" tag="ART" />
    </node>
    <node ID="0.7" type="Word">
      <attributes paragraph="1" paragraph_position="7" text="Lage" />
      <extra dep="obj" ent_iob="2" ent_type="" head="-4" lemma="Lage" orig_paragraph="8" orth="Lage" pos="NOUN" prefix="L" shape="Xxxx" suffix="age" tag="NN" />
    </node>
    <node ID="0.8" type="Word">
      <attributes paragraph="1" paragraph_position="8" text="selbst" />
      <extra dep="advmod" ent_iob="2" ent_type="" head="-1" lemma="selbst" orig_paragraph="8" orth="selbst" pos="ADV" prefix="s" shape="xxxx" suffix="bst" tag="VVFIN" />
    </node>
    <node ID="0.9" type="Word">
      <attributes paragraph="1" paragraph_position="9" text="auf" />
      <extra dep="compound:prt" ent_iob="2" ent_type="" head="-6" lemma="auf" orig_paragraph="8" orth="auf" pos="ADP" prefix="a" shape="xxx" suffix="auf" tag="PTKVZ" />
    </node>
    <node ID="0.10" type="Punctuation">
      <attributes paragraph="1" paragraph_position="10" text="." />
      <extra dep="punct" ent_iob="2" ent_type="" head="-7" lemma="." orig_paragraph="8" orth="." pos="PUNCT" prefix="." shape="." suffix="." tag="$." />
    </node>
  </layer>
  <layer layerID="1">
    <attributes />
    <node ID="1.1" type="FN">
      <attributes />
      <edge toID="1.2" type="H">
        <attributes />
        <category tag="H" />
      </edge>
    </node>
    <node ID="1.2" type="FN">
      <attributes />
      <edge toID="1.3" type="D">
        <attributes />
        <category tag="D" />
      </edge>
      <edge toID="1.4" type="P">
        <attributes />
        <category tag="P" />
      </edge>
      <edge toID="1.5" type="A">
        <attributes />
        <category tag="A" />
      </edge>
      <edge toID="1.6" type="A">
        <attributes />
        <category tag="A" />
      </edge>
      <edge toID="1.7" type="D">
        <attributes />
        <category tag="D" />
      </edge>
      <edge toID="1.8" type="U">
        <attributes />
        <category tag="U" />
      </edge>
    </node>
    <node ID="1.3" type="FN">
      <attributes />
      <edge toID="1.9" type="R">
        <attributes />
        <category tag="R" />
      </edge>
      <edge toID="1.10" type="C">
        <attributes />
        <category tag="C" />
      </edge>
    </node>
    <node ID="1.4" type="FN">
      <attributes />
      <edge toID="0.3" type="Terminal">
        <attributes />
        <category tag="Terminal" />
      </edge>
      <edge toID="0.9" type="Terminal">
        <attributes />
        <category tag="Terminal" />
      </edge>
    </node>
    <node ID="1.5" type="FN">
      <attributes />
      <edge toID="1.11" type="E">
        <attributes />
        <category tag="E" />
      </edge>
      <edge toID="1.12" type="C">
        <attributes />
        <category tag="C" />
      </edge>
    </node>
    <node ID="1.6" type="FN">
      <attributes />
      <edge toID="1.13" type="E">
        <attributes />
        <category tag="E" />
      </edge>
      <edge toID="1.14" type="C">
        <attributes />
        <category tag="C" />
      </edge>
    </node>
    <node ID="1.7" type="FN">
      <attributes />
      <edge toID="0.8" type="Terminal">
        <attributes />
        <category tag="Terminal" />
      </edge>
    </node>
    <node ID="1.8" type="PNCT">
      <attributes />
      <edge toID="0.10" type="Terminal">
        <attributes />
        <category tag="Terminal" />
      </edge>
    </node>
    <node ID="1.9" type="FN">
      <attributes />
      <edge toID="0.1" type="Terminal">
        <attributes />
        <category tag="Terminal" />
      </edge>
    </node>
    <node ID="1.10" type="FN">
      <attributes />
      <edge toID="0.2" type="Terminal">
        <attributes />
        <category tag="Terminal" />
      </edge>
    </node>
    <node ID="1.11" type="FN">
      <attributes />
      <edge toID="0.4" type="Terminal">
        <attributes />
        <category tag="Terminal" />
      </edge>
    </node>
    <node ID="1.12" type="FN">
      <attributes />
      <edge toID="0.5" type="Terminal">
        <attributes />
        <category tag="Terminal" />
      </edge>
    </node>
    <node ID="1.13" type="FN">
      <attributes />
      <edge toID="0.6" type="Terminal">
        <attributes />
        <category tag="Terminal" />
      </edge>
    </node>
    <node ID="1.14" type="FN">
      <attributes />
      <edge toID="0.7" type="Terminal">
        <attributes />
        <category tag="Terminal" />
      </edge>
    </node>
  </layer>
</root>
