<root annotationID="0" passageID="25828012">
  <attributes />
  <extra format="ucca" />
  <layer layerID="0">
    <attributes />
    <extra doc="[[[16807736786308693906, 9250722957692387333, 6406657664862290459, 89, 0, 2, 412, 1, 18200729499220207786, 3929483993944067416, 16807736786308693906], [4070060782682011301, 4070060782682011301, 17274946937384965927, 91, 383, 3, 426, 1, 13363399579475515900, 5633171510477629358, 13543863076088565300], [8605022670833661277, 5645295285098941780, 10675845091474465339, 99, 0, 2, 445, 0, 4088098365541558500, 2985121464356781022, 8605022670833661277], [8488441198012846998, 8488441198012846998, 11856006255221940381, 83, 0, 2, 397, -1, 13110060611322374290, 12247454108283186160, 5864527961345014045], [16984744544649065606, 16984744544649065606, 15308085513773655218, 84, 0, 2, 8110129090154140942, 1, 13110060611322374290, 1489474827855109852, 3345464994591927970], [2870447429587110880, 2870447429587110880, 15308085513773655218, 91, 0, 2, 432, -3, 16072095006890171862, 14825646868312541310, 915282209006437546], [11593690929944126543, 11593690929944126543, 17274946937384965927, 88, 0, 2, 404, 1, 4088098365541558500, 12247454108283186160, 11593690929944126543], [14950142246785879186, 14950142246785879186, 15308085513773655218, 91, 0, 2, 407, -2, 16072095006890171862, 12290980237632234855, 915282209006437546], [12646065887601541794, 12646065887601541794, 17404231807887051932, 96, 0, 2, 442, -6, 12646065887601541794, 12646065887601541794, 12646065887601541794]], [], [], [], [], [], [], [], [], [], []]" />
    <node ID="0.1" type="Word">
      <attributes paragraph="1" paragraph_position="1" text="Die" />
      <extra dep="det" ent_iob="2" ent_type="" head="1" lemma="der" orig_paragraph="3" orth="Die" pos="DET" prefix="D" shape="Xxx" suffix="Die" tag="ART" />
    </node>
    <node ID="0.2" type="Word">
      <attributes paragraph="1" paragraph_position="2" text="&#8250;Nautilus&#8249;" />
      <extra dep="nsubj" ent_iob="3" ent_type="LOC" head="1" lemma="&#8250;Nautilus&#8249;" orig_paragraph="3" orth="&#8250;Nautilus&#8249;" pos="NOUN" prefix="&#8250;" shape="&#8250;Xxxxx&#8249;" suffix="us&#8249;" tag="NE" />
    </node>
    <node ID="0.3" type="Word">
      <attributes paragraph="1" paragraph_position="3" text="lag" />
      <extra dep="root" ent_iob="2" ent_type="" head="0" lemma="liegen" orig_paragraph="3" orth="lag" pos="VERB" prefix="l" shape="xxx" suffix="lag" tag="VVFIN" />
    </node>
    <node ID="0.4" type="Word">
      <attributes paragraph="1" paragraph_position="4" text="unbeweglich" />
      <extra dep="advmod" ent_iob="2" ent_type="" head="-1" lemma="unbeweglich" orig_paragraph="3" orth="unbeweglich" pos="ADJ" prefix="u" shape="xxxx" suffix="ich" tag="ADJD" />
    </node>
    <node ID="0.5" type="Word">
      <attributes paragraph="1" paragraph_position="5" text="ohne" />
      <extra dep="case" ent_iob="2" ent_type="" head="1" lemma="ohne" orig_paragraph="3" orth="ohne" pos="ADP" prefix="o" shape="xxxx" suffix="hne" tag="NN" />
    </node>
    <node ID="0.6" type="Word">
      <attributes paragraph="1" paragraph_position="6" text="Wanken" />
      <extra dep="obl" ent_iob="2" ent_type="" head="-3" lemma="Wanken" orig_paragraph="3" orth="Wanken" pos="NOUN" prefix="W" shape="Xxxxx" suffix="ken" tag="NN" />
    </node>
    <node ID="0.7" type="Word">
      <attributes paragraph="1" paragraph_position="7" text="und" />
      <extra dep="cc" ent_iob="2" ent_type="" head="1" lemma="und" orig_paragraph="3" orth="und" pos="CCONJ" prefix="u" shape="xxx" suffix="und" tag="NE" />
    </node>
    <node ID="0.8" type="Word">
      <attributes paragraph="1" paragraph_position="8" text="Schwanken" />
      <extra dep="conj" ent_iob="2" ent_type="" head="-2" lemma="Schwanken" orig_paragraph="3" orth="Schwanken" pos="NOUN" prefix="S" shape="Xxxxx" suffix="ken" tag="NN" />
    </node>
    <node ID="0.9" type="Punctuation">
      <attributes paragraph="1" paragraph_position="9" text="." />
      <extra dep="punct" ent_iob="2" ent_type="" head="-6" lemma="." orig_paragraph="3" orth="." pos="PUNCT" prefix="." shape="." suffix="." tag="$." />
    </node>
  </layer>
  <layer layerID="1">
    <attributes />
    <node ID="1.1" type="FN">
      <attributes />
      <edge toID="1.2" type="H">
        <attributes />
        <category tag="H" />
      </edge>
    </node>
    <node ID="1.2" type="FN">
      <attributes />
      <edge toID="1.3" type="A">
        <attributes />
        <category tag="A" />
      </edge>
      <edge toID="1.4" type="S">
        <attributes />
        <category tag="S" />
      </edge>
      <edge toID="1.5" type="A">
        <attributes />
        <category tag="A" />
      </edge>
      <edge toID="1.6" type="A">
        <attributes />
        <category tag="A" />
      </edge>
    </node>
    <node ID="1.3" type="FN">
      <attributes />
      <edge toID="1.7" type="E">
        <attributes />
        <category tag="E" />
      </edge>
      <edge toID="1.8" type="C">
        <attributes />
        <category tag="C" />
      </edge>
    </node>
    <node ID="1.4" type="FN">
      <attributes />
      <edge toID="0.3" type="Terminal">
        <attributes />
        <category tag="Terminal" />
      </edge>
    </node>
    <node ID="1.5" type="FN">
      <attributes />
      <edge toID="1.8" type="A">
        <attributes remote="True" />
        <category tag="A" />
      </edge>
      <edge toID="1.9" type="S">
        <attributes />
        <category tag="S" />
      </edge>
    </node>
    <node ID="1.6" type="FN">
      <attributes />
      <edge toID="1.10" type="E">
        <attributes />
        <category tag="E" />
      </edge>
      <edge toID="1.11" type="C">
        <attributes />
        <category tag="C" />
      </edge>
      <edge toID="1.12" type="N">
        <attributes />
        <category tag="N" />
      </edge>
      <edge toID="1.13" type="C">
        <attributes />
        <category tag="C" />
      </edge>
      <edge toID="1.14" type="U">
        <attributes />
        <category tag="U" />
      </edge>
    </node>
    <node ID="1.7" type="FN">
      <attributes />
      <edge toID="0.1" type="Terminal">
        <attributes />
        <category tag="Terminal" />
      </edge>
    </node>
    <node ID="1.8" type="FN">
      <attributes />
      <edge toID="0.2" type="Terminal">
        <attributes />
        <category tag="Terminal" />
      </edge>
    </node>
    <node ID="1.9" type="FN">
      <attributes />
      <edge toID="0.4" type="Terminal">
        <attributes />
        <category tag="Terminal" />
      </edge>
    </node>
    <node ID="1.10" type="FN">
      <attributes />
      <edge toID="0.5" type="Terminal">
        <attributes />
        <category tag="Terminal" />
      </edge>
    </node>
    <node ID="1.11" type="FN">
      <attributes />
      <edge toID="0.6" type="Terminal">
        <attributes />
        <category tag="Terminal" />
      </edge>
    </node>
    <node ID="1.12" type="FN">
      <attributes />
      <edge toID="0.7" type="Terminal">
        <attributes />
        <category tag="Terminal" />
      </edge>
    </node>
    <node ID="1.13" type="FN">
      <attributes />
      <edge toID="0.8" type="Terminal">
        <attributes />
        <category tag="Terminal" />
      </edge>
    </node>
    <node ID="1.14" type="PNCT">
      <attributes />
      <edge toID="0.9" type="Terminal">
        <attributes />
        <category tag="Terminal" />
      </edge>
    </node>
  </layer>
</root>
