<root annotationID="0" passageID="25829021">
  <attributes />
  <extra format="ucca" />
  <layer layerID="0">
    <attributes />
    <extra doc="[[[3126701799202552694, 5864527961345014045, 9330139752921481772, 94, 0, 2, 426, 1, 18200729499220207786, 4690420944186131903, 3126701799202552694], [9707874047827105551, 8767950678039294071, 10675845091474465339, 99, 0, 2, 445, 0, 13110060611322374290, 2985121464356781022, 15000356646361692016], [1070648429421044067, 16042591547380249544, 9330139752921481772, 94, 0, 2, 431, -1, 4088098365541558500, 5097672513440128799, 1070648429421044067], [11593690929944126543, 11593690929944126543, 17274946937384965927, 88, 0, 2, 404, 1, 4088098365541558500, 12247454108283186160, 11593690929944126543], [14816804375636700805, 17483849195667949174, 10675845091474465339, 99, 0, 2, 407, -3, 13110060611322374290, 15598372446745583797, 10838937472800990373], [15528541230100913379, 5864527961345014045, 3443513148085174024, 94, 0, 2, 431, -1, 13110060611322374290, 646772771845179972, 5864527961345014045], [205941294864397889, 205941294864397889, 6794885307917495400, 84, 0, 2, 8110129090154140942, 2, 4088098365541558500, 11901859001352538922, 205941294864397889], [3573116604670608395, 9250722957692387333, 6406657664862290459, 89, 0, 2, 412, 1, 4088098365541558500, 8148669997605808657, 3573116604670608395], [13036416274654456551, 13036416274654456551, 15308085513773655218, 91, 7654241940133152407, 3, 432, -4, 16072095006890171862, 17714545831559622561, 16151908740643916455], [12646065887601541794, 12646065887601541794, 17404231807887051932, 96, 0, 2, 442, -8, 12646065887601541794, 12646065887601541794, 12646065887601541794]], [], [], [], [], [], [], [], [], [], [], [], [], [], [], [], [], [], [], [], []]" />
    <node ID="0.1" type="Word">
      <attributes paragraph="1" paragraph_position="1" text="Ich" />
      <extra dep="nsubj" ent_iob="2" ent_type="" head="1" lemma="ich" orig_paragraph="13" orth="Ich" pos="PRON" prefix="I" shape="Xxx" suffix="Ich" tag="PPER" />
    </node>
    <node ID="0.2" type="Word">
      <attributes paragraph="1" paragraph_position="2" text="lie&#223;" />
      <extra dep="root" ent_iob="2" ent_type="" head="0" lemma="lassen" orig_paragraph="13" orth="lie&#223;" pos="VERB" prefix="l" shape="xxxx" suffix="ie&#223;" tag="VVFIN" />
    </node>
    <node ID="0.3" type="Word">
      <attributes paragraph="1" paragraph_position="3" text="ihn" />
      <extra dep="obj" ent_iob="2" ent_type="" head="-1" lemma="er" orig_paragraph="13" orth="ihn" pos="PRON" prefix="i" shape="xxx" suffix="ihn" tag="PPER" />
    </node>
    <node ID="0.4" type="Word">
      <attributes paragraph="1" paragraph_position="4" text="und" />
      <extra dep="cc" ent_iob="2" ent_type="" head="1" lemma="und" orig_paragraph="13" orth="und" pos="CCONJ" prefix="u" shape="xxx" suffix="und" tag="NE" />
    </node>
    <node ID="0.5" type="Word">
      <attributes paragraph="1" paragraph_position="5" text="begab" />
      <extra dep="conj" ent_iob="2" ent_type="" head="-3" lemma="begeben" orig_paragraph="13" orth="begab" pos="VERB" prefix="b" shape="xxxx" suffix="gab" tag="VVFIN" />
    </node>
    <node ID="0.6" type="Word">
      <attributes paragraph="1" paragraph_position="6" text="mich" />
      <extra dep="obj" ent_iob="2" ent_type="" head="-1" lemma="ich" orig_paragraph="13" orth="mich" pos="PRON" prefix="m" shape="xxxx" suffix="ich" tag="PRF" />
    </node>
    <node ID="0.7" type="Word">
      <attributes paragraph="1" paragraph_position="7" text="auf" />
      <extra dep="case" ent_iob="2" ent_type="" head="2" lemma="auf" orig_paragraph="13" orth="auf" pos="ADP" prefix="a" shape="xxx" suffix="auf" tag="APPR" />
    </node>
    <node ID="0.8" type="Word">
      <attributes paragraph="1" paragraph_position="8" text="die" />
      <extra dep="det" ent_iob="2" ent_type="" head="1" lemma="der" orig_paragraph="13" orth="die" pos="DET" prefix="d" shape="xxx" suffix="die" tag="ART" />
    </node>
    <node ID="0.9" type="Word">
      <attributes paragraph="1" paragraph_position="9" text="Plattform" />
      <extra dep="obl" ent_iob="3" ent_type="MISC" head="-4" lemma="Plattform" orig_paragraph="13" orth="Plattform" pos="NOUN" prefix="P" shape="Xxxxx" suffix="orm" tag="NN" />
    </node>
    <node ID="0.10" type="Punctuation">
      <attributes paragraph="1" paragraph_position="10" text="." />
      <extra dep="punct" ent_iob="2" ent_type="" head="-8" lemma="." orig_paragraph="13" orth="." pos="PUNCT" prefix="." shape="." suffix="." tag="$." />
    </node>
  </layer>
  <layer layerID="1">
    <attributes />
    <node ID="1.1" type="FN">
      <attributes />
      <edge toID="1.2" type="H">
        <attributes />
        <category tag="H" />
      </edge>
      <edge toID="1.3" type="L">
        <attributes />
        <category tag="L" />
      </edge>
      <edge toID="1.4" type="H">
        <attributes />
        <category tag="H" />
      </edge>
    </node>
    <node ID="1.2" type="FN">
      <attributes />
      <edge toID="1.5" type="A">
        <attributes />
        <category tag="A" />
      </edge>
      <edge toID="1.6" type="P">
        <attributes />
        <category tag="P" />
      </edge>
      <edge toID="1.7" type="A">
        <attributes />
        <category tag="A" />
      </edge>
    </node>
    <node ID="1.3" type="FN">
      <attributes />
      <edge toID="0.4" type="Terminal">
        <attributes />
        <category tag="Terminal" />
      </edge>
    </node>
    <node ID="1.4" type="FN">
      <attributes />
      <edge toID="1.5" type="A">
        <attributes remote="True" />
        <category tag="A" />
      </edge>
      <edge toID="1.8" type="P">
        <attributes />
        <category tag="P" />
      </edge>
      <edge toID="1.9" type="A">
        <attributes />
        <category tag="A" />
      </edge>
    </node>
    <node ID="1.5" type="FN">
      <attributes />
      <edge toID="0.1" type="Terminal">
        <attributes />
        <category tag="Terminal" />
      </edge>
    </node>
    <node ID="1.6" type="FN">
      <attributes />
      <edge toID="0.2" type="Terminal">
        <attributes />
        <category tag="Terminal" />
      </edge>
    </node>
    <node ID="1.7" type="FN">
      <attributes />
      <edge toID="0.3" type="Terminal">
        <attributes />
        <category tag="Terminal" />
      </edge>
    </node>
    <node ID="1.8" type="FN">
      <attributes />
      <edge toID="0.5" type="Terminal">
        <attributes />
        <category tag="Terminal" />
      </edge>
      <edge toID="0.6" type="Terminal">
        <attributes />
        <category tag="Terminal" />
      </edge>
    </node>
    <node ID="1.9" type="FN">
      <attributes />
      <edge toID="1.10" type="R">
        <attributes />
        <category tag="R" />
      </edge>
      <edge toID="1.11" type="E">
        <attributes />
        <category tag="E" />
      </edge>
      <edge toID="1.12" type="C">
        <attributes />
        <category tag="C" />
      </edge>
      <edge toID="1.13" type="U">
        <attributes />
        <category tag="U" />
      </edge>
    </node>
    <node ID="1.10" type="FN">
      <attributes />
      <edge toID="0.7" type="Terminal">
        <attributes />
        <category tag="Terminal" />
      </edge>
    </node>
    <node ID="1.11" type="FN">
      <attributes />
      <edge toID="0.8" type="Terminal">
        <attributes />
        <category tag="Terminal" />
      </edge>
    </node>
    <node ID="1.12" type="FN">
      <attributes />
      <edge toID="0.9" type="Terminal">
        <attributes />
        <category tag="Terminal" />
      </edge>
    </node>
    <node ID="1.13" type="PNCT">
      <attributes />
      <edge toID="0.10" type="Terminal">
        <attributes />
        <category tag="Terminal" />
      </edge>
    </node>
  </layer>
</root>
