<root annotationID="0" passageID="25827012">
  <attributes />
  <extra format="ucca" />
  <layer layerID="0">
    <attributes />
    <extra doc="[[[11210659663718846955, 9921686513378912864, 17274946937384965927, 94, 0, 2, 431, 4, 18200729499220207786, 14825646868312541310, 11210659663718846955], [5337641670246468576, 5337641670246468576, 2532279993560548391, 96, 0, 2, 442, 3, 492283547428536858, 15917291556903334389, 15021564101423178068], [5864527961345014045, 5864527961345014045, 9330139752921481772, 94, 0, 2, 426, 2, 4088098365541558500, 5097672513440128799, 5864527961345014045], [5835689883812623785, 16042591547380249544, 9330139752921481772, 94, 0, 2, 419, 1, 4088098365541558500, 5097672513440128799, 5835689883812623785], [2467247223989425587, 2467247223989425587, 17015325344306543250, 99, 0, 2, 445, 0, 13110060611322374290, 11901859001352538922, 7970704286052693043], [8205403955989537350, 8205403955989537350, 17404231807887051932, 96, 0, 2, 442, -1, 8205403955989537350, 8205403955989537350, 8205403955989537350]], [], [], [], [], [], [], []]" />
    <node ID="0.1" type="Word">
      <attributes paragraph="1" paragraph_position="1" text="Was" />
      <extra dep="obj" ent_iob="2" ent_type="" head="4" lemma="was" orig_paragraph="4" orth="Was" pos="PRON" prefix="W" shape="Xxx" suffix="Was" tag="NE" />
    </node>
    <node ID="0.2" type="Word">
      <attributes paragraph="1" paragraph_position="2" text="k&#246;nnt'" />
      <extra dep="punct" ent_iob="2" ent_type="" head="3" lemma="k&#246;nnt'" orig_paragraph="4" orth="k&#246;nnt'" pos="PUNCT" prefix="k" shape="xxxx'" suffix="nt'" tag="$(" />
    </node>
    <node ID="0.3" type="Word">
      <attributes paragraph="1" paragraph_position="3" text="ich" />
      <extra dep="nsubj" ent_iob="2" ent_type="" head="2" lemma="ich" orig_paragraph="4" orth="ich" pos="PRON" prefix="i" shape="xxx" suffix="ich" tag="PPER" />
    </node>
    <node ID="0.4" type="Word">
      <attributes paragraph="1" paragraph_position="4" text="ihm" />
      <extra dep="iobj" ent_iob="2" ent_type="" head="1" lemma="er" orig_paragraph="4" orth="ihm" pos="PRON" prefix="i" shape="xxx" suffix="ihm" tag="PPER" />
    </node>
    <node ID="0.5" type="Word">
      <attributes paragraph="1" paragraph_position="5" text="antworten" />
      <extra dep="root" ent_iob="2" ent_type="" head="0" lemma="antworten" orig_paragraph="4" orth="antworten" pos="VERB" prefix="a" shape="xxxx" suffix="ten" tag="VVINF" />
    </node>
    <node ID="0.6" type="Punctuation">
      <attributes paragraph="1" paragraph_position="6" text="?" />
      <extra dep="punct" ent_iob="2" ent_type="" head="-1" lemma="?" orig_paragraph="4" orth="?" pos="PUNCT" prefix="?" shape="?" suffix="?" tag="$." />
    </node>
  </layer>
  <layer layerID="1">
    <attributes />
    <node ID="1.1" type="FN">
      <attributes />
      <edge toID="1.2" type="H">
        <attributes />
        <category tag="H" />
      </edge>
    </node>
    <node ID="1.2" type="FN">
      <attributes />
      <edge toID="1.3" type="A">
        <attributes />
        <category tag="A" />
      </edge>
      <edge toID="1.4" type="D">
        <attributes />
        <category tag="D" />
      </edge>
      <edge toID="1.5" type="A">
        <attributes />
        <category tag="A" />
      </edge>
      <edge toID="1.6" type="A">
        <attributes />
        <category tag="A" />
      </edge>
      <edge toID="1.7" type="P">
        <attributes />
        <category tag="P" />
      </edge>
      <edge toID="1.8" type="U">
        <attributes />
        <category tag="U" />
      </edge>
    </node>
    <node ID="1.3" type="FN">
      <attributes />
      <edge toID="0.1" type="Terminal">
        <attributes />
        <category tag="Terminal" />
      </edge>
    </node>
    <node ID="1.4" type="FN">
      <attributes />
      <edge toID="0.2" type="Terminal">
        <attributes />
        <category tag="Terminal" />
      </edge>
    </node>
    <node ID="1.5" type="FN">
      <attributes />
      <edge toID="0.3" type="Terminal">
        <attributes />
        <category tag="Terminal" />
      </edge>
    </node>
    <node ID="1.6" type="FN">
      <attributes />
      <edge toID="0.4" type="Terminal">
        <attributes />
        <category tag="Terminal" />
      </edge>
    </node>
    <node ID="1.7" type="FN">
      <attributes />
      <edge toID="0.5" type="Terminal">
        <attributes />
        <category tag="Terminal" />
      </edge>
    </node>
    <node ID="1.8" type="PNCT">
      <attributes />
      <edge toID="0.6" type="Terminal">
        <attributes />
        <category tag="Terminal" />
      </edge>
    </node>
  </layer>
</root>
