<root annotationID="0" passageID="25835021">
  <attributes />
  <extra format="ucca" />
  <layer layerID="0">
    <attributes />
    <extra doc="[[[13491050862432847103, 10343076919720641053, 9330139752921481772, 94, 0, 2, 414, 5, 12204527652707022206, 9391737413944127320, 13491050862432847103], [1269071886833429403, 5817815807927905559, 85, 86, 0, 2, 18127512502257733094, 4, 4088098365541558500, 260667111241363922, 1269071886833429403], [11601248322003946775, 11601248322003946775, 15308085513773655218, 84, 0, 2, 8110129090154140942, 1, 4088098365541558500, 7187156974425934, 11601248322003946775], [3344283189800607965, 1606424783542588059, 15308085513773655218, 91, 0, 2, 432, 2, 16072095006890171862, 9350754067018752509, 15345770364485153437], [12508082737821923009, 12508082737821923009, 17015325344306543250, 93, 0, 2, 420, 1, 4370460163704169311, 7187156974425934, 12508082737821923009], [15076396476199886098, null, 9068901972800807265, 99, 0, 2, 445, 0, 13110060611322374290, 16978132545290669629, 9748139181263278833], [12646065887601541794, 12646065887601541794, 17404231807887051932, 96, 0, 2, 442, -1, 12646065887601541794, 12646065887601541794, 12646065887601541794]], [], [], [], [], [], [], [], []]" />
    <node ID="0.1" type="Word">
      <attributes paragraph="1" paragraph_position="1" text="Es" />
      <extra dep="expl" ent_iob="2" ent_type="" head="5" lemma="es" orig_paragraph="9" orth="Es" pos="PRON" prefix="E" shape="Xx" suffix="Es" tag="PPER" />
    </node>
    <node ID="0.2" type="Word">
      <attributes paragraph="1" paragraph_position="2" text="war" />
      <extra dep="aux:pass" ent_iob="2" ent_type="" head="4" lemma="sein" orig_paragraph="9" orth="war" pos="AUX" prefix="w" shape="xxx" suffix="war" tag="ADV" />
    </node>
    <node ID="0.3" type="Word">
      <attributes paragraph="1" paragraph_position="3" text="zum" />
      <extra dep="case" ent_iob="2" ent_type="" head="1" lemma="zum" orig_paragraph="9" orth="zum" pos="ADP" prefix="z" shape="xxx" suffix="zum" tag="NN" />
    </node>
    <node ID="0.4" type="Word">
      <attributes paragraph="1" paragraph_position="4" text="Handeln" />
      <extra dep="obl" ent_iob="2" ent_type="" head="2" lemma="handeln" orig_paragraph="9" orth="Handeln" pos="NOUN" prefix="H" shape="Xxxxx" suffix="eln" tag="NN" />
    </node>
    <node ID="0.5" type="Word">
      <attributes paragraph="1" paragraph_position="5" text="zu" />
      <extra dep="mark" ent_iob="2" ent_type="" head="1" lemma="zu" orig_paragraph="9" orth="zu" pos="PART" prefix="z" shape="xx" suffix="zu" tag="VVINF" />
    </node>
    <node ID="0.6" type="Word">
      <attributes paragraph="1" paragraph_position="6" text="sp&#228;t" />
      <extra dep="root" ent_iob="2" ent_type="" head="-4" lemma="sp&#228;en" orig_paragraph="9" orth="sp&#228;t" pos="VERB" prefix="s" shape="xxxx" suffix="p&#228;t" tag="ADJA" />
    </node>
    <node ID="0.7" type="Punctuation">
      <attributes paragraph="1" paragraph_position="7" text="." />
      <extra dep="punct" ent_iob="2" ent_type="" head="-1" lemma="." orig_paragraph="9" orth="." pos="PUNCT" prefix="." shape="." suffix="." tag="$." />
    </node>
  </layer>
  <layer layerID="1">
    <attributes />
    <node ID="1.1" type="FN">
      <attributes />
      <edge toID="1.2" type="H">
        <attributes />
        <category tag="H" />
      </edge>
    </node>
    <node ID="1.2" type="FN">
      <attributes />
      <edge toID="1.3" type="F">
        <attributes />
        <category tag="F" />
      </edge>
      <edge toID="1.4" type="D">
        <attributes />
        <category tag="D" />
      </edge>
      <edge toID="1.5" type="A">
        <attributes />
        <category tag="A" />
      </edge>
      <edge toID="1.6" type="F">
        <attributes />
        <category tag="F" />
      </edge>
      <edge toID="1.7" type="P">
        <attributes />
        <category tag="P" />
      </edge>
      <edge toID="1.8" type="U">
        <attributes />
        <category tag="U" />
      </edge>
    </node>
    <node ID="1.3" type="FN">
      <attributes />
      <edge toID="0.1" type="Terminal">
        <attributes />
        <category tag="Terminal" />
      </edge>
    </node>
    <node ID="1.4" type="FN">
      <attributes />
      <edge toID="0.2" type="Terminal">
        <attributes />
        <category tag="Terminal" />
      </edge>
    </node>
    <node ID="1.5" type="FN">
      <attributes />
      <edge toID="1.9" type="R">
        <attributes />
        <category tag="R" />
      </edge>
      <edge toID="1.10" type="C">
        <attributes />
        <category tag="C" />
      </edge>
    </node>
    <node ID="1.6" type="FN">
      <attributes />
      <edge toID="0.5" type="Terminal">
        <attributes />
        <category tag="Terminal" />
      </edge>
    </node>
    <node ID="1.7" type="FN">
      <attributes />
      <edge toID="0.6" type="Terminal">
        <attributes />
        <category tag="Terminal" />
      </edge>
    </node>
    <node ID="1.8" type="PNCT">
      <attributes />
      <edge toID="0.7" type="Terminal">
        <attributes />
        <category tag="Terminal" />
      </edge>
    </node>
    <node ID="1.9" type="FN">
      <attributes />
      <edge toID="0.3" type="Terminal">
        <attributes />
        <category tag="Terminal" />
      </edge>
    </node>
    <node ID="1.10" type="FN">
      <attributes />
      <edge toID="0.4" type="Terminal">
        <attributes />
        <category tag="Terminal" />
      </edge>
    </node>
  </layer>
</root>
