<root annotationID="0" passageID="25836005">
  <attributes />
  <extra format="ucca" />
  <layer layerID="0">
    <attributes />
    <extra doc="[[[3126701799202552694, 5864527961345014045, 9330139752921481772, 94, 0, 2, 426, 1, 18200729499220207786, 4690420944186131903, 3126701799202552694], [844807758460868906, 15305617893298972901, 10675845091474465339, 99, 0, 2, 445, 0, 13110060611322374290, 260667111241363922, 1660677297813483573], [2593208677638477497, 2593208677638477497, 12261388825712162116, 96, 0, 2, 442, 1, 2593208677638477497, 2593208677638477497, 2593208677638477497], [8079662398709956218, null, 10675845091474465339, 99, 0, 2, 407, -2, 13110060611322374290, 15817570140490810055, 13532688261345815723], [2593208677638477497, 2593208677638477497, 12261388825712162116, 96, 0, 2, 442, -3, 2593208677638477497, 2593208677638477497, 2593208677638477497], [5864527961345014045, 5864527961345014045, 9330139752921481772, 94, 0, 2, 426, 1, 4088098365541558500, 5097672513440128799, 5864527961345014045], [15321856035236035344, 846679497059242713, 10675845091474465339, 99, 0, 2, 433, -5, 13110060611322374290, 2985121464356781022, 6935701889730577091], [9060718883982528417, 9060718883982528417, 17274946937384965927, 85, 0, 2, 397, 1, 4088098365541558500, 13210364986222294696, 9060718883982528417], [50340426821988662, 50340426821988662, 2689273639941441550, 85, 0, 2, 397, -2, 13110060611322374290, 13210364986222294696, 11965311973866822031], [2409724650439619276, 2409724650439619276, 17274946937384965927, 92, 0, 2, 12837356684637874264, 1, 13110060611322374290, 8148669997605808657, 9529751467807918863], [10349539740490196963, 10349539740490196963, 17274946937384965927, 91, 381, 3, 431, -4, 16072095006890171862, 16829822105563051112, 513560044264628289], [17494803046312582752, 17494803046312582752, 17404231807887051932, 96, 381, 1, 442, -10, 17494803046312582752, 17494803046312582752, 17494803046312582752]], [], [], [], [], [], [], [], []]" />
    <node ID="0.1" type="Word">
      <attributes paragraph="1" paragraph_position="1" text="Ich" />
      <extra dep="nsubj" ent_iob="2" ent_type="" head="1" lemma="ich" orig_paragraph="1" orth="Ich" pos="PRON" prefix="I" shape="Xxx" suffix="Ich" tag="PPER" />
    </node>
    <node ID="0.2" type="Word">
      <attributes paragraph="1" paragraph_position="2" text="wartete" />
      <extra dep="root" ent_iob="2" ent_type="" head="0" lemma="warten" orig_paragraph="1" orth="wartete" pos="VERB" prefix="w" shape="xxxx" suffix="ete" tag="VVFIN" />
    </node>
    <node ID="0.3" type="Punctuation">
      <attributes paragraph="1" paragraph_position="3" text="," />
      <extra dep="punct" ent_iob="2" ent_type="" head="1" lemma="," orig_paragraph="1" orth="," pos="PUNCT" prefix="," shape="," suffix="," tag="$," />
    </node>
    <node ID="0.4" type="Word">
      <attributes paragraph="1" paragraph_position="4" text="horchte" />
      <extra dep="conj" ent_iob="2" ent_type="" head="-2" lemma="horchen" orig_paragraph="1" orth="horchte" pos="VERB" prefix="h" shape="xxxx" suffix="hte" tag="VVFIN" />
    </node>
    <node ID="0.5" type="Punctuation">
      <attributes paragraph="1" paragraph_position="5" text="," />
      <extra dep="punct" ent_iob="2" ent_type="" head="-3" lemma="," orig_paragraph="1" orth="," pos="PUNCT" prefix="," shape="," suffix="," tag="$," />
    </node>
    <node ID="0.6" type="Word">
      <attributes paragraph="1" paragraph_position="6" text="ich" />
      <extra dep="nsubj" ent_iob="2" ent_type="" head="1" lemma="ich" orig_paragraph="1" orth="ich" pos="PRON" prefix="i" shape="xxx" suffix="ich" tag="PPER" />
    </node>
    <node ID="0.7" type="Word">
      <attributes paragraph="1" paragraph_position="7" text="lebte" />
      <extra dep="parataxis" ent_iob="2" ent_type="" head="-5" lemma="leben" orig_paragraph="1" orth="lebte" pos="VERB" prefix="l" shape="xxxx" suffix="bte" tag="VVFIN" />
    </node>
    <node ID="0.8" type="Word">
      <attributes paragraph="1" paragraph_position="8" text="nur" />
      <extra dep="advmod" ent_iob="2" ent_type="" head="1" lemma="nur" orig_paragraph="1" orth="nur" pos="ADV" prefix="n" shape="xxx" suffix="nur" tag="NE" />
    </node>
    <node ID="0.9" type="Word">
      <attributes paragraph="1" paragraph_position="9" text="noch" />
      <extra dep="advmod" ent_iob="2" ent_type="" head="-2" lemma="noch" orig_paragraph="1" orth="noch" pos="ADV" prefix="n" shape="xxxx" suffix="och" tag="CARD" />
    </node>
    <node ID="0.10" type="Word">
      <attributes paragraph="1" paragraph_position="10" text="durchs" />
      <extra dep="nummod" ent_iob="2" ent_type="" head="1" lemma="durchs" orig_paragraph="1" orth="durchs" pos="NUM" prefix="d" shape="xxxx" suffix="chs" tag="NE" />
    </node>
    <node ID="0.11" type="Word">
      <attributes paragraph="1" paragraph_position="11" text="Geh&#246;r" />
      <extra dep="obj" ent_iob="3" ent_type="ORG" head="-4" lemma="Geh&#246;r" orig_paragraph="1" orth="Geh&#246;r" pos="NOUN" prefix="G" shape="Xxxxx" suffix="h&#246;r" tag="NE" />
    </node>
    <node ID="0.12" type="Punctuation">
      <attributes paragraph="1" paragraph_position="12" text="!" />
      <extra dep="punct" ent_iob="1" ent_type="ORG" head="-10" lemma="!" orig_paragraph="1" orth="!" pos="PUNCT" prefix="!" shape="!" suffix="!" tag="$." />
    </node>
  </layer>
  <layer layerID="1">
    <attributes />
    <node ID="1.1" type="FN">
      <attributes />
      <edge toID="1.2" type="H">
        <attributes />
        <category tag="H" />
      </edge>
      <edge toID="1.3" type="U">
        <attributes />
        <category tag="U" />
      </edge>
      <edge toID="1.4" type="H">
        <attributes />
        <category tag="H" />
      </edge>
    </node>
    <node ID="1.2" type="FN">
      <attributes />
      <edge toID="1.5" type="A">
        <attributes />
        <category tag="A" />
      </edge>
      <edge toID="1.6" type="P">
        <attributes />
        <category tag="P" />
      </edge>
    </node>
    <node ID="1.3" type="PNCT">
      <attributes />
      <edge toID="0.3" type="Terminal">
        <attributes />
        <category tag="Terminal" />
      </edge>
    </node>
    <node ID="1.4" type="FN">
      <attributes />
      <edge toID="1.7" type="P">
        <attributes />
        <category tag="P" />
      </edge>
      <edge toID="1.8" type="U">
        <attributes />
        <category tag="U" />
      </edge>
      <edge toID="1.9" type="A">
        <attributes />
        <category tag="A" />
      </edge>
    </node>
    <node ID="1.5" type="FN">
      <attributes />
      <edge toID="0.1" type="Terminal">
        <attributes />
        <category tag="Terminal" />
      </edge>
    </node>
    <node ID="1.6" type="FN">
      <attributes />
      <edge toID="0.2" type="Terminal">
        <attributes />
        <category tag="Terminal" />
      </edge>
    </node>
    <node ID="1.7" type="FN">
      <attributes />
      <edge toID="0.4" type="Terminal">
        <attributes />
        <category tag="Terminal" />
      </edge>
    </node>
    <node ID="1.8" type="PNCT">
      <attributes />
      <edge toID="0.5" type="Terminal">
        <attributes />
        <category tag="Terminal" />
      </edge>
    </node>
    <node ID="1.9" type="FN">
      <attributes />
      <edge toID="1.10" type="A">
        <attributes />
        <category tag="A" />
      </edge>
      <edge toID="1.11" type="P">
        <attributes />
        <category tag="P" />
      </edge>
      <edge toID="1.12" type="D">
        <attributes />
        <category tag="D" />
      </edge>
      <edge toID="1.13" type="D">
        <attributes />
        <category tag="D" />
      </edge>
      <edge toID="1.14" type="A">
        <attributes />
        <category tag="A" />
      </edge>
    </node>
    <node ID="1.10" type="FN">
      <attributes />
      <edge toID="0.6" type="Terminal">
        <attributes />
        <category tag="Terminal" />
      </edge>
    </node>
    <node ID="1.11" type="FN">
      <attributes />
      <edge toID="0.7" type="Terminal">
        <attributes />
        <category tag="Terminal" />
      </edge>
    </node>
    <node ID="1.12" type="FN">
      <attributes />
      <edge toID="0.8" type="Terminal">
        <attributes />
        <category tag="Terminal" />
      </edge>
    </node>
    <node ID="1.13" type="FN">
      <attributes />
      <edge toID="0.9" type="Terminal">
        <attributes />
        <category tag="Terminal" />
      </edge>
    </node>
    <node ID="1.14" type="FN">
      <attributes />
      <edge toID="1.15" type="E">
        <attributes />
        <category tag="E" />
      </edge>
      <edge toID="1.16" type="C">
        <attributes />
        <category tag="C" />
      </edge>
      <edge toID="1.17" type="U">
        <attributes />
        <category tag="U" />
      </edge>
    </node>
    <node ID="1.15" type="FN">
      <attributes />
      <edge toID="0.10" type="Terminal">
        <attributes />
        <category tag="Terminal" />
      </edge>
    </node>
    <node ID="1.16" type="FN">
      <attributes />
      <edge toID="0.11" type="Terminal">
        <attributes />
        <category tag="Terminal" />
      </edge>
    </node>
    <node ID="1.17" type="PNCT">
      <attributes />
      <edge toID="0.12" type="Terminal">
        <attributes />
        <category tag="Terminal" />
      </edge>
    </node>
  </layer>
</root>
