<root annotationID="0" passageID="25836025">
  <attributes />
  <extra format="ucca" />
  <layer layerID="0">
    <attributes />
    <extra doc="[[[16807736786308693906, 9250722957692387333, 6406657664862290459, 89, 0, 2, 412, 1, 18200729499220207786, 3929483993944067416, 16807736786308693906], [4070060782682011301, 4070060782682011301, 17274946937384965927, 91, 383, 3, 426, 1, 13363399579475515900, 5633171510477629358, 13543863076088565300], [6144661856838852551, null, 10675845091474465339, 99, 0, 2, 445, 0, 13110060611322374290, 16978132545290669629, 13532688261345815723], [205941294864397889, 205941294864397889, 6794885307917495400, 84, 0, 2, 8110129090154140942, 1, 4088098365541558500, 11901859001352538922, 205941294864397889], [9063384481007424159, 9063384481007424159, 9111662601877357026, 94, 0, 2, 432, -2, 13110060611322374290, 11901859001352538922, 3147381831675906515], [5462119612803958703, 5817815807927905559, 7235388517181998261, 89, 0, 2, 4814769781414241312, 1, 13110060611322374290, 16978132545290669629, 11197236520932772837], [18050571466054311938, 1428375457454505343, 15308085513773655218, 91, 0, 2, 431, -4, 16072095006890171862, 14230521632333904559, 11090586419576673076], [12646065887601541794, 12646065887601541794, 17404231807887051932, 96, 0, 2, 442, -5, 12646065887601541794, 12646065887601541794, 12646065887601541794]], [], [], [], [], [], [], [], []]" />
    <node ID="0.1" type="Word">
      <attributes paragraph="1" paragraph_position="1" text="Die" />
      <extra dep="det" ent_iob="2" ent_type="" head="1" lemma="der" orig_paragraph="9" orth="Die" pos="DET" prefix="D" shape="Xxx" suffix="Die" tag="ART" />
    </node>
    <node ID="0.2" type="Word">
      <attributes paragraph="1" paragraph_position="2" text="&#8250;Nautilus&#8249;" />
      <extra dep="nsubj" ent_iob="3" ent_type="LOC" head="1" lemma="&#8250;Nautilus&#8249;" orig_paragraph="9" orth="&#8250;Nautilus&#8249;" pos="NOUN" prefix="&#8250;" shape="&#8250;Xxxxx&#8249;" suffix="us&#8249;" tag="NE" />
    </node>
    <node ID="0.3" type="Word">
      <attributes paragraph="1" paragraph_position="3" text="sp&#228;hte" />
      <extra dep="root" ent_iob="2" ent_type="" head="0" lemma="sp&#228;hen" orig_paragraph="9" orth="sp&#228;hte" pos="VERB" prefix="s" shape="xxxx" suffix="hte" tag="VVFIN" />
    </node>
    <node ID="0.4" type="Word">
      <attributes paragraph="1" paragraph_position="4" text="auf" />
      <extra dep="case" ent_iob="2" ent_type="" head="1" lemma="auf" orig_paragraph="9" orth="auf" pos="ADP" prefix="a" shape="xxx" suffix="auf" tag="APPR" />
    </node>
    <node ID="0.5" type="Word">
      <attributes paragraph="1" paragraph_position="5" text="alle" />
      <extra dep="obl" ent_iob="2" ent_type="" head="-2" lemma="alle" orig_paragraph="9" orth="alle" pos="PRON" prefix="a" shape="xxxx" suffix="lle" tag="PIAT" />
    </node>
    <node ID="0.6" type="Word">
      <attributes paragraph="1" paragraph_position="6" text="seine" />
      <extra dep="det:poss" ent_iob="2" ent_type="" head="1" lemma="sein" orig_paragraph="9" orth="seine" pos="DET" prefix="s" shape="xxxx" suffix="ine" tag="PPOSAT" />
    </node>
    <node ID="0.7" type="Word">
      <attributes paragraph="1" paragraph_position="7" text="Bewegungen" />
      <extra dep="obj" ent_iob="2" ent_type="" head="-4" lemma="Bewegung" orig_paragraph="9" orth="Bewegungen" pos="NOUN" prefix="B" shape="Xxxxx" suffix="gen" tag="NN" />
    </node>
    <node ID="0.8" type="Punctuation">
      <attributes paragraph="1" paragraph_position="8" text="." />
      <extra dep="punct" ent_iob="2" ent_type="" head="-5" lemma="." orig_paragraph="9" orth="." pos="PUNCT" prefix="." shape="." suffix="." tag="$." />
    </node>
  </layer>
  <layer layerID="1">
    <attributes />
    <node ID="1.1" type="FN">
      <attributes />
      <edge toID="1.2" type="H">
        <attributes />
        <category tag="H" />
      </edge>
    </node>
    <node ID="1.2" type="FN">
      <attributes />
      <edge toID="1.3" type="A">
        <attributes />
        <category tag="A" />
      </edge>
      <edge toID="1.4" type="P">
        <attributes />
        <category tag="P" />
      </edge>
      <edge toID="1.5" type="A">
        <attributes />
        <category tag="A" />
      </edge>
    </node>
    <node ID="1.3" type="FN">
      <attributes />
      <edge toID="1.6" type="E">
        <attributes />
        <category tag="E" />
      </edge>
      <edge toID="1.7" type="C">
        <attributes />
        <category tag="C" />
      </edge>
    </node>
    <node ID="1.4" type="FN">
      <attributes />
      <edge toID="0.3" type="Terminal">
        <attributes />
        <category tag="Terminal" />
      </edge>
    </node>
    <node ID="1.5" type="FN">
      <attributes />
      <edge toID="1.8" type="R">
        <attributes />
        <category tag="R" />
      </edge>
      <edge toID="1.9" type="E">
        <attributes />
        <category tag="E" />
      </edge>
      <edge toID="1.10" type="E">
        <attributes />
        <category tag="E" />
      </edge>
      <edge toID="1.11" type="C">
        <attributes />
        <category tag="C" />
      </edge>
      <edge toID="1.12" type="U">
        <attributes />
        <category tag="U" />
      </edge>
    </node>
    <node ID="1.6" type="FN">
      <attributes />
      <edge toID="0.1" type="Terminal">
        <attributes />
        <category tag="Terminal" />
      </edge>
    </node>
    <node ID="1.7" type="FN">
      <attributes />
      <edge toID="0.2" type="Terminal">
        <attributes />
        <category tag="Terminal" />
      </edge>
    </node>
    <node ID="1.8" type="FN">
      <attributes />
      <edge toID="0.4" type="Terminal">
        <attributes />
        <category tag="Terminal" />
      </edge>
    </node>
    <node ID="1.9" type="FN">
      <attributes />
      <edge toID="0.5" type="Terminal">
        <attributes />
        <category tag="Terminal" />
      </edge>
    </node>
    <node ID="1.10" type="FN">
      <attributes />
      <edge toID="0.6" type="Terminal">
        <attributes />
        <category tag="Terminal" />
      </edge>
    </node>
    <node ID="1.11" type="FN">
      <attributes />
      <edge toID="0.7" type="Terminal">
        <attributes />
        <category tag="Terminal" />
      </edge>
    </node>
    <node ID="1.12" type="PNCT">
      <attributes />
      <edge toID="0.8" type="Terminal">
        <attributes />
        <category tag="Terminal" />
      </edge>
    </node>
  </layer>
</root>
