<root annotationID="0" passageID="25832006">
  <attributes />
  <extra format="ucca" />
  <layer layerID="0">
    <attributes />
    <extra doc="[[[3486284719029796640, 5817815807927905559, 7235388517181998261, 89, 0, 2, 4814769781414241312, 1, 16072095006890171862, 12290980237632234855, 11197236520932772837], [8390672141966493330, 8390672141966493330, 15308085513773655218, 91, 0, 2, 426, 1, 16072095006890171862, 14862748245026736845, 5367267723040815643], [14830221552971880285, 13585861330720263484, 10675845091474465339, 99, 0, 2, 445, 0, 13110060611322374290, 7187156974425934, 11090586419576673076], [16692807490131828156, null, 3443513148085174024, 94, 0, 2, 431, -1, 13110060611322374290, 16978132545290669629, 5864527961345014045], [18300263489344803007, 18300263489344803007, 11856006255221940381, 83, 0, 2, 397, -2, 13110060611322374290, 13110760720460257827, 5864527961345014045], [15148057506988282326, 15148057506988282326, 15308085513773655218, 85, 0, 2, 2008358639898919775, -3, 13110060611322374290, 7187156974425934, 14856451825348452620], [12646065887601541794, 12646065887601541794, 17404231807887051932, 96, 0, 2, 442, -4, 12646065887601541794, 12646065887601541794, 12646065887601541794]], [], [], [], [], [], [], [], [], [], [], [], []]" />
    <node ID="0.1" type="Word">
      <attributes paragraph="1" paragraph_position="1" text="Seine" />
      <extra dep="det:poss" ent_iob="2" ent_type="" head="1" lemma="sein" orig_paragraph="4" orth="Seine" pos="DET" prefix="S" shape="Xxxxx" suffix="ine" tag="PPOSAT" />
    </node>
    <node ID="0.2" type="Word">
      <attributes paragraph="1" paragraph_position="2" text="Aug&#228;pfel" />
      <extra dep="nsubj" ent_iob="2" ent_type="" head="1" lemma="Aug&#228;pfel" orig_paragraph="4" orth="Aug&#228;pfel" pos="NOUN" prefix="A" shape="Xxxxx" suffix="fel" tag="NN" />
    </node>
    <node ID="0.3" type="Word">
      <attributes paragraph="1" paragraph_position="3" text="zogen" />
      <extra dep="root" ent_iob="2" ent_type="" head="0" lemma="ziehen" orig_paragraph="4" orth="zogen" pos="VERB" prefix="z" shape="xxxx" suffix="gen" tag="VVFIN" />
    </node>
    <node ID="0.4" type="Word">
      <attributes paragraph="1" paragraph_position="4" text="sich" />
      <extra dep="obj" ent_iob="2" ent_type="" head="-1" lemma="er|es|sie" orig_paragraph="4" orth="sich" pos="PRON" prefix="s" shape="xxxx" suffix="ich" tag="PRF" />
    </node>
    <node ID="0.5" type="Word">
      <attributes paragraph="1" paragraph_position="5" text="f&#252;rchterlich" />
      <extra dep="advmod" ent_iob="2" ent_type="" head="-2" lemma="f&#252;rchterlich" orig_paragraph="4" orth="f&#252;rchterlich" pos="ADJ" prefix="f" shape="xxxx" suffix="ich" tag="ADJD" />
    </node>
    <node ID="0.6" type="Word">
      <attributes paragraph="1" paragraph_position="6" text="zusammen" />
      <extra dep="compound:prt" ent_iob="2" ent_type="" head="-3" lemma="zusammen" orig_paragraph="4" orth="zusammen" pos="ADV" prefix="z" shape="xxxx" suffix="men" tag="NN" />
    </node>
    <node ID="0.7" type="Punctuation">
      <attributes paragraph="1" paragraph_position="7" text="." />
      <extra dep="punct" ent_iob="2" ent_type="" head="-4" lemma="." orig_paragraph="4" orth="." pos="PUNCT" prefix="." shape="." suffix="." tag="$." />
    </node>
  </layer>
  <layer layerID="1">
    <attributes />
    <node ID="1.1" type="FN">
      <attributes />
      <edge toID="1.2" type="H">
        <attributes />
        <category tag="H" />
      </edge>
    </node>
    <node ID="1.2" type="FN">
      <attributes />
      <edge toID="1.3" type="A">
        <attributes />
        <category tag="A" />
      </edge>
      <edge toID="1.4" type="P">
        <attributes />
        <category tag="P" />
      </edge>
      <edge toID="1.5" type="D">
        <attributes />
        <category tag="D" />
      </edge>
      <edge toID="1.6" type="U">
        <attributes />
        <category tag="U" />
      </edge>
    </node>
    <node ID="1.3" type="FN">
      <attributes />
      <edge toID="1.7" type="E">
        <attributes />
        <category tag="E" />
      </edge>
      <edge toID="1.8" type="C">
        <attributes />
        <category tag="C" />
      </edge>
    </node>
    <node ID="1.4" type="FN">
      <attributes />
      <edge toID="0.3" type="Terminal">
        <attributes />
        <category tag="Terminal" />
      </edge>
      <edge toID="0.4" type="Terminal">
        <attributes />
        <category tag="Terminal" />
      </edge>
      <edge toID="0.6" type="Terminal">
        <attributes />
        <category tag="Terminal" />
      </edge>
    </node>
    <node ID="1.5" type="FN">
      <attributes />
      <edge toID="0.5" type="Terminal">
        <attributes />
        <category tag="Terminal" />
      </edge>
    </node>
    <node ID="1.6" type="PNCT">
      <attributes />
      <edge toID="0.7" type="Terminal">
        <attributes />
        <category tag="Terminal" />
      </edge>
    </node>
    <node ID="1.7" type="FN">
      <attributes />
      <edge toID="0.1" type="Terminal">
        <attributes />
        <category tag="Terminal" />
      </edge>
    </node>
    <node ID="1.8" type="FN">
      <attributes />
      <edge toID="0.2" type="Terminal">
        <attributes />
        <category tag="Terminal" />
      </edge>
    </node>
  </layer>
</root>
