<root annotationID="0" passageID="25834001">
  <attributes />
  <extra format="ucca" />
  <layer layerID="0">
    <attributes />
    <extra doc="[[[832093126230699327, 4226527668568446438, 15042152720043500318, 85, 0, 2, 397, 1, 16072095006890171862, 3929483993944067416, 205941294864397889], [4271589407458660312, 18313823129771624139, 10675845091474465339, 99, 0, 2, 445, 0, 13110060611322374290, 16978132545290669629, 13532688261345815723], [5864527961345014045, 5864527961345014045, 9330139752921481772, 94, 0, 2, 426, -1, 4088098365541558500, 5097672513440128799, 5864527961345014045], [9739302657816088396, 9739302657816088396, 17274946937384965927, 91, 383, 3, 431, -2, 18200729499220207786, 10850957288794122991, 9739302657816088396], [11593690929944126543, 11593690929944126543, 17274946937384965927, 88, 0, 2, 404, 1, 4088098365541558500, 12247454108283186160, 11593690929944126543], [10265832328710632600, 10265832328710632600, 17274946937384965927, 91, 383, 3, 407, -2, 16072095006890171862, 149303876845869574, 9113047341877232477], [205941294864397889, 205941294864397889, 14411128152957788988, 84, 0, 2, 2008358639898919775, -5, 4088098365541558500, 11901859001352538922, 205941294864397889], [12646065887601541794, 12646065887601541794, 17404231807887051932, 96, 0, 2, 442, -6, 12646065887601541794, 12646065887601541794, 12646065887601541794]], [], [], [], [], [], [], [], []]" />
    <node ID="0.1" type="Word">
      <attributes paragraph="1" paragraph_position="1" text="Darauf" />
      <extra dep="advmod" ent_iob="2" ent_type="" head="1" lemma="darauf" orig_paragraph="1" orth="Darauf" pos="ADV" prefix="D" shape="Xxxxx" suffix="auf" tag="PAV" />
    </node>
    <node ID="0.2" type="Word">
      <attributes paragraph="1" paragraph_position="2" text="suchte" />
      <extra dep="root" ent_iob="2" ent_type="" head="0" lemma="suchen" orig_paragraph="1" orth="suchte" pos="VERB" prefix="s" shape="xxxx" suffix="hte" tag="VVFIN" />
    </node>
    <node ID="0.3" type="Word">
      <attributes paragraph="1" paragraph_position="3" text="ich" />
      <extra dep="nsubj" ent_iob="2" ent_type="" head="-1" lemma="ich" orig_paragraph="1" orth="ich" pos="PRON" prefix="i" shape="xxx" suffix="ich" tag="PPER" />
    </node>
    <node ID="0.4" type="Word">
      <attributes paragraph="1" paragraph_position="4" text="Ned" />
      <extra dep="obj" ent_iob="3" ent_type="LOC" head="-2" lemma="Ned" orig_paragraph="1" orth="Ned" pos="NOUN" prefix="N" shape="Xxx" suffix="Ned" tag="NE" />
    </node>
    <node ID="0.5" type="Word">
      <attributes paragraph="1" paragraph_position="5" text="und" />
      <extra dep="cc" ent_iob="2" ent_type="" head="1" lemma="und" orig_paragraph="1" orth="und" pos="CCONJ" prefix="u" shape="xxx" suffix="und" tag="NE" />
    </node>
    <node ID="0.6" type="Word">
      <attributes paragraph="1" paragraph_position="6" text="Conseil" />
      <extra dep="conj" ent_iob="3" ent_type="LOC" head="-2" lemma="Conseil" orig_paragraph="1" orth="Conseil" pos="NOUN" prefix="C" shape="Xxxxx" suffix="eil" tag="NE" />
    </node>
    <node ID="0.7" type="Word">
      <attributes paragraph="1" paragraph_position="7" text="auf" />
      <extra dep="compound:prt" ent_iob="2" ent_type="" head="-5" lemma="auf" orig_paragraph="1" orth="auf" pos="ADP" prefix="a" shape="xxx" suffix="auf" tag="PTKVZ" />
    </node>
    <node ID="0.8" type="Punctuation">
      <attributes paragraph="1" paragraph_position="8" text="." />
      <extra dep="punct" ent_iob="2" ent_type="" head="-6" lemma="." orig_paragraph="1" orth="." pos="PUNCT" prefix="." shape="." suffix="." tag="$." />
    </node>
  </layer>
  <layer layerID="1">
    <attributes />
    <node ID="1.1" type="FN">
      <attributes />
      <edge toID="1.2" type="L">
        <attributes />
        <category tag="L" />
      </edge>
      <edge toID="1.3" type="H">
        <attributes />
        <category tag="H" />
      </edge>
    </node>
    <node ID="1.2" type="FN">
      <attributes />
      <edge toID="0.1" type="Terminal">
        <attributes />
        <category tag="Terminal" />
      </edge>
    </node>
    <node ID="1.3" type="FN">
      <attributes />
      <edge toID="1.4" type="P">
        <attributes />
        <category tag="P" />
      </edge>
      <edge toID="1.5" type="A">
        <attributes />
        <category tag="A" />
      </edge>
      <edge toID="1.6" type="A">
        <attributes />
        <category tag="A" />
      </edge>
      <edge toID="1.7" type="U">
        <attributes />
        <category tag="U" />
      </edge>
    </node>
    <node ID="1.4" type="FN">
      <attributes />
      <edge toID="0.2" type="Terminal">
        <attributes />
        <category tag="Terminal" />
      </edge>
      <edge toID="0.7" type="Terminal">
        <attributes />
        <category tag="Terminal" />
      </edge>
    </node>
    <node ID="1.5" type="FN">
      <attributes />
      <edge toID="0.3" type="Terminal">
        <attributes />
        <category tag="Terminal" />
      </edge>
    </node>
    <node ID="1.6" type="FN">
      <attributes />
      <edge toID="1.8" type="C">
        <attributes />
        <category tag="C" />
      </edge>
      <edge toID="1.9" type="N">
        <attributes />
        <category tag="N" />
      </edge>
      <edge toID="1.10" type="C">
        <attributes />
        <category tag="C" />
      </edge>
    </node>
    <node ID="1.7" type="PNCT">
      <attributes />
      <edge toID="0.8" type="Terminal">
        <attributes />
        <category tag="Terminal" />
      </edge>
    </node>
    <node ID="1.8" type="FN">
      <attributes />
      <edge toID="0.4" type="Terminal">
        <attributes />
        <category tag="Terminal" />
      </edge>
    </node>
    <node ID="1.9" type="FN">
      <attributes />
      <edge toID="0.5" type="Terminal">
        <attributes />
        <category tag="Terminal" />
      </edge>
    </node>
    <node ID="1.10" type="FN">
      <attributes />
      <edge toID="0.6" type="Terminal">
        <attributes />
        <category tag="Terminal" />
      </edge>
    </node>
  </layer>
</root>
