<root annotationID="0" passageID="25834008">
  <attributes />
  <extra format="ucca" />
  <layer layerID="0">
    <attributes />
    <extra doc="[[[6245235275672532050, 9250722957692387333, 6406657664862290459, 89, 0, 2, 412, 1, 18200729499220207786, 3929483993944067416, 6245235275672532050], [10319109699405784508, 10319109699405784508, 15308085513773655218, 91, 0, 2, 426, 1, 16072095006890171862, 8656007278630577320, 13011562625845630583], [5781680991591000768, 13902386406058492413, 10675845091474465339, 99, 0, 2, 445, 0, 13110060611322374290, 7187156974425934, 4484346171290105236], [2593208677638477497, 2593208677638477497, 12261388825712162116, 96, 0, 2, 442, -1, 2593208677638477497, 2593208677638477497, 2593208677638477497], [18074978835129552919, 18074978835129552919, 13264545156129351491, 97, 0, 2, 420, 6, 13110060611322374290, 8148669997605808657, 14495111538762983819], [3573116604670608395, 9250722957692387333, 6406657664862290459, 89, 0, 2, 412, 1, 4088098365541558500, 8148669997605808657, 3573116604670608395], [4070060782682011301, 4070060782682011301, 17274946937384965927, 91, 383, 3, 426, 4, 13363399579475515900, 5633171510477629358, 13543863076088565300], [6717227350879855914, 2839554839881490554, 7235388517181998261, 89, 0, 2, 4814769781414241312, 1, 13110060611322374290, 5097672513440128799, 5362935854461902202], [5219946441890446683, 5219946441890446683, 15308085513773655218, 91, 0, 2, 431, 2, 16072095006890171862, 16337536289976144572, 15480957645181813644], [14913735501962191409, 14913735501962191409, 2689273639941441550, 93, 0, 2, 397, 1, 13110060611322374290, 13210364986222294696, 5462653070606849934], [5066383978680120803, 18109087316665180197, 10223029614809230375, 99, 0, 2, 405, -8, 13110060611322374290, 6217145520856553898, 684745465822051461], [5218199566914660295, 2479014303761381782, 16459489951230957934, 86, 0, 2, 402, -1, 13110060611322374290, 15817570140490810055, 4932520593635672838], [12646065887601541794, 12646065887601541794, 17404231807887051932, 96, 0, 2, 442, -10, 12646065887601541794, 12646065887601541794, 12646065887601541794]], [], [], [], [], [], [], [], []]" />
    <node ID="0.1" type="Word">
      <attributes paragraph="1" paragraph_position="1" text="Der" />
      <extra dep="det" ent_iob="2" ent_type="" head="1" lemma="der" orig_paragraph="6" orth="Der" pos="DET" prefix="D" shape="Xxx" suffix="Der" tag="ART" />
    </node>
    <node ID="0.2" type="Word">
      <attributes paragraph="1" paragraph_position="2" text="Kompa&#223;" />
      <extra dep="nsubj" ent_iob="2" ent_type="" head="1" lemma="Kompa&#223;" orig_paragraph="6" orth="Kompa&#223;" pos="NOUN" prefix="K" shape="Xxxxx" suffix="pa&#223;" tag="NN" />
    </node>
    <node ID="0.3" type="Word">
      <attributes paragraph="1" paragraph_position="3" text="zeigte" />
      <extra dep="root" ent_iob="2" ent_type="" head="0" lemma="zeigen" orig_paragraph="6" orth="zeigte" pos="VERB" prefix="z" shape="xxxx" suffix="gte" tag="VVFIN" />
    </node>
    <node ID="0.4" type="Punctuation">
      <attributes paragraph="1" paragraph_position="4" text="," />
      <extra dep="punct" ent_iob="2" ent_type="" head="-1" lemma="," orig_paragraph="6" orth="," pos="PUNCT" prefix="," shape="," suffix="," tag="$," />
    </node>
    <node ID="0.5" type="Word">
      <attributes paragraph="1" paragraph_position="5" text="dass" />
      <extra dep="mark" ent_iob="2" ent_type="" head="6" lemma="dass" orig_paragraph="6" orth="dass" pos="SCONJ" prefix="d" shape="xxxx" suffix="ass" tag="KOUS" />
    </node>
    <node ID="0.6" type="Word">
      <attributes paragraph="1" paragraph_position="6" text="die" />
      <extra dep="det" ent_iob="2" ent_type="" head="1" lemma="der" orig_paragraph="6" orth="die" pos="DET" prefix="d" shape="xxx" suffix="die" tag="ART" />
    </node>
    <node ID="0.7" type="Word">
      <attributes paragraph="1" paragraph_position="7" text="&#8250;Nautilus&#8249;" />
      <extra dep="nsubj" ent_iob="3" ent_type="LOC" head="4" lemma="&#8250;Nautilus&#8249;" orig_paragraph="6" orth="&#8250;Nautilus&#8249;" pos="NOUN" prefix="&#8250;" shape="&#8250;Xxxxx&#8249;" suffix="us&#8249;" tag="NE" />
    </node>
    <node ID="0.8" type="Word">
      <attributes paragraph="1" paragraph_position="8" text="ihre" />
      <extra dep="det:poss" ent_iob="2" ent_type="" head="1" lemma="ihr" orig_paragraph="6" orth="ihre" pos="DET" prefix="i" shape="xxxx" suffix="hre" tag="PPOSAT" />
    </node>
    <node ID="0.9" type="Word">
      <attributes paragraph="1" paragraph_position="9" text="Richtung" />
      <extra dep="obj" ent_iob="2" ent_type="" head="2" lemma="Richtung" orig_paragraph="6" orth="Richtung" pos="NOUN" prefix="R" shape="Xxxxx" suffix="ung" tag="NN" />
    </node>
    <node ID="0.10" type="Word">
      <attributes paragraph="1" paragraph_position="10" text="nicht" />
      <extra dep="advmod" ent_iob="2" ent_type="" head="1" lemma="nicht" orig_paragraph="6" orth="nicht" pos="PART" prefix="n" shape="xxxx" suffix="cht" tag="CARD" />
    </node>
    <node ID="0.11" type="Word">
      <attributes paragraph="1" paragraph_position="11" text="ge&#228;ndert" />
      <extra dep="ccomp" ent_iob="2" ent_type="" head="-8" lemma="&#228;ndern" orig_paragraph="6" orth="ge&#228;ndert" pos="VERB" prefix="g" shape="xxxx" suffix="ert" tag="VVPP" />
    </node>
    <node ID="0.12" type="Word">
      <attributes paragraph="1" paragraph_position="12" text="hatte" />
      <extra dep="aux" ent_iob="2" ent_type="" head="-1" lemma="haben" orig_paragraph="6" orth="hatte" pos="AUX" prefix="h" shape="xxxx" suffix="tte" tag="VAFIN" />
    </node>
    <node ID="0.13" type="Punctuation">
      <attributes paragraph="1" paragraph_position="13" text="." />
      <extra dep="punct" ent_iob="2" ent_type="" head="-10" lemma="." orig_paragraph="6" orth="." pos="PUNCT" prefix="." shape="." suffix="." tag="$." />
    </node>
  </layer>
  <layer layerID="1">
    <attributes />
    <node ID="1.1" type="FN">
      <attributes />
      <edge toID="1.2" type="H">
        <attributes />
        <category tag="H" />
      </edge>
    </node>
    <node ID="1.2" type="FN">
      <attributes />
      <edge toID="1.3" type="A">
        <attributes />
        <category tag="A" />
      </edge>
      <edge toID="1.4" type="P">
        <attributes />
        <category tag="P" />
      </edge>
      <edge toID="1.5" type="U">
        <attributes />
        <category tag="U" />
      </edge>
      <edge toID="1.6" type="A">
        <attributes />
        <category tag="A" />
      </edge>
    </node>
    <node ID="1.3" type="FN">
      <attributes />
      <edge toID="1.7" type="E">
        <attributes />
        <category tag="E" />
      </edge>
      <edge toID="1.8" type="C">
        <attributes />
        <category tag="C" />
      </edge>
    </node>
    <node ID="1.4" type="FN">
      <attributes />
      <edge toID="0.3" type="Terminal">
        <attributes />
        <category tag="Terminal" />
      </edge>
    </node>
    <node ID="1.5" type="PNCT">
      <attributes />
      <edge toID="0.4" type="Terminal">
        <attributes />
        <category tag="Terminal" />
      </edge>
    </node>
    <node ID="1.6" type="FN">
      <attributes />
      <edge toID="1.9" type="R">
        <attributes />
        <category tag="R" />
      </edge>
      <edge toID="1.10" type="A">
        <attributes />
        <category tag="A" />
      </edge>
      <edge toID="1.11" type="A">
        <attributes />
        <category tag="A" />
      </edge>
      <edge toID="1.12" type="D">
        <attributes />
        <category tag="D" />
      </edge>
      <edge toID="1.13" type="P">
        <attributes />
        <category tag="P" />
      </edge>
      <edge toID="1.14" type="F">
        <attributes />
        <category tag="F" />
      </edge>
      <edge toID="1.15" type="U">
        <attributes />
        <category tag="U" />
      </edge>
    </node>
    <node ID="1.7" type="FN">
      <attributes />
      <edge toID="0.1" type="Terminal">
        <attributes />
        <category tag="Terminal" />
      </edge>
    </node>
    <node ID="1.8" type="FN">
      <attributes />
      <edge toID="0.2" type="Terminal">
        <attributes />
        <category tag="Terminal" />
      </edge>
    </node>
    <node ID="1.9" type="FN">
      <attributes />
      <edge toID="0.5" type="Terminal">
        <attributes />
        <category tag="Terminal" />
      </edge>
    </node>
    <node ID="1.10" type="FN">
      <attributes />
      <edge toID="1.16" type="E">
        <attributes />
        <category tag="E" />
      </edge>
      <edge toID="1.17" type="C">
        <attributes />
        <category tag="C" />
      </edge>
    </node>
    <node ID="1.11" type="FN">
      <attributes />
      <edge toID="1.18" type="E">
        <attributes />
        <category tag="E" />
      </edge>
      <edge toID="1.19" type="C">
        <attributes />
        <category tag="C" />
      </edge>
    </node>
    <node ID="1.12" type="FN">
      <attributes />
      <edge toID="0.10" type="Terminal">
        <attributes />
        <category tag="Terminal" />
      </edge>
    </node>
    <node ID="1.13" type="FN">
      <attributes />
      <edge toID="0.11" type="Terminal">
        <attributes />
        <category tag="Terminal" />
      </edge>
    </node>
    <node ID="1.14" type="FN">
      <attributes />
      <edge toID="0.12" type="Terminal">
        <attributes />
        <category tag="Terminal" />
      </edge>
    </node>
    <node ID="1.15" type="PNCT">
      <attributes />
      <edge toID="0.13" type="Terminal">
        <attributes />
        <category tag="Terminal" />
      </edge>
    </node>
    <node ID="1.16" type="FN">
      <attributes />
      <edge toID="0.6" type="Terminal">
        <attributes />
        <category tag="Terminal" />
      </edge>
    </node>
    <node ID="1.17" type="FN">
      <attributes />
      <edge toID="0.7" type="Terminal">
        <attributes />
        <category tag="Terminal" />
      </edge>
    </node>
    <node ID="1.18" type="FN">
      <attributes />
      <edge toID="0.8" type="Terminal">
        <attributes />
        <category tag="Terminal" />
      </edge>
    </node>
    <node ID="1.19" type="FN">
      <attributes />
      <edge toID="0.9" type="Terminal">
        <attributes />
        <category tag="Terminal" />
      </edge>
    </node>
  </layer>
</root>
