<root annotationID="0" passageID="25832007">
  <attributes />
  <extra format="ucca" />
  <layer layerID="0">
    <attributes />
    <extra doc="[[[3486284719029796640, 5817815807927905559, 7235388517181998261, 89, 0, 2, 4814769781414241312, 1, 16072095006890171862, 12290980237632234855, 11197236520932772837], [10359793157285173398, 10359793157285173398, 15308085513773655218, 91, 0, 2, 426, 1, 16072095006890171862, 12290980237632234855, 16646542238782333180], [8282852486945296113, null, 13528910128642776055, 99, 0, 2, 445, 0, 13110060611322374290, 15598372446745583797, 18156557601795085805], [12646065887601541794, 12646065887601541794, 17404231807887051932, 96, 0, 2, 442, -1, 12646065887601541794, 12646065887601541794, 12646065887601541794]], [], [], [], [], [], [], [], [], [], [], [], []]" />
    <node ID="0.1" type="Word">
      <attributes paragraph="1" paragraph_position="1" text="Seine" />
      <extra dep="det:poss" ent_iob="2" ent_type="" head="1" lemma="sein" orig_paragraph="4" orth="Seine" pos="DET" prefix="S" shape="Xxxxx" suffix="ine" tag="PPOSAT" />
    </node>
    <node ID="0.2" type="Word">
      <attributes paragraph="1" paragraph_position="2" text="Stimme" />
      <extra dep="nsubj" ent_iob="2" ent_type="" head="1" lemma="Stimme" orig_paragraph="4" orth="Stimme" pos="NOUN" prefix="S" shape="Xxxxx" suffix="mme" tag="NN" />
    </node>
    <node ID="0.3" type="Word">
      <attributes paragraph="1" paragraph_position="3" text="br&#252;llte" />
      <extra dep="root" ent_iob="2" ent_type="" head="0" lemma="br&#252;llen" orig_paragraph="4" orth="br&#252;llte" pos="VERB" prefix="b" shape="xxxx" suffix="lte" tag="VMFIN" />
    </node>
    <node ID="0.4" type="Punctuation">
      <attributes paragraph="1" paragraph_position="4" text="." />
      <extra dep="punct" ent_iob="2" ent_type="" head="-1" lemma="." orig_paragraph="4" orth="." pos="PUNCT" prefix="." shape="." suffix="." tag="$." />
    </node>
  </layer>
  <layer layerID="1">
    <attributes />
    <node ID="1.1" type="FN">
      <attributes />
      <edge toID="1.2" type="H">
        <attributes />
        <category tag="H" />
      </edge>
    </node>
    <node ID="1.2" type="FN">
      <attributes />
      <edge toID="1.3" type="A">
        <attributes />
        <category tag="A" />
      </edge>
      <edge toID="1.4" type="P">
        <attributes />
        <category tag="P" />
      </edge>
      <edge toID="1.5" type="U">
        <attributes />
        <category tag="U" />
      </edge>
    </node>
    <node ID="1.3" type="FN">
      <attributes />
      <edge toID="1.6" type="E">
        <attributes />
        <category tag="E" />
      </edge>
      <edge toID="1.7" type="C">
        <attributes />
        <category tag="C" />
      </edge>
    </node>
    <node ID="1.4" type="FN">
      <attributes />
      <edge toID="0.3" type="Terminal">
        <attributes />
        <category tag="Terminal" />
      </edge>
    </node>
    <node ID="1.5" type="PNCT">
      <attributes />
      <edge toID="0.4" type="Terminal">
        <attributes />
        <category tag="Terminal" />
      </edge>
    </node>
    <node ID="1.6" type="FN">
      <attributes />
      <edge toID="0.1" type="Terminal">
        <attributes />
        <category tag="Terminal" />
      </edge>
    </node>
    <node ID="1.7" type="FN">
      <attributes />
      <edge toID="0.2" type="Terminal">
        <attributes />
        <category tag="Terminal" />
      </edge>
    </node>
  </layer>
</root>
