<root annotationID="0" passageID="25832001">
  <attributes />
  <extra format="ucca" />
  <layer layerID="0">
    <attributes />
    <extra doc="[[[9739302657816088396, 9739302657816088396, 17274946937384965927, 83, 4317129024397789502, 3, 399, 1, 18200729499220207786, 10850957288794122991, 9739302657816088396], [731233208058718707, 731233208058718707, 15308085513773655218, 91, 4317129024397789502, 1, 426, 1, 10887629174180191697, 10603054956214495369, 2283656566040971221], [14575505891264308407, 15947168306010179542, 10675845091474465339, 99, 0, 2, 445, 0, 13110060611322374290, 13210364986222294696, 8837164897341598238], [5817815807927905559, 5817815807927905559, 7235388517181998261, 89, 0, 2, 4814769781414241312, 1, 13110060611322374290, 16978132545290669629, 15192908731043726583], [14211088835745010650, 14211088835745010650, 15308085513773655218, 91, 0, 2, 431, -2, 16072095006890171862, 5582244037879929967, 12877438759000667980], [2593208677638477497, 2593208677638477497, 12261388825712162116, 96, 0, 2, 442, -3, 2593208677638477497, 2593208677638477497, 2593208677638477497], [13153274011942891345, 13153274011942891345, 6924587217302933779, 84, 0, 2, 420, 6, 4370460163704169311, 12247454108283186160, 13153274011942891345], [10343076919720641053, 10343076919720641053, 9330139752921481772, 94, 0, 2, 431, 5, 4370460163704169311, 1720370409040345145, 10343076919720641053], [3002984154512732771, 3002984154512732771, 6794885307917495400, 84, 0, 2, 8110129090154140942, 2, 4370460163704169311, 5097672513440128799, 3002984154512732771], [9250722957692387333, 9250722957692387333, 6406657664862290459, 89, 0, 2, 412, 1, 4088098365541558500, 8148669997605808657, 9250722957692387333], [10026669896718027242, 10026669896718027242, 15308085513773655218, 91, 0, 2, 432, 2, 10887629174180191697, 10603054956214495369, 18195359075218998714], [12508082737821923009, 12508082737821923009, 17274946937384965927, 93, 0, 2, 420, 1, 4370460163704169311, 7187156974425934, 12508082737821923009], [16112537101102120959, 16112537101102120959, 17274946937384965927, 99, 0, 2, 396, -10, 13110060611322374290, 16978132545290669629, 11090586419576673076], [12646065887601541794, 12646065887601541794, 17404231807887051932, 96, 0, 2, 442, -11, 12646065887601541794, 12646065887601541794, 12646065887601541794]], [], [], [], [], [], [], [], [], [], [], [], []]" />
    <node ID="0.1" type="Word">
      <attributes paragraph="1" paragraph_position="1" text="Ned" />
      <extra dep="amod" ent_iob="3" ent_type="PER" head="1" lemma="Ned" orig_paragraph="2" orth="Ned" pos="ADJ" prefix="N" shape="Xxx" suffix="Ned" tag="NE" />
    </node>
    <node ID="0.2" type="Word">
      <attributes paragraph="1" paragraph_position="2" text="Land" />
      <extra dep="nsubj" ent_iob="1" ent_type="PER" head="1" lemma="Land" orig_paragraph="2" orth="Land" pos="NOUN" prefix="L" shape="Xxxx" suffix="and" tag="NN" />
    </node>
    <node ID="0.3" type="Word">
      <attributes paragraph="1" paragraph_position="3" text="nahm" />
      <extra dep="root" ent_iob="2" ent_type="" head="0" lemma="nehmen" orig_paragraph="2" orth="nahm" pos="VERB" prefix="n" shape="xxxx" suffix="ahm" tag="VVFIN" />
    </node>
    <node ID="0.4" type="Word">
      <attributes paragraph="1" paragraph_position="4" text="sein" />
      <extra dep="det:poss" ent_iob="2" ent_type="" head="1" lemma="sein" orig_paragraph="2" orth="sein" pos="DET" prefix="s" shape="xxxx" suffix="ein" tag="PPOSAT" />
    </node>
    <node ID="0.5" type="Word">
      <attributes paragraph="1" paragraph_position="5" text="Taschentuch" />
      <extra dep="obj" ent_iob="2" ent_type="" head="-2" lemma="Taschentuch" orig_paragraph="2" orth="Taschentuch" pos="NOUN" prefix="T" shape="Xxxxx" suffix="uch" tag="NN" />
    </node>
    <node ID="0.6" type="Punctuation">
      <attributes paragraph="1" paragraph_position="6" text="," />
      <extra dep="punct" ent_iob="2" ent_type="" head="-3" lemma="," orig_paragraph="2" orth="," pos="PUNCT" prefix="," shape="," suffix="," tag="$," />
    </node>
    <node ID="0.7" type="Word">
      <attributes paragraph="1" paragraph_position="7" text="um" />
      <extra dep="mark" ent_iob="2" ent_type="" head="6" lemma="um" orig_paragraph="2" orth="um" pos="ADP" prefix="u" shape="xx" suffix="um" tag="KOUI" />
    </node>
    <node ID="0.8" type="Word">
      <attributes paragraph="1" paragraph_position="8" text="es" />
      <extra dep="obj" ent_iob="2" ent_type="" head="5" lemma="es" orig_paragraph="2" orth="es" pos="PRON" prefix="e" shape="xx" suffix="es" tag="PPER" />
    </node>
    <node ID="0.9" type="Word">
      <attributes paragraph="1" paragraph_position="9" text="in" />
      <extra dep="case" ent_iob="2" ent_type="" head="2" lemma="in" orig_paragraph="2" orth="in" pos="ADP" prefix="i" shape="xx" suffix="in" tag="APPR" />
    </node>
    <node ID="0.10" type="Word">
      <attributes paragraph="1" paragraph_position="10" text="der" />
      <extra dep="det" ent_iob="2" ent_type="" head="1" lemma="der" orig_paragraph="2" orth="der" pos="DET" prefix="d" shape="xxx" suffix="der" tag="ART" />
    </node>
    <node ID="0.11" type="Word">
      <attributes paragraph="1" paragraph_position="11" text="Luft" />
      <extra dep="obl" ent_iob="2" ent_type="" head="2" lemma="Luft" orig_paragraph="2" orth="Luft" pos="NOUN" prefix="L" shape="Xxxx" suffix="uft" tag="NN" />
    </node>
    <node ID="0.12" type="Word">
      <attributes paragraph="1" paragraph_position="12" text="zu" />
      <extra dep="mark" ent_iob="2" ent_type="" head="1" lemma="zu" orig_paragraph="2" orth="zu" pos="PART" prefix="z" shape="xx" suffix="zu" tag="NE" />
    </node>
    <node ID="0.13" type="Word">
      <attributes paragraph="1" paragraph_position="13" text="schwingen" />
      <extra dep="advcl" ent_iob="2" ent_type="" head="-10" lemma="schwingen" orig_paragraph="2" orth="schwingen" pos="VERB" prefix="s" shape="xxxx" suffix="gen" tag="NE" />
    </node>
    <node ID="0.14" type="Punctuation">
      <attributes paragraph="1" paragraph_position="14" text="." />
      <extra dep="punct" ent_iob="2" ent_type="" head="-11" lemma="." orig_paragraph="2" orth="." pos="PUNCT" prefix="." shape="." suffix="." tag="$." />
    </node>
  </layer>
  <layer layerID="1">
    <attributes />
    <node ID="1.1" type="FN">
      <attributes />
      <edge toID="1.2" type="H">
        <attributes />
        <category tag="H" />
      </edge>
      <edge toID="1.3" type="U">
        <attributes />
        <category tag="U" />
      </edge>
      <edge toID="1.4" type="L">
        <attributes />
        <category tag="L" />
      </edge>
      <edge toID="1.5" type="H">
        <attributes />
        <category tag="H" />
      </edge>
    </node>
    <node ID="1.2" type="FN">
      <attributes />
      <edge toID="1.6" type="A">
        <attributes />
        <category tag="A" />
      </edge>
      <edge toID="1.7" type="P">
        <attributes />
        <category tag="P" />
      </edge>
      <edge toID="1.8" type="A">
        <attributes />
        <category tag="A" />
      </edge>
    </node>
    <node ID="1.3" type="PNCT">
      <attributes />
      <edge toID="0.6" type="Terminal">
        <attributes />
        <category tag="Terminal" />
      </edge>
    </node>
    <node ID="1.4" type="FN">
      <attributes />
      <edge toID="0.7" type="Terminal">
        <attributes />
        <category tag="Terminal" />
      </edge>
    </node>
    <node ID="1.5" type="FN">
      <attributes />
      <edge toID="1.6" type="A">
        <attributes remote="True" />
        <category tag="A" />
      </edge>
      <edge toID="1.9" type="A">
        <attributes />
        <category tag="A" />
      </edge>
      <edge toID="1.10" type="A">
        <attributes />
        <category tag="A" />
      </edge>
      <edge toID="1.11" type="F">
        <attributes />
        <category tag="F" />
      </edge>
      <edge toID="1.12" type="P">
        <attributes />
        <category tag="P" />
      </edge>
      <edge toID="1.13" type="U">
        <attributes />
        <category tag="U" />
      </edge>
    </node>
    <node ID="1.6" type="FN">
      <attributes />
      <edge toID="0.1" type="Terminal">
        <attributes />
        <category tag="Terminal" />
      </edge>
      <edge toID="0.2" type="Terminal">
        <attributes />
        <category tag="Terminal" />
      </edge>
    </node>
    <node ID="1.7" type="FN">
      <attributes />
      <edge toID="0.3" type="Terminal">
        <attributes />
        <category tag="Terminal" />
      </edge>
    </node>
    <node ID="1.8" type="FN">
      <attributes />
      <edge toID="1.14" type="E">
        <attributes />
        <category tag="E" />
      </edge>
      <edge toID="1.15" type="C">
        <attributes />
        <category tag="C" />
      </edge>
    </node>
    <node ID="1.9" type="FN">
      <attributes />
      <edge toID="0.8" type="Terminal">
        <attributes />
        <category tag="Terminal" />
      </edge>
    </node>
    <node ID="1.10" type="FN">
      <attributes />
      <edge toID="1.16" type="R">
        <attributes />
        <category tag="R" />
      </edge>
      <edge toID="1.17" type="E">
        <attributes />
        <category tag="E" />
      </edge>
      <edge toID="1.18" type="C">
        <attributes />
        <category tag="C" />
      </edge>
    </node>
    <node ID="1.11" type="FN">
      <attributes />
      <edge toID="0.12" type="Terminal">
        <attributes />
        <category tag="Terminal" />
      </edge>
    </node>
    <node ID="1.12" type="FN">
      <attributes />
      <edge toID="0.13" type="Terminal">
        <attributes />
        <category tag="Terminal" />
      </edge>
    </node>
    <node ID="1.13" type="PNCT">
      <attributes />
      <edge toID="0.14" type="Terminal">
        <attributes />
        <category tag="Terminal" />
      </edge>
    </node>
    <node ID="1.14" type="FN">
      <attributes />
      <edge toID="0.4" type="Terminal">
        <attributes />
        <category tag="Terminal" />
      </edge>
    </node>
    <node ID="1.15" type="FN">
      <attributes />
      <edge toID="0.5" type="Terminal">
        <attributes />
        <category tag="Terminal" />
      </edge>
    </node>
    <node ID="1.16" type="FN">
      <attributes />
      <edge toID="0.9" type="Terminal">
        <attributes />
        <category tag="Terminal" />
      </edge>
    </node>
    <node ID="1.17" type="FN">
      <attributes />
      <edge toID="0.10" type="Terminal">
        <attributes />
        <category tag="Terminal" />
      </edge>
    </node>
    <node ID="1.18" type="FN">
      <attributes />
      <edge toID="0.11" type="Terminal">
        <attributes />
        <category tag="Terminal" />
      </edge>
    </node>
  </layer>
</root>
