<root annotationID="0" passageID="25836023">
  <attributes />
  <extra format="ucca" />
  <layer layerID="0">
    <attributes />
    <extra doc="[[[9153284864653046197, 9153284864653046197, 2532279993560548391, 96, 0, 2, 442, 1, 9153284864653046197, 9153284864653046197, 9153284864653046197], [3408742654402179944, 3408742654402179944, 85, 91, 0, 2, 426, 1, 16072095006890171862, 8804677687338025421, 5864527961345014045], [11679347315224039073, 13585861330720263484, 10675845091474465339, 99, 0, 2, 445, 0, 4088098365541558500, 7187156974425934, 11679347315224039073], [15528541230100913379, 5864527961345014045, 9330139752921481772, 94, 0, 2, 431, -1, 13110060611322374290, 646772771845179972, 5864527961345014045], [16428057658620181782, 10343076919720641053, 9330139752921481772, 94, 0, 2, 426, -2, 3155823383004454315, 11221368173670222813, 16428057658620181782], [15099054000809333061, 15099054000809333061, 6794885307917495400, 84, 0, 2, 8110129090154140942, 2, 4370460163704169311, 11901859001352538922, 15099054000809333061], [2666547246678678851, 9250722957692387333, 6406657664862290459, 89, 0, 2, 412, 1, 4088098365541558500, 8148669997605808657, 2666547246678678851], [1071390534469441222, 1071390534469441222, 15308085513773655218, 91, 381, 3, 432, -5, 16072095006890171862, 9148987913859918431, 16111258787187009011], [17494803046312582752, 17494803046312582752, 17404231807887051932, 96, 381, 1, 442, -6, 17494803046312582752, 17494803046312582752, 17494803046312582752]], [], [], [], [], [], [], [], []]" />
    <node ID="0.1" type="Punctuation">
      <attributes paragraph="1" paragraph_position="1" text="-" />
      <extra dep="punct" ent_iob="2" ent_type="" head="1" lemma="-" orig_paragraph="8" orth="-" pos="PUNCT" prefix="-" shape="-" suffix="-" tag="$(" />
    </node>
    <node ID="0.2" type="Word">
      <attributes paragraph="1" paragraph_position="2" text="Unwiderstehlich" />
      <extra dep="nsubj" ent_iob="2" ent_type="" head="1" lemma="Unwiderstehlich" orig_paragraph="8" orth="Unwiderstehlich" pos="NOUN" prefix="U" shape="Xxxxx" suffix="ich" tag="ADV" />
    </node>
    <node ID="0.3" type="Word">
      <attributes paragraph="1" paragraph_position="3" text="zog" />
      <extra dep="root" ent_iob="2" ent_type="" head="0" lemma="ziehen" orig_paragraph="8" orth="zog" pos="VERB" prefix="z" shape="xxx" suffix="zog" tag="VVFIN" />
    </node>
    <node ID="0.4" type="Word">
      <attributes paragraph="1" paragraph_position="4" text="mich" />
      <extra dep="obj" ent_iob="2" ent_type="" head="-1" lemma="ich" orig_paragraph="8" orth="mich" pos="PRON" prefix="m" shape="xxxx" suffix="ich" tag="PPER" />
    </node>
    <node ID="0.5" type="Word">
      <attributes paragraph="1" paragraph_position="5" text="'s" />
      <extra dep="nsubj" ent_iob="2" ent_type="" head="-2" lemma="es" orig_paragraph="8" orth="'s" pos="PRON" prefix="'" shape="'x" suffix="'s" tag="PPER" />
    </node>
    <node ID="0.6" type="Word">
      <attributes paragraph="1" paragraph_position="6" text="an" />
      <extra dep="case" ent_iob="2" ent_type="" head="2" lemma="an" orig_paragraph="8" orth="an" pos="ADP" prefix="a" shape="xx" suffix="an" tag="APPR" />
    </node>
    <node ID="0.7" type="Word">
      <attributes paragraph="1" paragraph_position="7" text="das" />
      <extra dep="det" ent_iob="2" ent_type="" head="1" lemma="der" orig_paragraph="8" orth="das" pos="DET" prefix="d" shape="xxx" suffix="das" tag="ART" />
    </node>
    <node ID="0.8" type="Word">
      <attributes paragraph="1" paragraph_position="8" text="Fenster" />
      <extra dep="obl" ent_iob="3" ent_type="ORG" head="-5" lemma="Fenster" orig_paragraph="8" orth="Fenster" pos="NOUN" prefix="F" shape="Xxxxx" suffix="ter" tag="NN" />
    </node>
    <node ID="0.9" type="Punctuation">
      <attributes paragraph="1" paragraph_position="9" text="!" />
      <extra dep="punct" ent_iob="1" ent_type="ORG" head="-6" lemma="!" orig_paragraph="8" orth="!" pos="PUNCT" prefix="!" shape="!" suffix="!" tag="$." />
    </node>
  </layer>
  <layer layerID="1">
    <attributes />
    <node ID="1.1" type="FN">
      <attributes />
      <edge toID="1.2" type="U">
        <attributes />
        <category tag="U" />
      </edge>
      <edge toID="1.3" type="H">
        <attributes />
        <category tag="H" />
      </edge>
    </node>
    <node ID="1.2" type="PNCT">
      <attributes />
      <edge toID="0.1" type="Terminal">
        <attributes />
        <category tag="Terminal" />
      </edge>
    </node>
    <node ID="1.3" type="FN">
      <attributes />
      <edge toID="1.4" type="A">
        <attributes />
        <category tag="A" />
      </edge>
      <edge toID="1.5" type="P">
        <attributes />
        <category tag="P" />
      </edge>
      <edge toID="1.6" type="A">
        <attributes />
        <category tag="A" />
      </edge>
      <edge toID="1.7" type="A">
        <attributes />
        <category tag="A" />
      </edge>
      <edge toID="1.8" type="A">
        <attributes />
        <category tag="A" />
      </edge>
    </node>
    <node ID="1.4" type="FN">
      <attributes />
      <edge toID="0.2" type="Terminal">
        <attributes />
        <category tag="Terminal" />
      </edge>
    </node>
    <node ID="1.5" type="FN">
      <attributes />
      <edge toID="0.3" type="Terminal">
        <attributes />
        <category tag="Terminal" />
      </edge>
    </node>
    <node ID="1.6" type="FN">
      <attributes />
      <edge toID="0.4" type="Terminal">
        <attributes />
        <category tag="Terminal" />
      </edge>
    </node>
    <node ID="1.7" type="FN">
      <attributes />
      <edge toID="0.5" type="Terminal">
        <attributes />
        <category tag="Terminal" />
      </edge>
    </node>
    <node ID="1.8" type="FN">
      <attributes />
      <edge toID="1.9" type="R">
        <attributes />
        <category tag="R" />
      </edge>
      <edge toID="1.10" type="E">
        <attributes />
        <category tag="E" />
      </edge>
      <edge toID="1.11" type="C">
        <attributes />
        <category tag="C" />
      </edge>
      <edge toID="1.12" type="U">
        <attributes />
        <category tag="U" />
      </edge>
    </node>
    <node ID="1.9" type="FN">
      <attributes />
      <edge toID="0.6" type="Terminal">
        <attributes />
        <category tag="Terminal" />
      </edge>
    </node>
    <node ID="1.10" type="FN">
      <attributes />
      <edge toID="0.7" type="Terminal">
        <attributes />
        <category tag="Terminal" />
      </edge>
    </node>
    <node ID="1.11" type="FN">
      <attributes />
      <edge toID="0.8" type="Terminal">
        <attributes />
        <category tag="Terminal" />
      </edge>
    </node>
    <node ID="1.12" type="PNCT">
      <attributes />
      <edge toID="0.9" type="Terminal">
        <attributes />
        <category tag="Terminal" />
      </edge>
    </node>
  </layer>
</root>
