<root annotationID="0" passageID="25833019">
  <attributes />
  <extra format="ucca" />
  <layer layerID="0">
    <attributes />
    <extra doc="[[[4732614314772344171, 15610264216305626631, 2550391404972115923, 88, 0, 2, 404, 2, 10887629174180191697, 14862748245026736845, 8529155809759507800], [5864527961345014045, 5864527961345014045, 9330139752921481772, 94, 0, 2, 426, 1, 4088098365541558500, 5097672513440128799, 5864527961345014045], [5218199566914660295, 2479014303761381782, 16459489951230957934, 99, 0, 2, 402, 4, 13110060611322374290, 15817570140490810055, 4932520593635672838], [16957618830852774490, 9250722957692387333, 6406657664862290459, 89, 0, 2, 412, 1, 4088098365541558500, 8148669997605808657, 16957618830852774490], [13392642364380995863, 13392642364380995863, 15308085513773655218, 91, 0, 2, 431, 2, 16072095006890171862, 8656007278630577320, 11459100825914725836], [10863929253297917431, 10863929253297917431, 85, 85, 0, 2, 397, 1, 13110060611322374290, 15917291556903334389, 15443832168369792683], [17010399341652639237, null, 11856006255221940381, 83, 0, 2, 445, 0, 13110060611322374290, 11901859001352538922, 412], [2593208677638477497, 2593208677638477497, 12261388825712162116, 96, 0, 2, 442, -1, 2593208677638477497, 2593208677638477497, 2593208677638477497], [9727125788672890116, 9727125788672890116, 2550391404972115923, 97, 0, 2, 420, 3, 4088098365541558500, 11901859001352538922, 9727125788672890116], [16042591547380249544, 16042591547380249544, 9330139752921481772, 94, 0, 2, 426, 2, 4370460163704169311, 1720370409040345145, 16042591547380249544], [14241077603889048080, 5864527961345014045, 9330139752921481772, 94, 0, 2, 419, 1, 4088098365541558500, 646772771845179972, 14241077603889048080], [7143561954678031453, null, 17015325344306543250, 91, 0, 2, 396, -5, 16072095006890171862, 12290980237632234855, 11090586419576673076], [11154889962749962295, 11154889962749962295, 10675845091474465339, 88, 0, 2, 408, -1, 13110060611322374290, 11901859001352538922, 5150143848157582698], [11532473245541075862, 11532473245541075862, 17404231807887051932, 96, 0, 2, 442, -7, 11532473245541075862, 11532473245541075862, 11532473245541075862]], [], [], [], [], [], [], [], []]" />
    <node ID="0.1" type="Word">
      <attributes paragraph="1" paragraph_position="1" text="Aber" />
      <extra dep="cc" ent_iob="2" ent_type="" head="2" lemma="aber" orig_paragraph="8" orth="Aber" pos="CCONJ" prefix="A" shape="Xxxx" suffix="ber" tag="KON" />
    </node>
    <node ID="0.2" type="Word">
      <attributes paragraph="1" paragraph_position="2" text="ich" />
      <extra dep="nsubj" ent_iob="2" ent_type="" head="1" lemma="ich" orig_paragraph="8" orth="ich" pos="PRON" prefix="i" shape="xxx" suffix="ich" tag="PPER" />
    </node>
    <node ID="0.3" type="Word">
      <attributes paragraph="1" paragraph_position="3" text="hatte" />
      <extra dep="aux" ent_iob="2" ent_type="" head="4" lemma="haben" orig_paragraph="8" orth="hatte" pos="VERB" prefix="h" shape="xxxx" suffix="tte" tag="VAFIN" />
    </node>
    <node ID="0.4" type="Word">
      <attributes paragraph="1" paragraph_position="4" text="den" />
      <extra dep="det" ent_iob="2" ent_type="" head="1" lemma="der" orig_paragraph="8" orth="den" pos="DET" prefix="d" shape="xxx" suffix="den" tag="ART" />
    </node>
    <node ID="0.5" type="Word">
      <attributes paragraph="1" paragraph_position="5" text="Kapit&#228;n" />
      <extra dep="obj" ent_iob="2" ent_type="" head="2" lemma="Kapit&#228;n" orig_paragraph="8" orth="Kapit&#228;n" pos="NOUN" prefix="K" shape="Xxxxx" suffix="t&#228;n" tag="NN" />
    </node>
    <node ID="0.6" type="Word">
      <attributes paragraph="1" paragraph_position="6" text="kaum" />
      <extra dep="advmod" ent_iob="2" ent_type="" head="1" lemma="kaum" orig_paragraph="8" orth="kaum" pos="ADV" prefix="k" shape="xxxx" suffix="aum" tag="ADV" />
    </node>
    <node ID="0.7" type="Word">
      <attributes paragraph="1" paragraph_position="7" text="angeredet" />
      <extra dep="root" ent_iob="2" ent_type="" head="-4" lemma="angereden" orig_paragraph="8" orth="angeredet" pos="ADJ" prefix="a" shape="xxxx" suffix="det" tag="ADJD" />
    </node>
    <node ID="0.8" type="Punctuation">
      <attributes paragraph="1" paragraph_position="8" text="," />
      <extra dep="punct" ent_iob="2" ent_type="" head="-1" lemma="," orig_paragraph="8" orth="," pos="PUNCT" prefix="," shape="," suffix="," tag="$," />
    </node>
    <node ID="0.9" type="Word">
      <attributes paragraph="1" paragraph_position="9" text="als" />
      <extra dep="mark" ent_iob="2" ent_type="" head="3" lemma="als" orig_paragraph="8" orth="als" pos="SCONJ" prefix="a" shape="xxx" suffix="als" tag="KON" />
    </node>
    <node ID="0.10" type="Word">
      <attributes paragraph="1" paragraph_position="10" text="er" />
      <extra dep="nsubj" ent_iob="2" ent_type="" head="2" lemma="er" orig_paragraph="8" orth="er" pos="PRON" prefix="e" shape="xx" suffix="er" tag="PPER" />
    </node>
    <node ID="0.11" type="Word">
      <attributes paragraph="1" paragraph_position="11" text="mir" />
      <extra dep="iobj" ent_iob="2" ent_type="" head="1" lemma="ich" orig_paragraph="8" orth="mir" pos="PRON" prefix="m" shape="xxx" suffix="mir" tag="PPER" />
    </node>
    <node ID="0.12" type="Word">
      <attributes paragraph="1" paragraph_position="12" text="Schweigen" />
      <extra dep="advcl" ent_iob="2" ent_type="" head="-5" lemma="schweige" orig_paragraph="8" orth="Schweigen" pos="NOUN" prefix="S" shape="Xxxxx" suffix="gen" tag="VVINF" />
    </node>
    <node ID="0.13" type="Word">
      <attributes paragraph="1" paragraph_position="13" text="anbefahl" />
      <extra dep="cop" ent_iob="2" ent_type="" head="-1" lemma="anbefahl" orig_paragraph="8" orth="anbefahl" pos="CCONJ" prefix="a" shape="xxxx" suffix="ahl" tag="VVFIN" />
    </node>
    <node ID="0.14" type="Punctuation">
      <attributes paragraph="1" paragraph_position="14" text=":" />
      <extra dep="punct" ent_iob="2" ent_type="" head="-7" lemma=":" orig_paragraph="8" orth=":" pos="PUNCT" prefix=":" shape=":" suffix=":" tag="$." />
    </node>
  </layer>
  <layer layerID="1">
    <attributes />
    <node ID="1.1" type="FN">
      <attributes />
      <edge toID="1.2" type="L">
        <attributes />
        <category tag="L" />
      </edge>
      <edge toID="1.3" type="H">
        <attributes />
        <category tag="H" />
      </edge>
      <edge toID="1.4" type="U">
        <attributes />
        <category tag="U" />
      </edge>
      <edge toID="1.5" type="L">
        <attributes />
        <category tag="L" />
      </edge>
      <edge toID="1.6" type="H">
        <attributes />
        <category tag="H" />
      </edge>
    </node>
    <node ID="1.2" type="FN">
      <attributes />
      <edge toID="0.1" type="Terminal">
        <attributes />
        <category tag="Terminal" />
      </edge>
    </node>
    <node ID="1.3" type="FN">
      <attributes />
      <edge toID="1.7" type="A">
        <attributes />
        <category tag="A" />
      </edge>
      <edge toID="1.8" type="F">
        <attributes />
        <category tag="F" />
      </edge>
      <edge toID="1.9" type="A">
        <attributes />
        <category tag="A" />
      </edge>
      <edge toID="1.10" type="D">
        <attributes />
        <category tag="D" />
      </edge>
      <edge toID="1.11" type="P">
        <attributes />
        <category tag="P" />
      </edge>
    </node>
    <node ID="1.4" type="PNCT">
      <attributes />
      <edge toID="0.8" type="Terminal">
        <attributes />
        <category tag="Terminal" />
      </edge>
    </node>
    <node ID="1.5" type="FN">
      <attributes />
      <edge toID="0.9" type="Terminal">
        <attributes />
        <category tag="Terminal" />
      </edge>
    </node>
    <node ID="1.6" type="FN">
      <attributes />
      <edge toID="1.12" type="A">
        <attributes />
        <category tag="A" />
      </edge>
      <edge toID="1.13" type="A">
        <attributes />
        <category tag="A" />
      </edge>
      <edge toID="1.14" type="P">
        <attributes />
        <category tag="P" />
      </edge>
      <edge toID="1.15" type="D">
        <attributes />
        <category tag="D" />
      </edge>
      <edge toID="1.16" type="U">
        <attributes />
        <category tag="U" />
      </edge>
    </node>
    <node ID="1.7" type="FN">
      <attributes />
      <edge toID="0.2" type="Terminal">
        <attributes />
        <category tag="Terminal" />
      </edge>
    </node>
    <node ID="1.8" type="FN">
      <attributes />
      <edge toID="0.3" type="Terminal">
        <attributes />
        <category tag="Terminal" />
      </edge>
    </node>
    <node ID="1.9" type="FN">
      <attributes />
      <edge toID="1.17" type="E">
        <attributes />
        <category tag="E" />
      </edge>
      <edge toID="1.18" type="C">
        <attributes />
        <category tag="C" />
      </edge>
    </node>
    <node ID="1.10" type="FN">
      <attributes />
      <edge toID="0.6" type="Terminal">
        <attributes />
        <category tag="Terminal" />
      </edge>
    </node>
    <node ID="1.11" type="FN">
      <attributes />
      <edge toID="0.7" type="Terminal">
        <attributes />
        <category tag="Terminal" />
      </edge>
    </node>
    <node ID="1.12" type="FN">
      <attributes />
      <edge toID="0.10" type="Terminal">
        <attributes />
        <category tag="Terminal" />
      </edge>
    </node>
    <node ID="1.13" type="FN">
      <attributes />
      <edge toID="0.11" type="Terminal">
        <attributes />
        <category tag="Terminal" />
      </edge>
    </node>
    <node ID="1.14" type="FN">
      <attributes />
      <edge toID="0.12" type="Terminal">
        <attributes />
        <category tag="Terminal" />
      </edge>
    </node>
    <node ID="1.15" type="FN">
      <attributes />
      <edge toID="0.13" type="Terminal">
        <attributes />
        <category tag="Terminal" />
      </edge>
    </node>
    <node ID="1.16" type="PNCT">
      <attributes />
      <edge toID="0.14" type="Terminal">
        <attributes />
        <category tag="Terminal" />
      </edge>
    </node>
    <node ID="1.17" type="FN">
      <attributes />
      <edge toID="0.4" type="Terminal">
        <attributes />
        <category tag="Terminal" />
      </edge>
    </node>
    <node ID="1.18" type="FN">
      <attributes />
      <edge toID="0.5" type="Terminal">
        <attributes />
        <category tag="Terminal" />
      </edge>
    </node>
  </layer>
</root>
