<root annotationID="0" passageID="25833007">
  <attributes />
  <extra format="ucca" />
  <layer layerID="0">
    <attributes />
    <extra doc="[[[3126701799202552694, 5864527961345014045, 9330139752921481772, 94, 0, 2, 426, 1, 18200729499220207786, 4690420944186131903, 3126701799202552694], [6292844293264864059, 13851756645724982237, 10675845091474465339, 99, 0, 2, 445, 0, 13110060611322374290, 6217145520856553898, 7679303661980345986], [5637129507635152071, 5637129507635152071, 15308085513773655218, 85, 0, 2, 397, -1, 13110060611322374290, 260667111241363922, 9250722957692387333], [205941294864397889, 205941294864397889, 6794885307917495400, 84, 0, 2, 8110129090154140942, 2, 4088098365541558500, 11901859001352538922, 205941294864397889], [7570793064135359215, 7570793064135359215, 7235388517181998261, 89, 0, 2, 4814769781414241312, 1, 13110060611322374290, 646772771845179972, 15192908731043726583], [15145988540310873045, 15145988540310873045, 15308085513773655218, 91, 0, 2, 432, -4, 16072095006890171862, 7173976090571422945, 14417343938296032250], [12646065887601541794, 12646065887601541794, 17404231807887051932, 96, 0, 2, 442, -5, 12646065887601541794, 12646065887601541794, 12646065887601541794]], [], [], [], [], [], [], [], []]" />
    <node ID="0.1" type="Word">
      <attributes paragraph="1" paragraph_position="1" text="Ich" />
      <extra dep="nsubj" ent_iob="2" ent_type="" head="1" lemma="ich" orig_paragraph="6" orth="Ich" pos="PRON" prefix="I" shape="Xxx" suffix="Ich" tag="PPER" />
    </node>
    <node ID="0.2" type="Word">
      <attributes paragraph="1" paragraph_position="2" text="ging" />
      <extra dep="root" ent_iob="2" ent_type="" head="0" lemma="gehen" orig_paragraph="6" orth="ging" pos="VERB" prefix="g" shape="xxxx" suffix="ing" tag="VVFIN" />
    </node>
    <node ID="0.3" type="Word">
      <attributes paragraph="1" paragraph_position="3" text="wieder" />
      <extra dep="advmod" ent_iob="2" ent_type="" head="-1" lemma="wieder" orig_paragraph="6" orth="wieder" pos="ADV" prefix="w" shape="xxxx" suffix="der" tag="NN" />
    </node>
    <node ID="0.4" type="Word">
      <attributes paragraph="1" paragraph_position="4" text="auf" />
      <extra dep="case" ent_iob="2" ent_type="" head="2" lemma="auf" orig_paragraph="6" orth="auf" pos="ADP" prefix="a" shape="xxx" suffix="auf" tag="APPR" />
    </node>
    <node ID="0.5" type="Word">
      <attributes paragraph="1" paragraph_position="5" text="mein" />
      <extra dep="det:poss" ent_iob="2" ent_type="" head="1" lemma="mein" orig_paragraph="6" orth="mein" pos="DET" prefix="m" shape="xxxx" suffix="ein" tag="PPOSAT" />
    </node>
    <node ID="0.6" type="Word">
      <attributes paragraph="1" paragraph_position="6" text="Zimmer" />
      <extra dep="obl" ent_iob="2" ent_type="" head="-4" lemma="Zimmer" orig_paragraph="6" orth="Zimmer" pos="NOUN" prefix="Z" shape="Xxxxx" suffix="mer" tag="NN" />
    </node>
    <node ID="0.7" type="Punctuation">
      <attributes paragraph="1" paragraph_position="7" text="." />
      <extra dep="punct" ent_iob="2" ent_type="" head="-5" lemma="." orig_paragraph="6" orth="." pos="PUNCT" prefix="." shape="." suffix="." tag="$." />
    </node>
  </layer>
  <layer layerID="1">
    <attributes />
    <node ID="1.1" type="FN">
      <attributes />
      <edge toID="1.2" type="H">
        <attributes />
        <category tag="H" />
      </edge>
    </node>
    <node ID="1.2" type="FN">
      <attributes />
      <edge toID="1.3" type="A">
        <attributes />
        <category tag="A" />
      </edge>
      <edge toID="1.4" type="P">
        <attributes />
        <category tag="P" />
      </edge>
      <edge toID="1.5" type="D">
        <attributes />
        <category tag="D" />
      </edge>
      <edge toID="1.6" type="A">
        <attributes />
        <category tag="A" />
      </edge>
    </node>
    <node ID="1.3" type="FN">
      <attributes />
      <edge toID="0.1" type="Terminal">
        <attributes />
        <category tag="Terminal" />
      </edge>
    </node>
    <node ID="1.4" type="FN">
      <attributes />
      <edge toID="0.2" type="Terminal">
        <attributes />
        <category tag="Terminal" />
      </edge>
    </node>
    <node ID="1.5" type="FN">
      <attributes />
      <edge toID="0.3" type="Terminal">
        <attributes />
        <category tag="Terminal" />
      </edge>
    </node>
    <node ID="1.6" type="FN">
      <attributes />
      <edge toID="1.7" type="R">
        <attributes />
        <category tag="R" />
      </edge>
      <edge toID="1.8" type="E">
        <attributes />
        <category tag="E" />
      </edge>
      <edge toID="1.9" type="C">
        <attributes />
        <category tag="C" />
      </edge>
      <edge toID="1.10" type="U">
        <attributes />
        <category tag="U" />
      </edge>
    </node>
    <node ID="1.7" type="FN">
      <attributes />
      <edge toID="0.4" type="Terminal">
        <attributes />
        <category tag="Terminal" />
      </edge>
    </node>
    <node ID="1.8" type="FN">
      <attributes />
      <edge toID="0.5" type="Terminal">
        <attributes />
        <category tag="Terminal" />
      </edge>
    </node>
    <node ID="1.9" type="FN">
      <attributes />
      <edge toID="0.6" type="Terminal">
        <attributes />
        <category tag="Terminal" />
      </edge>
    </node>
    <node ID="1.10" type="PNCT">
      <attributes />
      <edge toID="0.7" type="Terminal">
        <attributes />
        <category tag="Terminal" />
      </edge>
    </node>
  </layer>
</root>
