<root annotationID="0" passageID="25836014">
  <attributes />
  <extra format="ucca" />
  <layer layerID="0">
    <attributes />
    <extra doc="[[[13392642364380995863, 13392642364380995863, 15308085513773655218, 95, 0, 2, 426, 2, 16072095006890171862, 8656007278630577320, 11459100825914725836], [13000630151922783514, 13000630151922783514, 17274946937384965927, 95, 4317129024397789502, 3, 2666271516716718244, -1, 10887629174180191697, 10850957288794122991, 14889502520286857535], [787738723128032474, 12796127194391402302, 10675845091474465339, 99, 0, 2, 445, 0, 13110060611322374290, 15598372446745583797, 2283656566040971221], [16692807490131828156, null, 3443513148085174024, 94, 0, 2, 11966486355189317543, -1, 13110060611322374290, 16978132545290669629, 5864527961345014045], [7393025669590199123, 7393025669590199123, 15042152720043500318, 85, 0, 2, 397, -2, 13110060611322374290, 8148669997605808657, 10166670623385213170], [12646065887601541794, 12646065887601541794, 17404231807887051932, 96, 0, 2, 442, -3, 12646065887601541794, 12646065887601541794, 12646065887601541794]], [], [], [], [], [], [], [], []]" />
    <node ID="0.1" type="Word">
      <attributes paragraph="1" paragraph_position="1" text="Kapit&#228;n" />
      <extra dep="nsubj" ent_iob="2" ent_type="" head="2" lemma="Kapit&#228;n" orig_paragraph="5" orth="Kapit&#228;n" pos="PROPN" prefix="K" shape="Xxxxx" suffix="t&#228;n" tag="NN" />
    </node>
    <node ID="0.2" type="Word">
      <attributes paragraph="1" paragraph_position="2" text="Nemo" />
      <extra dep="flat" ent_iob="3" ent_type="PER" head="-1" lemma="Nemo" orig_paragraph="5" orth="Nemo" pos="PROPN" prefix="N" shape="Xxxx" suffix="emo" tag="NE" />
    </node>
    <node ID="0.3" type="Word">
      <attributes paragraph="1" paragraph_position="3" text="befand" />
      <extra dep="root" ent_iob="2" ent_type="" head="0" lemma="befinden" orig_paragraph="5" orth="befand" pos="VERB" prefix="b" shape="xxxx" suffix="and" tag="VVFIN" />
    </node>
    <node ID="0.4" type="Word">
      <attributes paragraph="1" paragraph_position="4" text="sich" />
      <extra dep="expl:pv" ent_iob="2" ent_type="" head="-1" lemma="er|es|sie" orig_paragraph="5" orth="sich" pos="PRON" prefix="s" shape="xxxx" suffix="ich" tag="PRF" />
    </node>
    <node ID="0.5" type="Word">
      <attributes paragraph="1" paragraph_position="5" text="darin" />
      <extra dep="advmod" ent_iob="2" ent_type="" head="-2" lemma="darin" orig_paragraph="5" orth="darin" pos="ADV" prefix="d" shape="xxxx" suffix="rin" tag="PAV" />
    </node>
    <node ID="0.6" type="Punctuation">
      <attributes paragraph="1" paragraph_position="6" text="." />
      <extra dep="punct" ent_iob="2" ent_type="" head="-3" lemma="." orig_paragraph="5" orth="." pos="PUNCT" prefix="." shape="." suffix="." tag="$." />
    </node>
  </layer>
  <layer layerID="1">
    <attributes />
    <node ID="1.1" type="FN">
      <attributes />
      <edge toID="1.2" type="H">
        <attributes />
        <category tag="H" />
      </edge>
    </node>
    <node ID="1.2" type="FN">
      <attributes />
      <edge toID="1.3" type="A">
        <attributes />
        <category tag="A" />
      </edge>
      <edge toID="1.4" type="S">
        <attributes />
        <category tag="S" />
      </edge>
      <edge toID="1.5" type="A">
        <attributes />
        <category tag="A" />
      </edge>
      <edge toID="1.6" type="U">
        <attributes />
        <category tag="U" />
      </edge>
    </node>
    <node ID="1.3" type="FN">
      <attributes />
      <edge toID="1.7" type="E">
        <attributes />
        <category tag="E" />
      </edge>
      <edge toID="1.8" type="C">
        <attributes />
        <category tag="C" />
      </edge>
    </node>
    <node ID="1.4" type="FN">
      <attributes />
      <edge toID="0.3" type="Terminal">
        <attributes />
        <category tag="Terminal" />
      </edge>
      <edge toID="0.4" type="Terminal">
        <attributes />
        <category tag="Terminal" />
      </edge>
    </node>
    <node ID="1.5" type="FN">
      <attributes />
      <edge toID="0.5" type="Terminal">
        <attributes />
        <category tag="Terminal" />
      </edge>
    </node>
    <node ID="1.6" type="PNCT">
      <attributes />
      <edge toID="0.6" type="Terminal">
        <attributes />
        <category tag="Terminal" />
      </edge>
    </node>
    <node ID="1.7" type="FN">
      <attributes />
      <edge toID="0.1" type="Terminal">
        <attributes />
        <category tag="Terminal" />
      </edge>
    </node>
    <node ID="1.8" type="FN">
      <attributes />
      <edge toID="0.2" type="Terminal">
        <attributes />
        <category tag="Terminal" />
      </edge>
    </node>
  </layer>
</root>
