<root annotationID="0" passageID="25836018">
  <attributes />
  <extra format="ucca" />
  <layer layerID="0">
    <attributes />
    <extra doc="[[[12988482944788472338, 9250722957692387333, 6406657664862290459, 89, 0, 2, 412, 1, 18200729499220207786, 3929483993944067416, 12988482944788472338], [8732009671976831038, 8732009671976831038, 15308085513773655218, 91, 0, 2, 426, 6, 16072095006890171862, 10926178514336144719, 10932303134415822462], [1269071886833429403, 5817815807927905559, 85, 86, 0, 2, 408, 5, 4088098365541558500, 260667111241363922, 1269071886833429403], [403527350404785839, 403527350404785839, 6794885307917495400, 84, 0, 2, 8110129090154140942, 2, 4088098365541558500, 646772771845179972, 403527350404785839], [1365739168266013064, 14629385081568250239, 9068901972800807265, 83, 0, 2, 399, 1, 13110060611322374290, 16978132545290669629, 4102664032614683217], [17805438920871912242, 17805438920871912242, 15308085513773655218, 91, 0, 2, 432, 1, 16072095006890171862, 12290980237632234855, 7970704286052693043], [1892663904709262973, 1892663904709262973, 9068901972800807265, 99, 0, 2, 447, 1, 13110060611322374290, 6217145520856553898, 7970704286052693043], [5713074543527668855, 5713074543527668855, 10223029614809230375, 83, 0, 2, 445, 0, 13110060611322374290, 15598372446745583797, 12041111466454894430], [3002984154512732771, 3002984154512732771, 6794885307917495400, 84, 0, 2, 8110129090154140942, 2, 4370460163704169311, 5097672513440128799, 3002984154512732771], [16828155905572164080, 16828155905572164080, 9068901972800807265, 83, 0, 2, 399, 1, 13110060611322374290, 12247454108283186160, 1493767276839627183], [1428375457454505343, 1428375457454505343, 15308085513773655218, 91, 0, 2, 423, -3, 16072095006890171862, 14230521632333904559, 15480957645181813644], [12646065887601541794, 12646065887601541794, 17404231807887051932, 96, 0, 2, 442, -4, 12646065887601541794, 12646065887601541794, 12646065887601541794]], [], [], [], [], [], [], [], []]" />
    <node ID="0.1" type="Word">
      <attributes paragraph="1" paragraph_position="1" text="Das" />
      <extra dep="det" ent_iob="2" ent_type="" head="1" lemma="der" orig_paragraph="6" orth="Das" pos="DET" prefix="D" shape="Xxx" suffix="Das" tag="ART" />
    </node>
    <node ID="0.2" type="Word">
      <attributes paragraph="1" paragraph_position="2" text="Verdeck" />
      <extra dep="nsubj" ent_iob="2" ent_type="" head="6" lemma="Verdeck" orig_paragraph="6" orth="Verdeck" pos="NOUN" prefix="V" shape="Xxxxx" suffix="eck" tag="NN" />
    </node>
    <node ID="0.3" type="Word">
      <attributes paragraph="1" paragraph_position="3" text="war" />
      <extra dep="cop" ent_iob="2" ent_type="" head="5" lemma="sein" orig_paragraph="6" orth="war" pos="AUX" prefix="w" shape="xxx" suffix="war" tag="ADV" />
    </node>
    <node ID="0.4" type="Word">
      <attributes paragraph="1" paragraph_position="4" text="mit" />
      <extra dep="case" ent_iob="2" ent_type="" head="2" lemma="mit" orig_paragraph="6" orth="mit" pos="ADP" prefix="m" shape="xxx" suffix="mit" tag="APPR" />
    </node>
    <node ID="0.5" type="Word">
      <attributes paragraph="1" paragraph_position="5" text="schwarzen" />
      <extra dep="amod" ent_iob="2" ent_type="" head="1" lemma="schwarz" orig_paragraph="6" orth="schwarzen" pos="ADJ" prefix="s" shape="xxxx" suffix="zen" tag="ADJA" />
    </node>
    <node ID="0.6" type="Word">
      <attributes paragraph="1" paragraph_position="6" text="Schatten" />
      <extra dep="obl" ent_iob="2" ent_type="" head="1" lemma="Schatten" orig_paragraph="6" orth="Schatten" pos="NOUN" prefix="S" shape="Xxxxx" suffix="ten" tag="NN" />
    </node>
    <node ID="0.7" type="Word">
      <attributes paragraph="1" paragraph_position="7" text="gestalten" />
      <extra dep="acl" ent_iob="2" ent_type="" head="1" lemma="gestalten" orig_paragraph="6" orth="gestalten" pos="VERB" prefix="g" shape="xxxx" suffix="ten" tag="ADJA" />
    </node>
    <node ID="0.8" type="Word">
      <attributes paragraph="1" paragraph_position="8" text="bedeckt" />
      <extra dep="root" ent_iob="2" ent_type="" head="-5" lemma="bedeckt" orig_paragraph="6" orth="bedeckt" pos="ADJ" prefix="b" shape="xxxx" suffix="ckt" tag="VVPP" />
    </node>
    <node ID="0.9" type="Word">
      <attributes paragraph="1" paragraph_position="9" text="in" />
      <extra dep="case" ent_iob="2" ent_type="" head="2" lemma="in" orig_paragraph="6" orth="in" pos="ADP" prefix="i" shape="xx" suffix="in" tag="APPR" />
    </node>
    <node ID="0.10" type="Word">
      <attributes paragraph="1" paragraph_position="10" text="unruhiger" />
      <extra dep="amod" ent_iob="2" ent_type="" head="1" lemma="unruhiger" orig_paragraph="6" orth="unruhiger" pos="ADJ" prefix="u" shape="xxxx" suffix="ger" tag="ADJA" />
    </node>
    <node ID="0.11" type="Word">
      <attributes paragraph="1" paragraph_position="11" text="Bewegung" />
      <extra dep="nmod" ent_iob="2" ent_type="" head="-3" lemma="Bewegung" orig_paragraph="6" orth="Bewegung" pos="NOUN" prefix="B" shape="Xxxxx" suffix="ung" tag="NN" />
    </node>
    <node ID="0.12" type="Punctuation">
      <attributes paragraph="1" paragraph_position="12" text="." />
      <extra dep="punct" ent_iob="2" ent_type="" head="-4" lemma="." orig_paragraph="6" orth="." pos="PUNCT" prefix="." shape="." suffix="." tag="$." />
    </node>
  </layer>
  <layer layerID="1">
    <attributes />
    <node ID="1.1" type="FN">
      <attributes />
      <edge toID="1.2" type="H">
        <attributes />
        <category tag="H" />
      </edge>
    </node>
    <node ID="1.2" type="FN">
      <attributes />
      <edge toID="1.3" type="A">
        <attributes />
        <category tag="A" />
      </edge>
      <edge toID="1.4" type="F">
        <attributes />
        <category tag="F" />
      </edge>
      <edge toID="1.5" type="A">
        <attributes />
        <category tag="A" />
      </edge>
      <edge toID="1.6" type="S">
        <attributes />
        <category tag="S" />
      </edge>
      <edge toID="1.7" type="A">
        <attributes />
        <category tag="A" />
      </edge>
    </node>
    <node ID="1.3" type="FN">
      <attributes />
      <edge toID="1.8" type="E">
        <attributes />
        <category tag="E" />
      </edge>
      <edge toID="1.9" type="C">
        <attributes />
        <category tag="C" />
      </edge>
    </node>
    <node ID="1.4" type="FN">
      <attributes />
      <edge toID="0.3" type="Terminal">
        <attributes />
        <category tag="Terminal" />
      </edge>
    </node>
    <node ID="1.5" type="FN">
      <attributes />
      <edge toID="1.10" type="R">
        <attributes />
        <category tag="R" />
      </edge>
      <edge toID="1.11" type="E">
        <attributes />
        <category tag="E" />
      </edge>
      <edge toID="1.12" type="E">
        <attributes />
        <category tag="E" />
      </edge>
      <edge toID="1.13" type="C">
        <attributes />
        <category tag="C" />
      </edge>
    </node>
    <node ID="1.6" type="FN">
      <attributes />
      <edge toID="0.8" type="Terminal">
        <attributes />
        <category tag="Terminal" />
      </edge>
    </node>
    <node ID="1.7" type="FN">
      <attributes />
      <edge toID="1.14" type="R">
        <attributes />
        <category tag="R" />
      </edge>
      <edge toID="1.15" type="E">
        <attributes />
        <category tag="E" />
      </edge>
      <edge toID="1.16" type="C">
        <attributes />
        <category tag="C" />
      </edge>
      <edge toID="1.17" type="U">
        <attributes />
        <category tag="U" />
      </edge>
    </node>
    <node ID="1.8" type="FN">
      <attributes />
      <edge toID="0.1" type="Terminal">
        <attributes />
        <category tag="Terminal" />
      </edge>
    </node>
    <node ID="1.9" type="FN">
      <attributes />
      <edge toID="0.2" type="Terminal">
        <attributes />
        <category tag="Terminal" />
      </edge>
    </node>
    <node ID="1.10" type="FN">
      <attributes />
      <edge toID="0.4" type="Terminal">
        <attributes />
        <category tag="Terminal" />
      </edge>
    </node>
    <node ID="1.11" type="FN">
      <attributes />
      <edge toID="0.5" type="Terminal">
        <attributes />
        <category tag="Terminal" />
      </edge>
    </node>
    <node ID="1.12" type="FN">
      <attributes />
      <edge toID="0.6" type="Terminal">
        <attributes />
        <category tag="Terminal" />
      </edge>
    </node>
    <node ID="1.13" type="FN">
      <attributes />
      <edge toID="0.7" type="Terminal">
        <attributes />
        <category tag="Terminal" />
      </edge>
    </node>
    <node ID="1.14" type="FN">
      <attributes />
      <edge toID="0.9" type="Terminal">
        <attributes />
        <category tag="Terminal" />
      </edge>
    </node>
    <node ID="1.15" type="FN">
      <attributes />
      <edge toID="0.10" type="Terminal">
        <attributes />
        <category tag="Terminal" />
      </edge>
    </node>
    <node ID="1.16" type="FN">
      <attributes />
      <edge toID="0.11" type="Terminal">
        <attributes />
        <category tag="Terminal" />
      </edge>
    </node>
    <node ID="1.17" type="PNCT">
      <attributes />
      <edge toID="0.12" type="Terminal">
        <attributes />
        <category tag="Terminal" />
      </edge>
    </node>
  </layer>
</root>
