<root annotationID="0" passageID="25837022">
  <attributes />
  <extra format="ucca" />
  <layer layerID="0">
    <attributes />
    <extra doc="[[[18359238256410643017, 16042591547380249544, 9330139752921481772, 94, 0, 2, 426, 2, 12204527652707022206, 9391737413944127320, 18359238256410643017], [1269071886833429403, 5817815807927905559, 85, 86, 0, 2, 408, 1, 4088098365541558500, 260667111241363922, 1269071886833429403], [7506023985408436133, 7506023985408436133, 11856006255221940381, 83, 0, 2, 445, 0, 13110060611322374290, 2985121464356781022, 13619076340639482504], [12646065887601541794, 12646065887601541794, 17404231807887051932, 96, 0, 2, 442, -1, 12646065887601541794, 12646065887601541794, 12646065887601541794]], [], [], [], [], [], [], [], [], [], []]" />
    <node ID="0.1" type="Word">
      <attributes paragraph="1" paragraph_position="1" text="Er" />
      <extra dep="nsubj" ent_iob="2" ent_type="" head="2" lemma="er" orig_paragraph="7" orth="Er" pos="PRON" prefix="E" shape="Xx" suffix="Er" tag="PPER" />
    </node>
    <node ID="0.2" type="Word">
      <attributes paragraph="1" paragraph_position="2" text="war" />
      <extra dep="cop" ent_iob="2" ent_type="" head="1" lemma="sein" orig_paragraph="7" orth="war" pos="AUX" prefix="w" shape="xxx" suffix="war" tag="ADV" />
    </node>
    <node ID="0.3" type="Word">
      <attributes paragraph="1" paragraph_position="3" text="leer" />
      <extra dep="root" ent_iob="2" ent_type="" head="-1" lemma="leer" orig_paragraph="7" orth="leer" pos="ADJ" prefix="l" shape="xxxx" suffix="eer" tag="ADJD" />
    </node>
    <node ID="0.4" type="Punctuation">
      <attributes paragraph="1" paragraph_position="4" text="." />
      <extra dep="punct" ent_iob="2" ent_type="" head="-1" lemma="." orig_paragraph="7" orth="." pos="PUNCT" prefix="." shape="." suffix="." tag="$." />
    </node>
  </layer>
  <layer layerID="1">
    <attributes />
    <node ID="1.1" type="FN">
      <attributes />
      <edge toID="1.2" type="H">
        <attributes />
        <category tag="H" />
      </edge>
    </node>
    <node ID="1.2" type="FN">
      <attributes />
      <edge toID="1.3" type="A">
        <attributes />
        <category tag="A" />
      </edge>
      <edge toID="1.4" type="F">
        <attributes />
        <category tag="F" />
      </edge>
      <edge toID="1.5" type="S">
        <attributes />
        <category tag="S" />
      </edge>
      <edge toID="1.6" type="U">
        <attributes />
        <category tag="U" />
      </edge>
    </node>
    <node ID="1.3" type="FN">
      <attributes />
      <edge toID="0.1" type="Terminal">
        <attributes />
        <category tag="Terminal" />
      </edge>
    </node>
    <node ID="1.4" type="FN">
      <attributes />
      <edge toID="0.2" type="Terminal">
        <attributes />
        <category tag="Terminal" />
      </edge>
    </node>
    <node ID="1.5" type="FN">
      <attributes />
      <edge toID="0.3" type="Terminal">
        <attributes />
        <category tag="Terminal" />
      </edge>
    </node>
    <node ID="1.6" type="PNCT">
      <attributes />
      <edge toID="0.4" type="Terminal">
        <attributes />
        <category tag="Terminal" />
      </edge>
    </node>
  </layer>
</root>
