<root annotationID="0" passageID="25835017">
  <attributes />
  <extra format="ucca" />
  <layer layerID="0">
    <attributes />
    <extra doc="[[[6245235275672532050, 9250722957692387333, 6406657664862290459, 89, 0, 2, 412, 1, 18200729499220207786, 3929483993944067416, 6245235275672532050], [11963987016619060676, 11963987016619060676, 15308085513773655218, 91, 383, 3, 426, 1, 16072095006890171862, 8656007278630577320, 14983792334920777924], [17083871692815996760, 4991537109031241289, 10675845091474465339, 99, 0, 2, 445, 0, 13110060611322374290, 16978132545290669629, 7055521553618189483], [13368494300058071469, 13368494300058071469, 17274946937384965927, 85, 0, 2, 397, -1, 4088098365541558500, 7187156974425934, 13368494300058071469], [9879084000853747553, 9879084000853747553, 17274946937384965927, 91, 0, 2, 431, -2, 16072095006890171862, 5582244037879929967, 3909495350060621900], [2593208677638477497, 2593208677638477497, 12261388825712162116, 96, 0, 2, 442, 3, 2593208677638477497, 2593208677638477497, 2593208677638477497], [15610264216305626631, 15610264216305626631, 2550391404972115923, 88, 0, 2, 404, 2, 13110060611322374290, 11901859001352538922, 8529155809759507800], [5864527961345014045, 5864527961345014045, 9330139752921481772, 94, 0, 2, 426, 1, 4088098365541558500, 5097672513440128799, 5864527961345014045], [12263898243373118503, 5503136459526182741, 10675845091474465339, 99, 0, 2, 407, -6, 13110060611322374290, 15817570140490810055, 1515415327274064001], [1070648429421044067, 16042591547380249544, 9330139752921481772, 94, 0, 2, 431, -1, 4088098365541558500, 5097672513440128799, 1070648429421044067], [13677373747758162751, 13677373747758162751, 9068901972800807265, 85, 0, 2, 2008358639898919775, -2, 13110060611322374290, 7187156974425934, 9541746343601372761], [12646065887601541794, 12646065887601541794, 17404231807887051932, 96, 0, 2, 442, -9, 12646065887601541794, 12646065887601541794, 12646065887601541794]], [], [], [], [], [], [], [], []]" />
    <node ID="0.1" type="Word">
      <attributes paragraph="1" paragraph_position="1" text="Der" />
      <extra dep="det" ent_iob="2" ent_type="" head="1" lemma="der" orig_paragraph="8" orth="Der" pos="DET" prefix="D" shape="Xxx" suffix="Der" tag="ART" />
    </node>
    <node ID="0.2" type="Word">
      <attributes paragraph="1" paragraph_position="2" text="Kanadier" />
      <extra dep="nsubj" ent_iob="3" ent_type="LOC" head="1" lemma="Kanadier" orig_paragraph="8" orth="Kanadier" pos="NOUN" prefix="K" shape="Xxxxx" suffix="ier" tag="NN" />
    </node>
    <node ID="0.3" type="Word">
      <attributes paragraph="1" paragraph_position="3" text="st&#252;rzte" />
      <extra dep="root" ent_iob="2" ent_type="" head="0" lemma="st&#252;rzen" orig_paragraph="8" orth="st&#252;rzte" pos="VERB" prefix="s" shape="xxxx" suffix="zte" tag="VVFIN" />
    </node>
    <node ID="0.4" type="Word">
      <attributes paragraph="1" paragraph_position="4" text="zur" />
      <extra dep="advmod" ent_iob="2" ent_type="" head="-1" lemma="zur" orig_paragraph="8" orth="zur" pos="ADV" prefix="z" shape="xxx" suffix="zur" tag="NE" />
    </node>
    <node ID="0.5" type="Word">
      <attributes paragraph="1" paragraph_position="5" text="Treppe" />
      <extra dep="obj" ent_iob="2" ent_type="" head="-2" lemma="Treppe" orig_paragraph="8" orth="Treppe" pos="NOUN" prefix="T" shape="Xxxxx" suffix="ppe" tag="NE" />
    </node>
    <node ID="0.6" type="Punctuation">
      <attributes paragraph="1" paragraph_position="6" text="," />
      <extra dep="punct" ent_iob="2" ent_type="" head="3" lemma="," orig_paragraph="8" orth="," pos="PUNCT" prefix="," shape="," suffix="," tag="$," />
    </node>
    <node ID="0.7" type="Word">
      <attributes paragraph="1" paragraph_position="7" text="aber" />
      <extra dep="cc" ent_iob="2" ent_type="" head="2" lemma="aber" orig_paragraph="8" orth="aber" pos="CCONJ" prefix="a" shape="xxxx" suffix="ber" tag="KON" />
    </node>
    <node ID="0.8" type="Word">
      <attributes paragraph="1" paragraph_position="8" text="ich" />
      <extra dep="nsubj" ent_iob="2" ent_type="" head="1" lemma="ich" orig_paragraph="8" orth="ich" pos="PRON" prefix="i" shape="xxx" suffix="ich" tag="PPER" />
    </node>
    <node ID="0.9" type="Word">
      <attributes paragraph="1" paragraph_position="9" text="hielt" />
      <extra dep="conj" ent_iob="2" ent_type="" head="-6" lemma="halten" orig_paragraph="8" orth="hielt" pos="VERB" prefix="h" shape="xxxx" suffix="elt" tag="VVFIN" />
    </node>
    <node ID="0.10" type="Word">
      <attributes paragraph="1" paragraph_position="10" text="ihn" />
      <extra dep="obj" ent_iob="2" ent_type="" head="-1" lemma="er" orig_paragraph="8" orth="ihn" pos="PRON" prefix="i" shape="xxx" suffix="ihn" tag="PPER" />
    </node>
    <node ID="0.11" type="Word">
      <attributes paragraph="1" paragraph_position="11" text="zur&#252;ck" />
      <extra dep="compound:prt" ent_iob="2" ent_type="" head="-2" lemma="zur&#252;ck" orig_paragraph="8" orth="zur&#252;ck" pos="ADV" prefix="z" shape="xxxx" suffix="&#252;ck" tag="ADJA" />
    </node>
    <node ID="0.12" type="Punctuation">
      <attributes paragraph="1" paragraph_position="12" text="." />
      <extra dep="punct" ent_iob="2" ent_type="" head="-9" lemma="." orig_paragraph="8" orth="." pos="PUNCT" prefix="." shape="." suffix="." tag="$." />
    </node>
  </layer>
  <layer layerID="1">
    <attributes />
    <node ID="1.1" type="FN">
      <attributes />
      <edge toID="1.2" type="H">
        <attributes />
        <category tag="H" />
      </edge>
      <edge toID="1.3" type="U">
        <attributes />
        <category tag="U" />
      </edge>
      <edge toID="1.4" type="L">
        <attributes />
        <category tag="L" />
      </edge>
      <edge toID="1.5" type="H">
        <attributes />
        <category tag="H" />
      </edge>
    </node>
    <node ID="1.2" type="FN">
      <attributes />
      <edge toID="1.6" type="A">
        <attributes />
        <category tag="A" />
      </edge>
      <edge toID="1.7" type="P">
        <attributes />
        <category tag="P" />
      </edge>
    </node>
    <node ID="1.3" type="PNCT">
      <attributes />
      <edge toID="0.6" type="Terminal">
        <attributes />
        <category tag="Terminal" />
      </edge>
    </node>
    <node ID="1.4" type="FN">
      <attributes />
      <edge toID="0.7" type="Terminal">
        <attributes />
        <category tag="Terminal" />
      </edge>
    </node>
    <node ID="1.5" type="FN">
      <attributes />
      <edge toID="1.8" type="A">
        <attributes />
        <category tag="A" />
      </edge>
      <edge toID="1.9" type="P">
        <attributes />
        <category tag="P" />
      </edge>
      <edge toID="1.10" type="A">
        <attributes />
        <category tag="A" />
      </edge>
      <edge toID="1.11" type="U">
        <attributes />
        <category tag="U" />
      </edge>
    </node>
    <node ID="1.6" type="FN">
      <attributes />
      <edge toID="1.12" type="E">
        <attributes />
        <category tag="E" />
      </edge>
      <edge toID="1.13" type="C">
        <attributes />
        <category tag="C" />
      </edge>
    </node>
    <node ID="1.7" type="FN">
      <attributes />
      <edge toID="0.3" type="Terminal">
        <attributes />
        <category tag="Terminal" />
      </edge>
      <edge toID="0.4" type="Terminal">
        <attributes />
        <category tag="Terminal" />
      </edge>
      <edge toID="0.5" type="Terminal">
        <attributes />
        <category tag="Terminal" />
      </edge>
    </node>
    <node ID="1.8" type="FN">
      <attributes />
      <edge toID="0.8" type="Terminal">
        <attributes />
        <category tag="Terminal" />
      </edge>
    </node>
    <node ID="1.9" type="FN">
      <attributes />
      <edge toID="0.9" type="Terminal">
        <attributes />
        <category tag="Terminal" />
      </edge>
      <edge toID="0.11" type="Terminal">
        <attributes />
        <category tag="Terminal" />
      </edge>
    </node>
    <node ID="1.10" type="FN">
      <attributes />
      <edge toID="0.10" type="Terminal">
        <attributes />
        <category tag="Terminal" />
      </edge>
    </node>
    <node ID="1.11" type="PNCT">
      <attributes />
      <edge toID="0.12" type="Terminal">
        <attributes />
        <category tag="Terminal" />
      </edge>
    </node>
    <node ID="1.12" type="FN">
      <attributes />
      <edge toID="0.1" type="Terminal">
        <attributes />
        <category tag="Terminal" />
      </edge>
    </node>
    <node ID="1.13" type="FN">
      <attributes />
      <edge toID="0.2" type="Terminal">
        <attributes />
        <category tag="Terminal" />
      </edge>
    </node>
  </layer>
</root>
