<root annotationID="0" passageID="25837014">
  <attributes />
  <extra format="ucca" />
  <layer layerID="0">
    <attributes />
    <extra doc="[[[8589056927663122739, 14514933342021323695, 17857398595722964141, 85, 4317129024397789502, 3, 397, 1, 16072095006890171862, 14825646868312541310, 15574269061696679450], [2160248173722116341, null, 11856006255221940381, 99, 0, 2, 445, 0, 13110060611322374290, 13110760720460257827, 18247358610492136166], [2970673695757346899, 15931089041693217225, 5092317722631983890, 94, 0, 2, 412, 1, 13110060611322374290, 8148669997605808657, 940341820454552972], [1512023013332136719, 1512023013332136719, 15308085513773655218, 91, 0, 2, 426, -2, 10887629174180191697, 3209455878668673793, 14112248812604958266], [10611441411687283471, 10611441411687283471, 83277085967274219, 84, 0, 2, 8110129090154140942, 3, 13110060611322374290, 13210364986222294696, 11317294577325307503], [9250722957692387333, 9250722957692387333, 6406657664862290459, 89, 0, 2, 412, 2, 4088098365541558500, 8148669997605808657, 9250722957692387333], [3608456621349577105, null, 9068901972800807265, 83, 0, 2, 399, 1, 13110060611322374290, 6217145520856553898, 7970704286052693043], [9084686974184369615, 9084686974184369615, 15308085513773655218, 91, 0, 2, 432, -6, 16072095006890171862, 16337536289976144572, 13130769157622138839], [310754386200950215, 310754386200950215, 15308085513773655218, 91, 0, 2, 423, -1, 13110060611322374290, 12942299606800070975, 15480957645181813644], [8205403955989537350, 8205403955989537350, 17404231807887051932, 96, 0, 2, 442, -8, 8205403955989537350, 8205403955989537350, 8205403955989537350]], [], [], [], [], [], [], [], [], [], []]" />
    <node ID="0.1" type="Word">
      <attributes paragraph="1" paragraph_position="1" text="Wohin" />
      <extra dep="advmod" ent_iob="3" ent_type="PER" head="1" lemma="wohin" orig_paragraph="5" orth="Wohin" pos="ADV" prefix="W" shape="Xxxxx" suffix="hin" tag="PWAV" />
    </node>
    <node ID="0.2" type="Word">
      <attributes paragraph="1" paragraph_position="2" text="floh" />
      <extra dep="root" ent_iob="2" ent_type="" head="0" lemma="fliehen" orig_paragraph="5" orth="floh" pos="VERB" prefix="f" shape="xxxx" suffix="loh" tag="ADJD" />
    </node>
    <node ID="0.3" type="Word">
      <attributes paragraph="1" paragraph_position="3" text="dieser" />
      <extra dep="det" ent_iob="2" ent_type="" head="1" lemma="dies" orig_paragraph="5" orth="dieser" pos="PRON" prefix="d" shape="xxxx" suffix="ser" tag="PDAT" />
    </node>
    <node ID="0.4" type="Word">
      <attributes paragraph="1" paragraph_position="4" text="Mann" />
      <extra dep="nsubj" ent_iob="2" ent_type="" head="-2" lemma="Mann" orig_paragraph="5" orth="Mann" pos="NOUN" prefix="M" shape="Xxxx" suffix="ann" tag="NN" />
    </node>
    <node ID="0.5" type="Word">
      <attributes paragraph="1" paragraph_position="5" text="nach" />
      <extra dep="case" ent_iob="2" ent_type="" head="3" lemma="nach" orig_paragraph="5" orth="nach" pos="ADP" prefix="n" shape="xxxx" suffix="ach" tag="XY" />
    </node>
    <node ID="0.6" type="Word">
      <attributes paragraph="1" paragraph_position="6" text="der" />
      <extra dep="det" ent_iob="2" ent_type="" head="2" lemma="der" orig_paragraph="5" orth="der" pos="DET" prefix="d" shape="xxx" suffix="der" tag="ART" />
    </node>
    <node ID="0.7" type="Word">
      <attributes paragraph="1" paragraph_position="7" text="grauenhaften" />
      <extra dep="amod" ent_iob="2" ent_type="" head="1" lemma="grauenhaft" orig_paragraph="5" orth="grauenhaften" pos="ADJ" prefix="g" shape="xxxx" suffix="ten" tag="ADJA" />
    </node>
    <node ID="0.8" type="Word">
      <attributes paragraph="1" paragraph_position="8" text="Rache" />
      <extra dep="obl" ent_iob="2" ent_type="" head="-6" lemma="Rache" orig_paragraph="5" orth="Rache" pos="NOUN" prefix="R" shape="Xxxxx" suffix="che" tag="NN" />
    </node>
    <node ID="0.9" type="Word">
      <attributes paragraph="1" paragraph_position="9" text="&#252;bung" />
      <extra dep="nmod" ent_iob="2" ent_type="" head="-1" lemma="&#252;bung" orig_paragraph="5" orth="&#252;bung" pos="NOUN" prefix="&#252;" shape="xxxx" suffix="ung" tag="NN" />
    </node>
    <node ID="0.10" type="Punctuation">
      <attributes paragraph="1" paragraph_position="10" text="?" />
      <extra dep="punct" ent_iob="2" ent_type="" head="-8" lemma="?" orig_paragraph="5" orth="?" pos="PUNCT" prefix="?" shape="?" suffix="?" tag="$." />
    </node>
  </layer>
  <layer layerID="1">
    <attributes />
    <node ID="1.1" type="FN">
      <attributes />
      <edge toID="1.2" type="H">
        <attributes />
        <category tag="H" />
      </edge>
    </node>
    <node ID="1.2" type="FN">
      <attributes />
      <edge toID="1.3" type="A">
        <attributes />
        <category tag="A" />
      </edge>
      <edge toID="1.4" type="P">
        <attributes />
        <category tag="P" />
      </edge>
      <edge toID="1.5" type="A">
        <attributes />
        <category tag="A" />
      </edge>
      <edge toID="1.6" type="A">
        <attributes />
        <category tag="A" />
      </edge>
      <edge toID="1.7" type="A">
        <attributes />
        <category tag="A" />
      </edge>
    </node>
    <node ID="1.3" type="FN">
      <attributes />
      <edge toID="0.1" type="Terminal">
        <attributes />
        <category tag="Terminal" />
      </edge>
    </node>
    <node ID="1.4" type="FN">
      <attributes />
      <edge toID="0.2" type="Terminal">
        <attributes />
        <category tag="Terminal" />
      </edge>
    </node>
    <node ID="1.5" type="FN">
      <attributes />
      <edge toID="1.8" type="E">
        <attributes />
        <category tag="E" />
      </edge>
      <edge toID="1.9" type="C">
        <attributes />
        <category tag="C" />
      </edge>
    </node>
    <node ID="1.6" type="FN">
      <attributes />
      <edge toID="1.10" type="R">
        <attributes />
        <category tag="R" />
      </edge>
      <edge toID="1.11" type="E">
        <attributes />
        <category tag="E" />
      </edge>
      <edge toID="1.12" type="E">
        <attributes />
        <category tag="E" />
      </edge>
      <edge toID="1.13" type="C">
        <attributes />
        <category tag="C" />
      </edge>
    </node>
    <node ID="1.7" type="FN">
      <attributes />
      <edge toID="1.14" type="P">
        <attributes />
        <category tag="P" />
      </edge>
      <edge toID="1.15" type="U">
        <attributes />
        <category tag="U" />
      </edge>
    </node>
    <node ID="1.8" type="FN">
      <attributes />
      <edge toID="0.3" type="Terminal">
        <attributes />
        <category tag="Terminal" />
      </edge>
    </node>
    <node ID="1.9" type="FN">
      <attributes />
      <edge toID="0.4" type="Terminal">
        <attributes />
        <category tag="Terminal" />
      </edge>
    </node>
    <node ID="1.10" type="FN">
      <attributes />
      <edge toID="0.5" type="Terminal">
        <attributes />
        <category tag="Terminal" />
      </edge>
    </node>
    <node ID="1.11" type="FN">
      <attributes />
      <edge toID="0.6" type="Terminal">
        <attributes />
        <category tag="Terminal" />
      </edge>
    </node>
    <node ID="1.12" type="FN">
      <attributes />
      <edge toID="1.13" type="A">
        <attributes remote="True" />
        <category tag="A" />
      </edge>
      <edge toID="1.16" type="S">
        <attributes />
        <category tag="S" />
      </edge>
    </node>
    <node ID="1.13" type="FN">
      <attributes />
      <edge toID="0.8" type="Terminal">
        <attributes />
        <category tag="Terminal" />
      </edge>
    </node>
    <node ID="1.14" type="FN">
      <attributes />
      <edge toID="0.9" type="Terminal">
        <attributes />
        <category tag="Terminal" />
      </edge>
    </node>
    <node ID="1.15" type="PNCT">
      <attributes />
      <edge toID="0.10" type="Terminal">
        <attributes />
        <category tag="Terminal" />
      </edge>
    </node>
    <node ID="1.16" type="FN">
      <attributes />
      <edge toID="0.7" type="Terminal">
        <attributes />
        <category tag="Terminal" />
      </edge>
    </node>
  </layer>
</root>
