<root annotationID="0" passageID="25835004">
  <attributes />
  <extra format="ucca" />
  <layer layerID="0">
    <attributes />
    <extra doc="[[[13392642364380995863, 13392642364380995863, 15308085513773655218, 95, 0, 2, 426, 2, 16072095006890171862, 8656007278630577320, 11459100825914725836], [13000630151922783514, 13000630151922783514, 17274946937384965927, 95, 4317129024397789502, 3, 2666271516716718244, -1, 10887629174180191697, 10850957288794122991, 14889502520286857535], [8313707800834491077, 5513153705242160378, 10675845091474465339, 99, 0, 2, 445, 0, 4088098365541558500, 16978132545290669629, 8313707800834491077], [13323500956662843128, 13323500956662843128, 85, 94, 0, 2, 431, -1, 4088098365541558500, 16978132545290669629, 13323500956662843128], [14913735501962191409, 14913735501962191409, 2689273639941441550, 93, 0, 2, 397, -2, 13110060611322374290, 13210364986222294696, 5462653070606849934], [8322446468904638983, 8322446468904638983, 2689273639941441550, 88, 0, 2, 404, 4, 13110060611322374290, 1489474827855109852, 9250722957692387333], [7532492794259638109, 15573012778503759517, 13528910128642776055, 86, 0, 2, 402, 3, 13110060611322374290, 260667111241363922, 18156557601795085805], [13323500956662843128, 13323500956662843128, 85, 94, 0, 2, 426, 2, 4088098365541558500, 16978132545290669629, 13323500956662843128], [14913735501962191409, 14913735501962191409, 2689273639941441550, 93, 0, 2, 397, 1, 13110060611322374290, 13210364986222294696, 5462653070606849934], [5513153705242160378, 5513153705242160378, 17015325344306543250, 99, 0, 2, 407, -7, 13110060611322374290, 16978132545290669629, 17541118948136595177], [12646065887601541794, 12646065887601541794, 17404231807887051932, 96, 0, 2, 442, -8, 12646065887601541794, 12646065887601541794, 12646065887601541794]], [], [], [], [], [], [], [], []]" />
    <node ID="0.1" type="Word">
      <attributes paragraph="1" paragraph_position="1" text="Kapit&#228;n" />
      <extra dep="nsubj" ent_iob="2" ent_type="" head="2" lemma="Kapit&#228;n" orig_paragraph="2" orth="Kapit&#228;n" pos="PROPN" prefix="K" shape="Xxxxx" suffix="t&#228;n" tag="NN" />
    </node>
    <node ID="0.2" type="Word">
      <attributes paragraph="1" paragraph_position="2" text="Nemo" />
      <extra dep="flat" ent_iob="3" ent_type="PER" head="-1" lemma="Nemo" orig_paragraph="2" orth="Nemo" pos="PROPN" prefix="N" shape="Xxxx" suffix="emo" tag="NE" />
    </node>
    <node ID="0.3" type="Word">
      <attributes paragraph="1" paragraph_position="3" text="sah" />
      <extra dep="root" ent_iob="2" ent_type="" head="0" lemma="sehen" orig_paragraph="2" orth="sah" pos="VERB" prefix="s" shape="xxx" suffix="sah" tag="VVFIN" />
    </node>
    <node ID="0.4" type="Word">
      <attributes paragraph="1" paragraph_position="4" text="sie" />
      <extra dep="obj" ent_iob="2" ent_type="" head="-1" lemma="sie" orig_paragraph="2" orth="sie" pos="PRON" prefix="s" shape="xxx" suffix="sie" tag="ADV" />
    </node>
    <node ID="0.5" type="Word">
      <attributes paragraph="1" paragraph_position="5" text="nicht" />
      <extra dep="advmod" ent_iob="2" ent_type="" head="-2" lemma="nicht" orig_paragraph="2" orth="nicht" pos="PART" prefix="n" shape="xxxx" suffix="cht" tag="CARD" />
    </node>
    <node ID="0.6" type="Word">
      <attributes paragraph="1" paragraph_position="6" text="oder" />
      <extra dep="cc" ent_iob="2" ent_type="" head="4" lemma="oder" orig_paragraph="2" orth="oder" pos="CCONJ" prefix="o" shape="xxxx" suffix="der" tag="CARD" />
    </node>
    <node ID="0.7" type="Word">
      <attributes paragraph="1" paragraph_position="7" text="wollte" />
      <extra dep="aux" ent_iob="2" ent_type="" head="3" lemma="wollen" orig_paragraph="2" orth="wollte" pos="AUX" prefix="w" shape="xxxx" suffix="lte" tag="VMFIN" />
    </node>
    <node ID="0.8" type="Word">
      <attributes paragraph="1" paragraph_position="8" text="sie" />
      <extra dep="nsubj" ent_iob="2" ent_type="" head="2" lemma="sie" orig_paragraph="2" orth="sie" pos="PRON" prefix="s" shape="xxx" suffix="sie" tag="ADV" />
    </node>
    <node ID="0.9" type="Word">
      <attributes paragraph="1" paragraph_position="9" text="nicht" />
      <extra dep="advmod" ent_iob="2" ent_type="" head="1" lemma="nicht" orig_paragraph="2" orth="nicht" pos="PART" prefix="n" shape="xxxx" suffix="cht" tag="CARD" />
    </node>
    <node ID="0.10" type="Word">
      <attributes paragraph="1" paragraph_position="10" text="sehen" />
      <extra dep="conj" ent_iob="2" ent_type="" head="-7" lemma="sehen" orig_paragraph="2" orth="sehen" pos="VERB" prefix="s" shape="xxxx" suffix="hen" tag="VVINF" />
    </node>
    <node ID="0.11" type="Punctuation">
      <attributes paragraph="1" paragraph_position="11" text="." />
      <extra dep="punct" ent_iob="2" ent_type="" head="-8" lemma="." orig_paragraph="2" orth="." pos="PUNCT" prefix="." shape="." suffix="." tag="$." />
    </node>
  </layer>
  <layer layerID="1">
    <attributes />
    <node ID="1.1" type="FN">
      <attributes />
      <edge toID="1.2" type="H">
        <attributes />
        <category tag="H" />
      </edge>
      <edge toID="1.3" type="L">
        <attributes />
        <category tag="L" />
      </edge>
      <edge toID="1.4" type="H">
        <attributes />
        <category tag="H" />
      </edge>
    </node>
    <node ID="1.2" type="FN">
      <attributes />
      <edge toID="1.5" type="A">
        <attributes />
        <category tag="A" />
      </edge>
      <edge toID="1.6" type="P">
        <attributes />
        <category tag="P" />
      </edge>
      <edge toID="1.7" type="A">
        <attributes />
        <category tag="A" />
      </edge>
      <edge toID="1.8" type="D">
        <attributes />
        <category tag="D" />
      </edge>
    </node>
    <node ID="1.3" type="FN">
      <attributes />
      <edge toID="0.6" type="Terminal">
        <attributes />
        <category tag="Terminal" />
      </edge>
    </node>
    <node ID="1.4" type="FN">
      <attributes />
      <edge toID="1.9" type="D">
        <attributes />
        <category tag="D" />
      </edge>
      <edge toID="1.10" type="A">
        <attributes />
        <category tag="A" />
      </edge>
      <edge toID="1.11" type="D">
        <attributes />
        <category tag="D" />
      </edge>
      <edge toID="1.12" type="P">
        <attributes />
        <category tag="P" />
      </edge>
      <edge toID="1.13" type="U">
        <attributes />
        <category tag="U" />
      </edge>
      <edge toID="1.15" type="A">
        <attributes remote="True" />
        <category tag="A" />
      </edge>
    </node>
    <node ID="1.5" type="FN">
      <attributes />
      <edge toID="1.14" type="E">
        <attributes />
        <category tag="E" />
      </edge>
      <edge toID="1.15" type="C">
        <attributes />
        <category tag="C" />
      </edge>
    </node>
    <node ID="1.6" type="FN">
      <attributes />
      <edge toID="0.3" type="Terminal">
        <attributes />
        <category tag="Terminal" />
      </edge>
    </node>
    <node ID="1.7" type="FN">
      <attributes />
      <edge toID="0.4" type="Terminal">
        <attributes />
        <category tag="Terminal" />
      </edge>
    </node>
    <node ID="1.8" type="FN">
      <attributes />
      <edge toID="0.5" type="Terminal">
        <attributes />
        <category tag="Terminal" />
      </edge>
    </node>
    <node ID="1.9" type="FN">
      <attributes />
      <edge toID="0.7" type="Terminal">
        <attributes />
        <category tag="Terminal" />
      </edge>
    </node>
    <node ID="1.10" type="FN">
      <attributes />
      <edge toID="0.8" type="Terminal">
        <attributes />
        <category tag="Terminal" />
      </edge>
    </node>
    <node ID="1.11" type="FN">
      <attributes />
      <edge toID="0.9" type="Terminal">
        <attributes />
        <category tag="Terminal" />
      </edge>
    </node>
    <node ID="1.12" type="FN">
      <attributes />
      <edge toID="0.10" type="Terminal">
        <attributes />
        <category tag="Terminal" />
      </edge>
    </node>
    <node ID="1.13" type="PNCT">
      <attributes />
      <edge toID="0.11" type="Terminal">
        <attributes />
        <category tag="Terminal" />
      </edge>
    </node>
    <node ID="1.14" type="FN">
      <attributes />
      <edge toID="0.1" type="Terminal">
        <attributes />
        <category tag="Terminal" />
      </edge>
    </node>
    <node ID="1.15" type="FN">
      <attributes />
      <edge toID="0.2" type="Terminal">
        <attributes />
        <category tag="Terminal" />
      </edge>
    </node>
  </layer>
</root>
