<root annotationID="0" passageID="25837026">
  <attributes />
  <extra format="ucca" />
  <layer layerID="0">
    <attributes />
    <extra doc="[[[6979465018088041541, 959164148857638496, 11856006255221940381, 95, 0, 2, 411, 1, 12204527652707022206, 14862748245026736845, 6979465018088041541], [4557538634465915108, 4557538634465915108, 15308085513773655218, 91, 0, 2, 432, 7, 16072095006890171862, 14862748245026736845, 18250316222013540736], [18369805585050513643, 2479014303761381782, 16459489951230957934, 86, 0, 2, 402, 6, 13110060611322374290, 15817570140490810055, 7970704286052693043], [772318639904384352, 772318639904384352, 17274946937384965927, 94, 0, 2, 426, 5, 4088098365541558500, 260667111241363922, 772318639904384352], [4266673471014057460, 4266673471014057460, 2689273639941441550, 92, 0, 2, 12837356684637874264, 1, 15814017338663416870, 15180167692696242062, 4266673471014057460], [14863902448155580995, 14863902448155580995, 9068901972800807265, 91, 0, 2, 431, 3, 16072095006890171862, 10603054956214495369, 10776889067363072825], [6923696665978021163, 9250722957692387333, 6406657664862290459, 89, 0, 2, 412, 1, 4088098365541558500, 8148669997605808657, 6923696665978021163], [4097547785070849118, 87849590056195619, 17274946937384965927, 91, 383, 3, 423, -2, 16072095006890171862, 14862748245026736845, 18142261208518066219], [9411379267433579961, null, 10223029614809230375, 99, 0, 2, 445, 0, 13110060611322374290, 7187156974425934, 10965125619949609148], [12646065887601541794, 12646065887601541794, 17404231807887051932, 96, 0, 2, 442, -1, 12646065887601541794, 12646065887601541794, 12646065887601541794]], [], [], [], [], [], [], [], [], [], []]" />
    <node ID="0.1" type="Word">
      <attributes paragraph="1" paragraph_position="1" text="Am" />
      <extra dep="dep" ent_iob="2" ent_type="" head="1" lemma="am" orig_paragraph="9" orth="Am" pos="PROPN" prefix="A" shape="Xx" suffix="Am" tag="ADJD" />
    </node>
    <node ID="0.2" type="Word">
      <attributes paragraph="1" paragraph_position="2" text="Abend" />
      <extra dep="obl" ent_iob="2" ent_type="" head="7" lemma="Abend" orig_paragraph="9" orth="Abend" pos="NOUN" prefix="A" shape="Xxxxx" suffix="end" tag="NN" />
    </node>
    <node ID="0.3" type="Word">
      <attributes paragraph="1" paragraph_position="3" text="hatten" />
      <extra dep="aux" ent_iob="2" ent_type="" head="6" lemma="haben" orig_paragraph="9" orth="hatten" pos="AUX" prefix="h" shape="xxxx" suffix="ten" tag="VAFIN" />
    </node>
    <node ID="0.4" type="Word">
      <attributes paragraph="1" paragraph_position="4" text="wir" />
      <extra dep="nsubj" ent_iob="2" ent_type="" head="5" lemma="wir" orig_paragraph="9" orth="wir" pos="PRON" prefix="w" shape="xxx" suffix="wir" tag="NE" />
    </node>
    <node ID="0.5" type="Word">
      <attributes paragraph="1" paragraph_position="5" text="200" />
      <extra dep="nummod" ent_iob="2" ent_type="" head="1" lemma="200" orig_paragraph="9" orth="200" pos="NUM" prefix="2" shape="ddd" suffix="200" tag="CARD" />
    </node>
    <node ID="0.6" type="Word">
      <attributes paragraph="1" paragraph_position="6" text="Lieue" />
      <extra dep="obj" ent_iob="2" ent_type="" head="3" lemma="Lieue" orig_paragraph="9" orth="Lieue" pos="NOUN" prefix="L" shape="Xxxxx" suffix="eue" tag="ADJA" />
    </node>
    <node ID="0.7" type="Word">
      <attributes paragraph="1" paragraph_position="7" text="des" />
      <extra dep="det" ent_iob="2" ent_type="" head="1" lemma="der" orig_paragraph="9" orth="des" pos="DET" prefix="d" shape="xxx" suffix="des" tag="ART" />
    </node>
    <node ID="0.8" type="Word">
      <attributes paragraph="1" paragraph_position="8" text="Atlantiks" />
      <extra dep="nmod" ent_iob="3" ent_type="LOC" head="-2" lemma="Atlantik" orig_paragraph="9" orth="Atlantiks" pos="NOUN" prefix="A" shape="Xxxxx" suffix="iks" tag="NE" />
    </node>
    <node ID="0.9" type="Word">
      <attributes paragraph="1" paragraph_position="9" text="zur&#252;ckgelegt" />
      <extra dep="root" ent_iob="2" ent_type="" head="-6" lemma="zur&#252;ckgelegen" orig_paragraph="9" orth="zur&#252;ckgelegt" pos="VERB" prefix="z" shape="xxxx" suffix="egt" tag="VVPP" />
    </node>
    <node ID="0.10" type="Punctuation">
      <attributes paragraph="1" paragraph_position="10" text="." />
      <extra dep="punct" ent_iob="2" ent_type="" head="-1" lemma="." orig_paragraph="9" orth="." pos="PUNCT" prefix="." shape="." suffix="." tag="$." />
    </node>
  </layer>
  <layer layerID="1">
    <attributes />
    <node ID="1.1" type="FN">
      <attributes />
      <edge toID="1.2" type="H">
        <attributes />
        <category tag="H" />
      </edge>
    </node>
    <node ID="1.2" type="FN">
      <attributes />
      <edge toID="1.3" type="D">
        <attributes />
        <category tag="D" />
      </edge>
      <edge toID="1.4" type="F">
        <attributes />
        <category tag="F" />
      </edge>
      <edge toID="1.5" type="A">
        <attributes />
        <category tag="A" />
      </edge>
      <edge toID="1.6" type="A">
        <attributes />
        <category tag="A" />
      </edge>
      <edge toID="1.7" type="P">
        <attributes />
        <category tag="P" />
      </edge>
      <edge toID="1.8" type="U">
        <attributes />
        <category tag="U" />
      </edge>
    </node>
    <node ID="1.3" type="FN">
      <attributes />
      <edge toID="1.9" type="R">
        <attributes />
        <category tag="R" />
      </edge>
      <edge toID="1.10" type="C">
        <attributes />
        <category tag="C" />
      </edge>
    </node>
    <node ID="1.4" type="FN">
      <attributes />
      <edge toID="0.3" type="Terminal">
        <attributes />
        <category tag="Terminal" />
      </edge>
    </node>
    <node ID="1.5" type="FN">
      <attributes />
      <edge toID="0.4" type="Terminal">
        <attributes />
        <category tag="Terminal" />
      </edge>
    </node>
    <node ID="1.6" type="FN">
      <attributes />
      <edge toID="1.11" type="E">
        <attributes />
        <category tag="E" />
      </edge>
      <edge toID="1.12" type="C">
        <attributes />
        <category tag="C" />
      </edge>
      <edge toID="1.13" type="E">
        <attributes />
        <category tag="E" />
      </edge>
    </node>
    <node ID="1.7" type="FN">
      <attributes />
      <edge toID="0.9" type="Terminal">
        <attributes />
        <category tag="Terminal" />
      </edge>
    </node>
    <node ID="1.8" type="PNCT">
      <attributes />
      <edge toID="0.10" type="Terminal">
        <attributes />
        <category tag="Terminal" />
      </edge>
    </node>
    <node ID="1.9" type="FN">
      <attributes />
      <edge toID="0.1" type="Terminal">
        <attributes />
        <category tag="Terminal" />
      </edge>
    </node>
    <node ID="1.10" type="FN">
      <attributes />
      <edge toID="0.2" type="Terminal">
        <attributes />
        <category tag="Terminal" />
      </edge>
    </node>
    <node ID="1.11" type="FN">
      <attributes />
      <edge toID="0.5" type="Terminal">
        <attributes />
        <category tag="Terminal" />
      </edge>
    </node>
    <node ID="1.12" type="FN">
      <attributes />
      <edge toID="0.6" type="Terminal">
        <attributes />
        <category tag="Terminal" />
      </edge>
    </node>
    <node ID="1.13" type="FN">
      <attributes />
      <edge toID="1.14" type="R">
        <attributes />
        <category tag="R" />
      </edge>
      <edge toID="1.15" type="C">
        <attributes />
        <category tag="C" />
      </edge>
    </node>
    <node ID="1.14" type="FN">
      <attributes />
      <edge toID="0.7" type="Terminal">
        <attributes />
        <category tag="Terminal" />
      </edge>
    </node>
    <node ID="1.15" type="FN">
      <attributes />
      <edge toID="0.8" type="Terminal">
        <attributes />
        <category tag="Terminal" />
      </edge>
    </node>
  </layer>
</root>
