<root annotationID="0" passageID="25838007">
  <attributes />
  <extra format="ucca" />
  <layer layerID="0">
    <attributes />
    <extra doc="[[[18359238256410643017, 16042591547380249544, 9330139752921481772, 94, 0, 2, 426, 1, 12204527652707022206, 9391737413944127320, 18359238256410643017], [12409092681594591250, null, 10675845091474465339, 99, 0, 2, 445, 0, 13110060611322374290, 12942299606800070975, 13532688261345815723], [1070648429421044067, 16042591547380249544, 9330139752921481772, 94, 0, 2, 431, -1, 4088098365541558500, 5097672513440128799, 1070648429421044067], [16585883120904435569, 16585883120904435569, 15042152720043500318, 85, 0, 2, 397, -2, 13110060611322374290, 8148669997605808657, 4115755726172261197], [10703811948602165497, 429765147627299485, 9111662601877357026, 94, 0, 2, 412, 1, 13110060611322374290, 8565857220533584986, 16957618830852774490], [11135654448830995623, 11135654448830995623, 15308085513773655218, 91, 4317129024397789502, 3, 432, -4, 16072095006890171862, 14862748245026736845, 4162776279516314175], [403527350404785839, 403527350404785839, 6794885307917495400, 84, 0, 2, 8110129090154140942, 1, 4088098365541558500, 646772771845179972, 403527350404785839], [405907563369192368, 405907563369192368, 15308085513773655218, 91, 0, 2, 432, -6, 16072095006890171862, 9350754067018752509, 15480957645181813644], [12646065887601541794, 12646065887601541794, 17404231807887051932, 96, 0, 2, 442, -7, 12646065887601541794, 12646065887601541794, 12646065887601541794]], [], [], [], [], [], [], [], [], [], [], [], [], []]" />
    <node ID="0.1" type="Word">
      <attributes paragraph="1" paragraph_position="1" text="Er" />
      <extra dep="nsubj" ent_iob="2" ent_type="" head="1" lemma="er" orig_paragraph="2" orth="Er" pos="PRON" prefix="E" shape="Xx" suffix="Er" tag="PPER" />
    </node>
    <node ID="0.2" type="Word">
      <attributes paragraph="1" paragraph_position="2" text="&#252;berwachte" />
      <extra dep="root" ent_iob="2" ent_type="" head="0" lemma="&#252;berwachen" orig_paragraph="2" orth="&#252;berwachte" pos="VERB" prefix="&#252;" shape="xxxx" suffix="hte" tag="VVFIN" />
    </node>
    <node ID="0.3" type="Word">
      <attributes paragraph="1" paragraph_position="3" text="ihn" />
      <extra dep="obj" ent_iob="2" ent_type="" head="-1" lemma="er" orig_paragraph="2" orth="ihn" pos="PRON" prefix="i" shape="xxx" suffix="ihn" tag="PPER" />
    </node>
    <node ID="0.4" type="Word">
      <attributes paragraph="1" paragraph_position="4" text="daher" />
      <extra dep="advmod" ent_iob="2" ent_type="" head="-2" lemma="daher" orig_paragraph="2" orth="daher" pos="ADV" prefix="d" shape="xxxx" suffix="her" tag="PAV" />
    </node>
    <node ID="0.5" type="Word">
      <attributes paragraph="1" paragraph_position="5" text="jeden" />
      <extra dep="det" ent_iob="2" ent_type="" head="1" lemma="jed" orig_paragraph="2" orth="jeden" pos="PRON" prefix="j" shape="xxxx" suffix="den" tag="PIAT" />
    </node>
    <node ID="0.6" type="Word">
      <attributes paragraph="1" paragraph_position="6" text="Augenblick" />
      <extra dep="obl" ent_iob="3" ent_type="PER" head="-4" lemma="Augenblick" orig_paragraph="2" orth="Augenblick" pos="NOUN" prefix="A" shape="Xxxxx" suffix="ick" tag="NN" />
    </node>
    <node ID="0.7" type="Word">
      <attributes paragraph="1" paragraph_position="7" text="mit" />
      <extra dep="case" ent_iob="2" ent_type="" head="1" lemma="mit" orig_paragraph="2" orth="mit" pos="ADP" prefix="m" shape="xxx" suffix="mit" tag="APPR" />
    </node>
    <node ID="0.8" type="Word">
      <attributes paragraph="1" paragraph_position="8" text="Hingebung" />
      <extra dep="obl" ent_iob="2" ent_type="" head="-6" lemma="Hingebung" orig_paragraph="2" orth="Hingebung" pos="NOUN" prefix="H" shape="Xxxxx" suffix="ung" tag="NN" />
    </node>
    <node ID="0.9" type="Punctuation">
      <attributes paragraph="1" paragraph_position="9" text="." />
      <extra dep="punct" ent_iob="2" ent_type="" head="-7" lemma="." orig_paragraph="2" orth="." pos="PUNCT" prefix="." shape="." suffix="." tag="$." />
    </node>
  </layer>
  <layer layerID="1">
    <attributes />
    <node ID="1.1" type="FN">
      <attributes />
      <edge toID="1.2" type="H">
        <attributes />
        <category tag="H" />
      </edge>
    </node>
    <node ID="1.2" type="FN">
      <attributes />
      <edge toID="1.3" type="A">
        <attributes />
        <category tag="A" />
      </edge>
      <edge toID="1.4" type="P">
        <attributes />
        <category tag="P" />
      </edge>
      <edge toID="1.5" type="A">
        <attributes />
        <category tag="A" />
      </edge>
      <edge toID="1.6" type="D">
        <attributes />
        <category tag="D" />
      </edge>
      <edge toID="1.7" type="D">
        <attributes />
        <category tag="D" />
      </edge>
      <edge toID="1.8" type="A">
        <attributes />
        <category tag="A" />
      </edge>
    </node>
    <node ID="1.3" type="FN">
      <attributes />
      <edge toID="0.1" type="Terminal">
        <attributes />
        <category tag="Terminal" />
      </edge>
    </node>
    <node ID="1.4" type="FN">
      <attributes />
      <edge toID="0.2" type="Terminal">
        <attributes />
        <category tag="Terminal" />
      </edge>
    </node>
    <node ID="1.5" type="FN">
      <attributes />
      <edge toID="0.3" type="Terminal">
        <attributes />
        <category tag="Terminal" />
      </edge>
    </node>
    <node ID="1.6" type="FN">
      <attributes />
      <edge toID="0.4" type="Terminal">
        <attributes />
        <category tag="Terminal" />
      </edge>
    </node>
    <node ID="1.7" type="FN">
      <attributes />
      <edge toID="1.9" type="E">
        <attributes />
        <category tag="E" />
      </edge>
      <edge toID="1.10" type="C">
        <attributes />
        <category tag="C" />
      </edge>
    </node>
    <node ID="1.8" type="FN">
      <attributes />
      <edge toID="1.11" type="P">
        <attributes />
        <category tag="P" />
      </edge>
    </node>
    <node ID="1.9" type="FN">
      <attributes />
      <edge toID="0.5" type="Terminal">
        <attributes />
        <category tag="Terminal" />
      </edge>
    </node>
    <node ID="1.10" type="FN">
      <attributes />
      <edge toID="0.6" type="Terminal">
        <attributes />
        <category tag="Terminal" />
      </edge>
    </node>
    <node ID="1.11" type="FN">
      <attributes />
      <edge toID="1.12" type="R">
        <attributes />
        <category tag="R" />
      </edge>
      <edge toID="1.13" type="C">
        <attributes />
        <category tag="C" />
      </edge>
      <edge toID="1.14" type="U">
        <attributes />
        <category tag="U" />
      </edge>
    </node>
    <node ID="1.12" type="FN">
      <attributes />
      <edge toID="0.7" type="Terminal">
        <attributes />
        <category tag="Terminal" />
      </edge>
    </node>
    <node ID="1.13" type="FN">
      <attributes />
      <edge toID="0.8" type="Terminal">
        <attributes />
        <category tag="Terminal" />
      </edge>
    </node>
    <node ID="1.14" type="PNCT">
      <attributes />
      <edge toID="0.9" type="Terminal">
        <attributes />
        <category tag="Terminal" />
      </edge>
    </node>
  </layer>
</root>
