<root annotationID="0" passageID="25832016">
  <attributes />
  <extra format="ucca" />
  <layer layerID="0">
    <attributes />
    <extra doc="[[[5342463183827332990, 5342463183827332990, 2532279993560548391, 96, 0, 2, 442, 1, 5342463183827332990, 5342463183827332990, 5342463183827332990], [10535605424128790507, 10535605424128790507, 10675845091474465339, 95, 7654241940133152407, 3, 400, 2, 18200729499220207786, 5582244037879929967, 10535605424128790507], [17944391625304287878, null, 9330139752921481772, 94, 0, 2, 2666271516716718244, -1, 18200729499220207786, 12290980237632234855, 17944391625304287878], [2666547246678678851, 9250722957692387333, 6406657664862290459, 89, 0, 2, 445, 0, 4088098365541558500, 8148669997605808657, 2666547246678678851], [14913735501962191409, 14913735501962191409, 2689273639941441550, 93, 0, 2, 397, -1, 13110060611322374290, 13210364986222294696, 5462653070606849934], [17494803046312582752, 17494803046312582752, 17404231807887051932, 96, 0, 2, 442, -1, 17494803046312582752, 17494803046312582752, 17494803046312582752], [1373379536816847062, 1373379536816847062, 2532279993560548391, 96, 0, 2, 442, -2, 1373379536816847062, 1373379536816847062, 1373379536816847062]], [], [], [], [], [], [], [], [], [], [], [], []]" />
    <node ID="0.1" type="Punctuation">
      <attributes paragraph="1" paragraph_position="1" text="&#187;" />
      <extra dep="punct" ent_iob="2" ent_type="" head="1" lemma="&#187;" orig_paragraph="11" orth="&#187;" pos="PUNCT" prefix="&#187;" shape="&#187;" suffix="&#187;" tag="$(" />
    </node>
    <node ID="0.2" type="Word">
      <attributes paragraph="1" paragraph_position="2" text="Tun" />
      <extra dep="appos" ent_iob="3" ent_type="MISC" head="2" lemma="Tun" orig_paragraph="11" orth="Tun" pos="PROPN" prefix="T" shape="Xxx" suffix="Tun" tag="VVFIN" />
    </node>
    <node ID="0.3" type="Word">
      <attributes paragraph="1" paragraph_position="3" text="Sie" />
      <extra dep="flat" ent_iob="2" ent_type="" head="-1" lemma="Sie|sie" orig_paragraph="11" orth="Sie" pos="PRON" prefix="S" shape="Xxx" suffix="Sie" tag="PPER" />
    </node>
    <node ID="0.4" type="Word">
      <attributes paragraph="1" paragraph_position="4" text="das" />
      <extra dep="root" ent_iob="2" ent_type="" head="-2" lemma="der" orig_paragraph="11" orth="das" pos="DET" prefix="d" shape="xxx" suffix="das" tag="ART" />
    </node>
    <node ID="0.5" type="Word">
      <attributes paragraph="1" paragraph_position="5" text="nicht" />
      <extra dep="advmod" ent_iob="2" ent_type="" head="-1" lemma="nicht" orig_paragraph="11" orth="nicht" pos="PART" prefix="n" shape="xxxx" suffix="cht" tag="CARD" />
    </node>
    <node ID="0.6" type="Punctuation">
      <attributes paragraph="1" paragraph_position="6" text="!" />
      <extra dep="punct" ent_iob="2" ent_type="" head="-1" lemma="!" orig_paragraph="11" orth="!" pos="PUNCT" prefix="!" shape="!" suffix="!" tag="$." />
    </node>
    <node ID="0.7" type="Punctuation">
      <attributes paragraph="1" paragraph_position="7" text="&#171;" />
      <extra dep="punct" ent_iob="2" ent_type="" head="-2" lemma="&#171;" orig_paragraph="11" orth="&#171;" pos="PUNCT" prefix="&#171;" shape="&#171;" suffix="&#171;" tag="$(" />
    </node>
  </layer>
  <layer layerID="1">
    <attributes />
    <node ID="1.1" type="FN">
      <attributes />
      <edge toID="1.2" type="H">
        <attributes />
        <category tag="H" />
      </edge>
    </node>
    <node ID="1.2" type="FN">
      <attributes />
      <edge toID="1.3" type="A">
        <attributes />
        <category tag="A" />
      </edge>
    </node>
    <node ID="1.3" type="FN">
      <attributes />
      <edge toID="1.4" type="U">
        <attributes />
        <category tag="U" />
      </edge>
      <edge toID="1.5" type="P">
        <attributes />
        <category tag="P" />
      </edge>
      <edge toID="1.6" type="A">
        <attributes />
        <category tag="A" />
      </edge>
      <edge toID="1.7" type="A">
        <attributes />
        <category tag="A" />
      </edge>
      <edge toID="1.8" type="D">
        <attributes />
        <category tag="D" />
      </edge>
      <edge toID="1.9" type="U">
        <attributes />
        <category tag="U" />
      </edge>
      <edge toID="1.10" type="U">
        <attributes />
        <category tag="U" />
      </edge>
    </node>
    <node ID="1.4" type="PNCT">
      <attributes />
      <edge toID="0.1" type="Terminal">
        <attributes />
        <category tag="Terminal" />
      </edge>
    </node>
    <node ID="1.5" type="FN">
      <attributes />
      <edge toID="0.2" type="Terminal">
        <attributes />
        <category tag="Terminal" />
      </edge>
    </node>
    <node ID="1.6" type="FN">
      <attributes />
      <edge toID="0.3" type="Terminal">
        <attributes />
        <category tag="Terminal" />
      </edge>
    </node>
    <node ID="1.7" type="FN">
      <attributes />
      <edge toID="0.4" type="Terminal">
        <attributes />
        <category tag="Terminal" />
      </edge>
    </node>
    <node ID="1.8" type="FN">
      <attributes />
      <edge toID="0.5" type="Terminal">
        <attributes />
        <category tag="Terminal" />
      </edge>
    </node>
    <node ID="1.9" type="PNCT">
      <attributes />
      <edge toID="0.6" type="Terminal">
        <attributes />
        <category tag="Terminal" />
      </edge>
    </node>
    <node ID="1.10" type="PNCT">
      <attributes />
      <edge toID="0.7" type="Terminal">
        <attributes />
        <category tag="Terminal" />
      </edge>
    </node>
  </layer>
</root>
