<root annotationID="0" passageID="25837031">
  <attributes />
  <extra format="ucca" />
  <layer layerID="0">
    <attributes />
    <extra doc="[[[3995227240398388174, 648927743122122349, 85, 91, 0, 2, 445, 0, 16072095006890171862, 12290980237632234855, 4292847300468124231], [18217891114489911529, 18217891114489911529, 85, 84, 0, 2, 8110129090154140942, 2, 13110060611322374290, 5097672513440128799, 7970704286052693043], [16061429771287021492, null, 9068901972800807265, 83, 0, 2, 399, 1, 13110060611322374290, 15817570140490810055, 4115755726172261197], [15897599601203203031, 15897599601203203031, 15308085513773655218, 91, 4317129024397789502, 3, 423, -3, 16072095006890171862, 10850957288794122991, 17964072453242809250], [12646065887601541794, 12646065887601541794, 17404231807887051932, 96, 0, 2, 442, -4, 12646065887601541794, 12646065887601541794, 12646065887601541794]], [], [], [], [], [], [], [], [], [], []]" />
    <node ID="0.1" type="Word">
      <attributes paragraph="1" paragraph_position="1" text="Stets" />
      <extra dep="root" ent_iob="2" ent_type="" head="1" lemma="stets" orig_paragraph="11" orth="Stets" pos="NOUN" prefix="S" shape="Xxxxx" suffix="ets" tag="ADV" />
    </node>
    <node ID="0.2" type="Word">
      <attributes paragraph="1" paragraph_position="2" text="inmitten" />
      <extra dep="case" ent_iob="2" ent_type="" head="2" lemma="inmitten" orig_paragraph="11" orth="inmitten" pos="ADP" prefix="i" shape="xxxx" suffix="ten" tag="ADV" />
    </node>
    <node ID="0.3" type="Word">
      <attributes paragraph="1" paragraph_position="3" text="hyperbor&#228;ischer" />
      <extra dep="amod" ent_iob="2" ent_type="" head="1" lemma="hyperbor&#228;isch" orig_paragraph="11" orth="hyperbor&#228;ischer" pos="ADJ" prefix="h" shape="xxxx" suffix="her" tag="ADJA" />
    </node>
    <node ID="0.4" type="Word">
      <attributes paragraph="1" paragraph_position="4" text="Nebel" />
      <extra dep="nmod" ent_iob="3" ent_type="PER" head="-3" lemma="Nebel" orig_paragraph="11" orth="Nebel" pos="NOUN" prefix="N" shape="Xxxxx" suffix="bel" tag="NN" />
    </node>
    <node ID="0.5" type="Punctuation">
      <attributes paragraph="1" paragraph_position="5" text="." />
      <extra dep="punct" ent_iob="2" ent_type="" head="-4" lemma="." orig_paragraph="11" orth="." pos="PUNCT" prefix="." shape="." suffix="." tag="$." />
    </node>
  </layer>
  <layer layerID="1">
    <attributes />
    <node ID="1.1" type="FN">
      <attributes />
      <edge toID="1.2" type="H">
        <attributes />
        <category tag="H" />
      </edge>
    </node>
    <node ID="1.2" type="FN">
      <attributes />
      <edge toID="1.3" type="G">
        <attributes />
        <category tag="G" />
      </edge>
      <edge toID="1.4" type="A">
        <attributes />
        <category tag="A" />
      </edge>
    </node>
    <node ID="1.3" type="FN">
      <attributes />
      <edge toID="0.1" type="Terminal">
        <attributes />
        <category tag="Terminal" />
      </edge>
    </node>
    <node ID="1.4" type="FN">
      <attributes />
      <edge toID="1.5" type="R">
        <attributes />
        <category tag="R" />
      </edge>
      <edge toID="1.6" type="E">
        <attributes />
        <category tag="E" />
      </edge>
      <edge toID="1.7" type="C">
        <attributes />
        <category tag="C" />
      </edge>
      <edge toID="1.8" type="U">
        <attributes />
        <category tag="U" />
      </edge>
    </node>
    <node ID="1.5" type="FN">
      <attributes />
      <edge toID="0.2" type="Terminal">
        <attributes />
        <category tag="Terminal" />
      </edge>
    </node>
    <node ID="1.6" type="FN">
      <attributes />
      <edge toID="0.3" type="Terminal">
        <attributes />
        <category tag="Terminal" />
      </edge>
    </node>
    <node ID="1.7" type="FN">
      <attributes />
      <edge toID="0.4" type="Terminal">
        <attributes />
        <category tag="Terminal" />
      </edge>
    </node>
    <node ID="1.8" type="PNCT">
      <attributes />
      <edge toID="0.5" type="Terminal">
        <attributes />
        <category tag="Terminal" />
      </edge>
    </node>
  </layer>
</root>
