<root annotationID="0" passageID="25837020">
  <attributes />
  <extra format="ucca" />
  <layer layerID="0">
    <attributes />
    <extra doc="[[[17887710611559813531, 13153274011942891345, 6794885307917495400, 84, 0, 2, 8110129090154140942, 2, 12204527652707022206, 8804677687338025421, 17887710611559813531], [2988402087957123519, 2988402087957123519, 2689273639941441550, 92, 0, 2, 12837356684637874264, 1, 4620368362210911820, 5533571732986600803, 2988402087957123519], [11097653024047377097, 11097653024047377097, 15308085513773655218, 91, 0, 2, 432, 1, 18200729499220207786, 8804677687338025421, 11097653024047377097], [111158630907337669, 17090106522754752866, 10675845091474465339, 99, 0, 2, 445, 0, 4088098365541558500, 15917291556903334389, 111158630907337669], [2666547246678678851, 9250722957692387333, 6406657664862290459, 89, 0, 2, 412, 2, 4088098365541558500, 8148669997605808657, 2666547246678678851], [14579245009667938175, null, 9068901972800807265, 83, 0, 2, 399, 1, 13110060611322374290, 1720370409040345145, 13130769157622138839], [9058790136167411304, 9058790136167411304, 15308085513773655218, 91, 0, 2, 426, -3, 16072095006890171862, 10603054956214495369, 5462653070606849934], [5637129507635152071, 5637129507635152071, 17274946937384965927, 85, 0, 2, 397, -4, 13110060611322374290, 260667111241363922, 9250722957692387333], [11601248322003946775, 11601248322003946775, 15308085513773655218, 84, 0, 2, 8110129090154140942, 1, 4088098365541558500, 7187156974425934, 11601248322003946775], [7456963890608881152, 7456963890608881152, 15308085513773655218, 91, 383, 3, 432, -6, 16072095006890171862, 10926178514336144719, 15192908731043726583], [12646065887601541794, 12646065887601541794, 17404231807887051932, 96, 0, 2, 442, -7, 12646065887601541794, 12646065887601541794, 12646065887601541794]], [], [], [], [], [], [], [], [], [], []]" />
    <node ID="0.1" type="Word">
      <attributes paragraph="1" paragraph_position="1" text="Um" />
      <extra dep="case" ent_iob="2" ent_type="" head="2" lemma="um" orig_paragraph="7" orth="Um" pos="ADP" prefix="U" shape="Xx" suffix="Um" tag="APPR" />
    </node>
    <node ID="0.2" type="Word">
      <attributes paragraph="1" paragraph_position="2" text="11" />
      <extra dep="nummod" ent_iob="2" ent_type="" head="1" lemma="11" orig_paragraph="7" orth="11" pos="NUM" prefix="1" shape="dd" suffix="11" tag="CARD" />
    </node>
    <node ID="0.3" type="Word">
      <attributes paragraph="1" paragraph_position="3" text="Uhr" />
      <extra dep="obl" ent_iob="2" ent_type="" head="1" lemma="Uhr" orig_paragraph="7" orth="Uhr" pos="NOUN" prefix="U" shape="Xxx" suffix="Uhr" tag="NN" />
    </node>
    <node ID="0.4" type="Word">
      <attributes paragraph="1" paragraph_position="4" text="kam" />
      <extra dep="root" ent_iob="2" ent_type="" head="0" lemma="kommen" orig_paragraph="7" orth="kam" pos="VERB" prefix="k" shape="xxx" suffix="kam" tag="VVFIN" />
    </node>
    <node ID="0.5" type="Word">
      <attributes paragraph="1" paragraph_position="5" text="das" />
      <extra dep="det" ent_iob="2" ent_type="" head="2" lemma="der" orig_paragraph="7" orth="das" pos="DET" prefix="d" shape="xxx" suffix="das" tag="ART" />
    </node>
    <node ID="0.6" type="Word">
      <attributes paragraph="1" paragraph_position="6" text="elektrische" />
      <extra dep="amod" ent_iob="2" ent_type="" head="1" lemma="elektrisch" orig_paragraph="7" orth="elektrische" pos="ADJ" prefix="e" shape="xxxx" suffix="che" tag="ADJA" />
    </node>
    <node ID="0.7" type="Word">
      <attributes paragraph="1" paragraph_position="7" text="Licht" />
      <extra dep="nsubj" ent_iob="2" ent_type="" head="-3" lemma="Licht" orig_paragraph="7" orth="Licht" pos="NOUN" prefix="L" shape="Xxxxx" suffix="cht" tag="NN" />
    </node>
    <node ID="0.8" type="Word">
      <attributes paragraph="1" paragraph_position="8" text="wieder" />
      <extra dep="advmod" ent_iob="2" ent_type="" head="-4" lemma="wieder" orig_paragraph="7" orth="wieder" pos="ADV" prefix="w" shape="xxxx" suffix="der" tag="NE" />
    </node>
    <node ID="0.9" type="Word">
      <attributes paragraph="1" paragraph_position="9" text="zum" />
      <extra dep="case" ent_iob="2" ent_type="" head="1" lemma="zum" orig_paragraph="7" orth="zum" pos="ADP" prefix="z" shape="xxx" suffix="zum" tag="NN" />
    </node>
    <node ID="0.10" type="Word">
      <attributes paragraph="1" paragraph_position="10" text="Vorschein" />
      <extra dep="obl" ent_iob="3" ent_type="LOC" head="-6" lemma="Vorschein" orig_paragraph="7" orth="Vorschein" pos="NOUN" prefix="V" shape="Xxxxx" suffix="ein" tag="NN" />
    </node>
    <node ID="0.11" type="Punctuation">
      <attributes paragraph="1" paragraph_position="11" text="." />
      <extra dep="punct" ent_iob="2" ent_type="" head="-7" lemma="." orig_paragraph="7" orth="." pos="PUNCT" prefix="." shape="." suffix="." tag="$." />
    </node>
  </layer>
  <layer layerID="1">
    <attributes />
    <node ID="1.1" type="FN">
      <attributes />
      <edge toID="1.2" type="H">
        <attributes />
        <category tag="H" />
      </edge>
    </node>
    <node ID="1.2" type="FN">
      <attributes />
      <edge toID="1.3" type="D">
        <attributes />
        <category tag="D" />
      </edge>
      <edge toID="1.4" type="P">
        <attributes />
        <category tag="P" />
      </edge>
      <edge toID="1.5" type="A">
        <attributes />
        <category tag="A" />
      </edge>
      <edge toID="1.6" type="D">
        <attributes />
        <category tag="D" />
      </edge>
      <edge toID="1.7" type="U">
        <attributes />
        <category tag="U" />
      </edge>
    </node>
    <node ID="1.3" type="FN">
      <attributes />
      <edge toID="1.8" type="E">
        <attributes />
        <category tag="E" />
      </edge>
      <edge toID="1.9" type="C">
        <attributes />
        <category tag="C" />
      </edge>
    </node>
    <node ID="1.4" type="FN">
      <attributes />
      <edge toID="0.4" type="Terminal">
        <attributes />
        <category tag="Terminal" />
      </edge>
      <edge toID="0.9" type="Terminal">
        <attributes />
        <category tag="Terminal" />
      </edge>
      <edge toID="0.10" type="Terminal">
        <attributes />
        <category tag="Terminal" />
      </edge>
    </node>
    <node ID="1.5" type="FN">
      <attributes />
      <edge toID="1.10" type="E">
        <attributes />
        <category tag="E" />
      </edge>
      <edge toID="1.11" type="E">
        <attributes />
        <category tag="E" />
      </edge>
      <edge toID="1.12" type="C">
        <attributes />
        <category tag="C" />
      </edge>
    </node>
    <node ID="1.6" type="FN">
      <attributes />
      <edge toID="0.8" type="Terminal">
        <attributes />
        <category tag="Terminal" />
      </edge>
    </node>
    <node ID="1.7" type="PNCT">
      <attributes />
      <edge toID="0.11" type="Terminal">
        <attributes />
        <category tag="Terminal" />
      </edge>
    </node>
    <node ID="1.8" type="FN">
      <attributes />
      <edge toID="0.1" type="Terminal">
        <attributes />
        <category tag="Terminal" />
      </edge>
    </node>
    <node ID="1.9" type="FN">
      <attributes />
      <edge toID="0.2" type="Terminal">
        <attributes />
        <category tag="Terminal" />
      </edge>
      <edge toID="0.3" type="Terminal">
        <attributes />
        <category tag="Terminal" />
      </edge>
    </node>
    <node ID="1.10" type="FN">
      <attributes />
      <edge toID="0.5" type="Terminal">
        <attributes />
        <category tag="Terminal" />
      </edge>
    </node>
    <node ID="1.11" type="FN">
      <attributes />
      <edge toID="0.6" type="Terminal">
        <attributes />
        <category tag="Terminal" />
      </edge>
    </node>
    <node ID="1.12" type="FN">
      <attributes />
      <edge toID="0.7" type="Terminal">
        <attributes />
        <category tag="Terminal" />
      </edge>
    </node>
  </layer>
</root>
