<root annotationID="0" passageID="25833001">
  <attributes />
  <extra format="ucca" />
  <layer layerID="0">
    <attributes />
    <extra doc="[[[3126701799202552694, 5864527961345014045, 9330139752921481772, 94, 0, 2, 426, 5, 18200729499220207786, 4690420944186131903, 3126701799202552694], [13882649713620344877, 2374223031526016620, 13528910128642776055, 86, 0, 2, 402, 4, 13110060611322374290, 15917291556903334389, 9232162645330919472], [14913735501962191409, 14913735501962191409, 83277085967274219, 93, 0, 2, 397, 3, 13110060611322374290, 13210364986222294696, 5462653070606849934], [12803745038046894599, 12803745038046894599, 85, 85, 0, 2, 397, 2, 13110060611322374290, 11901859001352538922, 7409412530419520829], [9727125788672890116, 9727125788672890116, 18380376575901008336, 93, 0, 2, 397, 1, 4088098365541558500, 11901859001352538922, 9727125788672890116], [13591776993361156766, null, 9068901972800807265, 99, 0, 2, 445, 0, 13110060611322374290, 6217145520856553898, 17541118948136595177], [2593208677638477497, 2593208677638477497, 12261388825712162116, 96, 0, 2, 442, -1, 2593208677638477497, 2593208677638477497, 2593208677638477497], [14828458873352887703, 14828458873352887703, 6794885307917495400, 84, 0, 2, 8110129090154140942, 1, 13110060611322374290, 16978132545290669629, 4122428680162235338], [10265832328710632600, 10265832328710632600, 17274946937384965927, 91, 4317129024397789502, 3, 432, -3, 16072095006890171862, 149303876845869574, 9113047341877232477], [11593690929944126543, 11593690929944126543, 17274946937384965927, 88, 0, 2, 404, 2, 4088098365541558500, 12247454108283186160, 11593690929944126543], [1471408868295299003, 9250722957692387333, 6406657664862290459, 89, 0, 2, 412, 1, 4088098365541558500, 8148669997605808657, 1471408868295299003], [11963987016619060676, 11963987016619060676, 15308085513773655218, 91, 383, 3, 407, -3, 16072095006890171862, 8656007278630577320, 14983792334920777924], [12646065887601541794, 12646065887601541794, 17404231807887051932, 96, 0, 2, 442, -7, 12646065887601541794, 12646065887601541794, 12646065887601541794]], [], [], [], [], [], [], [], []]" />
    <node ID="0.1" type="Word">
      <attributes paragraph="1" paragraph_position="1" text="Ich" />
      <extra dep="nsubj" ent_iob="2" ent_type="" head="5" lemma="ich" orig_paragraph="2" orth="Ich" pos="PRON" prefix="I" shape="Xxx" suffix="Ich" tag="PPER" />
    </node>
    <node ID="0.2" type="Word">
      <attributes paragraph="1" paragraph_position="2" text="konnte" />
      <extra dep="aux" ent_iob="2" ent_type="" head="4" lemma="k&#246;nnen" orig_paragraph="2" orth="konnte" pos="AUX" prefix="k" shape="xxxx" suffix="nte" tag="VMFIN" />
    </node>
    <node ID="0.3" type="Word">
      <attributes paragraph="1" paragraph_position="3" text="nicht" />
      <extra dep="advmod" ent_iob="2" ent_type="" head="3" lemma="nicht" orig_paragraph="2" orth="nicht" pos="PART" prefix="n" shape="xxxx" suffix="cht" tag="XY" />
    </node>
    <node ID="0.4" type="Word">
      <attributes paragraph="1" paragraph_position="4" text="anders" />
      <extra dep="advmod" ent_iob="2" ent_type="" head="2" lemma="anders" orig_paragraph="2" orth="anders" pos="ADV" prefix="a" shape="xxxx" suffix="ers" tag="ADV" />
    </node>
    <node ID="0.5" type="Word">
      <attributes paragraph="1" paragraph_position="5" text="als" />
      <extra dep="advmod" ent_iob="2" ent_type="" head="1" lemma="als" orig_paragraph="2" orth="als" pos="PART" prefix="a" shape="xxx" suffix="als" tag="KOKOM" />
    </node>
    <node ID="0.6" type="Word">
      <attributes paragraph="1" paragraph_position="6" text="gehorchen" />
      <extra dep="root" ent_iob="2" ent_type="" head="-2" lemma="horchen" orig_paragraph="2" orth="gehorchen" pos="VERB" prefix="g" shape="xxxx" suffix="hen" tag="ADJA" />
    </node>
    <node ID="0.7" type="Punctuation">
      <attributes paragraph="1" paragraph_position="7" text="," />
      <extra dep="punct" ent_iob="2" ent_type="" head="-1" lemma="," orig_paragraph="2" orth="," pos="PUNCT" prefix="," shape="," suffix="," tag="$," />
    </node>
    <node ID="0.8" type="Word">
      <attributes paragraph="1" paragraph_position="8" text="samt" />
      <extra dep="case" ent_iob="2" ent_type="" head="1" lemma="samt" orig_paragraph="2" orth="samt" pos="ADP" prefix="s" shape="xxxx" suffix="amt" tag="APPR" />
    </node>
    <node ID="0.9" type="Word">
      <attributes paragraph="1" paragraph_position="9" text="Conseil" />
      <extra dep="obl" ent_iob="3" ent_type="PER" head="-3" lemma="Conseil" orig_paragraph="2" orth="Conseil" pos="NOUN" prefix="C" shape="Xxxxx" suffix="eil" tag="NE" />
    </node>
    <node ID="0.10" type="Word">
      <attributes paragraph="1" paragraph_position="10" text="und" />
      <extra dep="cc" ent_iob="2" ent_type="" head="2" lemma="und" orig_paragraph="2" orth="und" pos="CCONJ" prefix="u" shape="xxx" suffix="und" tag="NE" />
    </node>
    <node ID="0.11" type="Word">
      <attributes paragraph="1" paragraph_position="11" text="dem" />
      <extra dep="det" ent_iob="2" ent_type="" head="1" lemma="der" orig_paragraph="2" orth="dem" pos="DET" prefix="d" shape="xxx" suffix="dem" tag="ART" />
    </node>
    <node ID="0.12" type="Word">
      <attributes paragraph="1" paragraph_position="12" text="Kanadier" />
      <extra dep="conj" ent_iob="3" ent_type="LOC" head="-3" lemma="Kanadier" orig_paragraph="2" orth="Kanadier" pos="NOUN" prefix="K" shape="Xxxxx" suffix="ier" tag="NN" />
    </node>
    <node ID="0.13" type="Punctuation">
      <attributes paragraph="1" paragraph_position="13" text="." />
      <extra dep="punct" ent_iob="2" ent_type="" head="-7" lemma="." orig_paragraph="2" orth="." pos="PUNCT" prefix="." shape="." suffix="." tag="$." />
    </node>
  </layer>
  <layer layerID="1">
    <attributes />
    <node ID="1.1" type="FN">
      <attributes />
      <edge toID="1.2" type="H">
        <attributes />
        <category tag="H" />
      </edge>
    </node>
    <node ID="1.2" type="FN">
      <attributes />
      <edge toID="1.3" type="A">
        <attributes />
        <category tag="A" />
      </edge>
      <edge toID="1.4" type="D">
        <attributes />
        <category tag="D" />
      </edge>
      <edge toID="1.5" type="D">
        <attributes />
        <category tag="D" />
      </edge>
      <edge toID="1.6" type="S">
        <attributes />
        <category tag="S" />
      </edge>
      <edge toID="1.7" type="F">
        <attributes />
        <category tag="F" />
      </edge>
      <edge toID="1.8" type="A">
        <attributes />
        <category tag="A" />
      </edge>
      <edge toID="1.9" type="U">
        <attributes />
        <category tag="U" />
      </edge>
      <edge toID="1.10" type="A">
        <attributes />
        <category tag="A" />
      </edge>
    </node>
    <node ID="1.3" type="FN">
      <attributes />
      <edge toID="0.1" type="Terminal">
        <attributes />
        <category tag="Terminal" />
      </edge>
    </node>
    <node ID="1.4" type="FN">
      <attributes />
      <edge toID="0.2" type="Terminal">
        <attributes />
        <category tag="Terminal" />
      </edge>
    </node>
    <node ID="1.5" type="FN">
      <attributes />
      <edge toID="0.3" type="Terminal">
        <attributes />
        <category tag="Terminal" />
      </edge>
    </node>
    <node ID="1.6" type="FN">
      <attributes />
      <edge toID="0.4" type="Terminal">
        <attributes />
        <category tag="Terminal" />
      </edge>
    </node>
    <node ID="1.7" type="FN">
      <attributes />
      <edge toID="0.5" type="Terminal">
        <attributes />
        <category tag="Terminal" />
      </edge>
    </node>
    <node ID="1.8" type="FN">
      <attributes />
      <edge toID="0.6" type="Terminal">
        <attributes />
        <category tag="Terminal" />
      </edge>
    </node>
    <node ID="1.9" type="PNCT">
      <attributes />
      <edge toID="0.7" type="Terminal">
        <attributes />
        <category tag="Terminal" />
      </edge>
    </node>
    <node ID="1.10" type="FN">
      <attributes />
      <edge toID="1.11" type="R">
        <attributes />
        <category tag="R" />
      </edge>
      <edge toID="1.12" type="C">
        <attributes />
        <category tag="C" />
      </edge>
      <edge toID="1.13" type="N">
        <attributes />
        <category tag="N" />
      </edge>
      <edge toID="1.14" type="C">
        <attributes />
        <category tag="C" />
      </edge>
    </node>
    <node ID="1.11" type="FN">
      <attributes />
      <edge toID="0.8" type="Terminal">
        <attributes />
        <category tag="Terminal" />
      </edge>
    </node>
    <node ID="1.12" type="FN">
      <attributes />
      <edge toID="0.9" type="Terminal">
        <attributes />
        <category tag="Terminal" />
      </edge>
    </node>
    <node ID="1.13" type="FN">
      <attributes />
      <edge toID="0.10" type="Terminal">
        <attributes />
        <category tag="Terminal" />
      </edge>
    </node>
    <node ID="1.14" type="FN">
      <attributes />
      <edge toID="1.15" type="E">
        <attributes />
        <category tag="E" />
      </edge>
      <edge toID="1.16" type="C">
        <attributes />
        <category tag="C" />
      </edge>
      <edge toID="1.17" type="U">
        <attributes />
        <category tag="U" />
      </edge>
    </node>
    <node ID="1.15" type="FN">
      <attributes />
      <edge toID="0.11" type="Terminal">
        <attributes />
        <category tag="Terminal" />
      </edge>
    </node>
    <node ID="1.16" type="FN">
      <attributes />
      <edge toID="0.12" type="Terminal">
        <attributes />
        <category tag="Terminal" />
      </edge>
    </node>
    <node ID="1.17" type="PNCT">
      <attributes />
      <edge toID="0.13" type="Terminal">
        <attributes />
        <category tag="Terminal" />
      </edge>
    </node>
  </layer>
</root>
