<root annotationID="0" passageID="25835007">
  <attributes />
  <extra format="ucca" />
  <layer layerID="0">
    <attributes />
    <extra doc="[[[3126701799202552694, 5864527961345014045, 9330139752921481772, 94, 0, 2, 426, 1, 18200729499220207786, 4690420944186131903, 3126701799202552694], [14816804375636700805, 17483849195667949174, 10675845091474465339, 99, 0, 2, 445, 0, 13110060611322374290, 15598372446745583797, 10838937472800990373], [15528541230100913379, 5864527961345014045, 3443513148085174024, 94, 0, 2, 431, -1, 13110060611322374290, 646772771845179972, 5864527961345014045], [5637129507635152071, 5637129507635152071, 15308085513773655218, 85, 0, 2, 397, -2, 13110060611322374290, 260667111241363922, 9250722957692387333], [3002984154512732771, 3002984154512732771, 6794885307917495400, 84, 0, 2, 8110129090154140942, 2, 4370460163704169311, 5097672513440128799, 3002984154512732771], [16957618830852774490, 9250722957692387333, 6406657664862290459, 89, 0, 2, 412, 1, 4088098365541558500, 8148669997605808657, 16957618830852774490], [1755405641714767694, 1755405641714767694, 15308085513773655218, 91, 7654241940133152407, 3, 432, -5, 16072095006890171862, 12290980237632234855, 1179692691768717486], [12646065887601541794, 12646065887601541794, 17404231807887051932, 96, 0, 2, 442, -6, 12646065887601541794, 12646065887601541794, 12646065887601541794]], [], [], [], [], [], [], [], []]" />
    <node ID="0.1" type="Word">
      <attributes paragraph="1" paragraph_position="1" text="Ich" />
      <extra dep="nsubj" ent_iob="2" ent_type="" head="1" lemma="ich" orig_paragraph="3" orth="Ich" pos="PRON" prefix="I" shape="Xxx" suffix="Ich" tag="PPER" />
    </node>
    <node ID="0.2" type="Word">
      <attributes paragraph="1" paragraph_position="2" text="begab" />
      <extra dep="root" ent_iob="2" ent_type="" head="0" lemma="begeben" orig_paragraph="3" orth="begab" pos="VERB" prefix="b" shape="xxxx" suffix="gab" tag="VVFIN" />
    </node>
    <node ID="0.3" type="Word">
      <attributes paragraph="1" paragraph_position="3" text="mich" />
      <extra dep="obj" ent_iob="2" ent_type="" head="-1" lemma="ich" orig_paragraph="3" orth="mich" pos="PRON" prefix="m" shape="xxxx" suffix="ich" tag="PRF" />
    </node>
    <node ID="0.4" type="Word">
      <attributes paragraph="1" paragraph_position="4" text="wieder" />
      <extra dep="advmod" ent_iob="2" ent_type="" head="-2" lemma="wieder" orig_paragraph="3" orth="wieder" pos="ADV" prefix="w" shape="xxxx" suffix="der" tag="NN" />
    </node>
    <node ID="0.5" type="Word">
      <attributes paragraph="1" paragraph_position="5" text="in" />
      <extra dep="case" ent_iob="2" ent_type="" head="2" lemma="in" orig_paragraph="3" orth="in" pos="ADP" prefix="i" shape="xx" suffix="in" tag="APPR" />
    </node>
    <node ID="0.6" type="Word">
      <attributes paragraph="1" paragraph_position="6" text="den" />
      <extra dep="det" ent_iob="2" ent_type="" head="1" lemma="der" orig_paragraph="3" orth="den" pos="DET" prefix="d" shape="xxx" suffix="den" tag="ART" />
    </node>
    <node ID="0.7" type="Word">
      <attributes paragraph="1" paragraph_position="7" text="Salon" />
      <extra dep="obl" ent_iob="3" ent_type="MISC" head="-5" lemma="Salon" orig_paragraph="3" orth="Salon" pos="NOUN" prefix="S" shape="Xxxxx" suffix="lon" tag="NN" />
    </node>
    <node ID="0.8" type="Punctuation">
      <attributes paragraph="1" paragraph_position="8" text="." />
      <extra dep="punct" ent_iob="2" ent_type="" head="-6" lemma="." orig_paragraph="3" orth="." pos="PUNCT" prefix="." shape="." suffix="." tag="$." />
    </node>
  </layer>
  <layer layerID="1">
    <attributes />
    <node ID="1.1" type="FN">
      <attributes />
      <edge toID="1.2" type="H">
        <attributes />
        <category tag="H" />
      </edge>
    </node>
    <node ID="1.2" type="FN">
      <attributes />
      <edge toID="1.3" type="A">
        <attributes />
        <category tag="A" />
      </edge>
      <edge toID="1.4" type="P">
        <attributes />
        <category tag="P" />
      </edge>
      <edge toID="1.5" type="D">
        <attributes />
        <category tag="D" />
      </edge>
      <edge toID="1.6" type="A">
        <attributes />
        <category tag="A" />
      </edge>
    </node>
    <node ID="1.3" type="FN">
      <attributes />
      <edge toID="0.1" type="Terminal">
        <attributes />
        <category tag="Terminal" />
      </edge>
    </node>
    <node ID="1.4" type="FN">
      <attributes />
      <edge toID="0.2" type="Terminal">
        <attributes />
        <category tag="Terminal" />
      </edge>
      <edge toID="0.3" type="Terminal">
        <attributes />
        <category tag="Terminal" />
      </edge>
    </node>
    <node ID="1.5" type="FN">
      <attributes />
      <edge toID="0.4" type="Terminal">
        <attributes />
        <category tag="Terminal" />
      </edge>
    </node>
    <node ID="1.6" type="FN">
      <attributes />
      <edge toID="1.7" type="R">
        <attributes />
        <category tag="R" />
      </edge>
      <edge toID="1.8" type="E">
        <attributes />
        <category tag="E" />
      </edge>
      <edge toID="1.9" type="C">
        <attributes />
        <category tag="C" />
      </edge>
      <edge toID="1.10" type="U">
        <attributes />
        <category tag="U" />
      </edge>
    </node>
    <node ID="1.7" type="FN">
      <attributes />
      <edge toID="0.5" type="Terminal">
        <attributes />
        <category tag="Terminal" />
      </edge>
    </node>
    <node ID="1.8" type="FN">
      <attributes />
      <edge toID="0.6" type="Terminal">
        <attributes />
        <category tag="Terminal" />
      </edge>
    </node>
    <node ID="1.9" type="FN">
      <attributes />
      <edge toID="0.7" type="Terminal">
        <attributes />
        <category tag="Terminal" />
      </edge>
    </node>
    <node ID="1.10" type="PNCT">
      <attributes />
      <edge toID="0.8" type="Terminal">
        <attributes />
        <category tag="Terminal" />
      </edge>
    </node>
  </layer>
</root>
