<root annotationID="0" passageID="25831016">
  <attributes />
  <extra format="ucca" />
  <layer layerID="0">
    <attributes />
    <extra doc="[[[12988482944788472338, 9250722957692387333, 6406657664862290459, 89, 0, 2, 412, 1, 18200729499220207786, 3929483993944067416, 12988482944788472338], [8649980160003142877, 8649980160003142877, 15308085513773655218, 91, 0, 2, 426, 1, 16072095006890171862, 17714545831559622561, 18096576862825796495], [7244781232700976250, null, 10675845091474465339, 99, 0, 2, 445, 0, 13110060611322374290, 16978132545290669629, 8283335873881301742], [1269071886833429403, 5817815807927905559, 85, 86, 0, 2, 408, 6, 4088098365541558500, 260667111241363922, 1269071886833429403], [11498216351586541923, 11498216351586541923, 85, 85, 0, 2, 397, 4, 13110060611322374290, 8148669997605808657, 9727125788672890116], [9060718883982528417, 9060718883982528417, 17274946937384965927, 85, 0, 2, 397, 1, 4088098365541558500, 13210364986222294696, 9060718883982528417], [50340426821988662, 50340426821988662, 2689273639941441550, 85, 0, 2, 397, 1, 13110060611322374290, 13210364986222294696, 11965311973866822031], [602994839685422785, 602994839685422785, 2689273639941441550, 92, 0, 2, 12837356684637874264, 1, 8148669997605808657, 602994839685422785, 602994839685422785], [4404310926127629829, 9809956664743357184, 15308085513773655218, 91, 0, 2, 423, 1, 16072095006890171862, 3209455878668673793, 13724210500437027975], [3965698435930857549, 16947821797237374026, 11856006255221940381, 83, 0, 2, 426, -7, 13110060611322374290, 1720370409040345145, 55586788477749090], [12646065887601541794, 12646065887601541794, 17404231807887051932, 96, 0, 2, 442, -8, 12646065887601541794, 12646065887601541794, 12646065887601541794]], [], [], [], [], [], [], [], []]" />
    <node ID="0.1" type="Word">
      <attributes paragraph="1" paragraph_position="1" text="Das" />
      <extra dep="det" ent_iob="2" ent_type="" head="1" lemma="der" orig_paragraph="8" orth="Das" pos="DET" prefix="D" shape="Xxx" suffix="Das" tag="ART" />
    </node>
    <node ID="0.2" type="Word">
      <attributes paragraph="1" paragraph_position="2" text="Panzer" />
      <extra dep="nsubj" ent_iob="2" ent_type="" head="1" lemma="Panzer" orig_paragraph="8" orth="Panzer" pos="NOUN" prefix="P" shape="Xxxxx" suffix="zer" tag="NN" />
    </node>
    <node ID="0.3" type="Word">
      <attributes paragraph="1" paragraph_position="3" text="schiff" />
      <extra dep="root" ent_iob="2" ent_type="" head="1" lemma="scheifen" orig_paragraph="8" orth="schiff" pos="VERB" prefix="s" shape="xxxx" suffix="iff" tag="VVFIN" />
    </node>
    <node ID="0.4" type="Word">
      <attributes paragraph="1" paragraph_position="4" text="war" />
      <extra dep="cop" ent_iob="2" ent_type="" head="6" lemma="sein" orig_paragraph="8" orth="war" pos="AUX" prefix="w" shape="xxx" suffix="war" tag="ADV" />
    </node>
    <node ID="0.5" type="Word">
      <attributes paragraph="1" paragraph_position="5" text="damals" />
      <extra dep="advmod" ent_iob="2" ent_type="" head="4" lemma="damals" orig_paragraph="8" orth="damals" pos="ADV" prefix="d" shape="xxxx" suffix="als" tag="ADV" />
    </node>
    <node ID="0.6" type="Word">
      <attributes paragraph="1" paragraph_position="6" text="nur" />
      <extra dep="advmod" ent_iob="2" ent_type="" head="1" lemma="nur" orig_paragraph="8" orth="nur" pos="ADV" prefix="n" shape="xxx" suffix="nur" tag="NE" />
    </node>
    <node ID="0.7" type="Word">
      <attributes paragraph="1" paragraph_position="7" text="noch" />
      <extra dep="advmod" ent_iob="2" ent_type="" head="1" lemma="noch" orig_paragraph="8" orth="noch" pos="ADV" prefix="n" shape="xxxx" suffix="och" tag="CARD" />
    </node>
    <node ID="0.8" type="Word">
      <attributes paragraph="1" paragraph_position="8" text="3" />
      <extra dep="nummod" ent_iob="2" ent_type="" head="1" lemma="3" orig_paragraph="8" orth="3" pos="NUM" prefix="3" shape="d" suffix="3" tag="CARD" />
    </node>
    <node ID="0.9" type="Word">
      <attributes paragraph="1" paragraph_position="9" text="Meilen" />
      <extra dep="nmod" ent_iob="2" ent_type="" head="1" lemma="Meile" orig_paragraph="8" orth="Meilen" pos="NOUN" prefix="M" shape="Xxxxx" suffix="len" tag="NN" />
    </node>
    <node ID="0.10" type="Word">
      <attributes paragraph="1" paragraph_position="10" text="entfernt" />
      <extra dep="nsubj" ent_iob="2" ent_type="" head="-7" lemma="entfernen" orig_paragraph="8" orth="entfernt" pos="ADJ" prefix="e" shape="xxxx" suffix="rnt" tag="ADJD" />
    </node>
    <node ID="0.11" type="Punctuation">
      <attributes paragraph="1" paragraph_position="11" text="." />
      <extra dep="punct" ent_iob="2" ent_type="" head="-8" lemma="." orig_paragraph="8" orth="." pos="PUNCT" prefix="." shape="." suffix="." tag="$." />
    </node>
  </layer>
  <layer layerID="1">
    <attributes />
    <node ID="1.1" type="FN">
      <attributes />
      <edge toID="1.2" type="H">
        <attributes />
        <category tag="H" />
      </edge>
    </node>
    <node ID="1.2" type="FN">
      <attributes />
      <edge toID="1.3" type="A">
        <attributes />
        <category tag="A" />
      </edge>
      <edge toID="1.4" type="F">
        <attributes />
        <category tag="F" />
      </edge>
      <edge toID="1.5" type="D">
        <attributes />
        <category tag="D" />
      </edge>
      <edge toID="1.6" type="D">
        <attributes />
        <category tag="D" />
      </edge>
      <edge toID="1.7" type="A">
        <attributes />
        <category tag="A" />
      </edge>
      <edge toID="1.8" type="S">
        <attributes />
        <category tag="S" />
      </edge>
      <edge toID="1.9" type="U">
        <attributes />
        <category tag="U" />
      </edge>
    </node>
    <node ID="1.3" type="FN">
      <attributes />
      <edge toID="1.10" type="E">
        <attributes />
        <category tag="E" />
      </edge>
      <edge toID="1.11" type="E">
        <attributes />
        <category tag="E" />
      </edge>
      <edge toID="1.12" type="C">
        <attributes />
        <category tag="C" />
      </edge>
    </node>
    <node ID="1.4" type="FN">
      <attributes />
      <edge toID="0.4" type="Terminal">
        <attributes />
        <category tag="Terminal" />
      </edge>
    </node>
    <node ID="1.5" type="FN">
      <attributes />
      <edge toID="0.5" type="Terminal">
        <attributes />
        <category tag="Terminal" />
      </edge>
    </node>
    <node ID="1.6" type="FN">
      <attributes />
      <edge toID="1.13" type="E">
        <attributes />
        <category tag="E" />
      </edge>
      <edge toID="1.14" type="C">
        <attributes />
        <category tag="C" />
      </edge>
    </node>
    <node ID="1.7" type="FN">
      <attributes />
      <edge toID="1.15" type="E">
        <attributes />
        <category tag="E" />
      </edge>
      <edge toID="1.16" type="C">
        <attributes />
        <category tag="C" />
      </edge>
    </node>
    <node ID="1.8" type="FN">
      <attributes />
      <edge toID="0.10" type="Terminal">
        <attributes />
        <category tag="Terminal" />
      </edge>
    </node>
    <node ID="1.9" type="PNCT">
      <attributes />
      <edge toID="0.11" type="Terminal">
        <attributes />
        <category tag="Terminal" />
      </edge>
    </node>
    <node ID="1.10" type="FN">
      <attributes />
      <edge toID="0.1" type="Terminal">
        <attributes />
        <category tag="Terminal" />
      </edge>
    </node>
    <node ID="1.11" type="FN">
      <attributes />
      <edge toID="0.2" type="Terminal">
        <attributes />
        <category tag="Terminal" />
      </edge>
    </node>
    <node ID="1.12" type="FN">
      <attributes />
      <edge toID="0.3" type="Terminal">
        <attributes />
        <category tag="Terminal" />
      </edge>
    </node>
    <node ID="1.13" type="FN">
      <attributes />
      <edge toID="0.6" type="Terminal">
        <attributes />
        <category tag="Terminal" />
      </edge>
    </node>
    <node ID="1.14" type="FN">
      <attributes />
      <edge toID="0.7" type="Terminal">
        <attributes />
        <category tag="Terminal" />
      </edge>
    </node>
    <node ID="1.15" type="FN">
      <attributes />
      <edge toID="0.8" type="Terminal">
        <attributes />
        <category tag="Terminal" />
      </edge>
    </node>
    <node ID="1.16" type="FN">
      <attributes />
      <edge toID="0.9" type="Terminal">
        <attributes />
        <category tag="Terminal" />
      </edge>
    </node>
  </layer>
</root>
