<root annotationID="0" passageID="25831017">
  <attributes />
  <extra format="ucca" />
  <layer layerID="0">
    <attributes />
    <extra doc="[[[2029322578437581831, 6932755361724080822, 6794885307917495400, 84, 0, 2, 8110129090154140942, 3, 16072095006890171862, 5582244037879929967, 6965706255091397354], [9250722957692387333, 9250722957692387333, 6406657664862290459, 89, 0, 2, 412, 2, 4088098365541558500, 8148669997605808657, 9250722957692387333], [11426786835333543430, 11564701074015501170, 9068901972800807265, 83, 0, 2, 399, 1, 13110060611322374290, 15817570140490810055, 11090586419576673076], [11090899599586617454, 11090899599586617454, 15308085513773655218, 91, 0, 2, 432, 1, 16072095006890171862, 8656007278630577320, 16605163981368088708], [9707874047827105551, 8767950678039294071, 10675845091474465339, 99, 0, 2, 445, 0, 13110060611322374290, 2985121464356781022, 15000356646361692016], [16692807490131828156, null, 3443513148085174024, 94, 0, 2, 431, -1, 13110060611322374290, 16978132545290669629, 5864527961345014045], [9250722957692387333, 9250722957692387333, 6406657664862290459, 89, 0, 2, 412, 1, 4088098365541558500, 8148669997605808657, 9250722957692387333], [13392642364380995863, 13392642364380995863, 15308085513773655218, 91, 0, 2, 426, -3, 16072095006890171862, 8656007278630577320, 11459100825914725836], [14913735501962191409, 14913735501962191409, 2689273639941441550, 93, 0, 2, 397, -4, 13110060611322374290, 13210364986222294696, 5462653070606849934], [205941294864397889, 205941294864397889, 6794885307917495400, 84, 0, 2, 8110129090154140942, 2, 4088098365541558500, 11901859001352538922, 205941294864397889], [9250722957692387333, 9250722957692387333, 6406657664862290459, 89, 0, 2, 412, 1, 4088098365541558500, 8148669997605808657, 9250722957692387333], [13036416274654456551, 13036416274654456551, 15308085513773655218, 91, 7654241940133152407, 3, 432, 1, 16072095006890171862, 17714545831559622561, 16151908740643916455], [5513153705242160378, 5513153705242160378, 17015325344306543250, 99, 0, 2, 446, -8, 13110060611322374290, 16978132545290669629, 17541118948136595177], [12646065887601541794, 12646065887601541794, 17404231807887051932, 96, 0, 2, 442, -9, 12646065887601541794, 12646065887601541794, 12646065887601541794]], [], [], [], [], [], [], [], []]" />
    <node ID="0.1" type="Word">
      <attributes paragraph="1" paragraph_position="1" text="Trotz" />
      <extra dep="case" ent_iob="2" ent_type="" head="3" lemma="trotz" orig_paragraph="8" orth="Trotz" pos="ADP" prefix="T" shape="Xxxxx" suffix="otz" tag="APPR" />
    </node>
    <node ID="0.2" type="Word">
      <attributes paragraph="1" paragraph_position="2" text="der" />
      <extra dep="det" ent_iob="2" ent_type="" head="2" lemma="der" orig_paragraph="8" orth="der" pos="DET" prefix="d" shape="xxx" suffix="der" tag="ART" />
    </node>
    <node ID="0.3" type="Word">
      <attributes paragraph="1" paragraph_position="3" text="heftigen" />
      <extra dep="amod" ent_iob="2" ent_type="" head="1" lemma="heftig" orig_paragraph="8" orth="heftigen" pos="ADJ" prefix="h" shape="xxxx" suffix="gen" tag="ADJA" />
    </node>
    <node ID="0.4" type="Word">
      <attributes paragraph="1" paragraph_position="4" text="Kanonade" />
      <extra dep="obl" ent_iob="2" ent_type="" head="1" lemma="Kanonade" orig_paragraph="8" orth="Kanonade" pos="NOUN" prefix="K" shape="Xxxxx" suffix="ade" tag="NN" />
    </node>
    <node ID="0.5" type="Word">
      <attributes paragraph="1" paragraph_position="5" text="lie&#223;" />
      <extra dep="root" ent_iob="2" ent_type="" head="0" lemma="lassen" orig_paragraph="8" orth="lie&#223;" pos="VERB" prefix="l" shape="xxxx" suffix="ie&#223;" tag="VVFIN" />
    </node>
    <node ID="0.6" type="Word">
      <attributes paragraph="1" paragraph_position="6" text="sich" />
      <extra dep="obj" ent_iob="2" ent_type="" head="-1" lemma="er|es|sie" orig_paragraph="8" orth="sich" pos="PRON" prefix="s" shape="xxxx" suffix="ich" tag="PRF" />
    </node>
    <node ID="0.7" type="Word">
      <attributes paragraph="1" paragraph_position="7" text="der" />
      <extra dep="det" ent_iob="2" ent_type="" head="1" lemma="der" orig_paragraph="8" orth="der" pos="DET" prefix="d" shape="xxx" suffix="der" tag="ART" />
    </node>
    <node ID="0.8" type="Word">
      <attributes paragraph="1" paragraph_position="8" text="Kapit&#228;n" />
      <extra dep="nsubj" ent_iob="2" ent_type="" head="-3" lemma="Kapit&#228;n" orig_paragraph="8" orth="Kapit&#228;n" pos="NOUN" prefix="K" shape="Xxxxx" suffix="t&#228;n" tag="NN" />
    </node>
    <node ID="0.9" type="Word">
      <attributes paragraph="1" paragraph_position="9" text="nicht" />
      <extra dep="advmod" ent_iob="2" ent_type="" head="-4" lemma="nicht" orig_paragraph="8" orth="nicht" pos="PART" prefix="n" shape="xxxx" suffix="cht" tag="CARD" />
    </node>
    <node ID="0.10" type="Word">
      <attributes paragraph="1" paragraph_position="10" text="auf" />
      <extra dep="case" ent_iob="2" ent_type="" head="2" lemma="auf" orig_paragraph="8" orth="auf" pos="ADP" prefix="a" shape="xxx" suffix="auf" tag="APPR" />
    </node>
    <node ID="0.11" type="Word">
      <attributes paragraph="1" paragraph_position="11" text="der" />
      <extra dep="det" ent_iob="2" ent_type="" head="1" lemma="der" orig_paragraph="8" orth="der" pos="DET" prefix="d" shape="xxx" suffix="der" tag="ART" />
    </node>
    <node ID="0.12" type="Word">
      <attributes paragraph="1" paragraph_position="12" text="Plattform" />
      <extra dep="obl" ent_iob="3" ent_type="MISC" head="1" lemma="Plattform" orig_paragraph="8" orth="Plattform" pos="NOUN" prefix="P" shape="Xxxxx" suffix="orm" tag="NN" />
    </node>
    <node ID="0.13" type="Word">
      <attributes paragraph="1" paragraph_position="13" text="sehen" />
      <extra dep="xcomp" ent_iob="2" ent_type="" head="-8" lemma="sehen" orig_paragraph="8" orth="sehen" pos="VERB" prefix="s" shape="xxxx" suffix="hen" tag="VVINF" />
    </node>
    <node ID="0.14" type="Punctuation">
      <attributes paragraph="1" paragraph_position="14" text="." />
      <extra dep="punct" ent_iob="2" ent_type="" head="-9" lemma="." orig_paragraph="8" orth="." pos="PUNCT" prefix="." shape="." suffix="." tag="$." />
    </node>
  </layer>
  <layer layerID="1">
    <attributes />
    <node ID="1.1" type="FN">
      <attributes />
      <edge toID="1.2" type="H">
        <attributes />
        <category tag="H" />
      </edge>
    </node>
    <node ID="1.2" type="FN">
      <attributes />
      <edge toID="1.3" type="A">
        <attributes />
        <category tag="A" />
      </edge>
      <edge toID="1.4" type="P">
        <attributes />
        <category tag="P" />
      </edge>
      <edge toID="1.5" type="A">
        <attributes />
        <category tag="A" />
      </edge>
      <edge toID="1.6" type="D">
        <attributes />
        <category tag="D" />
      </edge>
      <edge toID="1.7" type="A">
        <attributes />
        <category tag="A" />
      </edge>
      <edge toID="1.8" type="U">
        <attributes />
        <category tag="U" />
      </edge>
    </node>
    <node ID="1.3" type="FN">
      <attributes />
      <edge toID="1.9" type="R">
        <attributes />
        <category tag="R" />
      </edge>
      <edge toID="1.10" type="E">
        <attributes />
        <category tag="E" />
      </edge>
      <edge toID="1.11" type="E">
        <attributes />
        <category tag="E" />
      </edge>
      <edge toID="1.12" type="C">
        <attributes />
        <category tag="C" />
      </edge>
    </node>
    <node ID="1.4" type="FN">
      <attributes />
      <edge toID="0.5" type="Terminal">
        <attributes />
        <category tag="Terminal" />
      </edge>
      <edge toID="0.6" type="Terminal">
        <attributes />
        <category tag="Terminal" />
      </edge>
      <edge toID="0.13" type="Terminal">
        <attributes />
        <category tag="Terminal" />
      </edge>
    </node>
    <node ID="1.5" type="FN">
      <attributes />
      <edge toID="1.13" type="E">
        <attributes />
        <category tag="E" />
      </edge>
      <edge toID="1.14" type="C">
        <attributes />
        <category tag="C" />
      </edge>
    </node>
    <node ID="1.6" type="FN">
      <attributes />
      <edge toID="0.9" type="Terminal">
        <attributes />
        <category tag="Terminal" />
      </edge>
    </node>
    <node ID="1.7" type="FN">
      <attributes />
      <edge toID="1.15" type="R">
        <attributes />
        <category tag="R" />
      </edge>
      <edge toID="1.16" type="E">
        <attributes />
        <category tag="E" />
      </edge>
      <edge toID="1.17" type="C">
        <attributes />
        <category tag="C" />
      </edge>
    </node>
    <node ID="1.8" type="PNCT">
      <attributes />
      <edge toID="0.14" type="Terminal">
        <attributes />
        <category tag="Terminal" />
      </edge>
    </node>
    <node ID="1.9" type="FN">
      <attributes />
      <edge toID="0.1" type="Terminal">
        <attributes />
        <category tag="Terminal" />
      </edge>
    </node>
    <node ID="1.10" type="FN">
      <attributes />
      <edge toID="0.2" type="Terminal">
        <attributes />
        <category tag="Terminal" />
      </edge>
    </node>
    <node ID="1.11" type="FN">
      <attributes />
      <edge toID="0.3" type="Terminal">
        <attributes />
        <category tag="Terminal" />
      </edge>
    </node>
    <node ID="1.12" type="FN">
      <attributes />
      <edge toID="0.4" type="Terminal">
        <attributes />
        <category tag="Terminal" />
      </edge>
    </node>
    <node ID="1.13" type="FN">
      <attributes />
      <edge toID="0.7" type="Terminal">
        <attributes />
        <category tag="Terminal" />
      </edge>
    </node>
    <node ID="1.14" type="FN">
      <attributes />
      <edge toID="0.8" type="Terminal">
        <attributes />
        <category tag="Terminal" />
      </edge>
    </node>
    <node ID="1.15" type="FN">
      <attributes />
      <edge toID="0.10" type="Terminal">
        <attributes />
        <category tag="Terminal" />
      </edge>
    </node>
    <node ID="1.16" type="FN">
      <attributes />
      <edge toID="0.11" type="Terminal">
        <attributes />
        <category tag="Terminal" />
      </edge>
    </node>
    <node ID="1.17" type="FN">
      <attributes />
      <edge toID="0.12" type="Terminal">
        <attributes />
        <category tag="Terminal" />
      </edge>
    </node>
  </layer>
</root>
