<root annotationID="0" passageID="25837032">
  <attributes />
  <extra format="ucca" />
  <layer layerID="0">
    <attributes />
    <extra doc="[[[10719612536009750037, null, 17274946937384965927, 99, 0, 2, 445, 0, 16072095006890171862, 14230521632333904559, 7674016154577261214], [16042591547380249544, 16042591547380249544, 9330139752921481772, 94, 0, 2, 426, -1, 4370460163704169311, 1720370409040345145, 16042591547380249544], [3573116604670608395, 9250722957692387333, 6406657664862290459, 89, 0, 2, 412, 1, 4088098365541558500, 8148669997605808657, 3573116604670608395], [10547503224708156042, 10547503224708156042, 15308085513773655218, 91, 383, 3, 431, -3, 16072095006890171862, 10926178514336144719, 5476683480086836995], [3777312330584071518, 3777312330584071518, 17274946937384965927, 95, 383, 1, 423, -1, 16072095006890171862, 12290980237632234855, 4166543130894587915], [8322446468904638983, 8322446468904638983, 2689273639941441550, 88, 0, 2, 404, 2, 13110060611322374290, 1489474827855109852, 9250722957692387333], [3573116604670608395, 9250722957692387333, 6406657664862290459, 89, 0, 2, 412, 1, 4088098365541558500, 8148669997605808657, 3573116604670608395], [15847097292867819194, 15372361935484752587, 15308085513773655218, 91, 0, 2, 407, -7, 16072095006890171862, 8656007278630577320, 7970704286052693043], [7079615728476843702, 7079615728476843702, 15308085513773655218, 84, 0, 2, 8110129090154140942, 1, 4088098365541558500, 2482183445564601373, 7079615728476843702], [3322156220728040706, 3322156220728040706, 17274946937384965927, 95, 383, 3, 423, -2, 16072095006890171862, 10850957288794122991, 14200495228269615158], [9336826580285377697, 9336826580285377697, 17274946937384965927, 95, 383, 1, 2666271516716718244, -1, 16072095006890171862, 12290980237632234855, 4886541756560130426], [8205403955989537350, 8205403955989537350, 17404231807887051932, 96, 0, 2, 442, -11, 8205403955989537350, 8205403955989537350, 8205403955989537350]], [], [], [], [], [], [], [], [], [], []]" />
    <node ID="0.1" type="Word">
      <attributes paragraph="1" paragraph_position="1" text="Ber&#252;hrte" />
      <extra dep="root" ent_iob="2" ent_type="" head="0" lemma="Ber&#252;hren" orig_paragraph="11" orth="Ber&#252;hrte" pos="VERB" prefix="B" shape="Xxxxx" suffix="rte" tag="NE" />
    </node>
    <node ID="0.2" type="Word">
      <attributes paragraph="1" paragraph_position="2" text="er" />
      <extra dep="nsubj" ent_iob="2" ent_type="" head="-1" lemma="er" orig_paragraph="11" orth="er" pos="PRON" prefix="e" shape="xx" suffix="er" tag="PPER" />
    </node>
    <node ID="0.3" type="Word">
      <attributes paragraph="1" paragraph_position="3" text="die" />
      <extra dep="det" ent_iob="2" ent_type="" head="1" lemma="der" orig_paragraph="11" orth="die" pos="DET" prefix="d" shape="xxx" suffix="die" tag="ART" />
    </node>
    <node ID="0.4" type="Word">
      <attributes paragraph="1" paragraph_position="4" text="Vorgebirge" />
      <extra dep="obj" ent_iob="3" ent_type="LOC" head="-3" lemma="Vorgebirge" orig_paragraph="11" orth="Vorgebirge" pos="NOUN" prefix="V" shape="Xxxxx" suffix="rge" tag="NN" />
    </node>
    <node ID="0.5" type="Word">
      <attributes paragraph="1" paragraph_position="5" text="Spitzbergens" />
      <extra dep="nmod" ent_iob="1" ent_type="LOC" head="-1" lemma="Spitzbergens" orig_paragraph="11" orth="Spitzbergens" pos="PROPN" prefix="S" shape="Xxxxx" suffix="ens" tag="NE" />
    </node>
    <node ID="0.6" type="Word">
      <attributes paragraph="1" paragraph_position="6" text="oder" />
      <extra dep="cc" ent_iob="2" ent_type="" head="2" lemma="oder" orig_paragraph="11" orth="oder" pos="CCONJ" prefix="o" shape="xxxx" suffix="der" tag="CARD" />
    </node>
    <node ID="0.7" type="Word">
      <attributes paragraph="1" paragraph_position="7" text="die" />
      <extra dep="det" ent_iob="2" ent_type="" head="1" lemma="der" orig_paragraph="11" orth="die" pos="DET" prefix="d" shape="xxx" suffix="die" tag="ART" />
    </node>
    <node ID="0.8" type="Word">
      <attributes paragraph="1" paragraph_position="8" text="K&#252;sten" />
      <extra dep="conj" ent_iob="2" ent_type="" head="-7" lemma="K&#252;ste" orig_paragraph="11" orth="K&#252;sten" pos="NOUN" prefix="K" shape="Xxxxx" suffix="ten" tag="NN" />
    </node>
    <node ID="0.9" type="Word">
      <attributes paragraph="1" paragraph_position="9" text="von" />
      <extra dep="case" ent_iob="2" ent_type="" head="1" lemma="von" orig_paragraph="11" orth="von" pos="ADP" prefix="v" shape="xxx" suffix="von" tag="NN" />
    </node>
    <node ID="0.10" type="Word">
      <attributes paragraph="1" paragraph_position="10" text="Novaja" />
      <extra dep="nmod" ent_iob="3" ent_type="LOC" head="-2" lemma="Novaja" orig_paragraph="11" orth="Novaja" pos="PROPN" prefix="N" shape="Xxxxx" suffix="aja" tag="NE" />
    </node>
    <node ID="0.11" type="Word">
      <attributes paragraph="1" paragraph_position="11" text="Semlja" />
      <extra dep="flat" ent_iob="1" ent_type="LOC" head="-1" lemma="Semlja" orig_paragraph="11" orth="Semlja" pos="PROPN" prefix="S" shape="Xxxxx" suffix="lja" tag="NE" />
    </node>
    <node ID="0.12" type="Punctuation">
      <attributes paragraph="1" paragraph_position="12" text="?" />
      <extra dep="punct" ent_iob="2" ent_type="" head="-11" lemma="?" orig_paragraph="11" orth="?" pos="PUNCT" prefix="?" shape="?" suffix="?" tag="$." />
    </node>
  </layer>
  <layer layerID="1">
    <attributes />
    <node ID="1.1" type="FN">
      <attributes />
      <edge toID="1.2" type="H">
        <attributes />
        <category tag="H" />
      </edge>
    </node>
    <node ID="1.2" type="FN">
      <attributes />
      <edge toID="1.3" type="P">
        <attributes />
        <category tag="P" />
      </edge>
      <edge toID="1.4" type="A">
        <attributes />
        <category tag="A" />
      </edge>
      <edge toID="1.5" type="A">
        <attributes />
        <category tag="A" />
      </edge>
    </node>
    <node ID="1.3" type="FN">
      <attributes />
      <edge toID="0.1" type="Terminal">
        <attributes />
        <category tag="Terminal" />
      </edge>
    </node>
    <node ID="1.4" type="FN">
      <attributes />
      <edge toID="0.2" type="Terminal">
        <attributes />
        <category tag="Terminal" />
      </edge>
    </node>
    <node ID="1.5" type="FN">
      <attributes />
      <edge toID="1.6" type="E">
        <attributes />
        <category tag="E" />
      </edge>
      <edge toID="1.7" type="C">
        <attributes />
        <category tag="C" />
      </edge>
      <edge toID="1.8" type="N">
        <attributes />
        <category tag="N" />
      </edge>
      <edge toID="1.9" type="C">
        <attributes />
        <category tag="C" />
      </edge>
    </node>
    <node ID="1.6" type="FN">
      <attributes />
      <edge toID="0.3" type="Terminal">
        <attributes />
        <category tag="Terminal" />
      </edge>
    </node>
    <node ID="1.7" type="FN">
      <attributes />
      <edge toID="1.10" type="C">
        <attributes />
        <category tag="C" />
      </edge>
      <edge toID="1.11" type="C">
        <attributes />
        <category tag="C" />
      </edge>
    </node>
    <node ID="1.8" type="FN">
      <attributes />
      <edge toID="0.6" type="Terminal">
        <attributes />
        <category tag="Terminal" />
      </edge>
    </node>
    <node ID="1.9" type="FN">
      <attributes />
      <edge toID="1.12" type="E">
        <attributes />
        <category tag="E" />
      </edge>
      <edge toID="1.13" type="C">
        <attributes />
        <category tag="C" />
      </edge>
      <edge toID="1.14" type="U">
        <attributes />
        <category tag="U" />
      </edge>
    </node>
    <node ID="1.10" type="FN">
      <attributes />
      <edge toID="0.4" type="Terminal">
        <attributes />
        <category tag="Terminal" />
      </edge>
    </node>
    <node ID="1.11" type="FN">
      <attributes />
      <edge toID="0.5" type="Terminal">
        <attributes />
        <category tag="Terminal" />
      </edge>
    </node>
    <node ID="1.12" type="FN">
      <attributes />
      <edge toID="1.15" type="E">
        <attributes />
        <category tag="E" />
      </edge>
      <edge toID="1.16" type="C">
        <attributes />
        <category tag="C" />
      </edge>
      <edge toID="1.17" type="R">
        <attributes />
        <category tag="R" />
      </edge>
    </node>
    <node ID="1.13" type="FN">
      <attributes />
      <edge toID="0.10" type="Terminal">
        <attributes />
        <category tag="Terminal" />
      </edge>
      <edge toID="0.11" type="Terminal">
        <attributes />
        <category tag="Terminal" />
      </edge>
    </node>
    <node ID="1.14" type="PNCT">
      <attributes />
      <edge toID="0.12" type="Terminal">
        <attributes />
        <category tag="Terminal" />
      </edge>
    </node>
    <node ID="1.15" type="FN">
      <attributes />
      <edge toID="0.7" type="Terminal">
        <attributes />
        <category tag="Terminal" />
      </edge>
    </node>
    <node ID="1.16" type="FN">
      <attributes />
      <edge toID="0.8" type="Terminal">
        <attributes />
        <category tag="Terminal" />
      </edge>
    </node>
    <node ID="1.17" type="FN">
      <attributes />
      <edge toID="0.9" type="Terminal">
        <attributes />
        <category tag="Terminal" />
      </edge>
    </node>
  </layer>
</root>
