<root annotationID="0" passageID="25835015">
  <attributes />
  <extra format="ucca" />
  <layer layerID="0">
    <attributes />
    <extra doc="[[[16837105901757251131, 772318639904384352, 17274946937384965927, 94, 0, 2, 426, 1, 18200729499220207786, 14825646868312541310, 16837105901757251131], [16810103011556105515, 13851756645724982237, 10675845091474465339, 99, 0, 2, 445, 0, 13110060611322374290, 6217145520856553898, 11090586419576673076], [3002984154512732771, 3002984154512732771, 6794885307917495400, 84, 0, 2, 8110129090154140942, 2, 4370460163704169311, 5097672513440128799, 3002984154512732771], [3573116604670608395, 9250722957692387333, 6406657664862290459, 89, 0, 2, 412, 1, 4088098365541558500, 8148669997605808657, 3573116604670608395], [9967178910185705665, 9967178910185705665, 15308085513773655218, 91, 7654241940133152407, 3, 432, -3, 16072095006890171862, 14230521632333904559, 7900069265758484053], [12646065887601541794, 12646065887601541794, 17404231807887051932, 96, 0, 2, 442, -4, 12646065887601541794, 12646065887601541794, 12646065887601541794]], [], [], [], [], [], [], [], []]" />
    <node ID="0.1" type="Word">
      <attributes paragraph="1" paragraph_position="1" text="Wir" />
      <extra dep="nsubj" ent_iob="2" ent_type="" head="1" lemma="wir" orig_paragraph="7" orth="Wir" pos="PRON" prefix="W" shape="Xxx" suffix="Wir" tag="NE" />
    </node>
    <node ID="0.2" type="Word">
      <attributes paragraph="1" paragraph_position="2" text="gingen" />
      <extra dep="root" ent_iob="2" ent_type="" head="0" lemma="gehen" orig_paragraph="7" orth="gingen" pos="VERB" prefix="g" shape="xxxx" suffix="gen" tag="VVFIN" />
    </node>
    <node ID="0.3" type="Word">
      <attributes paragraph="1" paragraph_position="3" text="in" />
      <extra dep="case" ent_iob="2" ent_type="" head="2" lemma="in" orig_paragraph="7" orth="in" pos="ADP" prefix="i" shape="xx" suffix="in" tag="APPR" />
    </node>
    <node ID="0.4" type="Word">
      <attributes paragraph="1" paragraph_position="4" text="die" />
      <extra dep="det" ent_iob="2" ent_type="" head="1" lemma="der" orig_paragraph="7" orth="die" pos="DET" prefix="d" shape="xxx" suffix="die" tag="ART" />
    </node>
    <node ID="0.5" type="Word">
      <attributes paragraph="1" paragraph_position="5" text="Bibliothek" />
      <extra dep="obl" ent_iob="3" ent_type="MISC" head="-3" lemma="Bibliothek" orig_paragraph="7" orth="Bibliothek" pos="NOUN" prefix="B" shape="Xxxxx" suffix="hek" tag="NN" />
    </node>
    <node ID="0.6" type="Punctuation">
      <attributes paragraph="1" paragraph_position="6" text="." />
      <extra dep="punct" ent_iob="2" ent_type="" head="-4" lemma="." orig_paragraph="7" orth="." pos="PUNCT" prefix="." shape="." suffix="." tag="$." />
    </node>
  </layer>
  <layer layerID="1">
    <attributes />
    <node ID="1.1" type="FN">
      <attributes />
      <edge toID="1.2" type="H">
        <attributes />
        <category tag="H" />
      </edge>
    </node>
    <node ID="1.2" type="FN">
      <attributes />
      <edge toID="1.3" type="A">
        <attributes />
        <category tag="A" />
      </edge>
      <edge toID="1.4" type="P">
        <attributes />
        <category tag="P" />
      </edge>
      <edge toID="1.5" type="A">
        <attributes />
        <category tag="A" />
      </edge>
    </node>
    <node ID="1.3" type="FN">
      <attributes />
      <edge toID="0.1" type="Terminal">
        <attributes />
        <category tag="Terminal" />
      </edge>
    </node>
    <node ID="1.4" type="FN">
      <attributes />
      <edge toID="0.2" type="Terminal">
        <attributes />
        <category tag="Terminal" />
      </edge>
    </node>
    <node ID="1.5" type="FN">
      <attributes />
      <edge toID="1.6" type="R">
        <attributes />
        <category tag="R" />
      </edge>
      <edge toID="1.7" type="E">
        <attributes />
        <category tag="E" />
      </edge>
      <edge toID="1.8" type="C">
        <attributes />
        <category tag="C" />
      </edge>
      <edge toID="1.9" type="U">
        <attributes />
        <category tag="U" />
      </edge>
    </node>
    <node ID="1.6" type="FN">
      <attributes />
      <edge toID="0.3" type="Terminal">
        <attributes />
        <category tag="Terminal" />
      </edge>
    </node>
    <node ID="1.7" type="FN">
      <attributes />
      <edge toID="0.4" type="Terminal">
        <attributes />
        <category tag="Terminal" />
      </edge>
    </node>
    <node ID="1.8" type="FN">
      <attributes />
      <edge toID="0.5" type="Terminal">
        <attributes />
        <category tag="Terminal" />
      </edge>
    </node>
    <node ID="1.9" type="PNCT">
      <attributes />
      <edge toID="0.6" type="Terminal">
        <attributes />
        <category tag="Terminal" />
      </edge>
    </node>
  </layer>
</root>
