<root annotationID="0" passageID="25833009">
  <attributes />
  <extra format="ucca" />
  <layer layerID="0">
    <attributes />
    <extra doc="[[[16807736786308693906, 9250722957692387333, 6406657664862290459, 89, 0, 2, 412, 1, 18200729499220207786, 3929483993944067416, 16807736786308693906], [5117016479656096045, 5117016479656096045, 15308085513773655218, 91, 0, 2, 7833439085008721140, 4, 16072095006890171862, 12290980237632234855, 5293453707143613254], [7160561961961780657, 12051397711696727242, 17274946937384965927, 86, 0, 2, 18127512502257733094, 3, 13110060611322374290, 260667111241363922, 15785506248286527210], [3002984154512732771, 3002984154512732771, 6794885307917495400, 84, 0, 2, 8110129090154140942, 1, 4370460163704169311, 5097672513440128799, 3002984154512732771], [1428375457454505343, 1428375457454505343, 15308085513773655218, 91, 0, 2, 432, 1, 16072095006890171862, 14230521632333904559, 15480957645181813644], [8760113231735547245, 2604117087049480683, 10223029614809230375, 99, 0, 2, 445, 0, 13110060611322374290, 6217145520856553898, 1388161174739807889], [12646065887601541794, 12646065887601541794, 17404231807887051932, 96, 0, 2, 442, -1, 12646065887601541794, 12646065887601541794, 12646065887601541794]], [], [], [], [], [], [], [], []]" />
    <node ID="0.1" type="Word">
      <attributes paragraph="1" paragraph_position="1" text="Die" />
      <extra dep="det" ent_iob="2" ent_type="" head="1" lemma="der" orig_paragraph="6" orth="Die" pos="DET" prefix="D" shape="Xxx" suffix="Die" tag="ART" />
    </node>
    <node ID="0.2" type="Word">
      <attributes paragraph="1" paragraph_position="2" text="Schraube" />
      <extra dep="nsubj:pass" ent_iob="2" ent_type="" head="4" lemma="Schraube" orig_paragraph="6" orth="Schraube" pos="NOUN" prefix="S" shape="Xxxxx" suffix="ube" tag="NN" />
    </node>
    <node ID="0.3" type="Word">
      <attributes paragraph="1" paragraph_position="3" text="wurde" />
      <extra dep="aux:pass" ent_iob="2" ent_type="" head="3" lemma="werden" orig_paragraph="6" orth="wurde" pos="AUX" prefix="w" shape="xxxx" suffix="rde" tag="NE" />
    </node>
    <node ID="0.4" type="Word">
      <attributes paragraph="1" paragraph_position="4" text="in" />
      <extra dep="case" ent_iob="2" ent_type="" head="1" lemma="in" orig_paragraph="6" orth="in" pos="ADP" prefix="i" shape="xx" suffix="in" tag="APPR" />
    </node>
    <node ID="0.5" type="Word">
      <attributes paragraph="1" paragraph_position="5" text="Bewegung" />
      <extra dep="obl" ent_iob="2" ent_type="" head="1" lemma="Bewegung" orig_paragraph="6" orth="Bewegung" pos="NOUN" prefix="B" shape="Xxxxx" suffix="ung" tag="NN" />
    </node>
    <node ID="0.6" type="Word">
      <attributes paragraph="1" paragraph_position="6" text="gesetzt" />
      <extra dep="root" ent_iob="2" ent_type="" head="-3" lemma="setzen" orig_paragraph="6" orth="gesetzt" pos="VERB" prefix="g" shape="xxxx" suffix="tzt" tag="VVPP" />
    </node>
    <node ID="0.7" type="Punctuation">
      <attributes paragraph="1" paragraph_position="7" text="." />
      <extra dep="punct" ent_iob="2" ent_type="" head="-1" lemma="." orig_paragraph="6" orth="." pos="PUNCT" prefix="." shape="." suffix="." tag="$." />
    </node>
  </layer>
  <layer layerID="1">
    <attributes />
    <node ID="1.1" type="FN">
      <attributes />
      <edge toID="1.2" type="H">
        <attributes />
        <category tag="H" />
      </edge>
    </node>
    <node ID="1.2" type="FN">
      <attributes />
      <edge toID="1.3" type="A">
        <attributes />
        <category tag="A" />
      </edge>
      <edge toID="1.4" type="F">
        <attributes />
        <category tag="F" />
      </edge>
      <edge toID="1.5" type="P">
        <attributes />
        <category tag="P" />
      </edge>
      <edge toID="1.6" type="U">
        <attributes />
        <category tag="U" />
      </edge>
    </node>
    <node ID="1.3" type="FN">
      <attributes />
      <edge toID="1.7" type="E">
        <attributes />
        <category tag="E" />
      </edge>
      <edge toID="1.8" type="C">
        <attributes />
        <category tag="C" />
      </edge>
    </node>
    <node ID="1.4" type="FN">
      <attributes />
      <edge toID="0.3" type="Terminal">
        <attributes />
        <category tag="Terminal" />
      </edge>
    </node>
    <node ID="1.5" type="FN">
      <attributes />
      <edge toID="0.4" type="Terminal">
        <attributes />
        <category tag="Terminal" />
      </edge>
      <edge toID="0.5" type="Terminal">
        <attributes />
        <category tag="Terminal" />
      </edge>
      <edge toID="0.6" type="Terminal">
        <attributes />
        <category tag="Terminal" />
      </edge>
    </node>
    <node ID="1.6" type="PNCT">
      <attributes />
      <edge toID="0.7" type="Terminal">
        <attributes />
        <category tag="Terminal" />
      </edge>
    </node>
    <node ID="1.7" type="FN">
      <attributes />
      <edge toID="0.1" type="Terminal">
        <attributes />
        <category tag="Terminal" />
      </edge>
    </node>
    <node ID="1.8" type="FN">
      <attributes />
      <edge toID="0.2" type="Terminal">
        <attributes />
        <category tag="Terminal" />
      </edge>
    </node>
  </layer>
</root>
