<root annotationID="0" passageID="292002">
  <attributes />
  <extra format="ucca" />
  <layer layerID="0">
    <attributes />
    <extra doc="[[[15870926450439012208, 11667289587015813222, 164681854541413346, 85, 0, 2, 397, 3, 12204527652707022206, 14862748245026736845, 15870926450439012208], [12059514183285037132, 12059514183285037132, 1982173196287093141, 85, 0, 2, 341650274070182569, -1, 13110060611322374290, 2985121464356781022, 5101743919633864694], [4690420944186131903, 4690420944186131903, 13656873538139661788, 94, 0, 2, 426, 1, 100, 4690420944186131903, 4690420944186131903], [4429974322456332988, 4429974322456332988, 9188597074677201817, 99, 0, 2, 445, 0, 13110060611322374290, 15817570140490810055, 18020990058753680179], [10239237003504588839, 10239237003504588839, 13656873538139661788, 94, 0, 2, 426, 1, 4370460163704169311, 5097672513440128799, 10239237003504588839], [18307573501153647118, 18307573501153647118, 16235386156175103506, 86, 0, 2, 405, -2, 13110060611322374290, 260667111241363922, 10522273805588696859], [12646065887601541794, 12646065887601541794, 12646065887601541794, 96, 0, 2, 442, -3, 12646065887601541794, 12646065887601541794, 12646065887601541794]]]" />
    <node ID="0.1" type="Word">
      <attributes paragraph="1" paragraph_position="1" text="At" />
      <extra dep="advmod" ent_iob="2" ent_type="" head="3" lemma="at" orig_paragraph="1" orth="At" pos="ADV" prefix="A" shape="Xx" suffix="At" tag="RB" />
    </node>
    <node ID="0.2" type="Word">
      <attributes paragraph="1" paragraph_position="2" text="least" />
      <extra dep="fixed" ent_iob="2" ent_type="" head="-1" lemma="least" orig_paragraph="1" orth="least" pos="ADV" prefix="l" shape="xxxx" suffix="ast" tag="RBS" />
    </node>
    <node ID="0.3" type="Word">
      <attributes paragraph="1" paragraph_position="3" text="I" />
      <extra dep="nsubj" ent_iob="2" ent_type="" head="1" lemma="I" orig_paragraph="1" orth="I" pos="PRON" prefix="I" shape="X" suffix="I" tag="PRP" />
    </node>
    <node ID="0.4" type="Word">
      <attributes paragraph="1" paragraph_position="4" text="hope" />
      <extra dep="root" ent_iob="2" ent_type="" head="0" lemma="hope" orig_paragraph="1" orth="hope" pos="VERB" prefix="h" shape="xxxx" suffix="ope" tag="VBP" />
    </node>
    <node ID="0.5" type="Word">
      <attributes paragraph="1" paragraph_position="5" text="it" />
      <extra dep="nsubj" ent_iob="2" ent_type="" head="1" lemma="it" orig_paragraph="1" orth="it" pos="PRON" prefix="i" shape="xx" suffix="it" tag="PRP" />
    </node>
    <node ID="0.6" type="Word">
      <attributes paragraph="1" paragraph_position="6" text="will" />
      <extra dep="ccomp" ent_iob="2" ent_type="" head="-2" lemma="will" orig_paragraph="1" orth="will" pos="AUX" prefix="w" shape="xxxx" suffix="ill" tag="MD" />
    </node>
    <node ID="0.7" type="Punctuation">
      <attributes paragraph="1" paragraph_position="7" text="." />
      <extra dep="punct" ent_iob="2" ent_type="" head="-3" lemma="." orig_paragraph="1" orth="." pos="PUNCT" prefix="." shape="." suffix="." tag="." />
    </node>
  </layer>
  <layer layerID="1">
    <attributes />
    <node ID="1.1" type="FN">
      <attributes />
      <edge toID="1.2" type="L">
        <attributes />
        <category tag="L" />
      </edge>
      <edge toID="1.3" type="H">
        <attributes />
        <category tag="H" />
      </edge>
    </node>
    <node ID="1.2" type="FN">
      <attributes />
      <edge toID="0.1" type="Terminal">
        <attributes />
        <category tag="Terminal" />
      </edge>
      <edge toID="0.2" type="Terminal">
        <attributes />
        <category tag="Terminal" />
      </edge>
    </node>
    <node ID="1.3" type="FN">
      <attributes />
      <edge toID="1.4" type="A">
        <attributes />
        <category tag="A" />
      </edge>
      <edge toID="1.5" type="P">
        <attributes />
        <category tag="P" />
      </edge>
      <edge toID="1.6" type="A">
        <attributes />
        <category tag="A" />
      </edge>
      <edge toID="1.7" type="F">
        <attributes />
        <category tag="F" />
      </edge>
      <edge toID="1.8" type="U">
        <attributes />
        <category tag="U" />
      </edge>
    </node>
    <node ID="1.4" type="FN">
      <attributes />
      <edge toID="0.3" type="Terminal">
        <attributes />
        <category tag="Terminal" />
      </edge>
    </node>
    <node ID="1.5" type="FN">
      <attributes />
      <edge toID="0.4" type="Terminal">
        <attributes />
        <category tag="Terminal" />
      </edge>
    </node>
    <node ID="1.6" type="FN">
      <attributes />
      <edge toID="0.5" type="Terminal">
        <attributes />
        <category tag="Terminal" />
      </edge>
    </node>
    <node ID="1.7" type="FN">
      <attributes />
      <edge toID="0.6" type="Terminal">
        <attributes />
        <category tag="Terminal" />
      </edge>
    </node>
    <node ID="1.8" type="PNCT">
      <attributes />
      <edge toID="0.7" type="Terminal">
        <attributes />
        <category tag="Terminal" />
      </edge>
    </node>
  </layer>
</root>
