<root annotationID="0" passageID="293002">
  <attributes />
  <extra format="ucca" />
  <layer layerID="0">
    <attributes />
    <extra doc="[[[7891885606734706717, 14917879251104519685, 164681854541413346, 85, 0, 2, 397, 11, 16072095006890171862, 14230521632333904559, 6923696665978021163], [2593208677638477497, 2593208677638477497, 2593208677638477497, 96, 0, 2, 442, 10, 2593208677638477497, 2593208677638477497, 2593208677638477497], [16331095434822636218, 16331095434822636218, 17524233984504158541, 85, 0, 2, 397, 9, 4088098365541558500, 15817570140490810055, 16331095434822636218], [7494117911267222209, 7494117911267222209, 16235386156175103506, 86, 0, 2, 402, 8, 13110060611322374290, 16900879642891266615, 17438164932492296010], [7425985699627899538, 7425985699627899538, 15267657372422890137, 89, 0, 2, 412, 1, 4088098365541558500, 15369245168918225700, 7425985699627899538], [6769749400200475520, 6769749400200475520, 15308085513773655218, 91, 0, 2, 426, 6, 13110060611322374290, 11901859001352538922, 15717290934642612275], [886050111519832510, 886050111519832510, 1292078113972184607, 84, 0, 2, 8110129090154140942, 3, 4370460163704169311, 1489474827855109852, 886050111519832510], [1995909169258310477, 1995909169258310477, 15267657372422890137, 89, 0, 2, 412, 2, 13110060611322374290, 15369245168918225700, 2661093235354845946], [4587677536284843563, 4587677536284843563, 15308085513773655218, 91, 0, 2, 7037928807040764755, 1, 13110060611322374290, 12247454108283186160, 16111258787187009011], [11387929873876272110, 11387929873876272110, 15308085513773655218, 91, 0, 2, 423, -4, 13110060611322374290, 15598372446745583797, 1464410000003263353], [14692702688101715474, 14692702688101715474, 9188597074677201817, 86, 0, 2, 402, 1, 13110060611322374290, 15817570140490810055, 13891979019686982531], [610864890335689901, 3455369559004845828, 3822385049556375858, 99, 0, 2, 445, 0, 13110060611322374290, 1720370409040345145, 15950762329401383738], [12612542014536453279, 12612542014536453279, 10554686591937588953, 83, 0, 2, 399, 1, 13110060611322374290, 8861071527689086543, 2719791455349908433], [9236818973772229989, 9236818973772229989, 15308085513773655218, 91, 0, 2, 431, -2, 13110060611322374290, 13210364986222294696, 16077735445828477292], [8205403955989537350, 8205403955989537350, 12646065887601541794, 96, 0, 2, 442, -3, 8205403955989537350, 8205403955989537350, 8205403955989537350]]]" />
    <node ID="0.1" type="Word">
      <attributes paragraph="1" paragraph_position="1" text="Besides" />
      <extra dep="advmod" ent_iob="2" ent_type="" head="11" lemma="besides" orig_paragraph="1" orth="Besides" pos="ADV" prefix="B" shape="Xxxxx" suffix="des" tag="RB" />
    </node>
    <node ID="0.2" type="Punctuation">
      <attributes paragraph="1" paragraph_position="2" text="," />
      <extra dep="punct" ent_iob="2" ent_type="" head="10" lemma="," orig_paragraph="1" orth="," pos="PUNCT" prefix="," shape="," suffix="," tag="," />
    </node>
    <node ID="0.3" type="Word">
      <attributes paragraph="1" paragraph_position="3" text="how" />
      <extra dep="advmod" ent_iob="2" ent_type="" head="9" lemma="how" orig_paragraph="1" orth="how" pos="ADV" prefix="h" shape="xxx" suffix="how" tag="WRB" />
    </node>
    <node ID="0.4" type="Word">
      <attributes paragraph="1" paragraph_position="4" text="could" />
      <extra dep="aux" ent_iob="2" ent_type="" head="8" lemma="could" orig_paragraph="1" orth="could" pos="AUX" prefix="c" shape="xxxx" suffix="uld" tag="MD" />
    </node>
    <node ID="0.5" type="Word">
      <attributes paragraph="1" paragraph_position="5" text="the" />
      <extra dep="det" ent_iob="2" ent_type="" head="1" lemma="the" orig_paragraph="1" orth="the" pos="DET" prefix="t" shape="xxx" suffix="the" tag="DT" />
    </node>
    <node ID="0.6" type="Word">
      <attributes paragraph="1" paragraph_position="6" text="assembly" />
      <extra dep="nsubj" ent_iob="2" ent_type="" head="6" lemma="assembly" orig_paragraph="1" orth="assembly" pos="NOUN" prefix="a" shape="xxxx" suffix="bly" tag="NN" />
    </node>
    <node ID="0.7" type="Word">
      <attributes paragraph="1" paragraph_position="7" text="of" />
      <extra dep="case" ent_iob="2" ent_type="" head="3" lemma="of" orig_paragraph="1" orth="of" pos="ADP" prefix="o" shape="xx" suffix="of" tag="IN" />
    </node>
    <node ID="0.8" type="Word">
      <attributes paragraph="1" paragraph_position="8" text="this" />
      <extra dep="det" ent_iob="2" ent_type="" head="2" lemma="this" orig_paragraph="1" orth="this" pos="DET" prefix="t" shape="xxxx" suffix="his" tag="DT" />
    </node>
    <node ID="0.9" type="Word">
      <attributes paragraph="1" paragraph_position="9" text="underwater" />
      <extra dep="compound" ent_iob="2" ent_type="" head="1" lemma="underwater" orig_paragraph="1" orth="underwater" pos="NOUN" prefix="u" shape="xxxx" suffix="ter" tag="NN" />
    </node>
    <node ID="0.10" type="Word">
      <attributes paragraph="1" paragraph_position="10" text="boat" />
      <extra dep="nmod" ent_iob="2" ent_type="" head="-4" lemma="boat" orig_paragraph="1" orth="boat" pos="NOUN" prefix="b" shape="xxxx" suffix="oat" tag="NN" />
    </node>
    <node ID="0.11" type="Word">
      <attributes paragraph="1" paragraph_position="11" text="have" />
      <extra dep="aux" ent_iob="2" ent_type="" head="1" lemma="have" orig_paragraph="1" orth="have" pos="AUX" prefix="h" shape="xxxx" suffix="ave" tag="VBP" />
    </node>
    <node ID="0.12" type="Word">
      <attributes paragraph="1" paragraph_position="12" text="escaped" />
      <extra dep="root" ent_iob="2" ent_type="" head="0" lemma="escape" orig_paragraph="1" orth="escaped" pos="VERB" prefix="e" shape="xxxx" suffix="ped" tag="VBN" />
    </node>
    <node ID="0.13" type="Word">
      <attributes paragraph="1" paragraph_position="13" text="public" />
      <extra dep="amod" ent_iob="2" ent_type="" head="1" lemma="public" orig_paragraph="1" orth="public" pos="ADJ" prefix="p" shape="xxxx" suffix="lic" tag="JJ" />
    </node>
    <node ID="0.14" type="Word">
      <attributes paragraph="1" paragraph_position="14" text="notice" />
      <extra dep="obj" ent_iob="2" ent_type="" head="-2" lemma="notice" orig_paragraph="1" orth="notice" pos="NOUN" prefix="n" shape="xxxx" suffix="ice" tag="NN" />
    </node>
    <node ID="0.15" type="Punctuation">
      <attributes paragraph="1" paragraph_position="15" text="?" />
      <extra dep="punct" ent_iob="2" ent_type="" head="-3" lemma="?" orig_paragraph="1" orth="?" pos="PUNCT" prefix="?" shape="?" suffix="?" tag="." />
    </node>
  </layer>
  <layer layerID="1">
    <attributes />
    <node ID="1.1" type="FN">
      <attributes />
      <edge toID="1.2" type="H">
        <attributes />
        <category tag="H" />
      </edge>
      <edge toID="1.3" type="H">
        <attributes />
        <category tag="H" />
      </edge>
    </node>
    <node ID="1.2" type="FN">
      <attributes />
      <edge toID="1.4" type="A">
        <attributes />
        <category tag="A" />
      </edge>
      <edge toID="1.5" type="U">
        <attributes />
        <category tag="U" />
      </edge>
    </node>
    <node ID="1.3" type="FN">
      <attributes />
      <edge toID="1.6" type="D">
        <attributes />
        <category tag="D" />
      </edge>
      <edge toID="1.7" type="D">
        <attributes />
        <category tag="D" />
      </edge>
      <edge toID="1.8" type="A">
        <attributes />
        <category tag="A" />
      </edge>
      <edge toID="1.9" type="F">
        <attributes />
        <category tag="F" />
      </edge>
      <edge toID="1.10" type="P">
        <attributes />
        <category tag="P" />
      </edge>
      <edge toID="1.11" type="A">
        <attributes />
        <category tag="A" />
      </edge>
    </node>
    <node ID="1.4" type="FN">
      <attributes />
      <edge toID="0.1" type="Terminal">
        <attributes />
        <category tag="Terminal" />
      </edge>
    </node>
    <node ID="1.5" type="PNCT">
      <attributes />
      <edge toID="0.2" type="Terminal">
        <attributes />
        <category tag="Terminal" />
      </edge>
    </node>
    <node ID="1.6" type="FN">
      <attributes />
      <edge toID="0.3" type="Terminal">
        <attributes />
        <category tag="Terminal" />
      </edge>
    </node>
    <node ID="1.7" type="FN">
      <attributes />
      <edge toID="0.4" type="Terminal">
        <attributes />
        <category tag="Terminal" />
      </edge>
    </node>
    <node ID="1.8" type="FN">
      <attributes />
      <edge toID="1.12" type="E">
        <attributes />
        <category tag="E" />
      </edge>
      <edge toID="1.13" type="C">
        <attributes />
        <category tag="C" />
      </edge>
      <edge toID="1.14" type="E">
        <attributes />
        <category tag="E" />
      </edge>
    </node>
    <node ID="1.9" type="FN">
      <attributes />
      <edge toID="0.11" type="Terminal">
        <attributes />
        <category tag="Terminal" />
      </edge>
    </node>
    <node ID="1.10" type="FN">
      <attributes />
      <edge toID="0.12" type="Terminal">
        <attributes />
        <category tag="Terminal" />
      </edge>
    </node>
    <node ID="1.11" type="FN">
      <attributes />
      <edge toID="1.15" type="E">
        <attributes />
        <category tag="E" />
      </edge>
      <edge toID="1.16" type="C">
        <attributes />
        <category tag="C" />
      </edge>
      <edge toID="1.17" type="U">
        <attributes />
        <category tag="U" />
      </edge>
    </node>
    <node ID="1.12" type="FN">
      <attributes />
      <edge toID="0.5" type="Terminal">
        <attributes />
        <category tag="Terminal" />
      </edge>
    </node>
    <node ID="1.13" type="FN">
      <attributes />
      <edge toID="0.6" type="Terminal">
        <attributes />
        <category tag="Terminal" />
      </edge>
    </node>
    <node ID="1.14" type="FN">
      <attributes />
      <edge toID="1.18" type="R">
        <attributes />
        <category tag="R" />
      </edge>
      <edge toID="1.19" type="E">
        <attributes />
        <category tag="E" />
      </edge>
      <edge toID="1.20" type="E">
        <attributes />
        <category tag="E" />
      </edge>
      <edge toID="1.21" type="C">
        <attributes />
        <category tag="C" />
      </edge>
    </node>
    <node ID="1.15" type="FN">
      <attributes />
      <edge toID="0.13" type="Terminal">
        <attributes />
        <category tag="Terminal" />
      </edge>
    </node>
    <node ID="1.16" type="FN">
      <attributes />
      <edge toID="0.14" type="Terminal">
        <attributes />
        <category tag="Terminal" />
      </edge>
    </node>
    <node ID="1.17" type="PNCT">
      <attributes />
      <edge toID="0.15" type="Terminal">
        <attributes />
        <category tag="Terminal" />
      </edge>
    </node>
    <node ID="1.18" type="FN">
      <attributes />
      <edge toID="0.7" type="Terminal">
        <attributes />
        <category tag="Terminal" />
      </edge>
    </node>
    <node ID="1.19" type="FN">
      <attributes />
      <edge toID="0.8" type="Terminal">
        <attributes />
        <category tag="Terminal" />
      </edge>
    </node>
    <node ID="1.20" type="FN">
      <attributes />
      <edge toID="0.9" type="Terminal">
        <attributes />
        <category tag="Terminal" />
      </edge>
    </node>
    <node ID="1.21" type="FN">
      <attributes />
      <edge toID="0.10" type="Terminal">
        <attributes />
        <category tag="Terminal" />
      </edge>
    </node>
  </layer>
</root>
