<root annotationID="0" passageID="309002">
  <attributes />
  <extra format="ucca" />
  <layer layerID="0">
    <attributes />
    <extra doc="[[[10150578945572349518, 3642769012341782148, 17571114184892886314, 88, 0, 2, 404, 1, 18200729499220207786, 16961793518281001049, 10150578945572349518], [12691978708603459222, 12691978708603459222, 14200088355797579614, 99, 0, 2, 445, 0, 13110060611322374290, 8148669997605808657, 3161953725080168345], [6421409113692203669, 6421409113692203669, 164681854541413346, 85, 0, 2, 397, -1, 13110060611322374290, 8148669997605808657, 2646123857127441627], [2593208677638477497, 2593208677638477497, 2593208677638477497, 96, 0, 2, 442, -2, 2593208677638477497, 2593208677638477497, 2593208677638477497], [4690420944186131903, 4690420944186131903, 13656873538139661788, 94, 0, 2, 426, 2, 100, 4690420944186131903, 4690420944186131903], [12960022596163002503, 14692702688101715474, 17109001835818727656, 86, 0, 2, 402, 1, 4088098365541558500, 15817570140490810055, 12960022596163002503], [5907372897554580966, 17802013430068802480, 3822385049556375858, 99, 0, 2, 433, -5, 13110060611322374290, 11901859001352538922, 14814004474743358178], [7425985699627899538, 7425985699627899538, 15267657372422890137, 89, 0, 2, 412, 1, 4088098365541558500, 15369245168918225700, 7425985699627899538], [4708766880135230039, 4708766880135230039, 15308085513773655218, 91, 0, 2, 431, -2, 13110060611322374290, 1720370409040345145, 14431812100313486463], [886050111519832510, 886050111519832510, 1292078113972184607, 84, 0, 2, 8110129090154140942, 3, 4370460163704169311, 1489474827855109852, 886050111519832510], [15884554869126768810, 15884554869126768810, 4969857429396651903, 96, 0, 2, 442, 2, 15884554869126768810, 15884554869126768810, 15884554869126768810], [7425985699627899538, 7425985699627899538, 15267657372422890137, 89, 0, 2, 412, 1, 4088098365541558500, 15369245168918225700, 7425985699627899538], [11031148346643652287, 11031148346643652287, 15308085513773655218, 91, 0, 2, 423, -4, 13110060611322374290, 646772771845179972, 16111258787187009011], [12646065887601541794, 12646065887601541794, 12646065887601541794, 96, 0, 2, 442, -12, 12646065887601541794, 12646065887601541794, 12646065887601541794], [15884554869126768810, 15884554869126768810, 14143520107006108953, 96, 0, 2, 442, -13, 15884554869126768810, 15884554869126768810, 15884554869126768810]]]" />
    <node ID="0.1" type="Word">
      <attributes paragraph="1" paragraph_position="1" text="Yet" />
      <extra dep="cc" ent_iob="2" ent_type="" head="1" lemma="yet" orig_paragraph="1" orth="Yet" pos="CCONJ" prefix="Y" shape="Xxx" suffix="Yet" tag="CC" />
    </node>
    <node ID="0.2" type="Word">
      <attributes paragraph="1" paragraph_position="2" text="deep" />
      <extra dep="root" ent_iob="2" ent_type="" head="1" lemma="deep" orig_paragraph="1" orth="deep" pos="VERB" prefix="d" shape="xxxx" suffix="eep" tag="VB" />
    </node>
    <node ID="0.3" type="Word">
      <attributes paragraph="1" paragraph_position="3" text="down" />
      <extra dep="advmod" ent_iob="2" ent_type="" head="-1" lemma="down" orig_paragraph="1" orth="down" pos="ADV" prefix="d" shape="xxxx" suffix="own" tag="RB" />
    </node>
    <node ID="0.4" type="Punctuation">
      <attributes paragraph="1" paragraph_position="4" text="," />
      <extra dep="punct" ent_iob="2" ent_type="" head="-2" lemma="," orig_paragraph="1" orth="," pos="PUNCT" prefix="," shape="," suffix="," tag="," />
    </node>
    <node ID="0.5" type="Word">
      <attributes paragraph="1" paragraph_position="5" text="I" />
      <extra dep="nsubj" ent_iob="2" ent_type="" head="2" lemma="I" orig_paragraph="1" orth="I" pos="PRON" prefix="I" shape="X" suffix="I" tag="PRP" />
    </node>
    <node ID="0.6" type="Word">
      <attributes paragraph="1" paragraph_position="6" text="had" />
      <extra dep="aux" ent_iob="2" ent_type="" head="1" lemma="have" orig_paragraph="1" orth="had" pos="AUX" prefix="h" shape="xxx" suffix="had" tag="VBD" />
    </node>
    <node ID="0.7" type="Word">
      <attributes paragraph="1" paragraph_position="7" text="accepted" />
      <extra dep="parataxis" ent_iob="2" ent_type="" head="-5" lemma="accept" orig_paragraph="1" orth="accepted" pos="VERB" prefix="a" shape="xxxx" suffix="ted" tag="VBN" />
    </node>
    <node ID="0.8" type="Word">
      <attributes paragraph="1" paragraph_position="8" text="the" />
      <extra dep="det" ent_iob="2" ent_type="" head="1" lemma="the" orig_paragraph="1" orth="the" pos="DET" prefix="t" shape="xxx" suffix="the" tag="DT" />
    </node>
    <node ID="0.9" type="Word">
      <attributes paragraph="1" paragraph_position="9" text="existence" />
      <extra dep="obj" ent_iob="2" ent_type="" head="-2" lemma="existence" orig_paragraph="1" orth="existence" pos="NOUN" prefix="e" shape="xxxx" suffix="nce" tag="NN" />
    </node>
    <node ID="0.10" type="Word">
      <attributes paragraph="1" paragraph_position="10" text="of" />
      <extra dep="case" ent_iob="2" ent_type="" head="3" lemma="of" orig_paragraph="1" orth="of" pos="ADP" prefix="o" shape="xx" suffix="of" tag="IN" />
    </node>
    <node ID="0.11" type="Punctuation">
      <attributes paragraph="1" paragraph_position="11" text="&quot;" />
      <extra dep="punct" ent_iob="2" ent_type="" head="2" lemma="&quot;" orig_paragraph="1" orth="&quot;" pos="PUNCT" prefix="&quot;" shape="&quot;" suffix="&quot;" tag="``" />
    </node>
    <node ID="0.12" type="Word">
      <attributes paragraph="1" paragraph_position="12" text="the" />
      <extra dep="det" ent_iob="2" ent_type="" head="1" lemma="the" orig_paragraph="1" orth="the" pos="DET" prefix="t" shape="xxx" suffix="the" tag="DT" />
    </node>
    <node ID="0.13" type="Word">
      <attributes paragraph="1" paragraph_position="13" text="monster" />
      <extra dep="nmod" ent_iob="2" ent_type="" head="-4" lemma="monster" orig_paragraph="1" orth="monster" pos="NOUN" prefix="m" shape="xxxx" suffix="ter" tag="NN" />
    </node>
    <node ID="0.14" type="Punctuation">
      <attributes paragraph="1" paragraph_position="14" text="." />
      <extra dep="punct" ent_iob="2" ent_type="" head="-12" lemma="." orig_paragraph="1" orth="." pos="PUNCT" prefix="." shape="." suffix="." tag="." />
    </node>
    <node ID="0.15" type="Punctuation">
      <attributes paragraph="1" paragraph_position="15" text="&quot;" />
      <extra dep="punct" ent_iob="2" ent_type="" head="-13" lemma="&quot;" orig_paragraph="1" orth="&quot;" pos="PUNCT" prefix="&quot;" shape="&quot;" suffix="&quot;" tag="''" />
    </node>
  </layer>
  <layer layerID="1">
    <attributes />
    <node ID="1.1" type="FN">
      <attributes />
      <edge toID="1.2" type="L">
        <attributes />
        <category tag="L" />
      </edge>
      <edge toID="1.3" type="H">
        <attributes />
        <category tag="H" />
      </edge>
    </node>
    <node ID="1.2" type="FN">
      <attributes />
      <edge toID="0.1" type="Terminal">
        <attributes />
        <category tag="Terminal" />
      </edge>
    </node>
    <node ID="1.3" type="FN">
      <attributes />
      <edge toID="1.4" type="D">
        <attributes />
        <category tag="D" />
      </edge>
      <edge toID="1.5" type="F">
        <attributes />
        <category tag="F" />
      </edge>
      <edge toID="1.6" type="P">
        <attributes />
        <category tag="P" />
      </edge>
      <edge toID="1.7" type="A">
        <attributes />
        <category tag="A" />
      </edge>
      <edge toID="1.8" type="U">
        <attributes />
        <category tag="U" />
      </edge>
      <edge toID="1.9" type="A">
        <attributes />
        <category tag="A" />
      </edge>
    </node>
    <node ID="1.4" type="FN">
      <attributes />
      <edge toID="1.10" type="D">
        <attributes />
        <category tag="D" />
      </edge>
      <edge toID="1.11" type="U">
        <attributes />
        <category tag="U" />
      </edge>
      <edge toID="1.12" type="A">
        <attributes />
        <category tag="A" />
      </edge>
    </node>
    <node ID="1.5" type="FN">
      <attributes />
      <edge toID="0.6" type="Terminal">
        <attributes />
        <category tag="Terminal" />
      </edge>
    </node>
    <node ID="1.6" type="FN">
      <attributes />
      <edge toID="0.7" type="Terminal">
        <attributes />
        <category tag="Terminal" />
      </edge>
    </node>
    <node ID="1.7" type="FN">
      <attributes />
      <edge toID="1.13" type="E">
        <attributes />
        <category tag="E" />
      </edge>
      <edge toID="1.14" type="C">
        <attributes />
        <category tag="C" />
      </edge>
      <edge toID="1.15" type="R">
        <attributes />
        <category tag="R" />
      </edge>
    </node>
    <node ID="1.8" type="PNCT">
      <attributes />
      <edge toID="0.11" type="Terminal">
        <attributes />
        <category tag="Terminal" />
      </edge>
    </node>
    <node ID="1.9" type="FN">
      <attributes />
      <edge toID="1.16" type="E">
        <attributes />
        <category tag="E" />
      </edge>
      <edge toID="1.17" type="C">
        <attributes />
        <category tag="C" />
      </edge>
      <edge toID="1.18" type="U">
        <attributes />
        <category tag="U" />
      </edge>
      <edge toID="1.19" type="U">
        <attributes />
        <category tag="U" />
      </edge>
    </node>
    <node ID="1.10" type="FN">
      <attributes />
      <edge toID="0.2" type="Terminal">
        <attributes />
        <category tag="Terminal" />
      </edge>
      <edge toID="0.3" type="Terminal">
        <attributes />
        <category tag="Terminal" />
      </edge>
    </node>
    <node ID="1.11" type="PNCT">
      <attributes />
      <edge toID="0.4" type="Terminal">
        <attributes />
        <category tag="Terminal" />
      </edge>
    </node>
    <node ID="1.12" type="FN">
      <attributes />
      <edge toID="0.5" type="Terminal">
        <attributes />
        <category tag="Terminal" />
      </edge>
    </node>
    <node ID="1.13" type="FN">
      <attributes />
      <edge toID="0.8" type="Terminal">
        <attributes />
        <category tag="Terminal" />
      </edge>
    </node>
    <node ID="1.14" type="FN">
      <attributes />
      <edge toID="0.9" type="Terminal">
        <attributes />
        <category tag="Terminal" />
      </edge>
    </node>
    <node ID="1.15" type="FN">
      <attributes />
      <edge toID="0.10" type="Terminal">
        <attributes />
        <category tag="Terminal" />
      </edge>
    </node>
    <node ID="1.16" type="FN">
      <attributes />
      <edge toID="0.12" type="Terminal">
        <attributes />
        <category tag="Terminal" />
      </edge>
    </node>
    <node ID="1.17" type="FN">
      <attributes />
      <edge toID="0.13" type="Terminal">
        <attributes />
        <category tag="Terminal" />
      </edge>
    </node>
    <node ID="1.18" type="PNCT">
      <attributes />
      <edge toID="0.14" type="Terminal">
        <attributes />
        <category tag="Terminal" />
      </edge>
    </node>
    <node ID="1.19" type="PNCT">
      <attributes />
      <edge toID="0.15" type="Terminal">
        <attributes />
        <category tag="Terminal" />
      </edge>
    </node>
  </layer>
</root>
