<root annotationID="0" passageID="310003">
  <attributes />
  <extra format="ucca" />
  <layer layerID="0">
    <attributes />
    <extra doc="[[[5059648917813135842, 7425985699627899538, 15267657372422890137, 89, 0, 2, 412, 2, 18200729499220207786, 5582244037879929967, 5059648917813135842], [5674190450704392893, 5674190450704392893, 10554686591937588953, 83, 0, 2, 399, 1, 13110060611322374290, 15817570140490810055, 3104811030673030468], [8811887512194128535, 8811887512194128535, 15308085513773655218, 91, 0, 2, 426, 1, 13110060611322374290, 646772771845179972, 17630434312342767710], [4280152163947491180, 13716726989081948958, 13927759927860985106, 99, 0, 2, 445, 0, 13110060611322374290, 1720370409040345145, 17425321655496809956], [13718441613973299639, 13718441613973299639, 10554686591937588953, 83, 0, 2, 399, 1, 13110060611322374290, 5097672513440128799, 18368739048743112828], [3372197663685252435, 13805421583668193750, 783433942507015291, 91, 0, 2, 431, -2, 13110060611322374290, 2482183445564601373, 8906198441074590503], [886050111519832510, 886050111519832510, 1292078113972184607, 84, 0, 2, 8110129090154140942, 2, 4370460163704169311, 1489474827855109852, 886050111519832510], [6521663110097810959, 6521663110097810959, 10554686591937588953, 83, 0, 2, 399, 1, 13110060611322374290, 12247454108283186160, 4609239387706200225], [4206045693466475769, 5640421256942791871, 783433942507015291, 91, 0, 2, 423, -3, 13110060611322374290, 16900879642891266615, 18119152608922315876], [12646065887601541794, 12646065887601541794, 12646065887601541794, 96, 0, 2, 442, -6, 12646065887601541794, 12646065887601541794, 12646065887601541794]]]" />
    <node ID="0.1" type="Word">
      <attributes paragraph="1" paragraph_position="1" text="The" />
      <extra dep="det" ent_iob="2" ent_type="" head="2" lemma="the" orig_paragraph="1" orth="The" pos="DET" prefix="T" shape="Xxx" suffix="The" tag="DT" />
    </node>
    <node ID="0.2" type="Word">
      <attributes paragraph="1" paragraph_position="2" text="human" />
      <extra dep="amod" ent_iob="2" ent_type="" head="1" lemma="human" orig_paragraph="1" orth="human" pos="ADJ" prefix="h" shape="xxxx" suffix="man" tag="JJ" />
    </node>
    <node ID="0.3" type="Word">
      <attributes paragraph="1" paragraph_position="3" text="mind" />
      <extra dep="nsubj" ent_iob="2" ent_type="" head="1" lemma="mind" orig_paragraph="1" orth="mind" pos="NOUN" prefix="m" shape="xxxx" suffix="ind" tag="NN" />
    </node>
    <node ID="0.4" type="Word">
      <attributes paragraph="1" paragraph_position="4" text="enjoys" />
      <extra dep="root" ent_iob="2" ent_type="" head="0" lemma="enjoy" orig_paragraph="1" orth="enjoys" pos="VERB" prefix="e" shape="xxxx" suffix="oys" tag="VBZ" />
    </node>
    <node ID="0.5" type="Word">
      <attributes paragraph="1" paragraph_position="5" text="impressive" />
      <extra dep="amod" ent_iob="2" ent_type="" head="1" lemma="impressive" orig_paragraph="1" orth="impressive" pos="ADJ" prefix="i" shape="xxxx" suffix="ive" tag="JJ" />
    </node>
    <node ID="0.6" type="Word">
      <attributes paragraph="1" paragraph_position="6" text="visions" />
      <extra dep="obj" ent_iob="2" ent_type="" head="-2" lemma="vision" orig_paragraph="1" orth="visions" pos="NOUN" prefix="v" shape="xxxx" suffix="ons" tag="NNS" />
    </node>
    <node ID="0.7" type="Word">
      <attributes paragraph="1" paragraph_position="7" text="of" />
      <extra dep="case" ent_iob="2" ent_type="" head="2" lemma="of" orig_paragraph="1" orth="of" pos="ADP" prefix="o" shape="xx" suffix="of" tag="IN" />
    </node>
    <node ID="0.8" type="Word">
      <attributes paragraph="1" paragraph_position="8" text="unearthly" />
      <extra dep="amod" ent_iob="2" ent_type="" head="1" lemma="unearthly" orig_paragraph="1" orth="unearthly" pos="ADJ" prefix="u" shape="xxxx" suffix="hly" tag="JJ" />
    </node>
    <node ID="0.9" type="Word">
      <attributes paragraph="1" paragraph_position="9" text="creatures" />
      <extra dep="nmod" ent_iob="2" ent_type="" head="-3" lemma="creature" orig_paragraph="1" orth="creatures" pos="NOUN" prefix="c" shape="xxxx" suffix="res" tag="NNS" />
    </node>
    <node ID="0.10" type="Punctuation">
      <attributes paragraph="1" paragraph_position="10" text="." />
      <extra dep="punct" ent_iob="2" ent_type="" head="-6" lemma="." orig_paragraph="1" orth="." pos="PUNCT" prefix="." shape="." suffix="." tag="." />
    </node>
  </layer>
  <layer layerID="1">
    <attributes />
    <node ID="1.1" type="FN">
      <attributes />
      <edge toID="1.2" type="H">
        <attributes />
        <category tag="H" />
      </edge>
      <edge toID="1.3" type="R">
        <attributes />
        <category tag="R" />
      </edge>
      <edge toID="1.4" type="E">
        <attributes />
        <category tag="E" />
      </edge>
      <edge toID="1.5" type="C">
        <attributes />
        <category tag="C" />
      </edge>
      <edge toID="1.6" type="U">
        <attributes />
        <category tag="U" />
      </edge>
    </node>
    <node ID="1.2" type="FN">
      <attributes />
      <edge toID="1.7" type="A">
        <attributes />
        <category tag="A" />
      </edge>
    </node>
    <node ID="1.3" type="FN">
      <attributes />
      <edge toID="0.7" type="Terminal">
        <attributes />
        <category tag="Terminal" />
      </edge>
    </node>
    <node ID="1.4" type="FN">
      <attributes />
      <edge toID="0.8" type="Terminal">
        <attributes />
        <category tag="Terminal" />
      </edge>
    </node>
    <node ID="1.5" type="FN">
      <attributes />
      <edge toID="0.9" type="Terminal">
        <attributes />
        <category tag="Terminal" />
      </edge>
    </node>
    <node ID="1.6" type="PNCT">
      <attributes />
      <edge toID="0.10" type="Terminal">
        <attributes />
        <category tag="Terminal" />
      </edge>
    </node>
    <node ID="1.7" type="FN">
      <attributes />
      <edge toID="1.8" type="E">
        <attributes />
        <category tag="E" />
      </edge>
      <edge toID="1.9" type="E">
        <attributes />
        <category tag="E" />
      </edge>
      <edge toID="1.10" type="C">
        <attributes />
        <category tag="C" />
      </edge>
      <edge toID="1.11" type="E">
        <attributes />
        <category tag="E" />
      </edge>
      <edge toID="1.12" type="C">
        <attributes />
        <category tag="C" />
      </edge>
    </node>
    <node ID="1.8" type="FN">
      <attributes />
      <edge toID="0.1" type="Terminal">
        <attributes />
        <category tag="Terminal" />
      </edge>
    </node>
    <node ID="1.9" type="FN">
      <attributes />
      <edge toID="1.13" type="E">
        <attributes />
        <category tag="E" />
      </edge>
      <edge toID="1.14" type="C">
        <attributes />
        <category tag="C" />
      </edge>
    </node>
    <node ID="1.10" type="FN">
      <attributes />
      <edge toID="0.4" type="Terminal">
        <attributes />
        <category tag="Terminal" />
      </edge>
    </node>
    <node ID="1.11" type="FN">
      <attributes />
      <edge toID="0.5" type="Terminal">
        <attributes />
        <category tag="Terminal" />
      </edge>
    </node>
    <node ID="1.12" type="FN">
      <attributes />
      <edge toID="0.6" type="Terminal">
        <attributes />
        <category tag="Terminal" />
      </edge>
    </node>
    <node ID="1.13" type="FN">
      <attributes />
      <edge toID="0.2" type="Terminal">
        <attributes />
        <category tag="Terminal" />
      </edge>
    </node>
    <node ID="1.14" type="FN">
      <attributes />
      <edge toID="0.3" type="Terminal">
        <attributes />
        <category tag="Terminal" />
      </edge>
    </node>
  </layer>
</root>
