<root annotationID="0" passageID="310006">
  <attributes />
  <extra format="ucca" />
  <layer layerID="0">
    <attributes />
    <extra doc="[[[3341772144230116515, 16315412628806490806, 17524233984504158541, 85, 0, 2, 397, 1, 18200729499220207786, 14825646868312541310, 3341772144230116515], [447765159362469301, 447765159362469301, 164681854541413346, 93, 0, 2, 445, 0, 4088098365541558500, 13210364986222294696, 447765159362469301], [8205403955989537350, 8205403955989537350, 12646065887601541794, 96, 0, 2, 442, -1, 8205403955989537350, 8205403955989537350, 8205403955989537350]]]" />
    <node ID="0.1" type="Word">
      <attributes paragraph="1" paragraph_position="1" text="Why" />
      <extra dep="advmod" ent_iob="2" ent_type="" head="1" lemma="why" orig_paragraph="1" orth="Why" pos="ADV" prefix="W" shape="Xxx" suffix="Why" tag="WRB" />
    </node>
    <node ID="0.2" type="Word">
      <attributes paragraph="1" paragraph_position="2" text="not" />
      <extra dep="root" ent_iob="2" ent_type="" head="0" lemma="not" orig_paragraph="1" orth="not" pos="PART" prefix="n" shape="xxx" suffix="not" tag="RB" />
    </node>
    <node ID="0.3" type="Punctuation">
      <attributes paragraph="1" paragraph_position="3" text="?" />
      <extra dep="punct" ent_iob="2" ent_type="" head="-1" lemma="?" orig_paragraph="1" orth="?" pos="PUNCT" prefix="?" shape="?" suffix="?" tag="." />
    </node>
  </layer>
  <layer layerID="1">
    <attributes />
    <node ID="1.1" type="FN">
      <attributes />
      <edge toID="1.2" type="U">
        <attributes />
        <category tag="U" />
      </edge>
    </node>
    <node ID="1.2" type="PNCT">
      <attributes />
      <edge toID="0.3" type="Terminal">
        <attributes />
        <category tag="Terminal" />
      </edge>
    </node>
  </layer>
</root>
