<root annotationID="0" passageID="316000">
  <attributes />
  <extra format="ucca" />
  <layer layerID="0">
    <attributes />
    <extra doc="[[[12943039165150086467, 1995909169258310477, 15267657372422890137, 89, 0, 2, 412, 1, 10887629174180191697, 5582244037879929967, 2661093235354845946], [7614825220766900367, 7614825220766900367, 15308085513773655218, 91, 0, 2, 426, 1, 13110060611322374290, 13210364986222294696, 2805338876362049277], [2948292233719154075, 2309615733100196421, 17109001835818727656, 99, 0, 2, 445, 0, 13110060611322374290, 16900879642891266615, 11208870015262361521], [10535009684650236568, 10535009684650236568, 10554686591937588953, 83, 0, 2, 399, 1, 13110060611322374290, 5097672513440128799, 3722689385370423334], [550938192420782469, 550938192420782469, 15308085513773655218, 91, 0, 2, 431, -2, 13110060611322374290, 1720370409040345145, 12182527387764416033], [12646065887601541794, 12646065887601541794, 12646065887601541794, 96, 0, 2, 442, -3, 12646065887601541794, 12646065887601541794, 12646065887601541794]]]" />
    <node ID="0.1" type="Word">
      <attributes paragraph="1" paragraph_position="1" text="This" />
      <extra dep="det" ent_iob="2" ent_type="" head="1" lemma="this" orig_paragraph="1" orth="This" pos="DET" prefix="T" shape="Xxxx" suffix="his" tag="DT" />
    </node>
    <node ID="0.2" type="Word">
      <attributes paragraph="1" paragraph_position="2" text="news" />
      <extra dep="nsubj" ent_iob="2" ent_type="" head="1" lemma="news" orig_paragraph="1" orth="news" pos="NOUN" prefix="n" shape="xxxx" suffix="ews" tag="NN" />
    </node>
    <node ID="0.3" type="Word">
      <attributes paragraph="1" paragraph_position="3" text="caused" />
      <extra dep="root" ent_iob="2" ent_type="" head="0" lemma="cause" orig_paragraph="1" orth="caused" pos="VERB" prefix="c" shape="xxxx" suffix="sed" tag="VBD" />
    </node>
    <node ID="0.4" type="Word">
      <attributes paragraph="1" paragraph_position="4" text="intense" />
      <extra dep="amod" ent_iob="2" ent_type="" head="1" lemma="intense" orig_paragraph="1" orth="intense" pos="ADJ" prefix="i" shape="xxxx" suffix="nse" tag="JJ" />
    </node>
    <node ID="0.5" type="Word">
      <attributes paragraph="1" paragraph_position="5" text="excitement" />
      <extra dep="obj" ent_iob="2" ent_type="" head="-2" lemma="excitement" orig_paragraph="1" orth="excitement" pos="NOUN" prefix="e" shape="xxxx" suffix="ent" tag="NN" />
    </node>
    <node ID="0.6" type="Punctuation">
      <attributes paragraph="1" paragraph_position="6" text="." />
      <extra dep="punct" ent_iob="2" ent_type="" head="-3" lemma="." orig_paragraph="1" orth="." pos="PUNCT" prefix="." shape="." suffix="." tag="." />
    </node>
  </layer>
  <layer layerID="1">
    <attributes />
    <node ID="1.1" type="FN">
      <attributes />
      <edge toID="1.2" type="H">
        <attributes />
        <category tag="H" />
      </edge>
    </node>
    <node ID="1.2" type="FN">
      <attributes />
      <edge toID="1.3" type="A">
        <attributes />
        <category tag="A" />
      </edge>
      <edge toID="1.4" type="P">
        <attributes />
        <category tag="P" />
      </edge>
      <edge toID="1.5" type="A">
        <attributes />
        <category tag="A" />
      </edge>
      <edge toID="1.6" type="A">
        <attributes />
        <category tag="A" />
      </edge>
      <edge toID="1.7" type="U">
        <attributes />
        <category tag="U" />
      </edge>
    </node>
    <node ID="1.3" type="FN">
      <attributes />
      <edge toID="1.8" type="E">
        <attributes />
        <category tag="E" />
      </edge>
      <edge toID="1.9" type="C">
        <attributes />
        <category tag="C" />
      </edge>
    </node>
    <node ID="1.4" type="FN">
      <attributes />
      <edge toID="0.3" type="Terminal">
        <attributes />
        <category tag="Terminal" />
      </edge>
    </node>
    <node ID="1.5" type="FN">
      <attributes />
      <edge toID="0.4" type="Terminal">
        <attributes />
        <category tag="Terminal" />
      </edge>
    </node>
    <node ID="1.6" type="FN">
      <attributes />
      <edge toID="0.5" type="Terminal">
        <attributes />
        <category tag="Terminal" />
      </edge>
    </node>
    <node ID="1.7" type="PNCT">
      <attributes />
      <edge toID="0.6" type="Terminal">
        <attributes />
        <category tag="Terminal" />
      </edge>
    </node>
    <node ID="1.8" type="FN">
      <attributes />
      <edge toID="0.1" type="Terminal">
        <attributes />
        <category tag="Terminal" />
      </edge>
    </node>
    <node ID="1.9" type="FN">
      <attributes />
      <edge toID="0.2" type="Terminal">
        <attributes />
        <category tag="Terminal" />
      </edge>
    </node>
  </layer>
</root>
