<root annotationID="0" passageID="316003">
  <attributes />
  <extra format="ucca" />
  <layer layerID="0">
    <attributes />
    <extra doc="[[[8103380966236401981, 1655312771067108281, 4062917326063685704, 94, 0, 2, 1227985075839834553, 2, 18200729499220207786, 9350754067018752509, 8103380966236401981], [7654193612287610916, 7654193612287610916, 15308085513773655218, 91, 0, 2, 7037928807040764755, 1, 13110060611322374290, 16900879642891266615, 16370947992473932313], [16041028702245122747, 18234278032325251712, 783433942507015291, 91, 0, 2, 426, 2, 13110060611322374290, 15598372446745583797, 7409412530419520829], [9570894245975188254, 10382539506755952630, 17109001835818727656, 86, 0, 2, 402, 1, 13110060611322374290, 260667111241363922, 18139757808136603089], [10537889567534013596, 6258022236543710050, 1534113631682161808, 99, 0, 2, 445, 0, 13110060611322374290, 1489474827855109852, 7679303661980345986], [12646065887601541794, 12646065887601541794, 12646065887601541794, 96, 0, 2, 442, -1, 12646065887601541794, 12646065887601541794, 12646065887601541794]]]" />
    <node ID="0.1" type="Word">
      <attributes paragraph="1" paragraph_position="1" text="His" />
      <extra dep="nmod:poss" ent_iob="2" ent_type="" head="2" lemma="he" orig_paragraph="1" orth="His" pos="PRON" prefix="H" shape="Xxx" suffix="His" tag="PRP$" />
    </node>
    <node ID="0.2" type="Word">
      <attributes paragraph="1" paragraph_position="2" text="coal" />
      <extra dep="compound" ent_iob="2" ent_type="" head="1" lemma="coal" orig_paragraph="1" orth="coal" pos="NOUN" prefix="c" shape="xxxx" suffix="oal" tag="NN" />
    </node>
    <node ID="0.3" type="Word">
      <attributes paragraph="1" paragraph_position="3" text="bunkers" />
      <extra dep="nsubj" ent_iob="2" ent_type="" head="2" lemma="bunker" orig_paragraph="1" orth="bunkers" pos="NOUN" prefix="b" shape="xxxx" suffix="ers" tag="NNS" />
    </node>
    <node ID="0.4" type="Word">
      <attributes paragraph="1" paragraph_position="4" text="were" />
      <extra dep="aux" ent_iob="2" ent_type="" head="1" lemma="be" orig_paragraph="1" orth="were" pos="AUX" prefix="w" shape="xxxx" suffix="ere" tag="VBD" />
    </node>
    <node ID="0.5" type="Word">
      <attributes paragraph="1" paragraph_position="5" text="overflowing" />
      <extra dep="root" ent_iob="2" ent_type="" head="0" lemma="overflow" orig_paragraph="1" orth="overflowing" pos="VERB" prefix="o" shape="xxxx" suffix="ing" tag="VBG" />
    </node>
    <node ID="0.6" type="Punctuation">
      <attributes paragraph="1" paragraph_position="6" text="." />
      <extra dep="punct" ent_iob="2" ent_type="" head="-1" lemma="." orig_paragraph="1" orth="." pos="PUNCT" prefix="." shape="." suffix="." tag="." />
    </node>
  </layer>
  <layer layerID="1">
    <attributes />
    <node ID="1.1" type="FN">
      <attributes />
      <edge toID="1.2" type="H">
        <attributes />
        <category tag="H" />
      </edge>
    </node>
    <node ID="1.2" type="FN">
      <attributes />
      <edge toID="1.3" type="A">
        <attributes />
        <category tag="A" />
      </edge>
      <edge toID="1.4" type="F">
        <attributes />
        <category tag="F" />
      </edge>
      <edge toID="1.5" type="P">
        <attributes />
        <category tag="P" />
      </edge>
      <edge toID="1.6" type="U">
        <attributes />
        <category tag="U" />
      </edge>
    </node>
    <node ID="1.3" type="FN">
      <attributes />
      <edge toID="1.7" type="E">
        <attributes />
        <category tag="E" />
      </edge>
      <edge toID="1.8" type="E">
        <attributes />
        <category tag="E" />
      </edge>
      <edge toID="1.9" type="C">
        <attributes />
        <category tag="C" />
      </edge>
    </node>
    <node ID="1.4" type="FN">
      <attributes />
      <edge toID="0.4" type="Terminal">
        <attributes />
        <category tag="Terminal" />
      </edge>
    </node>
    <node ID="1.5" type="FN">
      <attributes />
      <edge toID="0.5" type="Terminal">
        <attributes />
        <category tag="Terminal" />
      </edge>
    </node>
    <node ID="1.6" type="PNCT">
      <attributes />
      <edge toID="0.6" type="Terminal">
        <attributes />
        <category tag="Terminal" />
      </edge>
    </node>
    <node ID="1.7" type="FN">
      <attributes />
      <edge toID="0.1" type="Terminal">
        <attributes />
        <category tag="Terminal" />
      </edge>
    </node>
    <node ID="1.8" type="FN">
      <attributes />
      <edge toID="0.2" type="Terminal">
        <attributes />
        <category tag="Terminal" />
      </edge>
    </node>
    <node ID="1.9" type="FN">
      <attributes />
      <edge toID="0.3" type="Terminal">
        <attributes />
        <category tag="Terminal" />
      </edge>
    </node>
  </layer>
</root>
