<root annotationID="0" passageID="52000">
  <attributes />
  <extra format="ucca" />
  <layer layerID="0">
    <attributes />
    <extra doc="[[[9692231336188541085, 13055779130471031426, 15267657372422890137, 89, 0, 2, 412, 1, 12204527652707022206, 10850957288794122991, 9692231336188541085], [17454115351911680600, 17454115351911680600, 15308085513773655218, 91, 0, 2, 426, 2, 4088098365541558500, 1489474827855109852, 17454115351911680600], [3411606890003347522, 10382539506755952630, 13927759927860985106, 86, 0, 2, 408, 1, 4370460163704169311, 5097672513440128799, 3411606890003347522], [17321947650306843084, 17321947650306843084, 10554686591937588953, 83, 0, 2, 445, 0, 13110060611322374290, 12247454108283186160, 5012629990875267006], [886050111519832510, 886050111519832510, 1292078113972184607, 84, 0, 2, 8110129090154140942, 2, 4370460163704169311, 1489474827855109852, 886050111519832510], [7425985699627899538, 7425985699627899538, 15267657372422890137, 89, 0, 2, 412, 1, 4088098365541558500, 15369245168918225700, 7425985699627899538], [18309932012808971453, 18309932012808971453, 15308085513773655218, 91, 0, 2, 432, -3, 13110060611322374290, 13210364986222294696, 17945561419632433267], [886050111519832510, 886050111519832510, 1292078113972184607, 84, 0, 2, 8110129090154140942, 4, 4370460163704169311, 1489474827855109852, 886050111519832510], [4380130941430378203, 4380130941430378203, 15267657372422890137, 89, 0, 2, 412, 3, 13110060611322374290, 15369245168918225700, 14949295185858420483], [17809293829314912000, 17809293829314912000, 10554686591937588953, 83, 0, 2, 399, 2, 13110060611322374290, 13110760720460257827, 13906627124797355281], [2363646560689767403, 2363646560689767403, 10554686591937588953, 83, 387, 3, 399, 1, 16072095006890171862, 9391737413944127320, 7828870370800362841], [166643864052645794, 166643864052645794, 15308085513773655218, 91, 0, 2, 423, -5, 13110060611322374290, 16978132545290669629, 15636847292248824302], [2593208677638477497, 2593208677638477497, 2593208677638477497, 96, 0, 2, 442, -1, 2593208677638477497, 2593208677638477497, 2593208677638477497], [15824982783483377241, 15824982783483377241, 15794550382381185553, 95, 381, 3, 400, -2, 16072095006890171862, 149303876845869574, 1263800284926261336], [12646065887601541794, 12646065887601541794, 12646065887601541794, 96, 0, 2, 442, -11, 12646065887601541794, 12646065887601541794, 12646065887601541794]]]" />
    <node ID="0.1" type="Word">
      <attributes paragraph="1" paragraph_position="1" text="No" />
      <extra dep="det" ent_iob="2" ent_type="" head="1" lemma="no" orig_paragraph="1" orth="No" pos="DET" prefix="N" shape="Xx" suffix="No" tag="DT" />
    </node>
    <node ID="0.2" type="Word">
      <attributes paragraph="1" paragraph_position="2" text="one" />
      <extra dep="nsubj" ent_iob="2" ent_type="" head="2" lemma="one" orig_paragraph="1" orth="one" pos="NOUN" prefix="o" shape="xxx" suffix="one" tag="NN" />
    </node>
    <node ID="0.3" type="Word">
      <attributes paragraph="1" paragraph_position="3" text="is" />
      <extra dep="cop" ent_iob="2" ent_type="" head="1" lemma="be" orig_paragraph="1" orth="is" pos="AUX" prefix="i" shape="xx" suffix="is" tag="VBZ" />
    </node>
    <node ID="0.4" type="Word">
      <attributes paragraph="1" paragraph_position="4" text="unaware" />
      <extra dep="root" ent_iob="2" ent_type="" head="-1" lemma="unaware" orig_paragraph="1" orth="unaware" pos="ADJ" prefix="u" shape="xxxx" suffix="are" tag="JJ" />
    </node>
    <node ID="0.5" type="Word">
      <attributes paragraph="1" paragraph_position="5" text="of" />
      <extra dep="case" ent_iob="2" ent_type="" head="2" lemma="of" orig_paragraph="1" orth="of" pos="ADP" prefix="o" shape="xx" suffix="of" tag="IN" />
    </node>
    <node ID="0.6" type="Word">
      <attributes paragraph="1" paragraph_position="6" text="the" />
      <extra dep="det" ent_iob="2" ent_type="" head="1" lemma="the" orig_paragraph="1" orth="the" pos="DET" prefix="t" shape="xxx" suffix="the" tag="DT" />
    </node>
    <node ID="0.7" type="Word">
      <attributes paragraph="1" paragraph_position="7" text="name" />
      <extra dep="obl" ent_iob="2" ent_type="" head="-3" lemma="name" orig_paragraph="1" orth="name" pos="NOUN" prefix="n" shape="xxxx" suffix="ame" tag="NN" />
    </node>
    <node ID="0.8" type="Word">
      <attributes paragraph="1" paragraph_position="8" text="of" />
      <extra dep="case" ent_iob="2" ent_type="" head="4" lemma="of" orig_paragraph="1" orth="of" pos="ADP" prefix="o" shape="xx" suffix="of" tag="IN" />
    </node>
    <node ID="0.9" type="Word">
      <attributes paragraph="1" paragraph_position="9" text="that" />
      <extra dep="det" ent_iob="2" ent_type="" head="3" lemma="that" orig_paragraph="1" orth="that" pos="DET" prefix="t" shape="xxxx" suffix="hat" tag="DT" />
    </node>
    <node ID="0.10" type="Word">
      <attributes paragraph="1" paragraph_position="10" text="famous" />
      <extra dep="amod" ent_iob="2" ent_type="" head="2" lemma="famous" orig_paragraph="1" orth="famous" pos="ADJ" prefix="f" shape="xxxx" suffix="ous" tag="JJ" />
    </node>
    <node ID="0.11" type="Word">
      <attributes paragraph="1" paragraph_position="11" text="English" />
      <extra dep="amod" ent_iob="3" ent_type="LANGUAGE" head="1" lemma="English" orig_paragraph="1" orth="English" pos="ADJ" prefix="E" shape="Xxxxx" suffix="ish" tag="JJ" />
    </node>
    <node ID="0.12" type="Word">
      <attributes paragraph="1" paragraph_position="12" text="shipowner" />
      <extra dep="nmod" ent_iob="2" ent_type="" head="-5" lemma="shipowner" orig_paragraph="1" orth="shipowner" pos="NOUN" prefix="s" shape="xxxx" suffix="ner" tag="NN" />
    </node>
    <node ID="0.13" type="Punctuation">
      <attributes paragraph="1" paragraph_position="13" text="," />
      <extra dep="punct" ent_iob="2" ent_type="" head="-1" lemma="," orig_paragraph="1" orth="," pos="PUNCT" prefix="," shape="," suffix="," tag="," />
    </node>
    <node ID="0.14" type="Word">
      <attributes paragraph="1" paragraph_position="14" text="Cunard" />
      <extra dep="appos" ent_iob="3" ent_type="ORG" head="-2" lemma="Cunard" orig_paragraph="1" orth="Cunard" pos="PROPN" prefix="C" shape="Xxxxx" suffix="ard" tag="NNP" />
    </node>
    <node ID="0.15" type="Punctuation">
      <attributes paragraph="1" paragraph_position="15" text="." />
      <extra dep="punct" ent_iob="2" ent_type="" head="-11" lemma="." orig_paragraph="1" orth="." pos="PUNCT" prefix="." shape="." suffix="." tag="." />
    </node>
  </layer>
  <layer layerID="1">
    <attributes />
    <node ID="1.1" type="FN">
      <attributes />
      <edge toID="1.2" type="H">
        <attributes />
        <category tag="H" />
      </edge>
    </node>
    <node ID="1.2" type="FN">
      <attributes />
      <edge toID="1.3" type="A">
        <attributes />
        <category tag="A" />
      </edge>
      <edge toID="1.4" type="F">
        <attributes />
        <category tag="F" />
      </edge>
      <edge toID="1.5" type="P">
        <attributes />
        <category tag="P" />
      </edge>
      <edge toID="1.6" type="U">
        <attributes />
        <category tag="U" />
      </edge>
      <edge toID="1.7" type="A">
        <attributes />
        <category tag="A" />
      </edge>
      <edge toID="1.8" type="U">
        <attributes />
        <category tag="U" />
      </edge>
    </node>
    <node ID="1.3" type="FN">
      <attributes />
      <edge toID="1.9" type="E">
        <attributes />
        <category tag="E" />
      </edge>
      <edge toID="1.10" type="C">
        <attributes />
        <category tag="C" />
      </edge>
    </node>
    <node ID="1.4" type="FN">
      <attributes />
      <edge toID="0.3" type="Terminal">
        <attributes />
        <category tag="Terminal" />
      </edge>
    </node>
    <node ID="1.5" type="FN">
      <attributes />
      <edge toID="1.11" type="C">
        <attributes />
        <category tag="C" />
      </edge>
      <edge toID="1.12" type="E">
        <attributes />
        <category tag="E" />
      </edge>
    </node>
    <node ID="1.6" type="PNCT">
      <attributes />
      <edge toID="0.13" type="Terminal">
        <attributes />
        <category tag="Terminal" />
      </edge>
    </node>
    <node ID="1.7" type="FN">
      <attributes />
      <edge toID="0.14" type="Terminal">
        <attributes />
        <category tag="Terminal" />
      </edge>
    </node>
    <node ID="1.8" type="PNCT">
      <attributes />
      <edge toID="0.15" type="Terminal">
        <attributes />
        <category tag="Terminal" />
      </edge>
    </node>
    <node ID="1.9" type="FN">
      <attributes />
      <edge toID="0.1" type="Terminal">
        <attributes />
        <category tag="Terminal" />
      </edge>
    </node>
    <node ID="1.10" type="FN">
      <attributes />
      <edge toID="0.2" type="Terminal">
        <attributes />
        <category tag="Terminal" />
      </edge>
    </node>
    <node ID="1.11" type="FN">
      <attributes />
      <edge toID="0.4" type="Terminal">
        <attributes />
        <category tag="Terminal" />
      </edge>
    </node>
    <node ID="1.12" type="FN">
      <attributes />
      <edge toID="1.13" type="R">
        <attributes />
        <category tag="R" />
      </edge>
      <edge toID="1.14" type="E">
        <attributes />
        <category tag="E" />
      </edge>
      <edge toID="1.15" type="C">
        <attributes />
        <category tag="C" />
      </edge>
      <edge toID="1.16" type="E">
        <attributes />
        <category tag="E" />
      </edge>
    </node>
    <node ID="1.13" type="FN">
      <attributes />
      <edge toID="0.5" type="Terminal">
        <attributes />
        <category tag="Terminal" />
      </edge>
    </node>
    <node ID="1.14" type="FN">
      <attributes />
      <edge toID="0.6" type="Terminal">
        <attributes />
        <category tag="Terminal" />
      </edge>
    </node>
    <node ID="1.15" type="FN">
      <attributes />
      <edge toID="0.7" type="Terminal">
        <attributes />
        <category tag="Terminal" />
      </edge>
    </node>
    <node ID="1.16" type="FN">
      <attributes />
      <edge toID="1.17" type="R">
        <attributes />
        <category tag="R" />
      </edge>
      <edge toID="1.18" type="E">
        <attributes />
        <category tag="E" />
      </edge>
    </node>
    <node ID="1.17" type="FN">
      <attributes />
      <edge toID="0.8" type="Terminal">
        <attributes />
        <category tag="Terminal" />
      </edge>
    </node>
    <node ID="1.18" type="FN">
      <attributes />
      <edge toID="1.19" type="E">
        <attributes />
        <category tag="E" />
      </edge>
      <edge toID="1.20" type="E">
        <attributes />
        <category tag="E" />
      </edge>
      <edge toID="1.21" type="E">
        <attributes />
        <category tag="E" />
      </edge>
      <edge toID="1.22" type="C">
        <attributes />
        <category tag="C" />
      </edge>
    </node>
    <node ID="1.19" type="FN">
      <attributes />
      <edge toID="0.9" type="Terminal">
        <attributes />
        <category tag="Terminal" />
      </edge>
    </node>
    <node ID="1.20" type="FN">
      <attributes />
      <edge toID="0.10" type="Terminal">
        <attributes />
        <category tag="Terminal" />
      </edge>
    </node>
    <node ID="1.21" type="FN">
      <attributes />
      <edge toID="0.11" type="Terminal">
        <attributes />
        <category tag="Terminal" />
      </edge>
    </node>
    <node ID="1.22" type="FN">
      <attributes />
      <edge toID="0.12" type="Terminal">
        <attributes />
        <category tag="Terminal" />
      </edge>
    </node>
  </layer>
</root>
