<root annotationID="0" passageID="54002">
  <attributes />
  <extra format="ucca" />
  <layer layerID="0">
    <attributes />
    <extra doc="[[[7859011591137717335, 10239237003504588839, 13656873538139661788, 94, 0, 2, 426, 3, 12204527652707022206, 4690420944186131903, 7859011591137717335], [9921686513378912864, 10382539506755952630, 17109001835818727656, 86, 0, 2, 402, 2, 4088098365541558500, 260667111241363922, 9921686513378912864], [2630753287402592467, 2630753287402592467, 164681854541413346, 85, 0, 2, 397, 1, 13110060611322374290, 15369245168918225700, 17541118948136595177], [11457009927309531798, 11946878535639589979, 1534113631682161808, 99, 0, 2, 445, 0, 13110060611322374290, 8148669997605808657, 7679303661980345986], [7961720345772181949, 7961720345772181949, 8427216679587749980, 92, 392, 3, 12837356684637874264, 1, 12318306064625164516, 10999827425508017904, 7961720345772181949], [3686390750512190727, 4310622994758650622, 783433942507015291, 91, 392, 1, 431, -2, 13110060611322374290, 646772771845179972, 7409412530419520829], [886050111519832510, 886050111519832510, 1292078113972184607, 84, 0, 2, 8110129090154140942, 1, 4370460163704169311, 1489474827855109852, 886050111519832510], [7248544922998488549, 7248544922998488549, 15308085513773655218, 91, 0, 2, 423, -2, 13110060611322374290, 260667111241363922, 16111258787187009011], [2283656566040971221, 2283656566040971221, 17571114184892886314, 88, 0, 2, 404, 1, 4088098365541558500, 11901859001352538922, 2283656566040971221], [5825319411639173837, 15963952645148332648, 1534113631682161808, 99, 0, 2, 407, -4, 13110060611322374290, 8148669997605808657, 7679303661980345986], [18247890534131961324, 18247890534131961324, 8427216679587749980, 92, 392, 3, 12837356684637874264, 2, 8163372826296935398, 10999827425508017904, 1122019141903660099], [4977467348975252175, 4977467348975252175, 10554686591937588953, 83, 392, 1, 399, 1, 13110060611322374290, 16900879642891266615, 345835449516970050], [3686390750512190727, 4310622994758650622, 783433942507015291, 91, 392, 1, 431, -3, 13110060611322374290, 646772771845179972, 7409412530419520829], [12646065887601541794, 12646065887601541794, 12646065887601541794, 96, 0, 2, 442, -10, 12646065887601541794, 12646065887601541794, 12646065887601541794]]]" />
    <node ID="0.1" type="Word">
      <attributes paragraph="1" paragraph_position="1" text="It" />
      <extra dep="nsubj" ent_iob="2" ent_type="" head="3" lemma="it" orig_paragraph="1" orth="It" pos="PRON" prefix="I" shape="Xx" suffix="It" tag="PRP" />
    </node>
    <node ID="0.2" type="Word">
      <attributes paragraph="1" paragraph_position="2" text="was" />
      <extra dep="aux" ent_iob="2" ent_type="" head="2" lemma="be" orig_paragraph="1" orth="was" pos="AUX" prefix="w" shape="xxx" suffix="was" tag="VBD" />
    </node>
    <node ID="0.3" type="Word">
      <attributes paragraph="1" paragraph_position="3" text="then" />
      <extra dep="advmod" ent_iob="2" ent_type="" head="1" lemma="then" orig_paragraph="1" orth="then" pos="ADV" prefix="t" shape="xxxx" suffix="hen" tag="RB" />
    </node>
    <node ID="0.4" type="Word">
      <attributes paragraph="1" paragraph_position="4" text="drawing" />
      <extra dep="root" ent_iob="2" ent_type="" head="0" lemma="draw" orig_paragraph="1" orth="drawing" pos="VERB" prefix="d" shape="xxxx" suffix="ing" tag="VBG" />
    </node>
    <node ID="0.5" type="Word">
      <attributes paragraph="1" paragraph_position="5" text="6.7" />
      <extra dep="nummod" ent_iob="3" ent_type="QUANTITY" head="1" lemma="6.7" orig_paragraph="1" orth="6.7" pos="NUM" prefix="6" shape="d.d" suffix="6.7" tag="CD" />
    </node>
    <node ID="0.6" type="Word">
      <attributes paragraph="1" paragraph_position="6" text="meters" />
      <extra dep="obj" ent_iob="1" ent_type="QUANTITY" head="-2" lemma="meter" orig_paragraph="1" orth="meters" pos="NOUN" prefix="m" shape="xxxx" suffix="ers" tag="NNS" />
    </node>
    <node ID="0.7" type="Word">
      <attributes paragraph="1" paragraph_position="7" text="of" />
      <extra dep="case" ent_iob="2" ent_type="" head="1" lemma="of" orig_paragraph="1" orth="of" pos="ADP" prefix="o" shape="xx" suffix="of" tag="IN" />
    </node>
    <node ID="0.8" type="Word">
      <attributes paragraph="1" paragraph_position="8" text="water" />
      <extra dep="nmod" ent_iob="2" ent_type="" head="-2" lemma="water" orig_paragraph="1" orth="water" pos="NOUN" prefix="w" shape="xxxx" suffix="ter" tag="NN" />
    </node>
    <node ID="0.9" type="Word">
      <attributes paragraph="1" paragraph_position="9" text="and" />
      <extra dep="cc" ent_iob="2" ent_type="" head="1" lemma="and" orig_paragraph="1" orth="and" pos="CCONJ" prefix="a" shape="xxx" suffix="and" tag="CC" />
    </node>
    <node ID="0.10" type="Word">
      <attributes paragraph="1" paragraph_position="10" text="displacing" />
      <extra dep="conj" ent_iob="2" ent_type="" head="-4" lemma="displace" orig_paragraph="1" orth="displacing" pos="VERB" prefix="d" shape="xxxx" suffix="ing" tag="VBG" />
    </node>
    <node ID="0.11" type="Word">
      <attributes paragraph="1" paragraph_position="11" text="6,624" />
      <extra dep="nummod" ent_iob="3" ent_type="QUANTITY" head="2" lemma="6,624" orig_paragraph="1" orth="6,624" pos="NUM" prefix="6" shape="d,ddd" suffix="624" tag="CD" />
    </node>
    <node ID="0.12" type="Word">
      <attributes paragraph="1" paragraph_position="12" text="cubic" />
      <extra dep="amod" ent_iob="1" ent_type="QUANTITY" head="1" lemma="cubic" orig_paragraph="1" orth="cubic" pos="ADJ" prefix="c" shape="xxxx" suffix="bic" tag="JJ" />
    </node>
    <node ID="0.13" type="Word">
      <attributes paragraph="1" paragraph_position="13" text="meters" />
      <extra dep="obj" ent_iob="1" ent_type="QUANTITY" head="-3" lemma="meter" orig_paragraph="1" orth="meters" pos="NOUN" prefix="m" shape="xxxx" suffix="ers" tag="NNS" />
    </node>
    <node ID="0.14" type="Punctuation">
      <attributes paragraph="1" paragraph_position="14" text="." />
      <extra dep="punct" ent_iob="2" ent_type="" head="-10" lemma="." orig_paragraph="1" orth="." pos="PUNCT" prefix="." shape="." suffix="." tag="." />
    </node>
  </layer>
  <layer layerID="1">
    <attributes />
    <node ID="1.1" type="FN">
      <attributes />
      <edge toID="1.2" type="H">
        <attributes />
        <category tag="H" />
      </edge>
    </node>
    <node ID="1.2" type="FN">
      <attributes />
      <edge toID="1.3" type="A">
        <attributes />
        <category tag="A" />
      </edge>
      <edge toID="1.4" type="F">
        <attributes />
        <category tag="F" />
      </edge>
      <edge toID="1.5" type="D">
        <attributes />
        <category tag="D" />
      </edge>
      <edge toID="1.6" type="P">
        <attributes />
        <category tag="P" />
      </edge>
      <edge toID="1.7" type="A">
        <attributes />
        <category tag="A" />
      </edge>
    </node>
    <node ID="1.3" type="FN">
      <attributes />
      <edge toID="0.1" type="Terminal">
        <attributes />
        <category tag="Terminal" />
      </edge>
    </node>
    <node ID="1.4" type="FN">
      <attributes />
      <edge toID="0.2" type="Terminal">
        <attributes />
        <category tag="Terminal" />
      </edge>
    </node>
    <node ID="1.5" type="FN">
      <attributes />
      <edge toID="0.3" type="Terminal">
        <attributes />
        <category tag="Terminal" />
      </edge>
    </node>
    <node ID="1.6" type="FN">
      <attributes />
      <edge toID="0.4" type="Terminal">
        <attributes />
        <category tag="Terminal" />
      </edge>
    </node>
    <node ID="1.7" type="FN">
      <attributes />
      <edge toID="1.8" type="E">
        <attributes />
        <category tag="E" />
      </edge>
      <edge toID="1.9" type="C">
        <attributes />
        <category tag="C" />
      </edge>
      <edge toID="1.10" type="E">
        <attributes />
        <category tag="E" />
      </edge>
    </node>
    <node ID="1.8" type="FN">
      <attributes />
      <edge toID="0.5" type="Terminal">
        <attributes />
        <category tag="Terminal" />
      </edge>
    </node>
    <node ID="1.9" type="FN">
      <attributes />
      <edge toID="0.6" type="Terminal">
        <attributes />
        <category tag="Terminal" />
      </edge>
    </node>
    <node ID="1.10" type="FN">
      <attributes />
      <edge toID="1.11" type="R">
        <attributes />
        <category tag="R" />
      </edge>
      <edge toID="1.12" type="C">
        <attributes />
        <category tag="C" />
      </edge>
    </node>
    <node ID="1.11" type="FN">
      <attributes />
      <edge toID="0.7" type="Terminal">
        <attributes />
        <category tag="Terminal" />
      </edge>
    </node>
    <node ID="1.12" type="FN">
      <attributes />
      <edge toID="1.13" type="C">
        <attributes />
        <category tag="C" />
      </edge>
      <edge toID="1.14" type="N">
        <attributes />
        <category tag="N" />
      </edge>
      <edge toID="1.15" type="C">
        <attributes />
        <category tag="C" />
      </edge>
    </node>
    <node ID="1.13" type="FN">
      <attributes />
      <edge toID="0.8" type="Terminal">
        <attributes />
        <category tag="Terminal" />
      </edge>
    </node>
    <node ID="1.14" type="FN">
      <attributes />
      <edge toID="0.9" type="Terminal">
        <attributes />
        <category tag="Terminal" />
      </edge>
    </node>
    <node ID="1.15" type="FN">
      <attributes />
      <edge toID="1.16" type="P">
        <attributes />
        <category tag="P" />
      </edge>
      <edge toID="1.17" type="A">
        <attributes />
        <category tag="A" />
      </edge>
    </node>
    <node ID="1.16" type="FN">
      <attributes />
      <edge toID="0.10" type="Terminal">
        <attributes />
        <category tag="Terminal" />
      </edge>
    </node>
    <node ID="1.17" type="FN">
      <attributes />
      <edge toID="1.18" type="E">
        <attributes />
        <category tag="E" />
      </edge>
      <edge toID="1.19" type="E">
        <attributes />
        <category tag="E" />
      </edge>
      <edge toID="1.20" type="C">
        <attributes />
        <category tag="C" />
      </edge>
      <edge toID="1.21" type="U">
        <attributes />
        <category tag="U" />
      </edge>
    </node>
    <node ID="1.18" type="FN">
      <attributes />
      <edge toID="0.11" type="Terminal">
        <attributes />
        <category tag="Terminal" />
      </edge>
    </node>
    <node ID="1.19" type="FN">
      <attributes />
      <edge toID="0.12" type="Terminal">
        <attributes />
        <category tag="Terminal" />
      </edge>
    </node>
    <node ID="1.20" type="FN">
      <attributes />
      <edge toID="0.13" type="Terminal">
        <attributes />
        <category tag="Terminal" />
      </edge>
    </node>
    <node ID="1.21" type="PNCT">
      <attributes />
      <edge toID="0.14" type="Terminal">
        <attributes />
        <category tag="Terminal" />
      </edge>
    </node>
  </layer>
</root>
