<root annotationID="0" passageID="820002">
  <attributes />
  <extra format="ucca" />
  <layer layerID="0">
    <attributes />
    <extra doc="[[[18004243461113809161, 14560795576765492085, 17571114184892886314, 88, 0, 2, 404, 4, 18200729499220207786, 14230521632333904559, 18004243461113809161], [2112642640949226496, 2112642640949226496, 164681854541413346, 85, 0, 2, 397, 3, 13110060611322374290, 15369245168918225700, 18139757808136603089], [2661093235354845946, 1655312771067108281, 4062917326063685704, 94, 0, 2, 1227985075839834553, 1, 4088098365541558500, 15817570140490810055, 2661093235354845946], [15907409978124634296, 15907409978124634296, 15308085513773655218, 91, 0, 2, 426, 1, 13110060611322374290, 16978132545290669629, 14431812100313486463], [15989513710403574752, 5307304325359566725, 17109001835818727656, 99, 0, 2, 445, 0, 13110060611322374290, 16900879642891266615, 17945561419632433267], [3791531372978436496, 3791531372978436496, 1292078113972184607, 84, 0, 2, 8110129090154140942, 2, 4370460163704169311, 15369245168918225700, 3791531372978436496], [11901859001352538922, 11901859001352538922, 15267657372422890137, 89, 0, 2, 412, 1, 11123243248953317070, 11901859001352538922, 11901859001352538922], [17233180260169647520, 17233180260169647520, 15308085513773655218, 91, 0, 2, 432, -3, 13110060611322374290, 15817570140490810055, 12180737515195645929], [12646065887601541794, 12646065887601541794, 12646065887601541794, 96, 0, 2, 442, -4, 12646065887601541794, 12646065887601541794, 12646065887601541794]]]" />
    <node ID="0.1" type="Word">
      <attributes paragraph="1" paragraph_position="1" text="But" />
      <extra dep="cc" ent_iob="2" ent_type="" head="4" lemma="but" orig_paragraph="1" orth="But" pos="CCONJ" prefix="B" shape="Xxx" suffix="But" tag="CC" />
    </node>
    <node ID="0.2" type="Word">
      <attributes paragraph="1" paragraph_position="2" text="there" />
      <extra dep="advmod" ent_iob="2" ent_type="" head="3" lemma="there" orig_paragraph="1" orth="there" pos="ADV" prefix="t" shape="xxxx" suffix="ere" tag="RB" />
    </node>
    <node ID="0.3" type="Word">
      <attributes paragraph="1" paragraph_position="3" text="his" />
      <extra dep="nmod:poss" ent_iob="2" ent_type="" head="1" lemma="he" orig_paragraph="1" orth="his" pos="PRON" prefix="h" shape="xxx" suffix="his" tag="PRP$" />
    </node>
    <node ID="0.4" type="Word">
      <attributes paragraph="1" paragraph_position="4" text="science" />
      <extra dep="nsubj" ent_iob="2" ent_type="" head="1" lemma="science" orig_paragraph="1" orth="science" pos="NOUN" prefix="s" shape="xxxx" suffix="nce" tag="NN" />
    </node>
    <node ID="0.5" type="Word">
      <attributes paragraph="1" paragraph_position="5" text="came" />
      <extra dep="root" ent_iob="2" ent_type="" head="0" lemma="come" orig_paragraph="1" orth="came" pos="VERB" prefix="c" shape="xxxx" suffix="ame" tag="VBD" />
    </node>
    <node ID="0.6" type="Word">
      <attributes paragraph="1" paragraph_position="6" text="to" />
      <extra dep="case" ent_iob="2" ent_type="" head="2" lemma="to" orig_paragraph="1" orth="to" pos="ADP" prefix="t" shape="xx" suffix="to" tag="IN" />
    </node>
    <node ID="0.7" type="Word">
      <attributes paragraph="1" paragraph_position="7" text="a" />
      <extra dep="det" ent_iob="2" ent_type="" head="1" lemma="a" orig_paragraph="1" orth="a" pos="DET" prefix="a" shape="x" suffix="a" tag="DT" />
    </node>
    <node ID="0.8" type="Word">
      <attributes paragraph="1" paragraph_position="8" text="halt" />
      <extra dep="obl" ent_iob="2" ent_type="" head="-3" lemma="halt" orig_paragraph="1" orth="halt" pos="NOUN" prefix="h" shape="xxxx" suffix="alt" tag="NN" />
    </node>
    <node ID="0.9" type="Punctuation">
      <attributes paragraph="1" paragraph_position="9" text="." />
      <extra dep="punct" ent_iob="2" ent_type="" head="-4" lemma="." orig_paragraph="1" orth="." pos="PUNCT" prefix="." shape="." suffix="." tag="." />
    </node>
  </layer>
  <layer layerID="1">
    <attributes />
    <node ID="1.1" type="FN">
      <attributes />
      <edge toID="1.2" type="L">
        <attributes />
        <category tag="L" />
      </edge>
      <edge toID="1.3" type="H">
        <attributes />
        <category tag="H" />
      </edge>
    </node>
    <node ID="1.2" type="FN">
      <attributes />
      <edge toID="0.1" type="Terminal">
        <attributes />
        <category tag="Terminal" />
      </edge>
    </node>
    <node ID="1.3" type="FN">
      <attributes />
      <edge toID="1.4" type="D">
        <attributes />
        <category tag="D" />
      </edge>
      <edge toID="1.5" type="A">
        <attributes />
        <category tag="A" />
      </edge>
      <edge toID="1.6" type="P">
        <attributes />
        <category tag="P" />
      </edge>
      <edge toID="1.7" type="A">
        <attributes />
        <category tag="A" />
      </edge>
    </node>
    <node ID="1.4" type="FN">
      <attributes />
      <edge toID="0.2" type="Terminal">
        <attributes />
        <category tag="Terminal" />
      </edge>
    </node>
    <node ID="1.5" type="FN">
      <attributes />
      <edge toID="1.8" type="E">
        <attributes />
        <category tag="E" />
      </edge>
      <edge toID="1.9" type="C">
        <attributes />
        <category tag="C" />
      </edge>
    </node>
    <node ID="1.6" type="FN">
      <attributes />
      <edge toID="0.5" type="Terminal">
        <attributes />
        <category tag="Terminal" />
      </edge>
    </node>
    <node ID="1.7" type="FN">
      <attributes />
      <edge toID="1.10" type="R">
        <attributes />
        <category tag="R" />
      </edge>
      <edge toID="1.11" type="E">
        <attributes />
        <category tag="E" />
      </edge>
      <edge toID="1.12" type="C">
        <attributes />
        <category tag="C" />
      </edge>
      <edge toID="1.13" type="U">
        <attributes />
        <category tag="U" />
      </edge>
    </node>
    <node ID="1.8" type="FN">
      <attributes />
      <edge toID="0.3" type="Terminal">
        <attributes />
        <category tag="Terminal" />
      </edge>
    </node>
    <node ID="1.9" type="FN">
      <attributes />
      <edge toID="0.4" type="Terminal">
        <attributes />
        <category tag="Terminal" />
      </edge>
    </node>
    <node ID="1.10" type="FN">
      <attributes />
      <edge toID="0.6" type="Terminal">
        <attributes />
        <category tag="Terminal" />
      </edge>
    </node>
    <node ID="1.11" type="FN">
      <attributes />
      <edge toID="0.7" type="Terminal">
        <attributes />
        <category tag="Terminal" />
      </edge>
    </node>
    <node ID="1.12" type="FN">
      <attributes />
      <edge toID="0.8" type="Terminal">
        <attributes />
        <category tag="Terminal" />
      </edge>
    </node>
    <node ID="1.13" type="PNCT">
      <attributes />
      <edge toID="0.9" type="Terminal">
        <attributes />
        <category tag="Terminal" />
      </edge>
    </node>
  </layer>
</root>
