<root annotationID="0" passageID="821000">
  <attributes />
  <extra format="ucca" />
  <layer layerID="0">
    <attributes />
    <extra doc="[[[423185678490233567, 16037325823156266367, 1292078113972184607, 84, 0, 2, 8110129090154140942, 4, 18200729499220207786, 9148987913859918431, 423185678490233567], [7425985699627899538, 7425985699627899538, 15267657372422890137, 89, 388, 3, 412, 3, 4088098365541558500, 15369245168918225700, 7425985699627899538], [14080206577736366893, 14080206577736366893, 10554686591937588953, 83, 388, 1, 399, 2, 13110060611322374290, 8861071527689086543, 5101743919633864694], [7970704286052693043, 7970704286052693043, 8427216679587749980, 92, 388, 1, 12837356684637874264, 1, 4088098365541558500, 15369245168918225700, 7970704286052693043], [9492612516460955585, 14889849580704678361, 783433942507015291, 91, 388, 1, 432, 4, 13110060611322374290, 9409450202036847209, 4693948714968911997], [2593208677638477497, 2593208677638477497, 2593208677638477497, 96, 0, 2, 442, 3, 2593208677638477497, 2593208677638477497, 2593208677638477497], [10265832328710632600, 10265832328710632600, 15794550382381185553, 95, 378, 3, 426, 2, 16072095006890171862, 149303876845869574, 9113047341877232477], [12960022596163002503, 14692702688101715474, 17109001835818727656, 86, 0, 2, 402, 1, 4088098365541558500, 15817570140490810055, 12960022596163002503], [4291772615796638197, 8004577259940138793, 3822385049556375858, 99, 0, 2, 445, 0, 13110060611322374290, 6217145520856553898, 17454115351911680600], [12510949447758279278, 12510949447758279278, 1292078113972184607, 84, 0, 2, 8110129090154140942, 1, 13110060611322374290, 260667111241363922, 15366090995793808690], [18197037023634208128, 4690420944186131903, 13656873538139661788, 94, 0, 2, 432, -2, 4370460163704169311, 646772771845179972, 18197037023634208128], [1241748081402320109, 1241748081402320109, 17202369883303991778, 89, 0, 2, 412, 1, 13110060611322374290, 260667111241363922, 16203534885047373824], [15907409978124634296, 15907409978124634296, 15308085513773655218, 91, 0, 2, 431, 1, 13110060611322374290, 16978132545290669629, 14431812100313486463], [14959529860507897485, 13106771654267745559, 3822385049556375858, 99, 0, 2, 446, -5, 13110060611322374290, 15598372446745583797, 4305850001634943401], [12646065887601541794, 12646065887601541794, 12646065887601541794, 96, 0, 2, 442, -6, 12646065887601541794, 12646065887601541794, 12646065887601541794]]]" />
    <node ID="0.1" type="Word">
      <attributes paragraph="1" paragraph_position="1" text="For" />
      <extra dep="case" ent_iob="2" ent_type="" head="4" lemma="for" orig_paragraph="1" orth="For" pos="ADP" prefix="F" shape="Xxx" suffix="For" tag="IN" />
    </node>
    <node ID="0.2" type="Word">
      <attributes paragraph="1" paragraph_position="2" text="the" />
      <extra dep="det" ent_iob="3" ent_type="DATE" head="3" lemma="the" orig_paragraph="1" orth="the" pos="DET" prefix="t" shape="xxx" suffix="the" tag="DT" />
    </node>
    <node ID="0.3" type="Word">
      <attributes paragraph="1" paragraph_position="3" text="past" />
      <extra dep="amod" ent_iob="1" ent_type="DATE" head="2" lemma="past" orig_paragraph="1" orth="past" pos="ADJ" prefix="p" shape="xxxx" suffix="ast" tag="JJ" />
    </node>
    <node ID="0.4" type="Word">
      <attributes paragraph="1" paragraph_position="4" text="ten" />
      <extra dep="nummod" ent_iob="1" ent_type="DATE" head="1" lemma="ten" orig_paragraph="1" orth="ten" pos="NUM" prefix="t" shape="xxx" suffix="ten" tag="CD" />
    </node>
    <node ID="0.5" type="Word">
      <attributes paragraph="1" paragraph_position="5" text="years" />
      <extra dep="obl" ent_iob="1" ent_type="DATE" head="4" lemma="year" orig_paragraph="1" orth="years" pos="NOUN" prefix="y" shape="xxxx" suffix="ars" tag="NNS" />
    </node>
    <node ID="0.6" type="Punctuation">
      <attributes paragraph="1" paragraph_position="6" text="," />
      <extra dep="punct" ent_iob="2" ent_type="" head="3" lemma="," orig_paragraph="1" orth="," pos="PUNCT" prefix="," shape="," suffix="," tag="," />
    </node>
    <node ID="0.7" type="Word">
      <attributes paragraph="1" paragraph_position="7" text="Conseil" />
      <extra dep="nsubj" ent_iob="3" ent_type="PERSON" head="2" lemma="Conseil" orig_paragraph="1" orth="Conseil" pos="PROPN" prefix="C" shape="Xxxxx" suffix="eil" tag="NNP" />
    </node>
    <node ID="0.8" type="Word">
      <attributes paragraph="1" paragraph_position="8" text="had" />
      <extra dep="aux" ent_iob="2" ent_type="" head="1" lemma="have" orig_paragraph="1" orth="had" pos="AUX" prefix="h" shape="xxx" suffix="had" tag="VBD" />
    </node>
    <node ID="0.9" type="Word">
      <attributes paragraph="1" paragraph_position="9" text="gone" />
      <extra dep="root" ent_iob="2" ent_type="" head="0" lemma="go" orig_paragraph="1" orth="gone" pos="VERB" prefix="g" shape="xxxx" suffix="one" tag="VBN" />
    </node>
    <node ID="0.10" type="Word">
      <attributes paragraph="1" paragraph_position="10" text="with" />
      <extra dep="case" ent_iob="2" ent_type="" head="1" lemma="with" orig_paragraph="1" orth="with" pos="ADP" prefix="w" shape="xxxx" suffix="ith" tag="IN" />
    </node>
    <node ID="0.11" type="Word">
      <attributes paragraph="1" paragraph_position="11" text="me" />
      <extra dep="obl" ent_iob="2" ent_type="" head="-2" lemma="I" orig_paragraph="1" orth="me" pos="PRON" prefix="m" shape="xx" suffix="me" tag="PRP" />
    </node>
    <node ID="0.12" type="Word">
      <attributes paragraph="1" paragraph_position="12" text="wherever" />
      <extra dep="det" ent_iob="2" ent_type="" head="1" lemma="wherever" orig_paragraph="1" orth="wherever" pos="DET" prefix="w" shape="xxxx" suffix="ver" tag="WDT" />
    </node>
    <node ID="0.13" type="Word">
      <attributes paragraph="1" paragraph_position="13" text="science" />
      <extra dep="obj" ent_iob="2" ent_type="" head="1" lemma="science" orig_paragraph="1" orth="science" pos="NOUN" prefix="s" shape="xxxx" suffix="nce" tag="NN" />
    </node>
    <node ID="0.14" type="Word">
      <attributes paragraph="1" paragraph_position="14" text="beckoned" />
      <extra dep="xcomp" ent_iob="2" ent_type="" head="-5" lemma="beckon" orig_paragraph="1" orth="beckoned" pos="VERB" prefix="b" shape="xxxx" suffix="ned" tag="VBN" />
    </node>
    <node ID="0.15" type="Punctuation">
      <attributes paragraph="1" paragraph_position="15" text="." />
      <extra dep="punct" ent_iob="2" ent_type="" head="-6" lemma="." orig_paragraph="1" orth="." pos="PUNCT" prefix="." shape="." suffix="." tag="." />
    </node>
  </layer>
  <layer layerID="1">
    <attributes />
    <node ID="1.1" type="FN">
      <attributes />
      <edge toID="1.2" type="H">
        <attributes />
        <category tag="H" />
      </edge>
      <edge toID="1.3" type="H">
        <attributes />
        <category tag="H" />
      </edge>
      <edge toID="1.4" type="E">
        <attributes />
        <category tag="E" />
      </edge>
      <edge toID="1.5" type="D">
        <attributes />
        <category tag="D" />
      </edge>
      <edge toID="1.6" type="P">
        <attributes />
        <category tag="P" />
      </edge>
      <edge toID="1.7" type="U">
        <attributes />
        <category tag="U" />
      </edge>
    </node>
    <node ID="1.2" type="FN">
      <attributes />
      <edge toID="1.8" type="A">
        <attributes />
        <category tag="A" />
      </edge>
      <edge toID="1.9" type="U">
        <attributes />
        <category tag="U" />
      </edge>
      <edge toID="1.10" type="A">
        <attributes remote="True" />
        <category tag="A" />
      </edge>
    </node>
    <node ID="1.3" type="FN">
      <attributes />
      <edge toID="1.10" type="A">
        <attributes />
        <category tag="A" />
      </edge>
      <edge toID="1.11" type="F">
        <attributes />
        <category tag="F" />
      </edge>
      <edge toID="1.12" type="P">
        <attributes />
        <category tag="P" />
      </edge>
      <edge toID="1.13" type="A">
        <attributes />
        <category tag="A" />
      </edge>
    </node>
    <node ID="1.4" type="FN">
      <attributes />
      <edge toID="0.12" type="Terminal">
        <attributes />
        <category tag="Terminal" />
      </edge>
    </node>
    <node ID="1.5" type="FN">
      <attributes />
      <edge toID="0.13" type="Terminal">
        <attributes />
        <category tag="Terminal" />
      </edge>
    </node>
    <node ID="1.6" type="FN">
      <attributes />
      <edge toID="0.14" type="Terminal">
        <attributes />
        <category tag="Terminal" />
      </edge>
    </node>
    <node ID="1.7" type="PNCT">
      <attributes />
      <edge toID="0.15" type="Terminal">
        <attributes />
        <category tag="Terminal" />
      </edge>
    </node>
    <node ID="1.8" type="FN">
      <attributes />
      <edge toID="1.14" type="R">
        <attributes />
        <category tag="R" />
      </edge>
      <edge toID="1.15" type="E">
        <attributes />
        <category tag="E" />
      </edge>
      <edge toID="1.16" type="E">
        <attributes />
        <category tag="E" />
      </edge>
      <edge toID="1.17" type="E">
        <attributes />
        <category tag="E" />
      </edge>
    </node>
    <node ID="1.9" type="PNCT">
      <attributes />
      <edge toID="0.6" type="Terminal">
        <attributes />
        <category tag="Terminal" />
      </edge>
    </node>
    <node ID="1.10" type="FN">
      <attributes />
      <edge toID="0.7" type="Terminal">
        <attributes />
        <category tag="Terminal" />
      </edge>
    </node>
    <node ID="1.11" type="FN">
      <attributes />
      <edge toID="0.8" type="Terminal">
        <attributes />
        <category tag="Terminal" />
      </edge>
    </node>
    <node ID="1.12" type="FN">
      <attributes />
      <edge toID="0.9" type="Terminal">
        <attributes />
        <category tag="Terminal" />
      </edge>
    </node>
    <node ID="1.13" type="FN">
      <attributes />
      <edge toID="1.18" type="R">
        <attributes />
        <category tag="R" />
      </edge>
      <edge toID="1.19" type="C">
        <attributes />
        <category tag="C" />
      </edge>
    </node>
    <node ID="1.14" type="FN">
      <attributes />
      <edge toID="0.1" type="Terminal">
        <attributes />
        <category tag="Terminal" />
      </edge>
    </node>
    <node ID="1.15" type="FN">
      <attributes />
      <edge toID="0.2" type="Terminal">
        <attributes />
        <category tag="Terminal" />
      </edge>
    </node>
    <node ID="1.16" type="FN">
      <attributes />
      <edge toID="0.3" type="Terminal">
        <attributes />
        <category tag="Terminal" />
      </edge>
    </node>
    <node ID="1.17" type="FN">
      <attributes />
      <edge toID="1.20" type="E">
        <attributes />
        <category tag="E" />
      </edge>
      <edge toID="1.21" type="C">
        <attributes />
        <category tag="C" />
      </edge>
    </node>
    <node ID="1.18" type="FN">
      <attributes />
      <edge toID="0.10" type="Terminal">
        <attributes />
        <category tag="Terminal" />
      </edge>
    </node>
    <node ID="1.19" type="FN">
      <attributes />
      <edge toID="0.11" type="Terminal">
        <attributes />
        <category tag="Terminal" />
      </edge>
    </node>
    <node ID="1.20" type="FN">
      <attributes />
      <edge toID="0.4" type="Terminal">
        <attributes />
        <category tag="Terminal" />
      </edge>
    </node>
    <node ID="1.21" type="FN">
      <attributes />
      <edge toID="0.5" type="Terminal">
        <attributes />
        <category tag="Terminal" />
      </edge>
    </node>
  </layer>
</root>
