<root annotationID="0" passageID="823000">
  <attributes />
  <extra format="ucca" />
  <layer layerID="0">
    <attributes />
    <extra doc="[[[18004243461113809161, 14560795576765492085, 17571114184892886314, 88, 0, 2, 404, 2, 18200729499220207786, 14230521632333904559, 18004243461113809161], [10265832328710632600, 10265832328710632600, 15794550382381185553, 95, 378, 3, 426, 1, 16072095006890171862, 149303876845869574, 9113047341877232477], [12960022596163002503, 14692702688101715474, 17109001835818727656, 99, 0, 2, 445, 0, 4088098365541558500, 15817570140490810055, 12960022596163002503], [17454115351911680600, 17454115351911680600, 8427216679587749980, 92, 394, 3, 12837356684637874264, 1, 4088098365541558500, 1489474827855109852, 17454115351911680600], [15135773299078160461, 15135773299078160461, 15308085513773655218, 91, 0, 2, 431, -2, 13110060611322374290, 13110760720460257827, 12630948021571808299], [12646065887601541794, 12646065887601541794, 12646065887601541794, 96, 0, 2, 442, -3, 12646065887601541794, 12646065887601541794, 12646065887601541794]]]" />
    <node ID="0.1" type="Word">
      <attributes paragraph="1" paragraph_position="1" text="But" />
      <extra dep="cc" ent_iob="2" ent_type="" head="2" lemma="but" orig_paragraph="1" orth="But" pos="CCONJ" prefix="B" shape="Xxx" suffix="But" tag="CC" />
    </node>
    <node ID="0.2" type="Word">
      <attributes paragraph="1" paragraph_position="2" text="Conseil" />
      <extra dep="nsubj" ent_iob="3" ent_type="PERSON" head="1" lemma="Conseil" orig_paragraph="1" orth="Conseil" pos="PROPN" prefix="C" shape="Xxxxx" suffix="eil" tag="NNP" />
    </node>
    <node ID="0.3" type="Word">
      <attributes paragraph="1" paragraph_position="3" text="had" />
      <extra dep="root" ent_iob="2" ent_type="" head="0" lemma="have" orig_paragraph="1" orth="had" pos="VERB" prefix="h" shape="xxx" suffix="had" tag="VBD" />
    </node>
    <node ID="0.4" type="Word">
      <attributes paragraph="1" paragraph_position="4" text="one" />
      <extra dep="nummod" ent_iob="3" ent_type="CARDINAL" head="1" lemma="one" orig_paragraph="1" orth="one" pos="NUM" prefix="o" shape="xxx" suffix="one" tag="CD" />
    </node>
    <node ID="0.5" type="Word">
      <attributes paragraph="1" paragraph_position="5" text="flaw" />
      <extra dep="obj" ent_iob="2" ent_type="" head="-2" lemma="flaw" orig_paragraph="1" orth="flaw" pos="NOUN" prefix="f" shape="xxxx" suffix="law" tag="NN" />
    </node>
    <node ID="0.6" type="Punctuation">
      <attributes paragraph="1" paragraph_position="6" text="." />
      <extra dep="punct" ent_iob="2" ent_type="" head="-3" lemma="." orig_paragraph="1" orth="." pos="PUNCT" prefix="." shape="." suffix="." tag="." />
    </node>
  </layer>
  <layer layerID="1">
    <attributes />
    <node ID="1.1" type="FN">
      <attributes />
      <edge toID="1.2" type="L">
        <attributes />
        <category tag="L" />
      </edge>
      <edge toID="1.3" type="H">
        <attributes />
        <category tag="H" />
      </edge>
    </node>
    <node ID="1.2" type="FN">
      <attributes />
      <edge toID="0.1" type="Terminal">
        <attributes />
        <category tag="Terminal" />
      </edge>
    </node>
    <node ID="1.3" type="FN">
      <attributes />
      <edge toID="1.4" type="A">
        <attributes />
        <category tag="A" />
      </edge>
      <edge toID="1.5" type="P">
        <attributes />
        <category tag="P" />
      </edge>
      <edge toID="1.6" type="A">
        <attributes />
        <category tag="A" />
      </edge>
    </node>
    <node ID="1.4" type="FN">
      <attributes />
      <edge toID="0.2" type="Terminal">
        <attributes />
        <category tag="Terminal" />
      </edge>
    </node>
    <node ID="1.5" type="FN">
      <attributes />
      <edge toID="0.3" type="Terminal">
        <attributes />
        <category tag="Terminal" />
      </edge>
    </node>
    <node ID="1.6" type="FN">
      <attributes />
      <edge toID="1.7" type="E">
        <attributes />
        <category tag="E" />
      </edge>
      <edge toID="1.8" type="C">
        <attributes />
        <category tag="C" />
      </edge>
      <edge toID="1.9" type="U">
        <attributes />
        <category tag="U" />
      </edge>
    </node>
    <node ID="1.7" type="FN">
      <attributes />
      <edge toID="0.4" type="Terminal">
        <attributes />
        <category tag="Terminal" />
      </edge>
    </node>
    <node ID="1.8" type="FN">
      <attributes />
      <edge toID="0.5" type="Terminal">
        <attributes />
        <category tag="Terminal" />
      </edge>
    </node>
    <node ID="1.9" type="PNCT">
      <attributes />
      <edge toID="0.6" type="Terminal">
        <attributes />
        <category tag="Terminal" />
      </edge>
    </node>
  </layer>
</root>
