<root annotationID="0" passageID="826008">
  <attributes />
  <extra format="ucca" />
  <layer layerID="0">
    <attributes />
    <extra doc="[[[15884554869126768810, 15884554869126768810, 4969857429396651903, 96, 0, 2, 442, 5, 15884554869126768810, 15884554869126768810, 15884554869126768810], [15884554869126768810, 15884554869126768810, 4969857429396651903, 96, 0, 2, 442, 4, 15884554869126768810, 15884554869126768810, 15884554869126768810], [5059648917813135842, 7425985699627899538, 15267657372422890137, 89, 0, 2, 412, 1, 18200729499220207786, 5582244037879929967, 5059648917813135842], [10491429878208300068, 10491429878208300068, 15308085513773655218, 91, 0, 2, 426, 2, 13110060611322374290, 15817570140490810055, 7101693008741443383], [18307573501153647118, 18307573501153647118, 16235386156175103506, 86, 0, 2, 402, 1, 13110060611322374290, 260667111241363922, 10522273805588696859], [9099225972875567996, 9099225972875567996, 14200088355797579614, 99, 0, 2, 445, 0, 13110060611322374290, 15917291556903334389, 3161953725080168345], [7976265300568155021, 16875582379069451158, 13656873538139661788, 94, 0, 2, 431, -1, 13110060611322374290, 15369245168918225700, 7393087608504110699], [16037325823156266367, 16037325823156266367, 1292078113972184607, 84, 0, 2, 8110129090154140942, 1, 4088098365541558500, 13110760720460257827, 16037325823156266367], [4950757572332304006, 16064069575701507746, 13656873538139661788, 94, 0, 2, 432, -3, 4370460163704169311, 12247454108283186160, 4950757572332304006], [12646065887601541794, 12646065887601541794, 12646065887601541794, 96, 0, 2, 442, -4, 12646065887601541794, 12646065887601541794, 12646065887601541794]]]" />
    <node ID="0.1" type="Punctuation">
      <attributes paragraph="1" paragraph_position="1" text="&quot;" />
      <extra dep="punct" ent_iob="2" ent_type="" head="5" lemma="&quot;" orig_paragraph="1" orth="&quot;" pos="PUNCT" prefix="&quot;" shape="&quot;" suffix="&quot;" tag="``" />
    </node>
    <node ID="0.2" type="Punctuation">
      <attributes paragraph="1" paragraph_position="2" text="&quot;" />
      <extra dep="punct" ent_iob="2" ent_type="" head="4" lemma="&quot;" orig_paragraph="1" orth="&quot;" pos="PUNCT" prefix="&quot;" shape="&quot;" suffix="&quot;" tag="``" />
    </node>
    <node ID="0.3" type="Word">
      <attributes paragraph="1" paragraph_position="3" text="The" />
      <extra dep="det" ent_iob="2" ent_type="" head="1" lemma="the" orig_paragraph="1" orth="The" pos="DET" prefix="T" shape="Xxx" suffix="The" tag="DT" />
    </node>
    <node ID="0.4" type="Word">
      <attributes paragraph="1" paragraph_position="4" text="hotel" />
      <extra dep="nsubj" ent_iob="2" ent_type="" head="2" lemma="hotel" orig_paragraph="1" orth="hotel" pos="NOUN" prefix="h" shape="xxxx" suffix="tel" tag="NN" />
    </node>
    <node ID="0.5" type="Word">
      <attributes paragraph="1" paragraph_position="5" text="will" />
      <extra dep="aux" ent_iob="2" ent_type="" head="1" lemma="will" orig_paragraph="1" orth="will" pos="AUX" prefix="w" shape="xxxx" suffix="ill" tag="MD" />
    </node>
    <node ID="0.6" type="Word">
      <attributes paragraph="1" paragraph_position="6" text="keep" />
      <extra dep="root" ent_iob="2" ent_type="" head="0" lemma="keep" orig_paragraph="1" orth="keep" pos="VERB" prefix="k" shape="xxxx" suffix="eep" tag="VB" />
    </node>
    <node ID="0.7" type="Word">
      <attributes paragraph="1" paragraph_position="7" text="them" />
      <extra dep="obj" ent_iob="2" ent_type="" head="-1" lemma="they" orig_paragraph="1" orth="them" pos="PRON" prefix="t" shape="xxxx" suffix="hem" tag="PRP" />
    </node>
    <node ID="0.8" type="Word">
      <attributes paragraph="1" paragraph_position="8" text="for" />
      <extra dep="case" ent_iob="2" ent_type="" head="1" lemma="for" orig_paragraph="1" orth="for" pos="ADP" prefix="f" shape="xxx" suffix="for" tag="IN" />
    </node>
    <node ID="0.9" type="Word">
      <attributes paragraph="1" paragraph_position="9" text="us" />
      <extra dep="obl" ent_iob="2" ent_type="" head="-3" lemma="we" orig_paragraph="1" orth="us" pos="PRON" prefix="u" shape="xx" suffix="us" tag="PRP" />
    </node>
    <node ID="0.10" type="Punctuation">
      <attributes paragraph="1" paragraph_position="10" text="." />
      <extra dep="punct" ent_iob="2" ent_type="" head="-4" lemma="." orig_paragraph="1" orth="." pos="PUNCT" prefix="." shape="." suffix="." tag="." />
    </node>
  </layer>
  <layer layerID="1">
    <attributes />
    <node ID="1.1" type="FN">
      <attributes />
      <edge toID="1.2" type="H">
        <attributes />
        <category tag="H" />
      </edge>
    </node>
    <node ID="1.2" type="FN">
      <attributes />
      <edge toID="1.3" type="U">
        <attributes />
        <category tag="U" />
      </edge>
      <edge toID="1.4" type="U">
        <attributes />
        <category tag="U" />
      </edge>
      <edge toID="1.5" type="A">
        <attributes />
        <category tag="A" />
      </edge>
    </node>
    <node ID="1.3" type="PNCT">
      <attributes />
      <edge toID="0.1" type="Terminal">
        <attributes />
        <category tag="Terminal" />
      </edge>
    </node>
    <node ID="1.4" type="PNCT">
      <attributes />
      <edge toID="0.2" type="Terminal">
        <attributes />
        <category tag="Terminal" />
      </edge>
    </node>
    <node ID="1.5" type="FN">
      <attributes />
      <edge toID="1.6" type="A">
        <attributes />
        <category tag="A" />
      </edge>
      <edge toID="1.7" type="F">
        <attributes />
        <category tag="F" />
      </edge>
      <edge toID="1.8" type="D">
        <attributes />
        <category tag="D" />
      </edge>
      <edge toID="1.9" type="A">
        <attributes />
        <category tag="A" />
      </edge>
      <edge toID="1.10" type="A">
        <attributes />
        <category tag="A" />
      </edge>
    </node>
    <node ID="1.6" type="FN">
      <attributes />
      <edge toID="1.11" type="E">
        <attributes />
        <category tag="E" />
      </edge>
      <edge toID="1.12" type="C">
        <attributes />
        <category tag="C" />
      </edge>
    </node>
    <node ID="1.7" type="FN">
      <attributes />
      <edge toID="0.5" type="Terminal">
        <attributes />
        <category tag="Terminal" />
      </edge>
    </node>
    <node ID="1.8" type="FN">
      <attributes />
      <edge toID="0.6" type="Terminal">
        <attributes />
        <category tag="Terminal" />
      </edge>
    </node>
    <node ID="1.9" type="FN">
      <attributes />
      <edge toID="0.7" type="Terminal">
        <attributes />
        <category tag="Terminal" />
      </edge>
    </node>
    <node ID="1.10" type="FN">
      <attributes />
      <edge toID="1.13" type="R">
        <attributes />
        <category tag="R" />
      </edge>
      <edge toID="1.14" type="C">
        <attributes />
        <category tag="C" />
      </edge>
      <edge toID="1.15" type="U">
        <attributes />
        <category tag="U" />
      </edge>
    </node>
    <node ID="1.11" type="FN">
      <attributes />
      <edge toID="0.3" type="Terminal">
        <attributes />
        <category tag="Terminal" />
      </edge>
    </node>
    <node ID="1.12" type="FN">
      <attributes />
      <edge toID="0.4" type="Terminal">
        <attributes />
        <category tag="Terminal" />
      </edge>
    </node>
    <node ID="1.13" type="FN">
      <attributes />
      <edge toID="0.8" type="Terminal">
        <attributes />
        <category tag="Terminal" />
      </edge>
    </node>
    <node ID="1.14" type="FN">
      <attributes />
      <edge toID="0.9" type="Terminal">
        <attributes />
        <category tag="Terminal" />
      </edge>
    </node>
    <node ID="1.15" type="PNCT">
      <attributes />
      <edge toID="0.10" type="Terminal">
        <attributes />
        <category tag="Terminal" />
      </edge>
    </node>
  </layer>
</root>
