<root annotationID="0" passageID="830000">
  <attributes />
  <extra format="ucca" />
  <layer layerID="0">
    <attributes />
    <extra doc="[[[5059648917813135842, 7425985699627899538, 15267657372422890137, 89, 0, 2, 412, 2, 18200729499220207786, 5582244037879929967, 5059648917813135842], [10491429878208300068, 10491429878208300068, 15308085513773655218, 91, 0, 2, 7037928807040764755, 1, 13110060611322374290, 15817570140490810055, 7101693008741443383], [14440563221619335037, 14440563221619335037, 15308085513773655218, 91, 0, 2, 426, 1, 13110060611322374290, 1720370409040345145, 16986153139410903314], [11269071702302113671, 505665066430977685, 17109001835818727656, 99, 0, 2, 445, 0, 13110060611322374290, 8148669997605808657, 15950762329401383738], [4950757572332304006, 16064069575701507746, 13656873538139661788, 94, 0, 2, 431, -1, 4370460163704169311, 12247454108283186160, 4950757572332304006], [7039397736629347729, 7039397736629347729, 6860118812490040284, 84, 0, 2, 2008358639898919775, -2, 4088098365541558500, 1489474827855109852, 7039397736629347729], [3002984154512732771, 3002984154512732771, 1292078113972184607, 84, 0, 2, 8110129090154140942, 3, 4370460163704169311, 5097672513440128799, 3002984154512732771], [7425985699627899538, 7425985699627899538, 15267657372422890137, 89, 0, 2, 412, 2, 4088098365541558500, 15369245168918225700, 7425985699627899538], [11645434534719424374, 11645434534719424374, 10554686591937588953, 83, 0, 2, 399, 1, 13110060611322374290, 646772771845179972, 8265820206415514174], [5090758652819052265, 5090758652819052265, 15308085513773655218, 91, 0, 2, 432, -6, 13110060611322374290, 2482183445564601373, 2818139182520384662], [5640369432778651323, 5640369432778651323, 1292078113972184607, 84, 0, 2, 8110129090154140942, 2, 4370460163704169311, 1489474827855109852, 5640369432778651323], [7425985699627899538, 7425985699627899538, 15267657372422890137, 89, 0, 2, 412, 1, 4088098365541558500, 15369245168918225700, 7425985699627899538], [16802912677685197472, 16802912677685197472, 15308085513773655218, 91, 0, 2, 423, -3, 13110060611322374290, 646772771845179972, 11197236520932772837], [12646065887601541794, 12646065887601541794, 12646065887601541794, 96, 0, 2, 442, -10, 12646065887601541794, 12646065887601541794, 12646065887601541794]]]" />
    <node ID="0.1" type="Word">
      <attributes paragraph="1" paragraph_position="1" text="The" />
      <extra dep="det" ent_iob="2" ent_type="" head="2" lemma="the" orig_paragraph="1" orth="The" pos="DET" prefix="T" shape="Xxx" suffix="The" tag="DT" />
    </node>
    <node ID="0.2" type="Word">
      <attributes paragraph="1" paragraph_position="2" text="hotel" />
      <extra dep="compound" ent_iob="2" ent_type="" head="1" lemma="hotel" orig_paragraph="1" orth="hotel" pos="NOUN" prefix="h" shape="xxxx" suffix="tel" tag="NN" />
    </node>
    <node ID="0.3" type="Word">
      <attributes paragraph="1" paragraph_position="3" text="elevator" />
      <extra dep="nsubj" ent_iob="2" ent_type="" head="1" lemma="elevator" orig_paragraph="1" orth="elevator" pos="NOUN" prefix="e" shape="xxxx" suffix="tor" tag="NN" />
    </node>
    <node ID="0.4" type="Word">
      <attributes paragraph="1" paragraph_position="4" text="dropped" />
      <extra dep="root" ent_iob="2" ent_type="" head="0" lemma="drop" orig_paragraph="1" orth="dropped" pos="VERB" prefix="d" shape="xxxx" suffix="ped" tag="VBD" />
    </node>
    <node ID="0.5" type="Word">
      <attributes paragraph="1" paragraph_position="5" text="us" />
      <extra dep="obj" ent_iob="2" ent_type="" head="-1" lemma="we" orig_paragraph="1" orth="us" pos="PRON" prefix="u" shape="xx" suffix="us" tag="PRP" />
    </node>
    <node ID="0.6" type="Word">
      <attributes paragraph="1" paragraph_position="6" text="off" />
      <extra dep="compound:prt" ent_iob="2" ent_type="" head="-2" lemma="off" orig_paragraph="1" orth="off" pos="ADP" prefix="o" shape="xxx" suffix="off" tag="RP" />
    </node>
    <node ID="0.7" type="Word">
      <attributes paragraph="1" paragraph_position="7" text="in" />
      <extra dep="case" ent_iob="2" ent_type="" head="3" lemma="in" orig_paragraph="1" orth="in" pos="ADP" prefix="i" shape="xx" suffix="in" tag="IN" />
    </node>
    <node ID="0.8" type="Word">
      <attributes paragraph="1" paragraph_position="8" text="the" />
      <extra dep="det" ent_iob="2" ent_type="" head="2" lemma="the" orig_paragraph="1" orth="the" pos="DET" prefix="t" shape="xxx" suffix="the" tag="DT" />
    </node>
    <node ID="0.9" type="Word">
      <attributes paragraph="1" paragraph_position="9" text="main" />
      <extra dep="amod" ent_iob="2" ent_type="" head="1" lemma="main" orig_paragraph="1" orth="main" pos="ADJ" prefix="m" shape="xxxx" suffix="ain" tag="JJ" />
    </node>
    <node ID="0.10" type="Word">
      <attributes paragraph="1" paragraph_position="10" text="vestibule" />
      <extra dep="obl" ent_iob="2" ent_type="" head="-6" lemma="vestibule" orig_paragraph="1" orth="vestibule" pos="NOUN" prefix="v" shape="xxxx" suffix="ule" tag="NN" />
    </node>
    <node ID="0.11" type="Word">
      <attributes paragraph="1" paragraph_position="11" text="on" />
      <extra dep="case" ent_iob="2" ent_type="" head="2" lemma="on" orig_paragraph="1" orth="on" pos="ADP" prefix="o" shape="xx" suffix="on" tag="IN" />
    </node>
    <node ID="0.12" type="Word">
      <attributes paragraph="1" paragraph_position="12" text="the" />
      <extra dep="det" ent_iob="2" ent_type="" head="1" lemma="the" orig_paragraph="1" orth="the" pos="DET" prefix="t" shape="xxx" suffix="the" tag="DT" />
    </node>
    <node ID="0.13" type="Word">
      <attributes paragraph="1" paragraph_position="13" text="mezzanine" />
      <extra dep="nmod" ent_iob="2" ent_type="" head="-3" lemma="mezzanine" orig_paragraph="1" orth="mezzanine" pos="NOUN" prefix="m" shape="xxxx" suffix="ine" tag="NN" />
    </node>
    <node ID="0.14" type="Punctuation">
      <attributes paragraph="1" paragraph_position="14" text="." />
      <extra dep="punct" ent_iob="2" ent_type="" head="-10" lemma="." orig_paragraph="1" orth="." pos="PUNCT" prefix="." shape="." suffix="." tag="." />
    </node>
  </layer>
  <layer layerID="1">
    <attributes />
    <node ID="1.1" type="FN">
      <attributes />
      <edge toID="1.2" type="H">
        <attributes />
        <category tag="H" />
      </edge>
    </node>
    <node ID="1.2" type="FN">
      <attributes />
      <edge toID="1.3" type="A">
        <attributes />
        <category tag="A" />
      </edge>
      <edge toID="1.4" type="P">
        <attributes />
        <category tag="P" />
      </edge>
      <edge toID="1.5" type="A">
        <attributes />
        <category tag="A" />
      </edge>
      <edge toID="1.6" type="A">
        <attributes />
        <category tag="A" />
      </edge>
    </node>
    <node ID="1.3" type="FN">
      <attributes />
      <edge toID="1.7" type="E">
        <attributes />
        <category tag="E" />
      </edge>
      <edge toID="1.8" type="E">
        <attributes />
        <category tag="E" />
      </edge>
      <edge toID="1.9" type="C">
        <attributes />
        <category tag="C" />
      </edge>
    </node>
    <node ID="1.4" type="FN">
      <attributes />
      <edge toID="0.4" type="Terminal">
        <attributes />
        <category tag="Terminal" />
      </edge>
      <edge toID="0.7" type="Terminal">
        <attributes />
        <category tag="Terminal" />
      </edge>
    </node>
    <node ID="1.5" type="FN">
      <attributes />
      <edge toID="1.10" type="E">
        <attributes />
        <category tag="E" />
      </edge>
      <edge toID="1.11" type="E">
        <attributes />
        <category tag="E" />
      </edge>
      <edge toID="1.12" type="C">
        <attributes />
        <category tag="C" />
      </edge>
    </node>
    <node ID="1.6" type="FN">
      <attributes />
      <edge toID="1.13" type="R">
        <attributes />
        <category tag="R" />
      </edge>
      <edge toID="1.14" type="E">
        <attributes />
        <category tag="E" />
      </edge>
      <edge toID="1.15" type="C">
        <attributes />
        <category tag="C" />
      </edge>
      <edge toID="1.16" type="U">
        <attributes />
        <category tag="U" />
      </edge>
    </node>
    <node ID="1.7" type="FN">
      <attributes />
      <edge toID="0.1" type="Terminal">
        <attributes />
        <category tag="Terminal" />
      </edge>
    </node>
    <node ID="1.8" type="FN">
      <attributes />
      <edge toID="1.17" type="E">
        <attributes />
        <category tag="E" />
      </edge>
      <edge toID="1.18" type="C">
        <attributes />
        <category tag="C" />
      </edge>
    </node>
    <node ID="1.9" type="FN">
      <attributes />
      <edge toID="0.5" type="Terminal">
        <attributes />
        <category tag="Terminal" />
      </edge>
      <edge toID="0.6" type="Terminal">
        <attributes />
        <category tag="Terminal" />
      </edge>
    </node>
    <node ID="1.10" type="FN">
      <attributes />
      <edge toID="0.8" type="Terminal">
        <attributes />
        <category tag="Terminal" />
      </edge>
    </node>
    <node ID="1.11" type="FN">
      <attributes />
      <edge toID="0.9" type="Terminal">
        <attributes />
        <category tag="Terminal" />
      </edge>
    </node>
    <node ID="1.12" type="FN">
      <attributes />
      <edge toID="0.10" type="Terminal">
        <attributes />
        <category tag="Terminal" />
      </edge>
    </node>
    <node ID="1.13" type="FN">
      <attributes />
      <edge toID="0.11" type="Terminal">
        <attributes />
        <category tag="Terminal" />
      </edge>
    </node>
    <node ID="1.14" type="FN">
      <attributes />
      <edge toID="0.12" type="Terminal">
        <attributes />
        <category tag="Terminal" />
      </edge>
    </node>
    <node ID="1.15" type="FN">
      <attributes />
      <edge toID="0.13" type="Terminal">
        <attributes />
        <category tag="Terminal" />
      </edge>
    </node>
    <node ID="1.16" type="PNCT">
      <attributes />
      <edge toID="0.14" type="Terminal">
        <attributes />
        <category tag="Terminal" />
      </edge>
    </node>
    <node ID="1.17" type="FN">
      <attributes />
      <edge toID="0.2" type="Terminal">
        <attributes />
        <category tag="Terminal" />
      </edge>
    </node>
    <node ID="1.18" type="FN">
      <attributes />
      <edge toID="0.3" type="Terminal">
        <attributes />
        <category tag="Terminal" />
      </edge>
    </node>
  </layer>
</root>
