<root annotationID="0" passageID="836000">
  <attributes />
  <extra format="ucca" />
  <layer layerID="0">
    <attributes />
    <extra doc="[[[5059648917813135842, 7425985699627899538, 15267657372422890137, 89, 0, 2, 412, 1, 18200729499220207786, 5582244037879929967, 5059648917813135842], [16113485747970527978, 16113485747970527978, 15308085513773655218, 91, 0, 2, 1227985075839834553, 3, 13110060611322374290, 13110760720460257827, 10806788082624814911], [16428057658620181782, 16428057658620181782, 74, 93, 0, 2, 8110129090154140942, -1, 3155823383004454315, 11221368173670222813, 16428057658620181782], [12510118381124562640, 12510118381124562640, 10554686591937588953, 83, 0, 2, 399, 1, 13110060611322374290, 5097672513440128799, 50675144885613741], [17658864993277214753, 9954786671705656993, 783433942507015291, 91, 0, 2, 426, 1, 13110060611322374290, 11901859001352538922, 8906198441074590503], [15650823871364236070, 7983346599721071799, 17109001835818727656, 99, 0, 2, 445, 0, 13110060611322374290, 16900879642891266615, 14814004474743358178], [12513610393978129441, 12513610393978129441, 4062917326063685704, 94, 0, 2, 1227985075839834553, 2, 4088098365541558500, 5097672513440128799, 12513610393978129441], [1811814384289053232, 1811814384289053232, 10554686591937588953, 83, 0, 2, 399, 1, 13110060611322374290, 13210364986222294696, 2045898031935137119], [1780272871544273064, 8574196275677419118, 783433942507015291, 91, 0, 2, 431, -3, 13110060611322374290, 2482183445564601373, 15963301666394721303], [12646065887601541794, 12646065887601541794, 12646065887601541794, 96, 0, 2, 442, -4, 12646065887601541794, 12646065887601541794, 12646065887601541794]]]" />
    <node ID="0.1" type="Word">
      <attributes paragraph="1" paragraph_position="1" text="The" />
      <extra dep="det" ent_iob="2" ent_type="" head="1" lemma="the" orig_paragraph="1" orth="The" pos="DET" prefix="T" shape="Xxx" suffix="The" tag="DT" />
    </node>
    <node ID="0.2" type="Word">
      <attributes paragraph="1" paragraph_position="2" text="frigate" />
      <extra dep="nmod:poss" ent_iob="2" ent_type="" head="3" lemma="frigate" orig_paragraph="1" orth="frigate" pos="NOUN" prefix="f" shape="xxxx" suffix="ate" tag="NN" />
    </node>
    <node ID="0.3" type="Word">
      <attributes paragraph="1" paragraph_position="3" text="'s" />
      <extra dep="case" ent_iob="2" ent_type="" head="-1" lemma="'s" orig_paragraph="1" orth="'s" pos="PART" prefix="'" shape="'x" suffix="'s" tag="POS" />
    </node>
    <node ID="0.4" type="Word">
      <attributes paragraph="1" paragraph_position="4" text="interior" />
      <extra dep="amod" ent_iob="2" ent_type="" head="1" lemma="interior" orig_paragraph="1" orth="interior" pos="ADJ" prefix="i" shape="xxxx" suffix="ior" tag="JJ" />
    </node>
    <node ID="0.5" type="Word">
      <attributes paragraph="1" paragraph_position="5" text="accommodations" />
      <extra dep="nsubj" ent_iob="2" ent_type="" head="1" lemma="accommodation" orig_paragraph="1" orth="accommodations" pos="NOUN" prefix="a" shape="xxxx" suffix="ons" tag="NNS" />
    </node>
    <node ID="0.6" type="Word">
      <attributes paragraph="1" paragraph_position="6" text="complemented" />
      <extra dep="root" ent_iob="2" ent_type="" head="0" lemma="complement" orig_paragraph="1" orth="complemented" pos="VERB" prefix="c" shape="xxxx" suffix="ted" tag="VBD" />
    </node>
    <node ID="0.7" type="Word">
      <attributes paragraph="1" paragraph_position="7" text="its" />
      <extra dep="nmod:poss" ent_iob="2" ent_type="" head="2" lemma="its" orig_paragraph="1" orth="its" pos="PRON" prefix="i" shape="xxx" suffix="its" tag="PRP$" />
    </node>
    <node ID="0.8" type="Word">
      <attributes paragraph="1" paragraph_position="8" text="nautical" />
      <extra dep="amod" ent_iob="2" ent_type="" head="1" lemma="nautical" orig_paragraph="1" orth="nautical" pos="ADJ" prefix="n" shape="xxxx" suffix="cal" tag="JJ" />
    </node>
    <node ID="0.9" type="Word">
      <attributes paragraph="1" paragraph_position="9" text="virtues" />
      <extra dep="obj" ent_iob="2" ent_type="" head="-3" lemma="virtue" orig_paragraph="1" orth="virtues" pos="NOUN" prefix="v" shape="xxxx" suffix="ues" tag="NNS" />
    </node>
    <node ID="0.10" type="Punctuation">
      <attributes paragraph="1" paragraph_position="10" text="." />
      <extra dep="punct" ent_iob="2" ent_type="" head="-4" lemma="." orig_paragraph="1" orth="." pos="PUNCT" prefix="." shape="." suffix="." tag="." />
    </node>
  </layer>
  <layer layerID="1">
    <attributes />
    <node ID="1.1" type="FN">
      <attributes />
      <edge toID="1.2" type="H">
        <attributes />
        <category tag="H" />
      </edge>
      <edge toID="1.3" type="C">
        <attributes />
        <category tag="C" />
      </edge>
    </node>
    <node ID="1.2" type="FN">
      <attributes />
      <edge toID="1.4" type="A">
        <attributes />
        <category tag="A" />
      </edge>
      <edge toID="1.5" type="P">
        <attributes />
        <category tag="P" />
      </edge>
      <edge toID="1.6" type="A">
        <attributes />
        <category tag="A" />
      </edge>
    </node>
    <node ID="1.3" type="FN">
      <attributes />
      <edge toID="0.6" type="Terminal">
        <attributes />
        <category tag="Terminal" />
      </edge>
    </node>
    <node ID="1.4" type="FN">
      <attributes />
      <edge toID="1.7" type="E">
        <attributes />
        <category tag="E" />
      </edge>
      <edge toID="1.8" type="C">
        <attributes />
        <category tag="C" />
      </edge>
      <edge toID="1.9" type="R">
        <attributes />
        <category tag="R" />
      </edge>
    </node>
    <node ID="1.5" type="FN">
      <attributes />
      <edge toID="1.10" type="E">
        <attributes />
        <category tag="E" />
      </edge>
      <edge toID="1.11" type="C">
        <attributes />
        <category tag="C" />
      </edge>
    </node>
    <node ID="1.6" type="FN">
      <attributes />
      <edge toID="1.12" type="E">
        <attributes />
        <category tag="E" />
      </edge>
      <edge toID="1.13" type="E">
        <attributes />
        <category tag="E" />
      </edge>
      <edge toID="1.14" type="C">
        <attributes />
        <category tag="C" />
      </edge>
      <edge toID="1.15" type="U">
        <attributes />
        <category tag="U" />
      </edge>
    </node>
    <node ID="1.7" type="FN">
      <attributes />
      <edge toID="0.1" type="Terminal">
        <attributes />
        <category tag="Terminal" />
      </edge>
    </node>
    <node ID="1.8" type="FN">
      <attributes />
      <edge toID="0.2" type="Terminal">
        <attributes />
        <category tag="Terminal" />
      </edge>
    </node>
    <node ID="1.9" type="FN">
      <attributes />
      <edge toID="0.3" type="Terminal">
        <attributes />
        <category tag="Terminal" />
      </edge>
    </node>
    <node ID="1.10" type="FN">
      <attributes />
      <edge toID="0.4" type="Terminal">
        <attributes />
        <category tag="Terminal" />
      </edge>
    </node>
    <node ID="1.11" type="FN">
      <attributes />
      <edge toID="0.5" type="Terminal">
        <attributes />
        <category tag="Terminal" />
      </edge>
    </node>
    <node ID="1.12" type="FN">
      <attributes />
      <edge toID="0.7" type="Terminal">
        <attributes />
        <category tag="Terminal" />
      </edge>
    </node>
    <node ID="1.13" type="FN">
      <attributes />
      <edge toID="0.8" type="Terminal">
        <attributes />
        <category tag="Terminal" />
      </edge>
    </node>
    <node ID="1.14" type="FN">
      <attributes />
      <edge toID="0.9" type="Terminal">
        <attributes />
        <category tag="Terminal" />
      </edge>
    </node>
    <node ID="1.15" type="PNCT">
      <attributes />
      <edge toID="0.10" type="Terminal">
        <attributes />
        <category tag="Terminal" />
      </edge>
    </node>
  </layer>
</root>
