<root annotationID="0" passageID="842002">
  <attributes />
  <extra format="ucca" />
  <layer layerID="0">
    <attributes />
    <extra doc="[[[10772215776554980285, 12965068231793614765, 164681854541413346, 85, 0, 2, 397, 1, 10887629174180191697, 10603054956214495369, 7274326117416781431], [13408957934548075952, 13408957934548075952, 10554686591937588953, 83, 0, 2, 399, 1, 13110060611322374290, 15817570140490810055, 7511447687758208619], [16880586266012361449, 5769958310133157140, 783433942507015291, 91, 0, 2, 426, 1, 13110060611322374290, 8861071527689086543, 8906198441074590503], [15836003662739650064, 13986278828570822814, 17109001835818727656, 99, 0, 2, 445, 0, 13110060611322374290, 6217145520856553898, 4305850001634943401], [2283656566040971221, 2283656566040971221, 17571114184892886314, 88, 0, 2, 404, 1, 4088098365541558500, 11901859001352538922, 2283656566040971221], [15241463135334439780, 4198392880578328572, 17109001835818727656, 99, 0, 2, 407, -2, 13110060611322374290, 8861071527689086543, 2053223718147644768], [7425985699627899538, 7425985699627899538, 15267657372422890137, 89, 0, 2, 412, 2, 4088098365541558500, 15369245168918225700, 7425985699627899538], [5979457044106899080, 5979457044106899080, 15308085513773655218, 91, 0, 2, 7037928807040764755, 1, 4088098365541558500, 15369245168918225700, 5979457044106899080], [6312625169236002377, 6312625169236002377, 783433942507015291, 91, 0, 2, 431, -3, 13110060611322374290, 16562859848569467201, 14367683339021145514], [886050111519832510, 886050111519832510, 1292078113972184607, 84, 0, 2, 8110129090154140942, 3, 4370460163704169311, 1489474827855109852, 886050111519832510], [7425985699627899538, 7425985699627899538, 15267657372422890137, 89, 0, 2, 412, 2, 4088098365541558500, 15369245168918225700, 7425985699627899538], [9588452728179957059, 9588452728179957059, 10554686591937588953, 83, 0, 2, 399, 1, 13110060611322374290, 8148669997605808657, 18368739048743112828], [1668905898901103608, 1668905898901103608, 15308085513773655218, 91, 0, 2, 423, -4, 13110060611322374290, 16978132545290669629, 1201095594505330287], [12646065887601541794, 12646065887601541794, 12646065887601541794, 96, 0, 2, 442, -10, 12646065887601541794, 12646065887601541794, 12646065887601541794]]]" />
    <node ID="0.1" type="Word">
      <attributes paragraph="1" paragraph_position="1" text="Long" />
      <extra dep="advmod" ent_iob="2" ent_type="" head="1" lemma="long" orig_paragraph="1" orth="Long" pos="ADV" prefix="L" shape="Xxxx" suffix="ong" tag="RB" />
    </node>
    <node ID="0.2" type="Word">
      <attributes paragraph="1" paragraph_position="2" text="horizontal" />
      <extra dep="amod" ent_iob="2" ent_type="" head="1" lemma="horizontal" orig_paragraph="1" orth="horizontal" pos="ADJ" prefix="h" shape="xxxx" suffix="tal" tag="JJ" />
    </node>
    <node ID="0.3" type="Word">
      <attributes paragraph="1" paragraph_position="3" text="pistons" />
      <extra dep="nsubj" ent_iob="2" ent_type="" head="1" lemma="piston" orig_paragraph="1" orth="pistons" pos="NOUN" prefix="p" shape="xxxx" suffix="ons" tag="NNS" />
    </node>
    <node ID="0.4" type="Word">
      <attributes paragraph="1" paragraph_position="4" text="groaned" />
      <extra dep="root" ent_iob="2" ent_type="" head="0" lemma="groan" orig_paragraph="1" orth="groaned" pos="VERB" prefix="g" shape="xxxx" suffix="ned" tag="VBD" />
    </node>
    <node ID="0.5" type="Word">
      <attributes paragraph="1" paragraph_position="5" text="and" />
      <extra dep="cc" ent_iob="2" ent_type="" head="1" lemma="and" orig_paragraph="1" orth="and" pos="CCONJ" prefix="a" shape="xxx" suffix="and" tag="CC" />
    </node>
    <node ID="0.6" type="Word">
      <attributes paragraph="1" paragraph_position="6" text="pushed" />
      <extra dep="conj" ent_iob="2" ent_type="" head="-2" lemma="push" orig_paragraph="1" orth="pushed" pos="VERB" prefix="p" shape="xxxx" suffix="hed" tag="VBD" />
    </node>
    <node ID="0.7" type="Word">
      <attributes paragraph="1" paragraph_position="7" text="the" />
      <extra dep="det" ent_iob="2" ent_type="" head="2" lemma="the" orig_paragraph="1" orth="the" pos="DET" prefix="t" shape="xxx" suffix="the" tag="DT" />
    </node>
    <node ID="0.8" type="Word">
      <attributes paragraph="1" paragraph_position="8" text="tie" />
      <extra dep="compound" ent_iob="2" ent_type="" head="1" lemma="tie" orig_paragraph="1" orth="tie" pos="NOUN" prefix="t" shape="xxx" suffix="tie" tag="NN" />
    </node>
    <node ID="0.9" type="Word">
      <attributes paragraph="1" paragraph_position="9" text="rods" />
      <extra dep="obj" ent_iob="2" ent_type="" head="-3" lemma="rods" orig_paragraph="1" orth="rods" pos="NOUN" prefix="r" shape="xxxx" suffix="ods" tag="NNS" />
    </node>
    <node ID="0.10" type="Word">
      <attributes paragraph="1" paragraph_position="10" text="of" />
      <extra dep="case" ent_iob="2" ent_type="" head="3" lemma="of" orig_paragraph="1" orth="of" pos="ADP" prefix="o" shape="xx" suffix="of" tag="IN" />
    </node>
    <node ID="0.11" type="Word">
      <attributes paragraph="1" paragraph_position="11" text="the" />
      <extra dep="det" ent_iob="2" ent_type="" head="2" lemma="the" orig_paragraph="1" orth="the" pos="DET" prefix="t" shape="xxx" suffix="the" tag="DT" />
    </node>
    <node ID="0.12" type="Word">
      <attributes paragraph="1" paragraph_position="12" text="drive" />
      <extra dep="amod" ent_iob="2" ent_type="" head="1" lemma="drive" orig_paragraph="1" orth="drive" pos="ADJ" prefix="d" shape="xxxx" suffix="ive" tag="JJ" />
    </node>
    <node ID="0.13" type="Word">
      <attributes paragraph="1" paragraph_position="13" text="shaft" />
      <extra dep="nmod" ent_iob="2" ent_type="" head="-4" lemma="shaft" orig_paragraph="1" orth="shaft" pos="NOUN" prefix="s" shape="xxxx" suffix="aft" tag="NN" />
    </node>
    <node ID="0.14" type="Punctuation">
      <attributes paragraph="1" paragraph_position="14" text="." />
      <extra dep="punct" ent_iob="2" ent_type="" head="-10" lemma="." orig_paragraph="1" orth="." pos="PUNCT" prefix="." shape="." suffix="." tag="." />
    </node>
  </layer>
  <layer layerID="1">
    <attributes />
    <node ID="1.1" type="FN">
      <attributes />
      <edge toID="1.2" type="E">
        <attributes />
        <category tag="E" />
      </edge>
      <edge toID="1.3" type="C">
        <attributes />
        <category tag="C" />
      </edge>
      <edge toID="1.4" type="C">
        <attributes />
        <category tag="C" />
      </edge>
      <edge toID="1.5" type="E">
        <attributes />
        <category tag="E" />
      </edge>
      <edge toID="1.6" type="E">
        <attributes />
        <category tag="E" />
      </edge>
      <edge toID="1.7" type="E">
        <attributes />
        <category tag="E" />
      </edge>
      <edge toID="1.8" type="C">
        <attributes />
        <category tag="C" />
      </edge>
      <edge toID="1.9" type="U">
        <attributes />
        <category tag="U" />
      </edge>
      <edge toID="1.10" type="R">
        <attributes />
        <category tag="R" />
      </edge>
    </node>
    <node ID="1.2" type="FN">
      <attributes />
      <edge toID="1.11" type="E">
        <attributes />
        <category tag="E" />
      </edge>
      <edge toID="1.12" type="C">
        <attributes />
        <category tag="C" />
      </edge>
    </node>
    <node ID="1.3" type="FN">
      <attributes />
      <edge toID="0.3" type="Terminal">
        <attributes />
        <category tag="Terminal" />
      </edge>
    </node>
    <node ID="1.4" type="FN">
      <attributes />
      <edge toID="0.4" type="Terminal">
        <attributes />
        <category tag="Terminal" />
      </edge>
    </node>
    <node ID="1.5" type="FN">
      <attributes />
      <edge toID="1.13" type="C">
        <attributes />
        <category tag="C" />
      </edge>
      <edge toID="1.14" type="C">
        <attributes />
        <category tag="C" />
      </edge>
      <edge toID="1.15" type="R">
        <attributes />
        <category tag="R" />
      </edge>
    </node>
    <node ID="1.6" type="FN">
      <attributes />
      <edge toID="0.11" type="Terminal">
        <attributes />
        <category tag="Terminal" />
      </edge>
    </node>
    <node ID="1.7" type="FN">
      <attributes />
      <edge toID="0.12" type="Terminal">
        <attributes />
        <category tag="Terminal" />
      </edge>
    </node>
    <node ID="1.8" type="FN">
      <attributes />
      <edge toID="0.13" type="Terminal">
        <attributes />
        <category tag="Terminal" />
      </edge>
    </node>
    <node ID="1.9" type="PNCT">
      <attributes />
      <edge toID="0.14" type="Terminal">
        <attributes />
        <category tag="Terminal" />
      </edge>
    </node>
    <node ID="1.10" type="FN">
      <attributes />
      <edge toID="0.5" type="Terminal">
        <attributes />
        <category tag="Terminal" />
      </edge>
    </node>
    <node ID="1.11" type="FN">
      <attributes />
      <edge toID="0.1" type="Terminal">
        <attributes />
        <category tag="Terminal" />
      </edge>
    </node>
    <node ID="1.12" type="FN">
      <attributes />
      <edge toID="0.2" type="Terminal">
        <attributes />
        <category tag="Terminal" />
      </edge>
    </node>
    <node ID="1.13" type="FN">
      <attributes />
      <edge toID="0.6" type="Terminal">
        <attributes />
        <category tag="Terminal" />
      </edge>
      <edge toID="0.7" type="Terminal">
        <attributes />
        <category tag="Terminal" />
      </edge>
      <edge toID="0.8" type="Terminal">
        <attributes />
        <category tag="Terminal" />
      </edge>
    </node>
    <node ID="1.14" type="FN">
      <attributes />
      <edge toID="0.9" type="Terminal">
        <attributes />
        <category tag="Terminal" />
      </edge>
    </node>
    <node ID="1.15" type="FN">
      <attributes />
      <edge toID="0.10" type="Terminal">
        <attributes />
        <category tag="Terminal" />
      </edge>
    </node>
  </layer>
</root>
