<root annotationID="0" passageID="843001">
  <attributes />
  <extra format="ucca" />
  <layer layerID="0">
    <attributes />
    <extra doc="[[[15467797199038829995, 11568774473013387390, 1534113631682161808, 99, 0, 2, 445, 0, 16072095006890171862, 3929483993944067416, 7679303661980345986], [7831658034963690409, 7831658034963690409, 1292078113972184607, 84, 0, 2, 8110129090154140942, 2, 13110060611322374290, 13110760720460257827, 16701608521236914874], [13288377539482999197, 13288377539482999197, 8427216679587749980, 92, 394, 3, 12837356684637874264, 1, 13395472165029630366, 2090661578966068036, 6602506476359942532], [17744484182584868929, 17090697560804929808, 783433942507015291, 91, 0, 2, 432, -3, 13110060611322374290, 15369245168918225700, 734606212825900919], [2593208677638477497, 2593208677638477497, 2593208677638477497, 96, 0, 2, 442, -1, 2593208677638477497, 2593208677638477497, 2593208677638477497], [8241648526530492509, 8241648526530492509, 8427216679587749980, 92, 394, 3, 12837356684637874264, 1, 13110060611322374290, 15369245168918225700, 1885430333798768031], [15284448727099174990, 15251375481748888862, 783433942507015291, 91, 0, 2, 400, -3, 13110060611322374290, 16900879642891266615, 7409412530419520829], [17318004710283857390, 17318004710283857390, 164681854541413346, 85, 0, 2, 397, 1, 13110060611322374290, 15598372446745583797, 7257851932342739877], [17157283359147204933, 17157283359147204933, 164681854541413346, 85, 0, 2, 397, -2, 13110060611322374290, 13110760720460257827, 3155103904874937243], [3002984154512732771, 3002984154512732771, 1292078113972184607, 84, 0, 2, 8110129090154140942, 1, 4370460163704169311, 5097672513440128799, 3002984154512732771], [10707125075671782735, 10707125075671782735, 15308085513773655218, 91, 0, 2, 423, -4, 13110060611322374290, 16978132545290669629, 10748144119362648261], [12646065887601541794, 12646065887601541794, 12646065887601541794, 96, 0, 2, 442, -11, 12646065887601541794, 12646065887601541794, 12646065887601541794]]]" />
    <node ID="0.1" type="Word">
      <attributes paragraph="1" paragraph_position="1" text="Departing" />
      <extra dep="root" ent_iob="2" ent_type="" head="7" lemma="depart" orig_paragraph="1" orth="Departing" pos="VERB" prefix="D" shape="Xxxxx" suffix="ing" tag="VBG" />
    </node>
    <node ID="0.2" type="Word">
      <attributes paragraph="1" paragraph_position="2" text="from" />
      <extra dep="case" ent_iob="2" ent_type="" head="2" lemma="from" orig_paragraph="1" orth="from" pos="ADP" prefix="f" shape="xxxx" suffix="rom" tag="IN" />
    </node>
    <node ID="0.3" type="Word">
      <attributes paragraph="1" paragraph_position="3" text="500,000" />
      <extra dep="nummod" ent_iob="3" ent_type="CARDINAL" head="1" lemma="500,000" orig_paragraph="1" orth="500,000" pos="NUM" prefix="5" shape="ddd,ddd" suffix="000" tag="CD" />
    </node>
    <node ID="0.4" type="Word">
      <attributes paragraph="1" paragraph_position="4" text="throats" />
      <extra dep="obl" ent_iob="2" ent_type="" head="-3" lemma="throat" orig_paragraph="1" orth="throats" pos="NOUN" prefix="t" shape="xxxx" suffix="ats" tag="NNS" />
    </node>
    <node ID="0.5" type="Punctuation">
      <attributes paragraph="1" paragraph_position="5" text="," />
      <extra dep="punct" ent_iob="2" ent_type="" head="-1" lemma="," orig_paragraph="1" orth="," pos="PUNCT" prefix="," shape="," suffix="," tag="," />
    </node>
    <node ID="0.6" type="Word">
      <attributes paragraph="1" paragraph_position="6" text="three" />
      <extra dep="nummod" ent_iob="3" ent_type="CARDINAL" head="1" lemma="three" orig_paragraph="1" orth="three" pos="NUM" prefix="t" shape="xxxx" suffix="ree" tag="CD" />
    </node>
    <node ID="0.7" type="Word">
      <attributes paragraph="1" paragraph_position="7" text="cheers" />
      <extra dep="appos" ent_iob="2" ent_type="" head="-3" lemma="cheer" orig_paragraph="1" orth="cheers" pos="NOUN" prefix="c" shape="xxxx" suffix="ers" tag="NNS" />
    </node>
    <node ID="0.8" type="Word">
      <attributes paragraph="1" paragraph_position="8" text="burst" />
      <extra dep="advmod" ent_iob="2" ent_type="" head="1" lemma="burst" orig_paragraph="1" orth="burst" pos="ADV" prefix="b" shape="xxxx" suffix="rst" tag="RB" />
    </node>
    <node ID="0.9" type="Word">
      <attributes paragraph="1" paragraph_position="9" text="forth" />
      <extra dep="advmod" ent_iob="2" ent_type="" head="-2" lemma="forth" orig_paragraph="1" orth="forth" pos="ADV" prefix="f" shape="xxxx" suffix="rth" tag="RB" />
    </node>
    <node ID="0.10" type="Word">
      <attributes paragraph="1" paragraph_position="10" text="in" />
      <extra dep="case" ent_iob="2" ent_type="" head="1" lemma="in" orig_paragraph="1" orth="in" pos="ADP" prefix="i" shape="xx" suffix="in" tag="IN" />
    </node>
    <node ID="0.11" type="Word">
      <attributes paragraph="1" paragraph_position="11" text="succession" />
      <extra dep="nmod" ent_iob="2" ent_type="" head="-4" lemma="succession" orig_paragraph="1" orth="succession" pos="NOUN" prefix="s" shape="xxxx" suffix="ion" tag="NN" />
    </node>
    <node ID="0.12" type="Punctuation">
      <attributes paragraph="1" paragraph_position="12" text="." />
      <extra dep="punct" ent_iob="2" ent_type="" head="-11" lemma="." orig_paragraph="1" orth="." pos="PUNCT" prefix="." shape="." suffix="." tag="." />
    </node>
  </layer>
  <layer layerID="1">
    <attributes />
    <node ID="1.1" type="FN">
      <attributes />
      <edge toID="1.2" type="H">
        <attributes />
        <category tag="H" />
      </edge>
    </node>
    <node ID="1.2" type="FN">
      <attributes />
      <edge toID="1.3" type="A">
        <attributes />
        <category tag="A" />
      </edge>
      <edge toID="1.4" type="U">
        <attributes />
        <category tag="U" />
      </edge>
      <edge toID="1.5" type="A">
        <attributes />
        <category tag="A" />
      </edge>
      <edge toID="1.6" type="D">
        <attributes />
        <category tag="D" />
      </edge>
      <edge toID="1.7" type="P">
        <attributes />
        <category tag="P" />
      </edge>
      <edge toID="1.8" type="A">
        <attributes />
        <category tag="A" />
      </edge>
    </node>
    <node ID="1.3" type="FN">
      <attributes />
      <edge toID="1.9" type="C">
        <attributes />
        <category tag="C" />
      </edge>
      <edge toID="1.10" type="E">
        <attributes />
        <category tag="E" />
      </edge>
    </node>
    <node ID="1.4" type="PNCT">
      <attributes />
      <edge toID="0.5" type="Terminal">
        <attributes />
        <category tag="Terminal" />
      </edge>
    </node>
    <node ID="1.5" type="FN">
      <attributes />
      <edge toID="1.11" type="E">
        <attributes />
        <category tag="E" />
      </edge>
      <edge toID="1.12" type="C">
        <attributes />
        <category tag="C" />
      </edge>
    </node>
    <node ID="1.6" type="FN">
      <attributes />
      <edge toID="0.8" type="Terminal">
        <attributes />
        <category tag="Terminal" />
      </edge>
    </node>
    <node ID="1.7" type="FN">
      <attributes />
      <edge toID="0.9" type="Terminal">
        <attributes />
        <category tag="Terminal" />
      </edge>
    </node>
    <node ID="1.8" type="FN">
      <attributes />
      <edge toID="1.13" type="R">
        <attributes />
        <category tag="R" />
      </edge>
      <edge toID="1.14" type="C">
        <attributes />
        <category tag="C" />
      </edge>
      <edge toID="1.15" type="U">
        <attributes />
        <category tag="U" />
      </edge>
    </node>
    <node ID="1.9" type="FN">
      <attributes />
      <edge toID="0.1" type="Terminal">
        <attributes />
        <category tag="Terminal" />
      </edge>
    </node>
    <node ID="1.10" type="FN">
      <attributes />
      <edge toID="1.16" type="R">
        <attributes />
        <category tag="R" />
      </edge>
      <edge toID="1.17" type="E">
        <attributes />
        <category tag="E" />
      </edge>
      <edge toID="1.18" type="C">
        <attributes />
        <category tag="C" />
      </edge>
    </node>
    <node ID="1.11" type="FN">
      <attributes />
      <edge toID="0.6" type="Terminal">
        <attributes />
        <category tag="Terminal" />
      </edge>
    </node>
    <node ID="1.12" type="FN">
      <attributes />
      <edge toID="0.7" type="Terminal">
        <attributes />
        <category tag="Terminal" />
      </edge>
    </node>
    <node ID="1.13" type="FN">
      <attributes />
      <edge toID="0.10" type="Terminal">
        <attributes />
        <category tag="Terminal" />
      </edge>
    </node>
    <node ID="1.14" type="FN">
      <attributes />
      <edge toID="0.11" type="Terminal">
        <attributes />
        <category tag="Terminal" />
      </edge>
    </node>
    <node ID="1.15" type="PNCT">
      <attributes />
      <edge toID="0.12" type="Terminal">
        <attributes />
        <category tag="Terminal" />
      </edge>
    </node>
    <node ID="1.16" type="FN">
      <attributes />
      <edge toID="0.2" type="Terminal">
        <attributes />
        <category tag="Terminal" />
      </edge>
    </node>
    <node ID="1.17" type="FN">
      <attributes />
      <edge toID="0.3" type="Terminal">
        <attributes />
        <category tag="Terminal" />
      </edge>
    </node>
    <node ID="1.18" type="FN">
      <attributes />
      <edge toID="0.4" type="Terminal">
        <attributes />
        <category tag="Terminal" />
      </edge>
    </node>
  </layer>
</root>
