<root annotationID="0" passageID="880000">
  <attributes />
  <extra format="ucca" />
  <layer layerID="0">
    <attributes />
    <extra doc="[[[12603978805415480332, 12603978805415480332, 15308085513773655218, 91, 0, 2, 7037928807040764755, 1, 12603978805415480332, 12603978805415480332, 12603978805415480332], [728374653950436971, 728374653950436971, 15794550382381185553, 95, 0, 2, 426, 5, 16072095006890171862, 149303876845869574, 9250722957692387333], [9274138091069644585, 9274138091069644585, 15794550382381185553, 95, 378, 3, 2666271516716718244, -1, 16072095006890171862, 9148987913859918431, 17021070238844273573], [9921686513378912864, 10382539506755952630, 17109001835818727656, 86, 0, 2, 408, 3, 4088098365541558500, 260667111241363922, 9921686513378912864], [11901859001352538922, 11901859001352538922, 15267657372422890137, 89, 0, 2, 412, 2, 11123243248953317070, 11901859001352538922, 11901859001352538922], [5711639017775284443, 5711639017775284443, 10554686591937588953, 83, 0, 2, 399, 1, 13110060611322374290, 6217145520856553898, 14387080380872362826], [3149568634368370903, 3149568634368370903, 15308085513773655218, 91, 0, 2, 445, 0, 13110060611322374290, 16978132545290669629, 3104811030673030468], [2593208677638477497, 2593208677638477497, 2593208677638477497, 96, 0, 2, 442, -1, 2593208677638477497, 2593208677638477497, 2593208677638477497], [877140321047472919, 877140321047472919, 15308085513773655218, 91, 0, 2, 400, -2, 13110060611322374290, 260667111241363922, 17728426590286069640], [886050111519832510, 886050111519832510, 1292078113972184607, 84, 0, 2, 8110129090154140942, 2, 4370460163704169311, 1489474827855109852, 886050111519832510], [7425985699627899538, 7425985699627899538, 15267657372422890137, 89, 0, 2, 412, 1, 4088098365541558500, 15369245168918225700, 7425985699627899538], [16113485747970527978, 16113485747970527978, 15308085513773655218, 91, 0, 2, 423, -3, 13110060611322374290, 13110760720460257827, 10806788082624814911], [1655312771067108281, 1655312771067108281, 13656873538139661788, 94, 0, 2, 426, 1, 4370460163704169311, 15817570140490810055, 1655312771067108281], [6868961415826770743, 166278642380228377, 17109001835818727656, 99, 0, 2, 6025759613719693942, -5, 13110060611322374290, 16900879642891266615, 15654095305962636923], [12646065887601541794, 12646065887601541794, 12646065887601541794, 96, 0, 2, 442, -8, 12646065887601541794, 12646065887601541794, 12646065887601541794]]]" />
    <node ID="0.1" type="Punctuation">
      <attributes paragraph="1" paragraph_position="1" text="&#65279;" />
      <extra dep="compound" ent_iob="2" ent_type="" head="1" lemma="&#65279;" orig_paragraph="1" orth="&#65279;" pos="NOUN" prefix="&#65279;" shape="&#65279;" suffix="&#65279;" tag="NN" />
    </node>
    <node ID="0.2" type="Word">
      <attributes paragraph="1" paragraph_position="2" text="Commander" />
      <extra dep="nsubj" ent_iob="2" ent_type="" head="5" lemma="Commander" orig_paragraph="1" orth="Commander" pos="PROPN" prefix="C" shape="Xxxxx" suffix="der" tag="NNP" />
    </node>
    <node ID="0.3" type="Word">
      <attributes paragraph="1" paragraph_position="3" text="Farragut" />
      <extra dep="flat" ent_iob="3" ent_type="PERSON" head="-1" lemma="Farragut" orig_paragraph="1" orth="Farragut" pos="PROPN" prefix="F" shape="Xxxxx" suffix="gut" tag="NNP" />
    </node>
    <node ID="0.4" type="Word">
      <attributes paragraph="1" paragraph_position="4" text="was" />
      <extra dep="cop" ent_iob="2" ent_type="" head="3" lemma="be" orig_paragraph="1" orth="was" pos="AUX" prefix="w" shape="xxx" suffix="was" tag="VBD" />
    </node>
    <node ID="0.5" type="Word">
      <attributes paragraph="1" paragraph_position="5" text="a" />
      <extra dep="det" ent_iob="2" ent_type="" head="2" lemma="a" orig_paragraph="1" orth="a" pos="DET" prefix="a" shape="x" suffix="a" tag="DT" />
    </node>
    <node ID="0.6" type="Word">
      <attributes paragraph="1" paragraph_position="6" text="good" />
      <extra dep="amod" ent_iob="2" ent_type="" head="1" lemma="good" orig_paragraph="1" orth="good" pos="ADJ" prefix="g" shape="xxxx" suffix="ood" tag="JJ" />
    </node>
    <node ID="0.7" type="Word">
      <attributes paragraph="1" paragraph_position="7" text="seaman" />
      <extra dep="root" ent_iob="2" ent_type="" head="-3" lemma="seaman" orig_paragraph="1" orth="seaman" pos="NOUN" prefix="s" shape="xxxx" suffix="man" tag="NN" />
    </node>
    <node ID="0.8" type="Punctuation">
      <attributes paragraph="1" paragraph_position="8" text="," />
      <extra dep="punct" ent_iob="2" ent_type="" head="-1" lemma="," orig_paragraph="1" orth="," pos="PUNCT" prefix="," shape="," suffix="," tag="," />
    </node>
    <node ID="0.9" type="Word">
      <attributes paragraph="1" paragraph_position="9" text="worthy" />
      <extra dep="appos" ent_iob="2" ent_type="" head="-2" lemma="worthy" orig_paragraph="1" orth="worthy" pos="NOUN" prefix="w" shape="xxxx" suffix="thy" tag="NN" />
    </node>
    <node ID="0.10" type="Word">
      <attributes paragraph="1" paragraph_position="10" text="of" />
      <extra dep="case" ent_iob="2" ent_type="" head="2" lemma="of" orig_paragraph="1" orth="of" pos="ADP" prefix="o" shape="xx" suffix="of" tag="IN" />
    </node>
    <node ID="0.11" type="Word">
      <attributes paragraph="1" paragraph_position="11" text="the" />
      <extra dep="det" ent_iob="2" ent_type="" head="1" lemma="the" orig_paragraph="1" orth="the" pos="DET" prefix="t" shape="xxx" suffix="the" tag="DT" />
    </node>
    <node ID="0.12" type="Word">
      <attributes paragraph="1" paragraph_position="12" text="frigate" />
      <extra dep="nmod" ent_iob="2" ent_type="" head="-3" lemma="frigate" orig_paragraph="1" orth="frigate" pos="NOUN" prefix="f" shape="xxxx" suffix="ate" tag="NN" />
    </node>
    <node ID="0.13" type="Word">
      <attributes paragraph="1" paragraph_position="13" text="he" />
      <extra dep="nsubj" ent_iob="2" ent_type="" head="1" lemma="he" orig_paragraph="1" orth="he" pos="PRON" prefix="h" shape="xx" suffix="he" tag="PRP" />
    </node>
    <node ID="0.14" type="Word">
      <attributes paragraph="1" paragraph_position="14" text="commanded" />
      <extra dep="acl:relcl" ent_iob="2" ent_type="" head="-5" lemma="command" orig_paragraph="1" orth="commanded" pos="VERB" prefix="c" shape="xxxx" suffix="ded" tag="VBD" />
    </node>
    <node ID="0.15" type="Punctuation">
      <attributes paragraph="1" paragraph_position="15" text="." />
      <extra dep="punct" ent_iob="2" ent_type="" head="-8" lemma="." orig_paragraph="1" orth="." pos="PUNCT" prefix="." shape="." suffix="." tag="." />
    </node>
  </layer>
  <layer layerID="1">
    <attributes />
    <node ID="1.1" type="FN">
      <attributes />
      <edge toID="1.2" type="H">
        <attributes />
        <category tag="H" />
      </edge>
      <edge toID="1.3" type="H">
        <attributes />
        <category tag="H" />
      </edge>
    </node>
    <node ID="1.2" type="FN">
      <attributes />
      <edge toID="1.4" type="A">
        <attributes />
        <category tag="A" />
      </edge>
      <edge toID="1.5" type="F">
        <attributes />
        <category tag="F" />
      </edge>
      <edge toID="1.6" type="P">
        <attributes />
        <category tag="P" />
      </edge>
      <edge toID="1.7" type="A">
        <attributes remote="True" />
        <category tag="A" />
      </edge>
    </node>
    <node ID="1.3" type="FN">
      <attributes />
      <edge toID="1.7" type="A">
        <attributes />
        <category tag="A" />
      </edge>
      <edge toID="1.8" type="P">
        <attributes />
        <category tag="P" />
      </edge>
      <edge toID="1.9" type="U">
        <attributes />
        <category tag="U" />
      </edge>
    </node>
    <node ID="1.4" type="FN">
      <attributes />
      <edge toID="1.10" type="U">
        <attributes />
        <category tag="U" />
      </edge>
      <edge toID="1.11" type="C">
        <attributes />
        <category tag="C" />
      </edge>
    </node>
    <node ID="1.5" type="FN">
      <attributes />
      <edge toID="0.4" type="Terminal">
        <attributes />
        <category tag="Terminal" />
      </edge>
    </node>
    <node ID="1.6" type="FN">
      <attributes />
      <edge toID="1.12" type="E">
        <attributes />
        <category tag="E" />
      </edge>
      <edge toID="1.13" type="E">
        <attributes />
        <category tag="E" />
      </edge>
      <edge toID="1.14" type="C">
        <attributes />
        <category tag="C" />
      </edge>
      <edge toID="1.15" type="U">
        <attributes />
        <category tag="U" />
      </edge>
      <edge toID="1.16" type="C">
        <attributes />
        <category tag="C" />
      </edge>
      <edge toID="1.17" type="E">
        <attributes />
        <category tag="E" />
      </edge>
    </node>
    <node ID="1.7" type="FN">
      <attributes />
      <edge toID="0.13" type="Terminal">
        <attributes />
        <category tag="Terminal" />
      </edge>
    </node>
    <node ID="1.8" type="FN">
      <attributes />
      <edge toID="0.14" type="Terminal">
        <attributes />
        <category tag="Terminal" />
      </edge>
    </node>
    <node ID="1.9" type="PNCT">
      <attributes />
      <edge toID="0.15" type="Terminal">
        <attributes />
        <category tag="Terminal" />
      </edge>
    </node>
    <node ID="1.10" type="PNCT">
      <attributes />
      <edge toID="0.1" type="Terminal">
        <attributes />
        <category tag="Terminal" />
      </edge>
    </node>
    <node ID="1.11" type="FN">
      <attributes />
      <edge toID="0.2" type="Terminal">
        <attributes />
        <category tag="Terminal" />
      </edge>
      <edge toID="0.3" type="Terminal">
        <attributes />
        <category tag="Terminal" />
      </edge>
    </node>
    <node ID="1.12" type="FN">
      <attributes />
      <edge toID="0.5" type="Terminal">
        <attributes />
        <category tag="Terminal" />
      </edge>
    </node>
    <node ID="1.13" type="FN">
      <attributes />
      <edge toID="0.6" type="Terminal">
        <attributes />
        <category tag="Terminal" />
      </edge>
    </node>
    <node ID="1.14" type="FN">
      <attributes />
      <edge toID="0.7" type="Terminal">
        <attributes />
        <category tag="Terminal" />
      </edge>
    </node>
    <node ID="1.15" type="PNCT">
      <attributes />
      <edge toID="0.8" type="Terminal">
        <attributes />
        <category tag="Terminal" />
      </edge>
    </node>
    <node ID="1.16" type="FN">
      <attributes />
      <edge toID="0.9" type="Terminal">
        <attributes />
        <category tag="Terminal" />
      </edge>
    </node>
    <node ID="1.17" type="FN">
      <attributes />
      <edge toID="1.18" type="R">
        <attributes />
        <category tag="R" />
      </edge>
      <edge toID="1.19" type="E">
        <attributes />
        <category tag="E" />
      </edge>
      <edge toID="1.20" type="C">
        <attributes />
        <category tag="C" />
      </edge>
    </node>
    <node ID="1.18" type="FN">
      <attributes />
      <edge toID="0.10" type="Terminal">
        <attributes />
        <category tag="Terminal" />
      </edge>
    </node>
    <node ID="1.19" type="FN">
      <attributes />
      <edge toID="0.11" type="Terminal">
        <attributes />
        <category tag="Terminal" />
      </edge>
    </node>
    <node ID="1.20" type="FN">
      <attributes />
      <edge toID="0.12" type="Terminal">
        <attributes />
        <category tag="Terminal" />
      </edge>
    </node>
  </layer>
</root>
