<root annotationID="0" passageID="885001">
  <attributes />
  <extra format="ucca" />
  <layer layerID="0">
    <attributes />
    <extra doc="[[[18004243461113809161, 14560795576765492085, 17571114184892886314, 88, 0, 2, 404, 2, 18200729499220207786, 14230521632333904559, 18004243461113809161], [10239237003504588839, 10239237003504588839, 13656873538139661788, 94, 0, 2, 426, 1, 4370460163704169311, 5097672513440128799, 10239237003504588839], [12960022596163002503, 14692702688101715474, 17109001835818727656, 99, 0, 2, 445, 0, 4088098365541558500, 15817570140490810055, 12960022596163002503], [13468287115010965206, 13468287115010965206, 272890857012483650, 83, 0, 2, 446, -1, 13110060611322374290, 15598372446745583797, 16111258787187009011], [5937879255812462177, 5937879255812462177, 164681854541413346, 85, 0, 2, 397, -2, 13110060611322374290, 16978132545290669629, 10522273805588696859], [12646065887601541794, 12646065887601541794, 12646065887601541794, 96, 0, 2, 442, -3, 12646065887601541794, 12646065887601541794, 12646065887601541794]]]" />
    <node ID="0.1" type="Word">
      <attributes paragraph="1" paragraph_position="1" text="But" />
      <extra dep="cc" ent_iob="2" ent_type="" head="2" lemma="but" orig_paragraph="1" orth="But" pos="CCONJ" prefix="B" shape="Xxx" suffix="But" tag="CC" />
    </node>
    <node ID="0.2" type="Word">
      <attributes paragraph="1" paragraph_position="2" text="it" />
      <extra dep="nsubj" ent_iob="2" ent_type="" head="1" lemma="it" orig_paragraph="1" orth="it" pos="PRON" prefix="i" shape="xx" suffix="it" tag="PRP" />
    </node>
    <node ID="0.3" type="Word">
      <attributes paragraph="1" paragraph_position="3" text="had" />
      <extra dep="root" ent_iob="2" ent_type="" head="0" lemma="have" orig_paragraph="1" orth="had" pos="VERB" prefix="h" shape="xxx" suffix="had" tag="VBD" />
    </node>
    <node ID="0.4" type="Word">
      <attributes paragraph="1" paragraph_position="4" text="better" />
      <extra dep="xcomp" ent_iob="2" ent_type="" head="-1" lemma="better" orig_paragraph="1" orth="better" pos="ADJ" prefix="b" shape="xxxx" suffix="ter" tag="JJR" />
    </node>
    <node ID="0.5" type="Word">
      <attributes paragraph="1" paragraph_position="5" text="still" />
      <extra dep="advmod" ent_iob="2" ent_type="" head="-2" lemma="still" orig_paragraph="1" orth="still" pos="ADV" prefix="s" shape="xxxx" suffix="ill" tag="RB" />
    </node>
    <node ID="0.6" type="Punctuation">
      <attributes paragraph="1" paragraph_position="6" text="." />
      <extra dep="punct" ent_iob="2" ent_type="" head="-3" lemma="." orig_paragraph="1" orth="." pos="PUNCT" prefix="." shape="." suffix="." tag="." />
    </node>
  </layer>
  <layer layerID="1">
    <attributes />
    <node ID="1.1" type="FN">
      <attributes />
      <edge toID="1.2" type="L">
        <attributes />
        <category tag="L" />
      </edge>
      <edge toID="1.3" type="H">
        <attributes />
        <category tag="H" />
      </edge>
    </node>
    <node ID="1.2" type="FN">
      <attributes />
      <edge toID="0.1" type="Terminal">
        <attributes />
        <category tag="Terminal" />
      </edge>
    </node>
    <node ID="1.3" type="FN">
      <attributes />
      <edge toID="1.4" type="A">
        <attributes />
        <category tag="A" />
      </edge>
      <edge toID="1.5" type="F">
        <attributes />
        <category tag="F" />
      </edge>
      <edge toID="1.6" type="D">
        <attributes />
        <category tag="D" />
      </edge>
      <edge toID="1.7" type="D">
        <attributes />
        <category tag="D" />
      </edge>
      <edge toID="1.8" type="U">
        <attributes />
        <category tag="U" />
      </edge>
    </node>
    <node ID="1.4" type="FN">
      <attributes />
      <edge toID="0.2" type="Terminal">
        <attributes />
        <category tag="Terminal" />
      </edge>
    </node>
    <node ID="1.5" type="FN">
      <attributes />
      <edge toID="0.3" type="Terminal">
        <attributes />
        <category tag="Terminal" />
      </edge>
    </node>
    <node ID="1.6" type="FN">
      <attributes />
      <edge toID="0.4" type="Terminal">
        <attributes />
        <category tag="Terminal" />
      </edge>
    </node>
    <node ID="1.7" type="FN">
      <attributes />
      <edge toID="0.5" type="Terminal">
        <attributes />
        <category tag="Terminal" />
      </edge>
    </node>
    <node ID="1.8" type="PNCT">
      <attributes />
      <edge toID="0.6" type="Terminal">
        <attributes />
        <category tag="Terminal" />
      </edge>
    </node>
  </layer>
</root>
