<root annotationID="0" passageID="890001">
  <attributes />
  <extra format="ucca" />
  <layer layerID="0">
    <attributes />
    <extra doc="[[[1692983299745037067, 1655312771067108281, 13656873538139661788, 94, 0, 2, 426, 1, 12204527652707022206, 9350754067018752509, 1692983299745037067], [9666297409089344519, 16625151329259371750, 17109001835818727656, 99, 0, 2, 445, 0, 13110060611322374290, 8148669997605808657, 4438452234869292107], [2661093235354845946, 1655312771067108281, 4062917326063685704, 94, 0, 2, 1227985075839834553, 2, 4088098365541558500, 15817570140490810055, 2661093235354845946], [10959402079719336560, 10959402079719336560, 15308085513773655218, 91, 0, 2, 7037928807040764755, 1, 13110060611322374290, 13110760720460257827, 7679303661980345986], [887548890385444135, 7583186369227974443, 783433942507015291, 91, 0, 2, 431, -3, 13110060611322374290, 15369245168918225700, 12025564099379850252], [2283656566040971221, 2283656566040971221, 17571114184892886314, 88, 0, 2, 404, 2, 4088098365541558500, 11901859001352538922, 2283656566040971221], [2661093235354845946, 1655312771067108281, 4062917326063685704, 94, 0, 2, 1227985075839834553, 1, 4088098365541558500, 15817570140490810055, 2661093235354845946], [15018251423734154534, 9848096167948608019, 783433942507015291, 91, 0, 2, 407, -3, 13110060611322374290, 15598372446745583797, 5902437463952755554], [12510949447758279278, 12510949447758279278, 1292078113972184607, 84, 0, 2, 8110129090154140942, 3, 13110060611322374290, 260667111241363922, 15366090995793808690], [8881679497796027013, 8881679497796027013, 10554686591937588953, 83, 0, 2, 399, 2, 13110060611322374290, 6217145520856553898, 9837207709914848172], [3743574233330547430, 3743574233330547430, 10554686591937588953, 83, 0, 2, 399, 1, 13110060611322374290, 13210364986222294696, 4315724021008692873], [7345352123322926015, 7345352123322926015, 15308085513773655218, 91, 0, 2, 423, -4, 13110060611322374290, 2985121464356781022, 12809364936633561180], [12646065887601541794, 12646065887601541794, 12646065887601541794, 96, 0, 2, 442, -11, 12646065887601541794, 12646065887601541794, 12646065887601541794]]]" />
    <node ID="0.1" type="Word">
      <attributes paragraph="1" paragraph_position="1" text="He" />
      <extra dep="nsubj" ent_iob="2" ent_type="" head="1" lemma="he" orig_paragraph="1" orth="He" pos="PRON" prefix="H" shape="Xx" suffix="He" tag="PRP" />
    </node>
    <node ID="0.2" type="Word">
      <attributes paragraph="1" paragraph_position="2" text="described" />
      <extra dep="root" ent_iob="2" ent_type="" head="0" lemma="describe" orig_paragraph="1" orth="described" pos="VERB" prefix="d" shape="xxxx" suffix="bed" tag="VBD" />
    </node>
    <node ID="0.3" type="Word">
      <attributes paragraph="1" paragraph_position="3" text="his" />
      <extra dep="nmod:poss" ent_iob="2" ent_type="" head="2" lemma="he" orig_paragraph="1" orth="his" pos="PRON" prefix="h" shape="xxx" suffix="his" tag="PRP$" />
    </node>
    <node ID="0.4" type="Word">
      <attributes paragraph="1" paragraph_position="4" text="fishing" />
      <extra dep="compound" ent_iob="2" ent_type="" head="1" lemma="fishing" orig_paragraph="1" orth="fishing" pos="NOUN" prefix="f" shape="xxxx" suffix="ing" tag="NN" />
    </node>
    <node ID="0.5" type="Word">
      <attributes paragraph="1" paragraph_position="5" text="trips" />
      <extra dep="obj" ent_iob="2" ent_type="" head="-3" lemma="trip" orig_paragraph="1" orth="trips" pos="NOUN" prefix="t" shape="xxxx" suffix="ips" tag="NNS" />
    </node>
    <node ID="0.6" type="Word">
      <attributes paragraph="1" paragraph_position="6" text="and" />
      <extra dep="cc" ent_iob="2" ent_type="" head="2" lemma="and" orig_paragraph="1" orth="and" pos="CCONJ" prefix="a" shape="xxx" suffix="and" tag="CC" />
    </node>
    <node ID="0.7" type="Word">
      <attributes paragraph="1" paragraph_position="7" text="his" />
      <extra dep="nmod:poss" ent_iob="2" ent_type="" head="1" lemma="he" orig_paragraph="1" orth="his" pos="PRON" prefix="h" shape="xxx" suffix="his" tag="PRP$" />
    </node>
    <node ID="0.8" type="Word">
      <attributes paragraph="1" paragraph_position="8" text="battles" />
      <extra dep="conj" ent_iob="2" ent_type="" head="-3" lemma="battle" orig_paragraph="1" orth="battles" pos="NOUN" prefix="b" shape="xxxx" suffix="les" tag="NNS" />
    </node>
    <node ID="0.9" type="Word">
      <attributes paragraph="1" paragraph_position="9" text="with" />
      <extra dep="case" ent_iob="2" ent_type="" head="3" lemma="with" orig_paragraph="1" orth="with" pos="ADP" prefix="w" shape="xxxx" suffix="ith" tag="IN" />
    </node>
    <node ID="0.10" type="Word">
      <attributes paragraph="1" paragraph_position="10" text="great" />
      <extra dep="amod" ent_iob="2" ent_type="" head="2" lemma="great" orig_paragraph="1" orth="great" pos="ADJ" prefix="g" shape="xxxx" suffix="eat" tag="JJ" />
    </node>
    <node ID="0.11" type="Word">
      <attributes paragraph="1" paragraph_position="11" text="natural" />
      <extra dep="amod" ent_iob="2" ent_type="" head="1" lemma="natural" orig_paragraph="1" orth="natural" pos="ADJ" prefix="n" shape="xxxx" suffix="ral" tag="JJ" />
    </node>
    <node ID="0.12" type="Word">
      <attributes paragraph="1" paragraph_position="12" text="lyricism" />
      <extra dep="nmod" ent_iob="2" ent_type="" head="-4" lemma="lyricism" orig_paragraph="1" orth="lyricism" pos="NOUN" prefix="l" shape="xxxx" suffix="ism" tag="NN" />
    </node>
    <node ID="0.13" type="Punctuation">
      <attributes paragraph="1" paragraph_position="13" text="." />
      <extra dep="punct" ent_iob="2" ent_type="" head="-11" lemma="." orig_paragraph="1" orth="." pos="PUNCT" prefix="." shape="." suffix="." tag="." />
    </node>
  </layer>
  <layer layerID="1">
    <attributes />
    <node ID="1.1" type="FN">
      <attributes />
      <edge toID="1.2" type="H">
        <attributes />
        <category tag="H" />
      </edge>
      <edge toID="1.3" type="L">
        <attributes />
        <category tag="L" />
      </edge>
      <edge toID="1.4" type="H">
        <attributes />
        <category tag="H" />
      </edge>
    </node>
    <node ID="1.2" type="FN">
      <attributes />
      <edge toID="1.5" type="A">
        <attributes />
        <category tag="A" />
      </edge>
      <edge toID="1.6" type="P">
        <attributes />
        <category tag="P" />
      </edge>
      <edge toID="1.7" type="A">
        <attributes />
        <category tag="A" />
      </edge>
    </node>
    <node ID="1.3" type="FN">
      <attributes />
      <edge toID="0.6" type="Terminal">
        <attributes />
        <category tag="Terminal" />
      </edge>
    </node>
    <node ID="1.4" type="FN">
      <attributes />
      <edge toID="1.8" type="A">
        <attributes />
        <category tag="A" />
      </edge>
      <edge toID="1.9" type="A">
        <attributes />
        <category tag="A" />
      </edge>
    </node>
    <node ID="1.5" type="FN">
      <attributes />
      <edge toID="0.1" type="Terminal">
        <attributes />
        <category tag="Terminal" />
      </edge>
    </node>
    <node ID="1.6" type="FN">
      <attributes />
      <edge toID="0.2" type="Terminal">
        <attributes />
        <category tag="Terminal" />
      </edge>
    </node>
    <node ID="1.7" type="FN">
      <attributes />
      <edge toID="1.10" type="E">
        <attributes />
        <category tag="E" />
      </edge>
      <edge toID="1.11" type="E">
        <attributes />
        <category tag="E" />
      </edge>
      <edge toID="1.12" type="C">
        <attributes />
        <category tag="C" />
      </edge>
    </node>
    <node ID="1.8" type="FN">
      <attributes />
      <edge toID="1.13" type="E">
        <attributes />
        <category tag="E" />
      </edge>
      <edge toID="1.14" type="C">
        <attributes />
        <category tag="C" />
      </edge>
    </node>
    <node ID="1.9" type="FN">
      <attributes />
      <edge toID="1.15" type="R">
        <attributes />
        <category tag="R" />
      </edge>
      <edge toID="1.16" type="E">
        <attributes />
        <category tag="E" />
      </edge>
      <edge toID="1.17" type="C">
        <attributes />
        <category tag="C" />
      </edge>
      <edge toID="1.18" type="U">
        <attributes />
        <category tag="U" />
      </edge>
    </node>
    <node ID="1.10" type="FN">
      <attributes />
      <edge toID="0.3" type="Terminal">
        <attributes />
        <category tag="Terminal" />
      </edge>
    </node>
    <node ID="1.11" type="FN">
      <attributes />
      <edge toID="0.4" type="Terminal">
        <attributes />
        <category tag="Terminal" />
      </edge>
    </node>
    <node ID="1.12" type="FN">
      <attributes />
      <edge toID="0.5" type="Terminal">
        <attributes />
        <category tag="Terminal" />
      </edge>
    </node>
    <node ID="1.13" type="FN">
      <attributes />
      <edge toID="0.7" type="Terminal">
        <attributes />
        <category tag="Terminal" />
      </edge>
    </node>
    <node ID="1.14" type="FN">
      <attributes />
      <edge toID="0.8" type="Terminal">
        <attributes />
        <category tag="Terminal" />
      </edge>
    </node>
    <node ID="1.15" type="FN">
      <attributes />
      <edge toID="0.9" type="Terminal">
        <attributes />
        <category tag="Terminal" />
      </edge>
    </node>
    <node ID="1.16" type="FN">
      <attributes />
      <edge toID="0.10" type="Terminal">
        <attributes />
        <category tag="Terminal" />
      </edge>
    </node>
    <node ID="1.17" type="FN">
      <attributes />
      <edge toID="0.11" type="Terminal">
        <attributes />
        <category tag="Terminal" />
      </edge>
      <edge toID="0.12" type="Terminal">
        <attributes />
        <category tag="Terminal" />
      </edge>
    </node>
    <node ID="1.18" type="PNCT">
      <attributes />
      <edge toID="0.13" type="Terminal">
        <attributes />
        <category tag="Terminal" />
      </edge>
    </node>
  </layer>
</root>
