<root annotationID="0" passageID="908000">
  <attributes />
  <extra format="ucca" />
  <layer layerID="0">
    <attributes />
    <extra doc="[[[18004243461113809161, 14560795576765492085, 17571114184892886314, 88, 0, 2, 404, 3, 18200729499220207786, 14230521632333904559, 18004243461113809161], [1995909169258310477, 1995909169258310477, 15267657372422890137, 89, 0, 2, 412, 1, 13110060611322374290, 15369245168918225700, 2661093235354845946], [11278273783512279807, 11278273783512279807, 15308085513773655218, 91, 0, 2, 426, 1, 13110060611322374290, 16562859848569467201, 13419580929783865587], [6073041424254009212, 399934402694764748, 17109001835818727656, 99, 0, 2, 445, 0, 13110060611322374290, 8861071527689086543, 5209605969428151140], [13695514059466747455, 13695514059466747455, 15308085513773655218, 94, 0, 2, 426, 9, 13110060611322374290, 13210364986222294696, 7679303661980345986], [2593208677638477497, 2593208677638477497, 2593208677638477497, 96, 0, 2, 442, -1, 2593208677638477497, 2593208677638477497, 2593208677638477497], [1176656782636220709, 1176656782636220709, 10554686591937588953, 83, 0, 2, 399, -2, 13110060611322374290, 1489474827855109852, 4115755726172261197], [10794458019344880855, 10794458019344880855, 1292078113972184607, 97, 0, 2, 420, 2, 13110060611322374290, 15369245168918225700, 6645331381689172409], [16331095434822636218, 16331095434822636218, 17524233984504158541, 85, 0, 2, 397, 1, 4088098365541558500, 15817570140490810055, 16331095434822636218], [18213277307136567525, 5019941737527531664, 3822385049556375858, 99, 0, 2, 396, -3, 13110060611322374290, 15598372446745583797, 15654095305962636923], [7425985699627899538, 7425985699627899538, 15267657372422890137, 89, 0, 2, 412, 1, 4088098365541558500, 15369245168918225700, 7425985699627899538], [416238646771840417, 416238646771840417, 15308085513773655218, 91, 0, 2, 431, -2, 13110060611322374290, 15817570140490810055, 15636847292248824302], [7494117911267222209, 7494117911267222209, 16235386156175103506, 86, 0, 2, 402, 1, 13110060611322374290, 16900879642891266615, 17438164932492296010], [10382539506755952630, 10382539506755952630, 14200088355797579614, 86, 0, 2, 408, -10, 4370460163704169311, 15598372446745583797, 10382539506755952630], [12646065887601541794, 12646065887601541794, 12646065887601541794, 96, 0, 2, 442, -11, 12646065887601541794, 12646065887601541794, 12646065887601541794]]]" />
    <node ID="0.1" type="Word">
      <attributes paragraph="1" paragraph_position="1" text="But" />
      <extra dep="cc" ent_iob="2" ent_type="" head="3" lemma="but" orig_paragraph="1" orth="But" pos="CCONJ" prefix="B" shape="Xxx" suffix="But" tag="CC" />
    </node>
    <node ID="0.2" type="Word">
      <attributes paragraph="1" paragraph_position="2" text="this" />
      <extra dep="det" ent_iob="2" ent_type="" head="1" lemma="this" orig_paragraph="1" orth="this" pos="DET" prefix="t" shape="xxxx" suffix="his" tag="DT" />
    </node>
    <node ID="0.3" type="Word">
      <attributes paragraph="1" paragraph_position="3" text="reply" />
      <extra dep="nsubj" ent_iob="2" ent_type="" head="1" lemma="reply" orig_paragraph="1" orth="reply" pos="NOUN" prefix="r" shape="xxxx" suffix="ply" tag="NN" />
    </node>
    <node ID="0.4" type="Word">
      <attributes paragraph="1" paragraph_position="4" text="proved" />
      <extra dep="root" ent_iob="2" ent_type="" head="0" lemma="prove" orig_paragraph="1" orth="proved" pos="VERB" prefix="p" shape="xxxx" suffix="ved" tag="VBD" />
    </node>
    <node ID="0.5" type="Word">
      <attributes paragraph="1" paragraph_position="5" text="nothing" />
      <extra dep="nsubj" ent_iob="2" ent_type="" head="9" lemma="nothing" orig_paragraph="1" orth="nothing" pos="PRON" prefix="n" shape="xxxx" suffix="ing" tag="NN" />
    </node>
    <node ID="0.6" type="Punctuation">
      <attributes paragraph="1" paragraph_position="6" text="," />
      <extra dep="punct" ent_iob="2" ent_type="" head="-1" lemma="," orig_paragraph="1" orth="," pos="PUNCT" prefix="," shape="," suffix="," tag="," />
    </node>
    <node ID="0.7" type="Word">
      <attributes paragraph="1" paragraph_position="7" text="other" />
      <extra dep="amod" ent_iob="2" ent_type="" head="-2" lemma="other" orig_paragraph="1" orth="other" pos="ADJ" prefix="o" shape="xxxx" suffix="her" tag="JJ" />
    </node>
    <node ID="0.8" type="Word">
      <attributes paragraph="1" paragraph_position="8" text="than" />
      <extra dep="mark" ent_iob="2" ent_type="" head="2" lemma="than" orig_paragraph="1" orth="than" pos="SCONJ" prefix="t" shape="xxxx" suffix="han" tag="IN" />
    </node>
    <node ID="0.9" type="Word">
      <attributes paragraph="1" paragraph_position="9" text="how" />
      <extra dep="advmod" ent_iob="2" ent_type="" head="1" lemma="how" orig_paragraph="1" orth="how" pos="ADV" prefix="h" shape="xxx" suffix="how" tag="WRB" />
    </node>
    <node ID="0.10" type="Word">
      <attributes paragraph="1" paragraph_position="10" text="bullheaded" />
      <extra dep="advcl" ent_iob="2" ent_type="" head="-3" lemma="bullhead" orig_paragraph="1" orth="bullheaded" pos="VERB" prefix="b" shape="xxxx" suffix="ded" tag="VBN" />
    </node>
    <node ID="0.11" type="Word">
      <attributes paragraph="1" paragraph_position="11" text="the" />
      <extra dep="det" ent_iob="2" ent_type="" head="1" lemma="the" orig_paragraph="1" orth="the" pos="DET" prefix="t" shape="xxx" suffix="the" tag="DT" />
    </node>
    <node ID="0.12" type="Word">
      <attributes paragraph="1" paragraph_position="12" text="harpooner" />
      <extra dep="obj" ent_iob="2" ent_type="" head="-2" lemma="harpooner" orig_paragraph="1" orth="harpooner" pos="NOUN" prefix="h" shape="xxxx" suffix="ner" tag="NN" />
    </node>
    <node ID="0.13" type="Word">
      <attributes paragraph="1" paragraph_position="13" text="could" />
      <extra dep="aux" ent_iob="2" ent_type="" head="1" lemma="could" orig_paragraph="1" orth="could" pos="AUX" prefix="c" shape="xxxx" suffix="uld" tag="MD" />
    </node>
    <node ID="0.14" type="Word">
      <attributes paragraph="1" paragraph_position="14" text="be" />
      <extra dep="cop" ent_iob="2" ent_type="" head="-10" lemma="be" orig_paragraph="1" orth="be" pos="AUX" prefix="b" shape="xx" suffix="be" tag="VB" />
    </node>
    <node ID="0.15" type="Punctuation">
      <attributes paragraph="1" paragraph_position="15" text="." />
      <extra dep="punct" ent_iob="2" ent_type="" head="-11" lemma="." orig_paragraph="1" orth="." pos="PUNCT" prefix="." shape="." suffix="." tag="." />
    </node>
  </layer>
  <layer layerID="1">
    <attributes />
    <node ID="1.1" type="FN">
      <attributes />
      <edge toID="1.2" type="L">
        <attributes />
        <category tag="L" />
      </edge>
      <edge toID="1.3" type="H">
        <attributes />
        <category tag="H" />
      </edge>
    </node>
    <node ID="1.2" type="FN">
      <attributes />
      <edge toID="0.1" type="Terminal">
        <attributes />
        <category tag="Terminal" />
      </edge>
    </node>
    <node ID="1.3" type="FN">
      <attributes />
      <edge toID="1.4" type="A">
        <attributes />
        <category tag="A" />
      </edge>
      <edge toID="1.5" type="D">
        <attributes />
        <category tag="D" />
      </edge>
      <edge toID="1.6" type="P">
        <attributes />
        <category tag="P" />
      </edge>
      <edge toID="1.7" type="A">
        <attributes />
        <category tag="A" />
      </edge>
    </node>
    <node ID="1.4" type="FN">
      <attributes />
      <edge toID="1.8" type="E">
        <attributes />
        <category tag="E" />
      </edge>
      <edge toID="1.9" type="C">
        <attributes />
        <category tag="C" />
      </edge>
    </node>
    <node ID="1.5" type="FN">
      <attributes />
      <edge toID="0.4" type="Terminal">
        <attributes />
        <category tag="Terminal" />
      </edge>
    </node>
    <node ID="1.6" type="FN">
      <attributes />
      <edge toID="1.10" type="C">
        <attributes />
        <category tag="C" />
      </edge>
      <edge toID="1.11" type="U">
        <attributes />
        <category tag="U" />
      </edge>
      <edge toID="1.12" type="C">
        <attributes />
        <category tag="C" />
      </edge>
    </node>
    <node ID="1.7" type="FN">
      <attributes />
      <edge toID="1.13" type="R">
        <attributes />
        <category tag="R" />
      </edge>
      <edge toID="1.14" type="C">
        <attributes />
        <category tag="C" />
      </edge>
    </node>
    <node ID="1.8" type="FN">
      <attributes />
      <edge toID="0.2" type="Terminal">
        <attributes />
        <category tag="Terminal" />
      </edge>
    </node>
    <node ID="1.9" type="FN">
      <attributes />
      <edge toID="0.3" type="Terminal">
        <attributes />
        <category tag="Terminal" />
      </edge>
    </node>
    <node ID="1.10" type="FN">
      <attributes />
      <edge toID="0.5" type="Terminal">
        <attributes />
        <category tag="Terminal" />
      </edge>
    </node>
    <node ID="1.11" type="PNCT">
      <attributes />
      <edge toID="0.6" type="Terminal">
        <attributes />
        <category tag="Terminal" />
      </edge>
    </node>
    <node ID="1.12" type="FN">
      <attributes />
      <edge toID="0.7" type="Terminal">
        <attributes />
        <category tag="Terminal" />
      </edge>
    </node>
    <node ID="1.13" type="FN">
      <attributes />
      <edge toID="0.8" type="Terminal">
        <attributes />
        <category tag="Terminal" />
      </edge>
    </node>
    <node ID="1.14" type="FN">
      <attributes />
      <edge toID="1.15" type="D">
        <attributes />
        <category tag="D" />
      </edge>
      <edge toID="1.16" type="P">
        <attributes />
        <category tag="P" />
      </edge>
      <edge toID="1.17" type="A">
        <attributes />
        <category tag="A" />
      </edge>
      <edge toID="1.18" type="D">
        <attributes />
        <category tag="D" />
      </edge>
      <edge toID="1.19" type="F">
        <attributes />
        <category tag="F" />
      </edge>
      <edge toID="1.20" type="U">
        <attributes />
        <category tag="U" />
      </edge>
    </node>
    <node ID="1.15" type="FN">
      <attributes />
      <edge toID="0.9" type="Terminal">
        <attributes />
        <category tag="Terminal" />
      </edge>
    </node>
    <node ID="1.16" type="FN">
      <attributes />
      <edge toID="0.10" type="Terminal">
        <attributes />
        <category tag="Terminal" />
      </edge>
    </node>
    <node ID="1.17" type="FN">
      <attributes />
      <edge toID="1.21" type="E">
        <attributes />
        <category tag="E" />
      </edge>
      <edge toID="1.22" type="C">
        <attributes />
        <category tag="C" />
      </edge>
    </node>
    <node ID="1.18" type="FN">
      <attributes />
      <edge toID="0.13" type="Terminal">
        <attributes />
        <category tag="Terminal" />
      </edge>
    </node>
    <node ID="1.19" type="FN">
      <attributes />
      <edge toID="0.14" type="Terminal">
        <attributes />
        <category tag="Terminal" />
      </edge>
    </node>
    <node ID="1.20" type="PNCT">
      <attributes />
      <edge toID="0.15" type="Terminal">
        <attributes />
        <category tag="Terminal" />
      </edge>
    </node>
    <node ID="1.21" type="FN">
      <attributes />
      <edge toID="0.11" type="Terminal">
        <attributes />
        <category tag="Terminal" />
      </edge>
    </node>
    <node ID="1.22" type="FN">
      <attributes />
      <edge toID="0.12" type="Terminal">
        <attributes />
        <category tag="Terminal" />
      </edge>
    </node>
  </layer>
</root>
