<root annotationID="0" passageID="972001">
  <attributes />
  <extra format="ucca" />
  <layer layerID="0">
    <attributes />
    <extra doc="[[[11339184151774025915, 8426076641132451626, 164681854541413346, 85, 0, 2, 397, 4, 16072095006890171862, 4690420944186131903, 16269389796083179738], [2593208677638477497, 2593208677638477497, 2593208677638477497, 96, 0, 2, 442, 3, 2593208677638477497, 2593208677638477497, 2593208677638477497], [9570894245975188254, 10382539506755952630, 17109001835818727656, 86, 0, 2, 408, 2, 13110060611322374290, 260667111241363922, 18139757808136603089], [16064069575701507746, 16064069575701507746, 13656873538139661788, 94, 0, 2, 426, 1, 4370460163704169311, 260667111241363922, 16064069575701507746], [6740298879949941214, 6740298879949941214, 10554686591937588953, 83, 0, 2, 445, 0, 13110060611322374290, 2985121464356781022, 1344279032286957731], [3791531372978436496, 3791531372978436496, 5595707737748328492, 93, 0, 2, 420, 1, 4370460163704169311, 15369245168918225700, 3791531372978436496], [3651019779337866142, 3651019779337866142, 14200088355797579614, 99, 0, 2, 446, -2, 13110060611322374290, 1720370409040345145, 16111258787187009011], [7425985699627899538, 7425985699627899538, 15267657372422890137, 89, 0, 2, 412, 1, 4088098365541558500, 15369245168918225700, 7425985699627899538], [3077909463600024786, 3077909463600024786, 15308085513773655218, 91, 0, 2, 431, -2, 13110060611322374290, 13210364986222294696, 16949032405308315822], [3002984154512732771, 3002984154512732771, 1292078113972184607, 84, 0, 2, 8110129090154140942, 4, 4370460163704169311, 5097672513440128799, 3002984154512732771], [13040105543478938413, 13040105543478938413, 7477624496606277342, 89, 0, 2, 13833472846657592346, 3, 13110060611322374290, 16978132545290669629, 12877438759000667980], [11901859001352538922, 11901859001352538922, 15267657372422890137, 89, 0, 2, 412, 2, 11123243248953317070, 11901859001352538922, 11901859001352538922], [7083438512982055148, 7083438512982055148, 10554686591937588953, 83, 0, 2, 399, 1, 13110060611322374290, 16900879642891266615, 15950762329401383738], [1322013882344010646, 1322013882344010646, 15308085513773655218, 91, 0, 2, 432, -7, 13110060611322374290, 16978132545290669629, 12604581822445695189], [8205403955989537350, 8205403955989537350, 12646065887601541794, 96, 0, 2, 442, -10, 8205403955989537350, 8205403955989537350, 8205403955989537350]]]" />
    <node ID="0.1" type="Word">
      <attributes paragraph="1" paragraph_position="1" text="Indeed" />
      <extra dep="advmod" ent_iob="2" ent_type="" head="4" lemma="indeed" orig_paragraph="1" orth="Indeed" pos="ADV" prefix="I" shape="Xxxxx" suffix="eed" tag="RB" />
    </node>
    <node ID="0.2" type="Punctuation">
      <attributes paragraph="1" paragraph_position="2" text="," />
      <extra dep="punct" ent_iob="2" ent_type="" head="3" lemma="," orig_paragraph="1" orth="," pos="PUNCT" prefix="," shape="," suffix="," tag="," />
    </node>
    <node ID="0.3" type="Word">
      <attributes paragraph="1" paragraph_position="3" text="were" />
      <extra dep="cop" ent_iob="2" ent_type="" head="2" lemma="be" orig_paragraph="1" orth="were" pos="AUX" prefix="w" shape="xxxx" suffix="ere" tag="VBD" />
    </node>
    <node ID="0.4" type="Word">
      <attributes paragraph="1" paragraph_position="4" text="we" />
      <extra dep="nsubj" ent_iob="2" ent_type="" head="1" lemma="we" orig_paragraph="1" orth="we" pos="PRON" prefix="w" shape="xx" suffix="we" tag="PRP" />
    </node>
    <node ID="0.5" type="Word">
      <attributes paragraph="1" paragraph_position="5" text="likely" />
      <extra dep="root" ent_iob="2" ent_type="" head="-2" lemma="likely" orig_paragraph="1" orth="likely" pos="ADJ" prefix="l" shape="xxxx" suffix="ely" tag="JJ" />
    </node>
    <node ID="0.6" type="Word">
      <attributes paragraph="1" paragraph_position="6" text="to" />
      <extra dep="mark" ent_iob="2" ent_type="" head="1" lemma="to" orig_paragraph="1" orth="to" pos="PART" prefix="t" shape="xx" suffix="to" tag="TO" />
    </node>
    <node ID="0.7" type="Word">
      <attributes paragraph="1" paragraph_position="7" text="encounter" />
      <extra dep="xcomp" ent_iob="2" ent_type="" head="-2" lemma="encounter" orig_paragraph="1" orth="encounter" pos="VERB" prefix="e" shape="xxxx" suffix="ter" tag="VB" />
    </node>
    <node ID="0.8" type="Word">
      <attributes paragraph="1" paragraph_position="8" text="the" />
      <extra dep="det" ent_iob="2" ent_type="" head="1" lemma="the" orig_paragraph="1" orth="the" pos="DET" prefix="t" shape="xxx" suffix="the" tag="DT" />
    </node>
    <node ID="0.9" type="Word">
      <attributes paragraph="1" paragraph_position="9" text="narwhale" />
      <extra dep="obj" ent_iob="2" ent_type="" head="-2" lemma="narwhale" orig_paragraph="1" orth="narwhale" pos="NOUN" prefix="n" shape="xxxx" suffix="ale" tag="NN" />
    </node>
    <node ID="0.10" type="Word">
      <attributes paragraph="1" paragraph_position="10" text="in" />
      <extra dep="case" ent_iob="2" ent_type="" head="4" lemma="in" orig_paragraph="1" orth="in" pos="ADP" prefix="i" shape="xx" suffix="in" tag="IN" />
    </node>
    <node ID="0.11" type="Word">
      <attributes paragraph="1" paragraph_position="11" text="such" />
      <extra dep="det:predet" ent_iob="2" ent_type="" head="3" lemma="such" orig_paragraph="1" orth="such" pos="DET" prefix="s" shape="xxxx" suffix="uch" tag="PDT" />
    </node>
    <node ID="0.12" type="Word">
      <attributes paragraph="1" paragraph_position="12" text="a" />
      <extra dep="det" ent_iob="2" ent_type="" head="2" lemma="a" orig_paragraph="1" orth="a" pos="DET" prefix="a" shape="x" suffix="a" tag="DT" />
    </node>
    <node ID="0.13" type="Word">
      <attributes paragraph="1" paragraph_position="13" text="cramped" />
      <extra dep="amod" ent_iob="2" ent_type="" head="1" lemma="cramped" orig_paragraph="1" orth="cramped" pos="ADJ" prefix="c" shape="xxxx" suffix="ped" tag="JJ" />
    </node>
    <node ID="0.14" type="Word">
      <attributes paragraph="1" paragraph_position="14" text="strait" />
      <extra dep="obl" ent_iob="2" ent_type="" head="-7" lemma="strait" orig_paragraph="1" orth="strait" pos="NOUN" prefix="s" shape="xxxx" suffix="ait" tag="NN" />
    </node>
    <node ID="0.15" type="Punctuation">
      <attributes paragraph="1" paragraph_position="15" text="?" />
      <extra dep="punct" ent_iob="2" ent_type="" head="-10" lemma="?" orig_paragraph="1" orth="?" pos="PUNCT" prefix="?" shape="?" suffix="?" tag="." />
    </node>
  </layer>
  <layer layerID="1">
    <attributes />
    <node ID="1.1" type="FN">
      <attributes />
      <edge toID="1.2" type="H">
        <attributes />
        <category tag="H" />
      </edge>
    </node>
    <node ID="1.2" type="FN">
      <attributes />
      <edge toID="1.3" type="A">
        <attributes />
        <category tag="A" />
      </edge>
      <edge toID="1.4" type="U">
        <attributes />
        <category tag="U" />
      </edge>
      <edge toID="1.5" type="F">
        <attributes />
        <category tag="F" />
      </edge>
      <edge toID="1.6" type="A">
        <attributes />
        <category tag="A" />
      </edge>
      <edge toID="1.7" type="F">
        <attributes />
        <category tag="F" />
      </edge>
      <edge toID="1.8" type="P">
        <attributes />
        <category tag="P" />
      </edge>
      <edge toID="1.9" type="A">
        <attributes />
        <category tag="A" />
      </edge>
    </node>
    <node ID="1.3" type="FN">
      <attributes />
      <edge toID="0.1" type="Terminal">
        <attributes />
        <category tag="Terminal" />
      </edge>
    </node>
    <node ID="1.4" type="PNCT">
      <attributes />
      <edge toID="0.2" type="Terminal">
        <attributes />
        <category tag="Terminal" />
      </edge>
    </node>
    <node ID="1.5" type="FN">
      <attributes />
      <edge toID="0.3" type="Terminal">
        <attributes />
        <category tag="Terminal" />
      </edge>
    </node>
    <node ID="1.6" type="FN">
      <attributes />
      <edge toID="1.10" type="E">
        <attributes />
        <category tag="E" />
      </edge>
      <edge toID="1.11" type="C">
        <attributes />
        <category tag="C" />
      </edge>
    </node>
    <node ID="1.7" type="FN">
      <attributes />
      <edge toID="0.6" type="Terminal">
        <attributes />
        <category tag="Terminal" />
      </edge>
    </node>
    <node ID="1.8" type="FN">
      <attributes />
      <edge toID="0.7" type="Terminal">
        <attributes />
        <category tag="Terminal" />
      </edge>
    </node>
    <node ID="1.9" type="FN">
      <attributes />
      <edge toID="1.12" type="E">
        <attributes />
        <category tag="E" />
      </edge>
      <edge toID="1.13" type="C">
        <attributes />
        <category tag="C" />
      </edge>
      <edge toID="1.14" type="E">
        <attributes />
        <category tag="E" />
      </edge>
    </node>
    <node ID="1.10" type="FN">
      <attributes />
      <edge toID="0.4" type="Terminal">
        <attributes />
        <category tag="Terminal" />
      </edge>
    </node>
    <node ID="1.11" type="FN">
      <attributes />
      <edge toID="0.5" type="Terminal">
        <attributes />
        <category tag="Terminal" />
      </edge>
    </node>
    <node ID="1.12" type="FN">
      <attributes />
      <edge toID="0.8" type="Terminal">
        <attributes />
        <category tag="Terminal" />
      </edge>
    </node>
    <node ID="1.13" type="FN">
      <attributes />
      <edge toID="0.9" type="Terminal">
        <attributes />
        <category tag="Terminal" />
      </edge>
    </node>
    <node ID="1.14" type="FN">
      <attributes />
      <edge toID="1.15" type="R">
        <attributes />
        <category tag="R" />
      </edge>
      <edge toID="1.16" type="E">
        <attributes />
        <category tag="E" />
      </edge>
    </node>
    <node ID="1.15" type="FN">
      <attributes />
      <edge toID="0.10" type="Terminal">
        <attributes />
        <category tag="Terminal" />
      </edge>
    </node>
    <node ID="1.16" type="FN">
      <attributes />
      <edge toID="1.17" type="R">
        <attributes />
        <category tag="R" />
      </edge>
      <edge toID="1.18" type="E">
        <attributes />
        <category tag="E" />
      </edge>
      <edge toID="1.19" type="E">
        <attributes />
        <category tag="E" />
      </edge>
      <edge toID="1.20" type="C">
        <attributes />
        <category tag="C" />
      </edge>
      <edge toID="1.21" type="U">
        <attributes />
        <category tag="U" />
      </edge>
    </node>
    <node ID="1.17" type="FN">
      <attributes />
      <edge toID="0.11" type="Terminal">
        <attributes />
        <category tag="Terminal" />
      </edge>
    </node>
    <node ID="1.18" type="FN">
      <attributes />
      <edge toID="0.12" type="Terminal">
        <attributes />
        <category tag="Terminal" />
      </edge>
    </node>
    <node ID="1.19" type="FN">
      <attributes />
      <edge toID="0.13" type="Terminal">
        <attributes />
        <category tag="Terminal" />
      </edge>
    </node>
    <node ID="1.20" type="FN">
      <attributes />
      <edge toID="0.14" type="Terminal">
        <attributes />
        <category tag="Terminal" />
      </edge>
    </node>
    <node ID="1.21" type="PNCT">
      <attributes />
      <edge toID="0.15" type="Terminal">
        <attributes />
        <category tag="Terminal" />
      </edge>
    </node>
  </layer>
</root>
