<root annotationID="0" passageID="976004">
  <attributes />
  <extra format="ucca" />
  <layer layerID="0">
    <attributes />
    <extra doc="[[[17831099778462416609, 3002984154512732771, 1292078113972184607, 84, 0, 2, 8110129090154140942, 6, 12204527652707022206, 4690420944186131903, 17831099778462416609], [15099054000809333061, 11901859001352538922, 15267657372422890137, 89, 0, 2, 412, 5, 4370460163704169311, 11901859001352538922, 15099054000809333061], [14663487710683588020, 14663487710683588020, 10554686591937588953, 83, 0, 2, 399, 4, 13110060611322374290, 5097672513440128799, 7886043512438591911], [7425985699627899538, 7425985699627899538, 15267657372422890137, 89, 0, 2, 412, 1, 4088098365541558500, 15369245168918225700, 7425985699627899538], [16113485747970527978, 16113485747970527978, 15308085513773655218, 91, 0, 2, 1227985075839834553, 2, 13110060611322374290, 13110760720460257827, 10806788082624814911], [16428057658620181782, 16428057658620181782, 74, 93, 0, 2, 8110129090154140942, -1, 3155823383004454315, 11221368173670222813, 16428057658620181782], [12863075461278922945, 12863075461278922945, 15308085513773655218, 91, 0, 2, 432, 2, 13110060611322374290, 8148669997605808657, 10932303134415822462], [6992604926141104606, 6992604926141104606, 16235386156175103506, 86, 0, 2, 402, 1, 13110060611322374290, 260667111241363922, 17438164932492296010], [12558846041070486771, 12558846041070486771, 14200088355797579614, 99, 0, 2, 445, 0, 13110060611322374290, 15598372446745583797, 16679871905258096564], [4891785022140748884, 4891785022140748884, 164681854541413346, 85, 0, 2, 397, 1, 13110060611322374290, 8148669997605808657, 1344279032286957731], [12493207862601602815, 13271281771157967304, 3822385049556375858, 99, 0, 2, 446, -2, 13110060611322374290, 8861071527689086543, 14814004474743358178], [12646065887601541794, 12646065887601541794, 12646065887601541794, 96, 0, 2, 442, -3, 12646065887601541794, 12646065887601541794, 12646065887601541794]]]" />
    <node ID="0.1" type="Word">
      <attributes paragraph="1" paragraph_position="1" text="In" />
      <extra dep="case" ent_iob="2" ent_type="" head="6" lemma="in" orig_paragraph="1" orth="In" pos="ADP" prefix="I" shape="Xx" suffix="In" tag="IN" />
    </node>
    <node ID="0.2" type="Word">
      <attributes paragraph="1" paragraph_position="2" text="an" />
      <extra dep="det" ent_iob="2" ent_type="" head="5" lemma="a" orig_paragraph="1" orth="an" pos="DET" prefix="a" shape="xx" suffix="an" tag="DT" />
    </node>
    <node ID="0.3" type="Word">
      <attributes paragraph="1" paragraph_position="3" text="instant" />
      <extra dep="amod" ent_iob="2" ent_type="" head="4" lemma="instant" orig_paragraph="1" orth="instant" pos="ADJ" prefix="i" shape="xxxx" suffix="ant" tag="JJ" />
    </node>
    <node ID="0.4" type="Word">
      <attributes paragraph="1" paragraph_position="4" text="the" />
      <extra dep="det" ent_iob="2" ent_type="" head="1" lemma="the" orig_paragraph="1" orth="the" pos="DET" prefix="t" shape="xxx" suffix="the" tag="DT" />
    </node>
    <node ID="0.5" type="Word">
      <attributes paragraph="1" paragraph_position="5" text="frigate" />
      <extra dep="nmod:poss" ent_iob="2" ent_type="" head="2" lemma="frigate" orig_paragraph="1" orth="frigate" pos="NOUN" prefix="f" shape="xxxx" suffix="ate" tag="NN" />
    </node>
    <node ID="0.6" type="Word">
      <attributes paragraph="1" paragraph_position="6" text="'s" />
      <extra dep="case" ent_iob="2" ent_type="" head="-1" lemma="'s" orig_paragraph="1" orth="'s" pos="PART" prefix="'" shape="'x" suffix="'s" tag="POS" />
    </node>
    <node ID="0.7" type="Word">
      <attributes paragraph="1" paragraph_position="7" text="deck" />
      <extra dep="obl" ent_iob="2" ent_type="" head="2" lemma="deck" orig_paragraph="1" orth="deck" pos="NOUN" prefix="d" shape="xxxx" suffix="eck" tag="NN" />
    </node>
    <node ID="0.8" type="Word">
      <attributes paragraph="1" paragraph_position="8" text="would" />
      <extra dep="aux" ent_iob="2" ent_type="" head="1" lemma="would" orig_paragraph="1" orth="would" pos="AUX" prefix="w" shape="xxxx" suffix="uld" tag="MD" />
    </node>
    <node ID="0.9" type="Word">
      <attributes paragraph="1" paragraph_position="9" text="become" />
      <extra dep="root" ent_iob="2" ent_type="" head="0" lemma="become" orig_paragraph="1" orth="become" pos="VERB" prefix="b" shape="xxxx" suffix="ome" tag="VB" />
    </node>
    <node ID="0.10" type="Word">
      <attributes paragraph="1" paragraph_position="10" text="densely" />
      <extra dep="advmod" ent_iob="2" ent_type="" head="1" lemma="densely" orig_paragraph="1" orth="densely" pos="ADV" prefix="d" shape="xxxx" suffix="ely" tag="RB" />
    </node>
    <node ID="0.11" type="Word">
      <attributes paragraph="1" paragraph_position="11" text="populated" />
      <extra dep="xcomp" ent_iob="2" ent_type="" head="-2" lemma="populate" orig_paragraph="1" orth="populated" pos="VERB" prefix="p" shape="xxxx" suffix="ted" tag="VBN" />
    </node>
    <node ID="0.12" type="Punctuation">
      <attributes paragraph="1" paragraph_position="12" text="." />
      <extra dep="punct" ent_iob="2" ent_type="" head="-3" lemma="." orig_paragraph="1" orth="." pos="PUNCT" prefix="." shape="." suffix="." tag="." />
    </node>
  </layer>
  <layer layerID="1">
    <attributes />
    <node ID="1.1" type="FN">
      <attributes />
      <edge toID="1.2" type="H">
        <attributes />
        <category tag="H" />
      </edge>
    </node>
    <node ID="1.2" type="FN">
      <attributes />
      <edge toID="1.3" type="A">
        <attributes />
        <category tag="A" />
      </edge>
      <edge toID="1.4" type="P">
        <attributes />
        <category tag="P" />
      </edge>
      <edge toID="1.5" type="D">
        <attributes />
        <category tag="D" />
      </edge>
      <edge toID="1.6" type="D">
        <attributes />
        <category tag="D" />
      </edge>
    </node>
    <node ID="1.3" type="FN">
      <attributes />
      <edge toID="1.7" type="R">
        <attributes />
        <category tag="R" />
      </edge>
      <edge toID="1.8" type="E">
        <attributes />
        <category tag="E" />
      </edge>
      <edge toID="1.9" type="E">
        <attributes />
        <category tag="E" />
      </edge>
      <edge toID="1.10" type="E">
        <attributes />
        <category tag="E" />
      </edge>
      <edge toID="1.11" type="C">
        <attributes />
        <category tag="C" />
      </edge>
    </node>
    <node ID="1.4" type="FN">
      <attributes />
      <edge toID="1.12" type="F">
        <attributes />
        <category tag="F" />
      </edge>
      <edge toID="1.13" type="C">
        <attributes />
        <category tag="C" />
      </edge>
      <edge toID="1.14" type="U">
        <attributes />
        <category tag="U" />
      </edge>
    </node>
    <node ID="1.5" type="FN">
      <attributes />
      <edge toID="0.9" type="Terminal">
        <attributes />
        <category tag="Terminal" />
      </edge>
    </node>
    <node ID="1.6" type="FN">
      <attributes />
      <edge toID="0.10" type="Terminal">
        <attributes />
        <category tag="Terminal" />
      </edge>
    </node>
    <node ID="1.7" type="FN">
      <attributes />
      <edge toID="0.1" type="Terminal">
        <attributes />
        <category tag="Terminal" />
      </edge>
    </node>
    <node ID="1.8" type="FN">
      <attributes />
      <edge toID="0.2" type="Terminal">
        <attributes />
        <category tag="Terminal" />
      </edge>
    </node>
    <node ID="1.9" type="FN">
      <attributes />
      <edge toID="0.3" type="Terminal">
        <attributes />
        <category tag="Terminal" />
      </edge>
    </node>
    <node ID="1.10" type="FN">
      <attributes />
      <edge toID="1.15" type="E">
        <attributes />
        <category tag="E" />
      </edge>
      <edge toID="1.16" type="C">
        <attributes />
        <category tag="C" />
      </edge>
      <edge toID="1.17" type="R">
        <attributes />
        <category tag="R" />
      </edge>
    </node>
    <node ID="1.11" type="FN">
      <attributes />
      <edge toID="0.7" type="Terminal">
        <attributes />
        <category tag="Terminal" />
      </edge>
    </node>
    <node ID="1.12" type="FN">
      <attributes />
      <edge toID="0.8" type="Terminal">
        <attributes />
        <category tag="Terminal" />
      </edge>
    </node>
    <node ID="1.13" type="FN">
      <attributes />
      <edge toID="0.11" type="Terminal">
        <attributes />
        <category tag="Terminal" />
      </edge>
    </node>
    <node ID="1.14" type="PNCT">
      <attributes />
      <edge toID="0.12" type="Terminal">
        <attributes />
        <category tag="Terminal" />
      </edge>
    </node>
    <node ID="1.15" type="FN">
      <attributes />
      <edge toID="0.4" type="Terminal">
        <attributes />
        <category tag="Terminal" />
      </edge>
    </node>
    <node ID="1.16" type="FN">
      <attributes />
      <edge toID="0.5" type="Terminal">
        <attributes />
        <category tag="Terminal" />
      </edge>
    </node>
    <node ID="1.17" type="FN">
      <attributes />
      <edge toID="0.6" type="Terminal">
        <attributes />
        <category tag="Terminal" />
      </edge>
    </node>
  </layer>
</root>
