<root annotationID="0" passageID="984000">
  <attributes />
  <extra format="ucca" />
  <layer layerID="0">
    <attributes />
    <extra doc="[[[12172435438170721471, 2283656566040971221, 17571114184892886314, 88, 0, 2, 404, 5, 18200729499220207786, 14862748245026736845, 12172435438170721471], [1995909169258310477, 1995909169258310477, 15267657372422890137, 89, 0, 2, 412, 1, 13110060611322374290, 15369245168918225700, 2661093235354845946], [7567838195269420603, 7567838195269420603, 15308085513773655218, 91, 0, 2, 426, 3, 13110060611322374290, 16562859848569467201, 10748144119362648261], [9921686513378912864, 10382539506755952630, 17109001835818727656, 86, 0, 2, 408, 2, 4088098365541558500, 260667111241363922, 9921686513378912864], [2043519015752540944, 447765159362469301, 164681854541413346, 93, 0, 2, 397, 1, 15075103628056407474, 13210364986222294696, 2043519015752540944], [12965068231793614765, 12965068231793614765, 10554686591937588953, 83, 0, 2, 445, 0, 13110060611322374290, 2985121464356781022, 7274326117416781431], [3002984154512732771, 3002984154512732771, 1292078113972184607, 97, 0, 2, 420, 1, 4370460163704169311, 5097672513440128799, 3002984154512732771], [17483048438088526599, 5307304325359566725, 1534113631682161808, 99, 0, 2, 396, -2, 13110060611322374290, 16900879642891266615, 7679303661980345986], [12646065887601541794, 12646065887601541794, 12646065887601541794, 96, 0, 2, 442, -3, 12646065887601541794, 12646065887601541794, 12646065887601541794]]]" />
    <node ID="0.1" type="Word">
      <attributes paragraph="1" paragraph_position="1" text="And" />
      <extra dep="cc" ent_iob="2" ent_type="" head="5" lemma="and" orig_paragraph="1" orth="And" pos="CCONJ" prefix="A" shape="Xxx" suffix="And" tag="CC" />
    </node>
    <node ID="0.2" type="Word">
      <attributes paragraph="1" paragraph_position="2" text="this" />
      <extra dep="det" ent_iob="2" ent_type="" head="1" lemma="this" orig_paragraph="1" orth="this" pos="DET" prefix="t" shape="xxxx" suffix="his" tag="DT" />
    </node>
    <node ID="0.3" type="Word">
      <attributes paragraph="1" paragraph_position="3" text="reaction" />
      <extra dep="nsubj" ent_iob="2" ent_type="" head="3" lemma="reaction" orig_paragraph="1" orth="reaction" pos="NOUN" prefix="r" shape="xxxx" suffix="ion" tag="NN" />
    </node>
    <node ID="0.4" type="Word">
      <attributes paragraph="1" paragraph_position="4" text="was" />
      <extra dep="cop" ent_iob="2" ent_type="" head="2" lemma="be" orig_paragraph="1" orth="was" pos="AUX" prefix="w" shape="xxx" suffix="was" tag="VBD" />
    </node>
    <node ID="0.5" type="Word">
      <attributes paragraph="1" paragraph_position="5" text="n't" />
      <extra dep="advmod" ent_iob="2" ent_type="" head="1" lemma="not" orig_paragraph="1" orth="n't" pos="PART" prefix="n" shape="x'x" suffix="n't" tag="RB" />
    </node>
    <node ID="0.6" type="Word">
      <attributes paragraph="1" paragraph_position="6" text="long" />
      <extra dep="root" ent_iob="2" ent_type="" head="-2" lemma="long" orig_paragraph="1" orth="long" pos="ADJ" prefix="l" shape="xxxx" suffix="ong" tag="JJ" />
    </node>
    <node ID="0.7" type="Word">
      <attributes paragraph="1" paragraph_position="7" text="in" />
      <extra dep="mark" ent_iob="2" ent_type="" head="1" lemma="in" orig_paragraph="1" orth="in" pos="SCONJ" prefix="i" shape="xx" suffix="in" tag="IN" />
    </node>
    <node ID="0.8" type="Word">
      <attributes paragraph="1" paragraph_position="8" text="coming" />
      <extra dep="advcl" ent_iob="2" ent_type="" head="-2" lemma="come" orig_paragraph="1" orth="coming" pos="VERB" prefix="c" shape="xxxx" suffix="ing" tag="VBG" />
    </node>
    <node ID="0.9" type="Punctuation">
      <attributes paragraph="1" paragraph_position="9" text="." />
      <extra dep="punct" ent_iob="2" ent_type="" head="-3" lemma="." orig_paragraph="1" orth="." pos="PUNCT" prefix="." shape="." suffix="." tag="." />
    </node>
  </layer>
  <layer layerID="1">
    <attributes />
    <node ID="1.1" type="FN">
      <attributes />
      <edge toID="1.2" type="L">
        <attributes />
        <category tag="L" />
      </edge>
      <edge toID="1.3" type="H">
        <attributes />
        <category tag="H" />
      </edge>
    </node>
    <node ID="1.2" type="FN">
      <attributes />
      <edge toID="0.1" type="Terminal">
        <attributes />
        <category tag="Terminal" />
      </edge>
    </node>
    <node ID="1.3" type="FN">
      <attributes />
      <edge toID="1.4" type="A">
        <attributes />
        <category tag="A" />
      </edge>
      <edge toID="1.5" type="P">
        <attributes />
        <category tag="P" />
      </edge>
      <edge toID="1.6" type="F">
        <attributes />
        <category tag="F" />
      </edge>
      <edge toID="1.7" type="D">
        <attributes />
        <category tag="D" />
      </edge>
      <edge toID="1.8" type="D">
        <attributes />
        <category tag="D" />
      </edge>
      <edge toID="1.9" type="A">
        <attributes />
        <category tag="A" />
      </edge>
    </node>
    <node ID="1.4" type="FN">
      <attributes />
      <edge toID="0.2" type="Terminal">
        <attributes />
        <category tag="Terminal" />
      </edge>
    </node>
    <node ID="1.5" type="FN">
      <attributes />
      <edge toID="0.3" type="Terminal">
        <attributes />
        <category tag="Terminal" />
      </edge>
    </node>
    <node ID="1.6" type="FN">
      <attributes />
      <edge toID="0.4" type="Terminal">
        <attributes />
        <category tag="Terminal" />
      </edge>
    </node>
    <node ID="1.7" type="FN">
      <attributes />
      <edge toID="0.5" type="Terminal">
        <attributes />
        <category tag="Terminal" />
      </edge>
    </node>
    <node ID="1.8" type="FN">
      <attributes />
      <edge toID="0.6" type="Terminal">
        <attributes />
        <category tag="Terminal" />
      </edge>
    </node>
    <node ID="1.9" type="FN">
      <attributes />
      <edge toID="1.10" type="R">
        <attributes />
        <category tag="R" />
      </edge>
      <edge toID="1.11" type="C">
        <attributes />
        <category tag="C" />
      </edge>
      <edge toID="1.12" type="U">
        <attributes />
        <category tag="U" />
      </edge>
    </node>
    <node ID="1.10" type="FN">
      <attributes />
      <edge toID="0.7" type="Terminal">
        <attributes />
        <category tag="Terminal" />
      </edge>
    </node>
    <node ID="1.11" type="FN">
      <attributes />
      <edge toID="0.8" type="Terminal">
        <attributes />
        <category tag="Terminal" />
      </edge>
    </node>
    <node ID="1.12" type="PNCT">
      <attributes />
      <edge toID="0.9" type="Terminal">
        <attributes />
        <category tag="Terminal" />
      </edge>
    </node>
  </layer>
</root>
