<root annotationID="0" passageID="987000">
  <attributes />
  <extra format="ucca" />
  <layer layerID="0">
    <attributes />
    <extra doc="[[[18004243461113809161, 14560795576765492085, 17571114184892886314, 88, 0, 2, 404, 6, 18200729499220207786, 14230521632333904559, 18004243461113809161], [1995909169258310477, 1995909169258310477, 15267657372422890137, 89, 0, 2, 412, 2, 13110060611322374290, 15369245168918225700, 2661093235354845946], [8261327834155598195, 8261327834155598195, 15308085513773655218, 91, 0, 2, 7037928807040764755, 1, 13110060611322374290, 13110760720460257827, 8378222965829126400], [295895373269394349, 295895373269394349, 15308085513773655218, 91, 0, 2, 426, 3, 13110060611322374290, 16978132545290669629, 10333095992264041584], [7494117911267222209, 7494117911267222209, 16235386156175103506, 86, 0, 2, 402, 2, 13110060611322374290, 16900879642891266615, 17438164932492296010], [2043519015752540944, 447765159362469301, 164681854541413346, 93, 0, 2, 397, 1, 15075103628056407474, 13210364986222294696, 2043519015752540944], [1627443782136376073, 1627443782136376073, 14200088355797579614, 99, 0, 2, 445, 0, 13110060611322374290, 8148669997605808657, 7585278441003889837], [5640369432778651323, 5640369432778651323, 164681854541413346, 85, 0, 2, 397, 1, 4370460163704169311, 1489474827855109852, 5640369432778651323], [1935074700818135162, 1935074700818135162, 164681854541413346, 85, 0, 2, 397, 1, 13110060611322374290, 646772771845179972, 12877438759000667980], [2041435544530518504, 2041435544530518504, 1895579588947004264, 85, 0, 2, 397, -3, 13110060611322374290, 2985121464356781022, 1493767276839627183], [12646065887601541794, 12646065887601541794, 12646065887601541794, 96, 0, 2, 442, -4, 12646065887601541794, 12646065887601541794, 12646065887601541794]]]" />
    <node ID="0.1" type="Word">
      <attributes paragraph="1" paragraph_position="1" text="But" />
      <extra dep="cc" ent_iob="2" ent_type="" head="6" lemma="but" orig_paragraph="1" orth="But" pos="CCONJ" prefix="B" shape="Xxx" suffix="But" tag="CC" />
    </node>
    <node ID="0.2" type="Word">
      <attributes paragraph="1" paragraph_position="2" text="this" />
      <extra dep="det" ent_iob="2" ent_type="" head="2" lemma="this" orig_paragraph="1" orth="this" pos="DET" prefix="t" shape="xxxx" suffix="his" tag="DT" />
    </node>
    <node ID="0.3" type="Word">
      <attributes paragraph="1" paragraph_position="3" text="futile" />
      <extra dep="compound" ent_iob="2" ent_type="" head="1" lemma="futile" orig_paragraph="1" orth="futile" pos="NOUN" prefix="f" shape="xxxx" suffix="ile" tag="NN" />
    </node>
    <node ID="0.4" type="Word">
      <attributes paragraph="1" paragraph_position="4" text="search" />
      <extra dep="nsubj" ent_iob="2" ent_type="" head="3" lemma="search" orig_paragraph="1" orth="search" pos="NOUN" prefix="s" shape="xxxx" suffix="rch" tag="NN" />
    </node>
    <node ID="0.5" type="Word">
      <attributes paragraph="1" paragraph_position="5" text="could" />
      <extra dep="aux" ent_iob="2" ent_type="" head="2" lemma="could" orig_paragraph="1" orth="could" pos="AUX" prefix="c" shape="xxxx" suffix="uld" tag="MD" />
    </node>
    <node ID="0.6" type="Word">
      <attributes paragraph="1" paragraph_position="6" text="n't" />
      <extra dep="advmod" ent_iob="2" ent_type="" head="1" lemma="not" orig_paragraph="1" orth="n't" pos="PART" prefix="n" shape="x'x" suffix="n't" tag="RB" />
    </node>
    <node ID="0.7" type="Word">
      <attributes paragraph="1" paragraph_position="7" text="drag" />
      <extra dep="root" ent_iob="2" ent_type="" head="0" lemma="drag" orig_paragraph="1" orth="drag" pos="VERB" prefix="d" shape="xxxx" suffix="rag" tag="VB" />
    </node>
    <node ID="0.8" type="Word">
      <attributes paragraph="1" paragraph_position="8" text="on" />
      <extra dep="advmod" ent_iob="2" ent_type="" head="1" lemma="on" orig_paragraph="1" orth="on" pos="ADV" prefix="o" shape="xx" suffix="on" tag="RB" />
    </node>
    <node ID="0.9" type="Word">
      <attributes paragraph="1" paragraph_position="9" text="much" />
      <extra dep="advmod" ent_iob="2" ent_type="" head="1" lemma="much" orig_paragraph="1" orth="much" pos="ADV" prefix="m" shape="xxxx" suffix="uch" tag="RB" />
    </node>
    <node ID="0.10" type="Word">
      <attributes paragraph="1" paragraph_position="10" text="longer" />
      <extra dep="advmod" ent_iob="2" ent_type="" head="-3" lemma="longer" orig_paragraph="1" orth="longer" pos="ADV" prefix="l" shape="xxxx" suffix="ger" tag="RBR" />
    </node>
    <node ID="0.11" type="Punctuation">
      <attributes paragraph="1" paragraph_position="11" text="." />
      <extra dep="punct" ent_iob="2" ent_type="" head="-4" lemma="." orig_paragraph="1" orth="." pos="PUNCT" prefix="." shape="." suffix="." tag="." />
    </node>
  </layer>
  <layer layerID="1">
    <attributes />
    <node ID="1.1" type="FN">
      <attributes />
      <edge toID="1.2" type="L">
        <attributes />
        <category tag="L" />
      </edge>
      <edge toID="1.3" type="H">
        <attributes />
        <category tag="H" />
      </edge>
    </node>
    <node ID="1.2" type="FN">
      <attributes />
      <edge toID="0.1" type="Terminal">
        <attributes />
        <category tag="Terminal" />
      </edge>
    </node>
    <node ID="1.3" type="FN">
      <attributes />
      <edge toID="1.4" type="A">
        <attributes />
        <category tag="A" />
      </edge>
      <edge toID="1.5" type="D">
        <attributes />
        <category tag="D" />
      </edge>
      <edge toID="1.6" type="D">
        <attributes />
        <category tag="D" />
      </edge>
      <edge toID="1.7" type="P">
        <attributes />
        <category tag="P" />
      </edge>
      <edge toID="1.8" type="A">
        <attributes />
        <category tag="A" />
      </edge>
    </node>
    <node ID="1.4" type="FN">
      <attributes />
      <edge toID="1.9" type="E">
        <attributes />
        <category tag="E" />
      </edge>
      <edge toID="1.10" type="E">
        <attributes />
        <category tag="E" />
      </edge>
      <edge toID="1.11" type="C">
        <attributes />
        <category tag="C" />
      </edge>
    </node>
    <node ID="1.5" type="FN">
      <attributes />
      <edge toID="0.5" type="Terminal">
        <attributes />
        <category tag="Terminal" />
      </edge>
    </node>
    <node ID="1.6" type="FN">
      <attributes />
      <edge toID="0.6" type="Terminal">
        <attributes />
        <category tag="Terminal" />
      </edge>
    </node>
    <node ID="1.7" type="FN">
      <attributes />
      <edge toID="0.7" type="Terminal">
        <attributes />
        <category tag="Terminal" />
      </edge>
    </node>
    <node ID="1.8" type="FN">
      <attributes />
      <edge toID="1.12" type="R">
        <attributes />
        <category tag="R" />
      </edge>
      <edge toID="1.13" type="E">
        <attributes />
        <category tag="E" />
      </edge>
      <edge toID="1.14" type="C">
        <attributes />
        <category tag="C" />
      </edge>
      <edge toID="1.15" type="U">
        <attributes />
        <category tag="U" />
      </edge>
    </node>
    <node ID="1.9" type="FN">
      <attributes />
      <edge toID="0.2" type="Terminal">
        <attributes />
        <category tag="Terminal" />
      </edge>
    </node>
    <node ID="1.10" type="FN">
      <attributes />
      <edge toID="0.3" type="Terminal">
        <attributes />
        <category tag="Terminal" />
      </edge>
    </node>
    <node ID="1.11" type="FN">
      <attributes />
      <edge toID="0.4" type="Terminal">
        <attributes />
        <category tag="Terminal" />
      </edge>
    </node>
    <node ID="1.12" type="FN">
      <attributes />
      <edge toID="0.8" type="Terminal">
        <attributes />
        <category tag="Terminal" />
      </edge>
    </node>
    <node ID="1.13" type="FN">
      <attributes />
      <edge toID="0.9" type="Terminal">
        <attributes />
        <category tag="Terminal" />
      </edge>
    </node>
    <node ID="1.14" type="FN">
      <attributes />
      <edge toID="0.10" type="Terminal">
        <attributes />
        <category tag="Terminal" />
      </edge>
    </node>
    <node ID="1.15" type="PNCT">
      <attributes />
      <edge toID="0.11" type="Terminal">
        <attributes />
        <category tag="Terminal" />
      </edge>
    </node>
  </layer>
</root>
