<root annotationID="0" passageID="988001">
  <attributes />
  <extra format="ucca" />
  <layer layerID="0">
    <attributes />
    <extra doc="[[[5059648917813135842, 7425985699627899538, 15267657372422890137, 89, 0, 2, 412, 1, 18200729499220207786, 5582244037879929967, 5059648917813135842], [12222393796495516267, 12222393796495516267, 15308085513773655218, 91, 0, 2, 426, 1, 13110060611322374290, 16900879642891266615, 9250722957692387333], [13278457860164147778, 16121235759125543490, 17109001835818727656, 99, 0, 2, 445, 0, 13110060611322374290, 16978132545290669629, 14387080380872362826], [2661093235354845946, 1655312771067108281, 4062917326063685704, 94, 0, 2, 1227985075839834553, 1, 4088098365541558500, 15817570140490810055, 2661093235354845946], [4892022129125508466, 4892022129125508466, 15308085513773655218, 91, 0, 2, 431, -2, 13110060611322374290, 6217145520856553898, 11593690929944126543], [12646065887601541794, 12646065887601541794, 12646065887601541794, 96, 0, 2, 442, -3, 12646065887601541794, 12646065887601541794, 12646065887601541794]]]" />
    <node ID="0.1" type="Word">
      <attributes paragraph="1" paragraph_position="1" text="The" />
      <extra dep="det" ent_iob="2" ent_type="" head="1" lemma="the" orig_paragraph="1" orth="The" pos="DET" prefix="T" shape="Xxx" suffix="The" tag="DT" />
    </node>
    <node ID="0.2" type="Word">
      <attributes paragraph="1" paragraph_position="2" text="commander" />
      <extra dep="nsubj" ent_iob="2" ent_type="" head="1" lemma="commander" orig_paragraph="1" orth="commander" pos="NOUN" prefix="c" shape="xxxx" suffix="der" tag="NN" />
    </node>
    <node ID="0.3" type="Word">
      <attributes paragraph="1" paragraph_position="3" text="stood" />
      <extra dep="root" ent_iob="2" ent_type="" head="0" lemma="stand" orig_paragraph="1" orth="stood" pos="VERB" prefix="s" shape="xxxx" suffix="ood" tag="VBD" />
    </node>
    <node ID="0.4" type="Word">
      <attributes paragraph="1" paragraph_position="4" text="his" />
      <extra dep="nmod:poss" ent_iob="2" ent_type="" head="1" lemma="he" orig_paragraph="1" orth="his" pos="PRON" prefix="h" shape="xxx" suffix="his" tag="PRP$" />
    </node>
    <node ID="0.5" type="Word">
      <attributes paragraph="1" paragraph_position="5" text="ground" />
      <extra dep="obj" ent_iob="2" ent_type="" head="-2" lemma="ground" orig_paragraph="1" orth="ground" pos="NOUN" prefix="g" shape="xxxx" suffix="und" tag="NN" />
    </node>
    <node ID="0.6" type="Punctuation">
      <attributes paragraph="1" paragraph_position="6" text="." />
      <extra dep="punct" ent_iob="2" ent_type="" head="-3" lemma="." orig_paragraph="1" orth="." pos="PUNCT" prefix="." shape="." suffix="." tag="." />
    </node>
  </layer>
  <layer layerID="1">
    <attributes />
    <node ID="1.1" type="FN">
      <attributes />
      <edge toID="1.2" type="H">
        <attributes />
        <category tag="H" />
      </edge>
    </node>
    <node ID="1.2" type="FN">
      <attributes />
      <edge toID="1.3" type="A">
        <attributes />
        <category tag="A" />
      </edge>
      <edge toID="1.4" type="P">
        <attributes />
        <category tag="P" />
      </edge>
      <edge toID="1.5" type="A">
        <attributes />
        <category tag="A" />
      </edge>
    </node>
    <node ID="1.3" type="FN">
      <attributes />
      <edge toID="1.6" type="E">
        <attributes />
        <category tag="E" />
      </edge>
      <edge toID="1.7" type="C">
        <attributes />
        <category tag="C" />
      </edge>
    </node>
    <node ID="1.4" type="FN">
      <attributes />
      <edge toID="0.3" type="Terminal">
        <attributes />
        <category tag="Terminal" />
      </edge>
    </node>
    <node ID="1.5" type="FN">
      <attributes />
      <edge toID="1.8" type="E">
        <attributes />
        <category tag="E" />
      </edge>
      <edge toID="1.9" type="C">
        <attributes />
        <category tag="C" />
      </edge>
      <edge toID="1.10" type="U">
        <attributes />
        <category tag="U" />
      </edge>
    </node>
    <node ID="1.6" type="FN">
      <attributes />
      <edge toID="0.1" type="Terminal">
        <attributes />
        <category tag="Terminal" />
      </edge>
    </node>
    <node ID="1.7" type="FN">
      <attributes />
      <edge toID="0.2" type="Terminal">
        <attributes />
        <category tag="Terminal" />
      </edge>
    </node>
    <node ID="1.8" type="FN">
      <attributes />
      <edge toID="0.4" type="Terminal">
        <attributes />
        <category tag="Terminal" />
      </edge>
    </node>
    <node ID="1.9" type="FN">
      <attributes />
      <edge toID="0.5" type="Terminal">
        <attributes />
        <category tag="Terminal" />
      </edge>
    </node>
    <node ID="1.10" type="PNCT">
      <attributes />
      <edge toID="0.6" type="Terminal">
        <attributes />
        <category tag="Terminal" />
      </edge>
    </node>
  </layer>
</root>
