<root annotationID="0" passageID="989001">
  <attributes />
  <extra format="ucca" />
  <layer layerID="0">
    <attributes />
    <extra doc="[[[7859011591137717335, 10239237003504588839, 13656873538139661788, 94, 0, 2, 426, 1, 12204527652707022206, 4690420944186131903, 7859011591137717335], [12960022596163002503, 14692702688101715474, 17109001835818727656, 99, 0, 2, 445, 0, 4088098365541558500, 15817570140490810055, 12960022596163002503], [7425985699627899538, 7425985699627899538, 15267657372422890137, 89, 0, 2, 412, 2, 4088098365541558500, 15369245168918225700, 7425985699627899538], [318162216398531163, 318162216398531163, 10554686591937588953, 83, 0, 2, 399, 1, 13110060611322374290, 5097672513440128799, 10806788082624814911], [10839588858790936965, 10839588858790936965, 15308085513773655218, 91, 0, 2, 431, -3, 13110060611322374290, 1720370409040345145, 15725212667919936108], [886050111519832510, 886050111519832510, 1292078113972184607, 97, 0, 2, 420, 1, 4370460163704169311, 1489474827855109852, 886050111519832510], [5702334458984099448, 5674811663841063959, 1534113631682161808, 99, 0, 2, 447, -2, 13110060611322374290, 16562859848569467201, 7679303661980345986], [7425985699627899538, 7425985699627899538, 15267657372422890137, 89, 0, 2, 412, 1, 4088098365541558500, 15369245168918225700, 7425985699627899538], [3089800776392097896, 3089800776392097896, 15308085513773655218, 91, 0, 2, 1227985075839834553, 3, 13110060611322374290, 16900879642891266615, 14993664415362426565], [16428057658620181782, 16428057658620181782, 74, 93, 0, 2, 8110129090154140942, -1, 3155823383004454315, 11221368173670222813, 16428057658620181782], [13911472162768148699, 13911472162768148699, 1534113631682161808, 99, 0, 2, 399, 1, 13110060611322374290, 13110760720460257827, 7679303661980345986], [1797324048257180932, 3135372396414586702, 783433942507015291, 91, 0, 2, 431, -5, 13110060611322374290, 16978132545290669629, 12513610393978129441], [12646065887601541794, 12646065887601541794, 12646065887601541794, 96, 0, 2, 442, -11, 12646065887601541794, 12646065887601541794, 12646065887601541794]]]" />
    <node ID="0.1" type="Word">
      <attributes paragraph="1" paragraph_position="1" text="It" />
      <extra dep="nsubj" ent_iob="2" ent_type="" head="1" lemma="it" orig_paragraph="1" orth="It" pos="PRON" prefix="I" shape="Xx" suffix="It" tag="PRP" />
    </node>
    <node ID="0.2" type="Word">
      <attributes paragraph="1" paragraph_position="2" text="had" />
      <extra dep="root" ent_iob="2" ent_type="" head="0" lemma="have" orig_paragraph="1" orth="had" pos="VERB" prefix="h" shape="xxx" suffix="had" tag="VBD" />
    </node>
    <node ID="0.3" type="Word">
      <attributes paragraph="1" paragraph_position="3" text="the" />
      <extra dep="det" ent_iob="2" ent_type="" head="2" lemma="the" orig_paragraph="1" orth="the" pos="DET" prefix="t" shape="xxx" suffix="the" tag="DT" />
    </node>
    <node ID="0.4" type="Word">
      <attributes paragraph="1" paragraph_position="4" text="immediate" />
      <extra dep="amod" ent_iob="2" ent_type="" head="1" lemma="immediate" orig_paragraph="1" orth="immediate" pos="ADJ" prefix="i" shape="xxxx" suffix="ate" tag="JJ" />
    </node>
    <node ID="0.5" type="Word">
      <attributes paragraph="1" paragraph_position="5" text="effect" />
      <extra dep="obj" ent_iob="2" ent_type="" head="-3" lemma="effect" orig_paragraph="1" orth="effect" pos="NOUN" prefix="e" shape="xxxx" suffix="ect" tag="NN" />
    </node>
    <node ID="0.6" type="Word">
      <attributes paragraph="1" paragraph_position="6" text="of" />
      <extra dep="mark" ent_iob="2" ent_type="" head="1" lemma="of" orig_paragraph="1" orth="of" pos="SCONJ" prefix="o" shape="xx" suffix="of" tag="IN" />
    </node>
    <node ID="0.7" type="Word">
      <attributes paragraph="1" paragraph_position="7" text="reviving" />
      <extra dep="acl" ent_iob="2" ent_type="" head="-2" lemma="revive" orig_paragraph="1" orth="reviving" pos="VERB" prefix="r" shape="xxxx" suffix="ing" tag="VBG" />
    </node>
    <node ID="0.8" type="Word">
      <attributes paragraph="1" paragraph_position="8" text="the" />
      <extra dep="det" ent_iob="2" ent_type="" head="1" lemma="the" orig_paragraph="1" orth="the" pos="DET" prefix="t" shape="xxx" suffix="the" tag="DT" />
    </node>
    <node ID="0.9" type="Word">
      <attributes paragraph="1" paragraph_position="9" text="crew" />
      <extra dep="nmod:poss" ent_iob="2" ent_type="" head="3" lemma="crew" orig_paragraph="1" orth="crew" pos="NOUN" prefix="c" shape="xxxx" suffix="rew" tag="NN" />
    </node>
    <node ID="0.10" type="Word">
      <attributes paragraph="1" paragraph_position="10" text="'s" />
      <extra dep="case" ent_iob="2" ent_type="" head="-1" lemma="'s" orig_paragraph="1" orth="'s" pos="PART" prefix="'" shape="'x" suffix="'s" tag="POS" />
    </node>
    <node ID="0.11" type="Word">
      <attributes paragraph="1" paragraph_position="11" text="failing" />
      <extra dep="amod" ent_iob="2" ent_type="" head="1" lemma="failing" orig_paragraph="1" orth="failing" pos="VERB" prefix="f" shape="xxxx" suffix="ing" tag="VBG" />
    </node>
    <node ID="0.12" type="Word">
      <attributes paragraph="1" paragraph_position="12" text="spirits" />
      <extra dep="obj" ent_iob="2" ent_type="" head="-5" lemma="spirit" orig_paragraph="1" orth="spirits" pos="NOUN" prefix="s" shape="xxxx" suffix="its" tag="NNS" />
    </node>
    <node ID="0.13" type="Punctuation">
      <attributes paragraph="1" paragraph_position="13" text="." />
      <extra dep="punct" ent_iob="2" ent_type="" head="-11" lemma="." orig_paragraph="1" orth="." pos="PUNCT" prefix="." shape="." suffix="." tag="." />
    </node>
  </layer>
  <layer layerID="1">
    <attributes />
    <node ID="1.1" type="FN">
      <attributes />
      <edge toID="1.2" type="H">
        <attributes />
        <category tag="H" />
      </edge>
    </node>
    <node ID="1.2" type="FN">
      <attributes />
      <edge toID="1.3" type="A">
        <attributes />
        <category tag="A" />
      </edge>
      <edge toID="1.4" type="F">
        <attributes />
        <category tag="F" />
      </edge>
      <edge toID="1.5" type="A">
        <attributes />
        <category tag="A" />
      </edge>
    </node>
    <node ID="1.3" type="FN">
      <attributes />
      <edge toID="0.1" type="Terminal">
        <attributes />
        <category tag="Terminal" />
      </edge>
    </node>
    <node ID="1.4" type="FN">
      <attributes />
      <edge toID="0.2" type="Terminal">
        <attributes />
        <category tag="Terminal" />
      </edge>
    </node>
    <node ID="1.5" type="FN">
      <attributes />
      <edge toID="1.6" type="E">
        <attributes />
        <category tag="E" />
      </edge>
      <edge toID="1.7" type="E">
        <attributes />
        <category tag="E" />
      </edge>
      <edge toID="1.8" type="C">
        <attributes />
        <category tag="C" />
      </edge>
      <edge toID="1.9" type="E">
        <attributes />
        <category tag="E" />
      </edge>
      <edge toID="1.10" type="E">
        <attributes />
        <category tag="E" />
      </edge>
      <edge toID="1.11" type="C">
        <attributes />
        <category tag="C" />
      </edge>
      <edge toID="1.12" type="U">
        <attributes />
        <category tag="U" />
      </edge>
    </node>
    <node ID="1.6" type="FN">
      <attributes />
      <edge toID="0.3" type="Terminal">
        <attributes />
        <category tag="Terminal" />
      </edge>
    </node>
    <node ID="1.7" type="FN">
      <attributes />
      <edge toID="0.4" type="Terminal">
        <attributes />
        <category tag="Terminal" />
      </edge>
    </node>
    <node ID="1.8" type="FN">
      <attributes />
      <edge toID="0.5" type="Terminal">
        <attributes />
        <category tag="Terminal" />
      </edge>
    </node>
    <node ID="1.9" type="FN">
      <attributes />
      <edge toID="1.13" type="R">
        <attributes />
        <category tag="R" />
      </edge>
      <edge toID="1.14" type="P">
        <attributes />
        <category tag="P" />
      </edge>
      <edge toID="1.15" type="A">
        <attributes />
        <category tag="A" />
      </edge>
      <edge toID="1.16" type="R">
        <attributes />
        <category tag="R" />
      </edge>
    </node>
    <node ID="1.10" type="FN">
      <attributes />
      <edge toID="0.11" type="Terminal">
        <attributes />
        <category tag="Terminal" />
      </edge>
    </node>
    <node ID="1.11" type="FN">
      <attributes />
      <edge toID="0.12" type="Terminal">
        <attributes />
        <category tag="Terminal" />
      </edge>
    </node>
    <node ID="1.12" type="PNCT">
      <attributes />
      <edge toID="0.13" type="Terminal">
        <attributes />
        <category tag="Terminal" />
      </edge>
    </node>
    <node ID="1.13" type="FN">
      <attributes />
      <edge toID="0.6" type="Terminal">
        <attributes />
        <category tag="Terminal" />
      </edge>
    </node>
    <node ID="1.14" type="FN">
      <attributes />
      <edge toID="0.7" type="Terminal">
        <attributes />
        <category tag="Terminal" />
      </edge>
    </node>
    <node ID="1.15" type="FN">
      <attributes />
      <edge toID="1.17" type="E">
        <attributes />
        <category tag="E" />
      </edge>
      <edge toID="1.18" type="C">
        <attributes />
        <category tag="C" />
      </edge>
    </node>
    <node ID="1.16" type="FN">
      <attributes />
      <edge toID="0.10" type="Terminal">
        <attributes />
        <category tag="Terminal" />
      </edge>
    </node>
    <node ID="1.17" type="FN">
      <attributes />
      <edge toID="0.8" type="Terminal">
        <attributes />
        <category tag="Terminal" />
      </edge>
    </node>
    <node ID="1.18" type="FN">
      <attributes />
      <edge toID="0.9" type="Terminal">
        <attributes />
        <category tag="Terminal" />
      </edge>
    </node>
  </layer>
</root>
