<root annotationID="0" passageID="993001">
  <attributes />
  <extra format="ucca" />
  <layer layerID="0">
    <attributes />
    <extra doc="[[[10265832328710632600, 10265832328710632600, 15794550382381185553, 95, 381, 3, 426, 2, 16072095006890171862, 149303876845869574, 9113047341877232477], [2593208677638477497, 2593208677638477497, 2593208677638477497, 96, 0, 2, 442, 1, 2593208677638477497, 2593208677638477497, 2593208677638477497], [16417298934550133822, 5086772006140015534, 17109001835818727656, 99, 0, 2, 445, 0, 13110060611322374290, 16978132545290669629, 4305850001634943401], [10130629920159162787, 10130629920159162787, 1292078113972184607, 84, 0, 2, 8110129090154140942, 1, 13110060611322374290, 15598372446745583797, 12882197036088020736], [18197037023634208128, 4690420944186131903, 13656873538139661788, 94, 0, 2, 432, -2, 4370460163704169311, 646772771845179972, 18197037023634208128], [2593208677638477497, 2593208677638477497, 2593208677638477497, 96, 0, 2, 442, 1, 2593208677638477497, 2593208677638477497, 2593208677638477497], [12449801660106449024, 3265076967308059706, 17109001835818727656, 99, 0, 2, 433, -4, 13110060611322374290, 16978132545290669629, 17551718516836219974], [15258408712064592081, 15258408712064592081, 164681854541413346, 85, 0, 2, 397, 1, 13110060611322374290, 16978132545290669629, 9602547604334134776], [10555556397075732372, 10555556397075732372, 164681854541413346, 85, 0, 2, 397, -2, 13110060611322374290, 11901859001352538922, 15650869774315047599], [12646065887601541794, 12646065887601541794, 12646065887601541794, 96, 0, 2, 442, -7, 12646065887601541794, 12646065887601541794, 12646065887601541794]]]" />
    <node ID="0.1" type="Word">
      <attributes paragraph="1" paragraph_position="1" text="Conseil" />
      <extra dep="nsubj" ent_iob="3" ent_type="ORG" head="2" lemma="Conseil" orig_paragraph="1" orth="Conseil" pos="PROPN" prefix="C" shape="Xxxxx" suffix="eil" tag="NNP" />
    </node>
    <node ID="0.2" type="Punctuation">
      <attributes paragraph="1" paragraph_position="2" text="," />
      <extra dep="punct" ent_iob="2" ent_type="" head="1" lemma="," orig_paragraph="1" orth="," pos="PUNCT" prefix="," shape="," suffix="," tag="," />
    </node>
    <node ID="0.3" type="Word">
      <attributes paragraph="1" paragraph_position="3" text="stationed" />
      <extra dep="root" ent_iob="2" ent_type="" head="-2" lemma="station" orig_paragraph="1" orth="stationed" pos="VERB" prefix="s" shape="xxxx" suffix="ned" tag="VBD" />
    </node>
    <node ID="0.4" type="Word">
      <attributes paragraph="1" paragraph_position="4" text="beside" />
      <extra dep="case" ent_iob="2" ent_type="" head="1" lemma="beside" orig_paragraph="1" orth="beside" pos="ADP" prefix="b" shape="xxxx" suffix="ide" tag="IN" />
    </node>
    <node ID="0.5" type="Word">
      <attributes paragraph="1" paragraph_position="5" text="me" />
      <extra dep="obl" ent_iob="2" ent_type="" head="-2" lemma="I" orig_paragraph="1" orth="me" pos="PRON" prefix="m" shape="xx" suffix="me" tag="PRP" />
    </node>
    <node ID="0.6" type="Punctuation">
      <attributes paragraph="1" paragraph_position="6" text="," />
      <extra dep="punct" ent_iob="2" ent_type="" head="1" lemma="," orig_paragraph="1" orth="," pos="PUNCT" prefix="," shape="," suffix="," tag="," />
    </node>
    <node ID="0.7" type="Word">
      <attributes paragraph="1" paragraph_position="7" text="stared" />
      <extra dep="parataxis" ent_iob="2" ent_type="" head="-4" lemma="stare" orig_paragraph="1" orth="stared" pos="VERB" prefix="s" shape="xxxx" suffix="red" tag="VBD" />
    </node>
    <node ID="0.8" type="Word">
      <attributes paragraph="1" paragraph_position="8" text="straight" />
      <extra dep="advmod" ent_iob="2" ent_type="" head="1" lemma="straight" orig_paragraph="1" orth="straight" pos="ADV" prefix="s" shape="xxxx" suffix="ght" tag="RB" />
    </node>
    <node ID="0.9" type="Word">
      <attributes paragraph="1" paragraph_position="9" text="ahead" />
      <extra dep="advmod" ent_iob="2" ent_type="" head="-2" lemma="ahead" orig_paragraph="1" orth="ahead" pos="ADV" prefix="a" shape="xxxx" suffix="ead" tag="RB" />
    </node>
    <node ID="0.10" type="Punctuation">
      <attributes paragraph="1" paragraph_position="10" text="." />
      <extra dep="punct" ent_iob="2" ent_type="" head="-7" lemma="." orig_paragraph="1" orth="." pos="PUNCT" prefix="." shape="." suffix="." tag="." />
    </node>
  </layer>
  <layer layerID="1">
    <attributes />
    <node ID="1.1" type="FN">
      <attributes />
      <edge toID="1.2" type="H">
        <attributes />
        <category tag="H" />
      </edge>
      <edge toID="1.3" type="U">
        <attributes />
        <category tag="U" />
      </edge>
      <edge toID="1.4" type="H">
        <attributes />
        <category tag="H" />
      </edge>
    </node>
    <node ID="1.2" type="FN">
      <attributes />
      <edge toID="1.5" type="A">
        <attributes />
        <category tag="A" />
      </edge>
      <edge toID="1.6" type="U">
        <attributes />
        <category tag="U" />
      </edge>
      <edge toID="1.7" type="P">
        <attributes />
        <category tag="P" />
      </edge>
      <edge toID="1.8" type="A">
        <attributes />
        <category tag="A" />
      </edge>
    </node>
    <node ID="1.3" type="PNCT">
      <attributes />
      <edge toID="0.6" type="Terminal">
        <attributes />
        <category tag="Terminal" />
      </edge>
    </node>
    <node ID="1.4" type="FN">
      <attributes />
      <edge toID="1.9" type="P">
        <attributes />
        <category tag="P" />
      </edge>
      <edge toID="1.10" type="A">
        <attributes />
        <category tag="A" />
      </edge>
    </node>
    <node ID="1.5" type="FN">
      <attributes />
      <edge toID="0.1" type="Terminal">
        <attributes />
        <category tag="Terminal" />
      </edge>
    </node>
    <node ID="1.6" type="PNCT">
      <attributes />
      <edge toID="0.2" type="Terminal">
        <attributes />
        <category tag="Terminal" />
      </edge>
    </node>
    <node ID="1.7" type="FN">
      <attributes />
      <edge toID="0.3" type="Terminal">
        <attributes />
        <category tag="Terminal" />
      </edge>
    </node>
    <node ID="1.8" type="FN">
      <attributes />
      <edge toID="1.11" type="D">
        <attributes />
        <category tag="D" />
      </edge>
      <edge toID="1.12" type="A">
        <attributes />
        <category tag="A" />
      </edge>
    </node>
    <node ID="1.9" type="FN">
      <attributes />
      <edge toID="0.7" type="Terminal">
        <attributes />
        <category tag="Terminal" />
      </edge>
    </node>
    <node ID="1.10" type="FN">
      <attributes />
      <edge toID="1.13" type="E">
        <attributes />
        <category tag="E" />
      </edge>
      <edge toID="1.14" type="C">
        <attributes />
        <category tag="C" />
      </edge>
      <edge toID="1.15" type="U">
        <attributes />
        <category tag="U" />
      </edge>
    </node>
    <node ID="1.11" type="FN">
      <attributes />
      <edge toID="0.4" type="Terminal">
        <attributes />
        <category tag="Terminal" />
      </edge>
    </node>
    <node ID="1.12" type="FN">
      <attributes />
      <edge toID="0.5" type="Terminal">
        <attributes />
        <category tag="Terminal" />
      </edge>
    </node>
    <node ID="1.13" type="FN">
      <attributes />
      <edge toID="0.8" type="Terminal">
        <attributes />
        <category tag="Terminal" />
      </edge>
    </node>
    <node ID="1.14" type="FN">
      <attributes />
      <edge toID="0.9" type="Terminal">
        <attributes />
        <category tag="Terminal" />
      </edge>
    </node>
    <node ID="1.15" type="PNCT">
      <attributes />
      <edge toID="0.10" type="Terminal">
        <attributes />
        <category tag="Terminal" />
      </edge>
    </node>
  </layer>
</root>
