<root annotationID="0" passageID="38001">
	<attributes/>
	<layer layerID="0">
		<attributes/>
		<node ID="0.1" type="Word">
			<attributes paragraph="1" paragraph_position="1" text="If"/>
		</node>
		<node ID="0.2" type="Word">
			<attributes paragraph="1" paragraph_position="2" text="it"/>
		</node>
		<node ID="0.3" type="Word">
			<attributes paragraph="1" paragraph_position="3" text="was"/>
		</node>
		<node ID="0.4" type="Word">
			<attributes paragraph="1" paragraph_position="4" text="a"/>
		</node>
		<node ID="0.5" type="Word">
			<attributes paragraph="1" paragraph_position="5" text="cetacean"/>
		</node>
		<node ID="0.6" type="Punctuation">
			<attributes paragraph="1" paragraph_position="6" text=","/>
		</node>
		<node ID="0.7" type="Word">
			<attributes paragraph="1" paragraph_position="7" text="it"/>
		</node>
		<node ID="0.8" type="Word">
			<attributes paragraph="1" paragraph_position="8" text="exceeded"/>
		</node>
		<node ID="0.9" type="Word">
			<attributes paragraph="1" paragraph_position="9" text="in"/>
		</node>
		<node ID="0.10" type="Word">
			<attributes paragraph="1" paragraph_position="10" text="bulk"/>
		</node>
		<node ID="0.11" type="Word">
			<attributes paragraph="1" paragraph_position="11" text="any"/>
		</node>
		<node ID="0.12" type="Word">
			<attributes paragraph="1" paragraph_position="12" text="whale"/>
		</node>
		<node ID="0.13" type="Word">
			<attributes paragraph="1" paragraph_position="13" text="previously"/>
		</node>
		<node ID="0.14" type="Word">
			<attributes paragraph="1" paragraph_position="14" text="classified"/>
		</node>
		<node ID="0.15" type="Word">
			<attributes paragraph="1" paragraph_position="15" text="by"/>
		</node>
		<node ID="0.16" type="Word">
			<attributes paragraph="1" paragraph_position="16" text="science"/>
		</node>
		<node ID="0.17" type="Punctuation">
			<attributes paragraph="1" paragraph_position="17" text="."/>
		</node>
	</layer>
	<layer layerID="1">
		<attributes/>
		<node ID="1.1" type="FN">
			<attributes/>
			<edge toID="1.2" type="L">
				<attributes/>
			</edge>
			<edge toID="1.4" type="H">
				<attributes/>
			</edge>
			<edge toID="1.14" type="U">
				<attributes/>
			</edge>
			<edge toID="1.16" type="H">
				<attributes/>
			</edge>
		</node>
		<node ID="1.2" type="FN">
			<attributes/>
			<edge toID="0.1" type="Terminal">
				<attributes/>
			</edge>
		</node>
		<node ID="1.4" type="FN">
			<attributes/>
			<edge toID="1.5" type="A">
				<attributes/>
			</edge>
			<edge toID="1.7" type="S">
				<attributes/>
			</edge>
			<edge toID="1.9" type="A">
				<attributes/>
			</edge>
		</node>
		<node ID="1.14" type="FN">
			<attributes/>
			<edge toID="0.6" type="Terminal">
				<attributes/>
			</edge>
		</node>
		<node ID="1.16" type="FN">
			<attributes/>
			<edge toID="1.17" type="A">
				<attributes/>
			</edge>
			<edge toID="1.19" type="P">
				<attributes/>
			</edge>
			<edge toID="1.21" type="A">
				<attributes/>
			</edge>
		</node>
		<node ID="1.5" type="FN">
			<attributes/>
			<edge toID="0.2" type="Terminal">
				<attributes/>
			</edge>
		</node>
		<node ID="1.7" type="FN">
			<attributes/>
			<edge toID="0.3" type="Terminal">
				<attributes/>
			</edge>
		</node>
		<node ID="1.9" type="FN">
			<attributes/>
			<edge toID="1.10" type="E">
				<attributes/>
			</edge>
			<edge toID="1.12" type="C">
				<attributes/>
			</edge>
		</node>
		<node ID="1.17" type="FN">
			<attributes/>
			<edge toID="0.7" type="Terminal">
				<attributes/>
			</edge>
		</node>
		<node ID="1.19" type="FN">
			<attributes/>
			<edge toID="0.8" type="Terminal">
				<attributes/>
			</edge>
		</node>
		<node ID="1.21" type="FN">
			<attributes/>
			<edge toID="1.22" type="R">
				<attributes/>
			</edge>
			<edge toID="1.24" type="C">
				<attributes/>
			</edge>
			<edge toID="1.26" type="E">
				<attributes/>
			</edge>
		</node>
		<node ID="1.10" type="FN">
			<attributes/>
			<edge toID="0.4" type="Terminal">
				<attributes/>
			</edge>
		</node>
		<node ID="1.12" type="FN">
			<attributes/>
			<edge toID="0.5" type="Terminal">
				<attributes/>
			</edge>
		</node>
		<node ID="1.22" type="FN">
			<attributes/>
			<edge toID="0.9" type="Terminal">
				<attributes/>
			</edge>
		</node>
		<node ID="1.24" type="FN">
			<attributes/>
			<edge toID="0.10" type="Terminal">
				<attributes/>
			</edge>
		</node>
		<node ID="1.26" type="FN">
			<attributes/>
			<edge toID="1.27" type="A">
				<attributes/>
			</edge>
			<edge toID="1.32" type="D">
				<attributes/>
			</edge>
			<edge toID="1.34" type="P">
				<attributes/>
			</edge>
			<edge toID="1.36" type="A">
				<attributes/>
			</edge>
		</node>
		<node ID="1.27" type="FN">
			<attributes/>
			<edge toID="1.28" type="E">
				<attributes/>
			</edge>
			<edge toID="1.30" type="C">
				<attributes/>
			</edge>
		</node>
		<node ID="1.32" type="FN">
			<attributes/>
			<edge toID="0.13" type="Terminal">
				<attributes/>
			</edge>
		</node>
		<node ID="1.34" type="FN">
			<attributes/>
			<edge toID="0.14" type="Terminal">
				<attributes/>
			</edge>
		</node>
		<node ID="1.36" type="FN">
			<attributes/>
			<edge toID="1.37" type="R">
				<attributes/>
			</edge>
			<edge toID="1.39" type="C">
				<attributes/>
			</edge>
			<edge toID="1.41" type="U">
				<attributes/>
			</edge>
		</node>
		<node ID="1.28" type="FN">
			<attributes/>
			<edge toID="0.11" type="Terminal">
				<attributes/>
			</edge>
		</node>
		<node ID="1.30" type="FN">
			<attributes/>
			<edge toID="0.12" type="Terminal">
				<attributes/>
			</edge>
		</node>
		<node ID="1.37" type="FN">
			<attributes/>
			<edge toID="0.15" type="Terminal">
				<attributes/>
			</edge>
		</node>
		<node ID="1.39" type="FN">
			<attributes/>
			<edge toID="0.16" type="Terminal">
				<attributes/>
			</edge>
		</node>
		<node ID="1.41" type="FN">
			<attributes/>
			<edge toID="0.17" type="Terminal">
				<attributes/>
			</edge>
		</node>
	</layer>
</root>

