<root annotationID="0" passageID="41001">
	<attributes/>
	<layer layerID="0">
		<attributes/>
		<node ID="0.1" type="Word">
			<attributes paragraph="1" paragraph_position="1" text="Captain"/>
		</node>
		<node ID="0.2" type="Word">
			<attributes paragraph="1" paragraph_position="2" text="Baker"/>
		</node>
		<node ID="0.3" type="Word">
			<attributes paragraph="1" paragraph_position="3" text="at"/>
		</node>
		<node ID="0.4" type="Word">
			<attributes paragraph="1" paragraph_position="4" text="first"/>
		</node>
		<node ID="0.5" type="Word">
			<attributes paragraph="1" paragraph_position="5" text="thought"/>
		</node>
		<node ID="0.6" type="Word">
			<attributes paragraph="1" paragraph_position="6" text="he"/>
		</node>
		<node ID="0.7" type="Word">
			<attributes paragraph="1" paragraph_position="7" text="was"/>
		</node>
		<node ID="0.8" type="Word">
			<attributes paragraph="1" paragraph_position="8" text="in"/>
		</node>
		<node ID="0.9" type="Word">
			<attributes paragraph="1" paragraph_position="9" text="the"/>
		</node>
		<node ID="0.10" type="Word">
			<attributes paragraph="1" paragraph_position="10" text="presence"/>
		</node>
		<node ID="0.11" type="Word">
			<attributes paragraph="1" paragraph_position="11" text="of"/>
		</node>
		<node ID="0.12" type="Word">
			<attributes paragraph="1" paragraph_position="12" text="an"/>
		</node>
		<node ID="0.13" type="Word">
			<attributes paragraph="1" paragraph_position="13" text="unknown"/>
		</node>
		<node ID="0.14" type="Word">
			<attributes paragraph="1" paragraph_position="14" text="reef"/>
		</node>
		<node ID="0.15" type="Punctuation">
			<attributes paragraph="1" paragraph_position="15" text=";"/>
		</node>
		<node ID="0.16" type="Word">
			<attributes paragraph="1" paragraph_position="16" text="he"/>
		</node>
		<node ID="0.17" type="Word">
			<attributes paragraph="1" paragraph_position="17" text="was"/>
		</node>
		<node ID="0.18" type="Word">
			<attributes paragraph="1" paragraph_position="18" text="even"/>
		</node>
		<node ID="0.19" type="Word">
			<attributes paragraph="1" paragraph_position="19" text="about"/>
		</node>
		<node ID="0.20" type="Word">
			<attributes paragraph="1" paragraph_position="20" text="to"/>
		</node>
		<node ID="0.21" type="Word">
			<attributes paragraph="1" paragraph_position="21" text="fix"/>
		</node>
		<node ID="0.22" type="Word">
			<attributes paragraph="1" paragraph_position="22" text="its"/>
		</node>
		<node ID="0.23" type="Word">
			<attributes paragraph="1" paragraph_position="23" text="exact"/>
		</node>
		<node ID="0.24" type="Word">
			<attributes paragraph="1" paragraph_position="24" text="position"/>
		</node>
		<node ID="0.25" type="Word">
			<attributes paragraph="1" paragraph_position="25" text="when"/>
		</node>
		<node ID="0.26" type="Word">
			<attributes paragraph="1" paragraph_position="26" text="two"/>
		</node>
		<node ID="0.27" type="Word">
			<attributes paragraph="1" paragraph_position="27" text="waterspouts"/>
		</node>
		<node ID="0.28" type="Word">
			<attributes paragraph="1" paragraph_position="28" text="shot"/>
		</node>
		<node ID="0.29" type="Word">
			<attributes paragraph="1" paragraph_position="29" text="out"/>
		</node>
		<node ID="0.30" type="Word">
			<attributes paragraph="1" paragraph_position="30" text="of"/>
		</node>
		<node ID="0.31" type="Word">
			<attributes paragraph="1" paragraph_position="31" text="this"/>
		</node>
		<node ID="0.32" type="Word">
			<attributes paragraph="1" paragraph_position="32" text="inexplicable"/>
		</node>
		<node ID="0.33" type="Word">
			<attributes paragraph="1" paragraph_position="33" text="object"/>
		</node>
		<node ID="0.34" type="Word">
			<attributes paragraph="1" paragraph_position="34" text="and"/>
		</node>
		<node ID="0.35" type="Word">
			<attributes paragraph="1" paragraph_position="35" text="sprang"/>
		</node>
		<node ID="0.36" type="Word">
			<attributes paragraph="1" paragraph_position="36" text="hissing"/>
		</node>
		<node ID="0.37" type="Word">
			<attributes paragraph="1" paragraph_position="37" text="into"/>
		</node>
		<node ID="0.38" type="Word">
			<attributes paragraph="1" paragraph_position="38" text="the"/>
		</node>
		<node ID="0.39" type="Word">
			<attributes paragraph="1" paragraph_position="39" text="air"/>
		</node>
		<node ID="0.40" type="Word">
			<attributes paragraph="1" paragraph_position="40" text="some"/>
		</node>
		<node ID="0.41" type="Word">
			<attributes paragraph="1" paragraph_position="41" text="150"/>
		</node>
		<node ID="0.42" type="Word">
			<attributes paragraph="1" paragraph_position="42" text="feet"/>
		</node>
		<node ID="0.43" type="Punctuation">
			<attributes paragraph="1" paragraph_position="43" text="."/>
		</node>
	</layer>
	<layer layerID="1">
		<attributes/>
		<node ID="1.1" type="FN">
			<attributes/>
			<edge toID="1.2" type="H">
				<attributes/>
			</edge>
			<edge toID="1.33" type="U">
				<attributes/>
			</edge>
			<edge toID="1.35" type="H">
				<attributes/>
			</edge>
			<edge toID="1.58" type="L">
				<attributes/>
			</edge>
			<edge toID="1.60" type="H">
				<attributes/>
			</edge>
			<edge toID="1.79" type="L">
				<attributes/>
			</edge>
			<edge toID="1.81" type="H">
				<attributes/>
			</edge>
		</node>
		<node ID="1.2" type="FN">
			<attributes/>
			<edge toID="1.3" type="A">
				<attributes/>
			</edge>
			<edge toID="1.6" type="D">
				<attributes/>
			</edge>
			<edge toID="1.8" type="D">
				<attributes/>
			</edge>
			<edge toID="1.10" type="P">
				<attributes/>
			</edge>
			<edge toID="1.12" type="A">
				<attributes/>
			</edge>
		</node>
		<node ID="1.33" type="FN">
			<attributes/>
			<edge toID="0.15" type="Terminal">
				<attributes/>
			</edge>
		</node>
		<node ID="1.35" type="FN">
			<attributes/>
			<edge toID="1.36" type="A">
				<attributes/>
			</edge>
			<edge toID="1.38" type="F">
				<attributes/>
			</edge>
			<edge toID="1.40" type="D">
				<attributes/>
			</edge>
			<edge toID="1.45" type="A">
				<attributes/>
			</edge>
		</node>
		<node ID="1.58" type="FN">
			<attributes/>
			<edge toID="0.25" type="Terminal">
				<attributes/>
			</edge>
		</node>
		<node ID="1.60" type="FN">
			<attributes/>
			<edge toID="1.61" type="A">
				<attributes/>
			</edge>
			<edge toID="1.68" type="A">
				<attributes/>
			</edge>
		</node>
		<node ID="1.79" type="FN">
			<attributes/>
			<edge toID="0.34" type="Terminal">
				<attributes/>
			</edge>
		</node>
		<node ID="1.81" type="FN">
			<attributes/>
			<edge toID="1.82" type="A">
				<attributes/>
			</edge>
			<edge toID="1.84" type="P">
				<attributes/>
			</edge>
			<edge toID="1.86" type="A">
				<attributes/>
			</edge>
		</node>
		<node ID="1.3" type="FN">
			<attributes/>
			<edge toID="0.1" type="Terminal">
				<attributes/>
			</edge>
			<edge toID="0.2" type="Terminal">
				<attributes/>
			</edge>
		</node>
		<node ID="1.6" type="FN">
			<attributes/>
			<edge toID="0.3" type="Terminal">
				<attributes/>
			</edge>
		</node>
		<node ID="1.8" type="FN">
			<attributes/>
			<edge toID="0.4" type="Terminal">
				<attributes/>
			</edge>
		</node>
		<node ID="1.10" type="FN">
			<attributes/>
			<edge toID="0.5" type="Terminal">
				<attributes/>
			</edge>
		</node>
		<node ID="1.12" type="FN">
			<attributes/>
			<edge toID="1.13" type="A">
				<attributes/>
			</edge>
			<edge toID="1.15" type="S">
				<attributes/>
			</edge>
			<edge toID="1.17" type="A">
				<attributes/>
			</edge>
		</node>
		<node ID="1.36" type="FN">
			<attributes/>
			<edge toID="0.16" type="Terminal">
				<attributes/>
			</edge>
		</node>
		<node ID="1.38" type="FN">
			<attributes/>
			<edge toID="0.17" type="Terminal">
				<attributes/>
			</edge>
		</node>
		<node ID="1.40" type="FN">
			<attributes/>
			<edge toID="1.41" type="C">
				<attributes/>
			</edge>
			<edge toID="1.43" type="R">
				<attributes/>
			</edge>
		</node>
		<node ID="1.45" type="FN">
			<attributes/>
			<edge toID="1.36" type="A">
				<attributes remote="True"/>
			</edge>
			<edge toID="1.47" type="F">
				<attributes/>
			</edge>
			<edge toID="1.49" type="P">
				<attributes/>
			</edge>
			<edge toID="1.51" type="A">
				<attributes/>
			</edge>
		</node>
		<node ID="1.61" type="FN">
			<attributes/>
			<edge toID="1.62" type="E">
				<attributes/>
			</edge>
			<edge toID="1.64" type="E">
				<attributes/>
			</edge>
			<edge toID="1.66" type="C">
				<attributes/>
			</edge>
		</node>
		<node ID="1.68" type="FN">
			<attributes/>
			<edge toID="1.69" type="R">
				<attributes/>
			</edge>
			<edge toID="1.72" type="E">
				<attributes/>
			</edge>
		</node>
		<node ID="1.82" type="FN">
			<attributes/>
			<edge toID="0.35" type="Terminal">
				<attributes/>
			</edge>
		</node>
		<node ID="1.84" type="FN">
			<attributes/>
			<edge toID="0.36" type="Terminal">
				<attributes/>
			</edge>
		</node>
		<node ID="1.86" type="FN">
			<attributes/>
			<edge toID="1.87" type="R">
				<attributes/>
			</edge>
			<edge toID="1.89" type="E">
				<attributes/>
			</edge>
			<edge toID="1.91" type="E">
				<attributes/>
			</edge>
			<edge toID="1.93" type="E">
				<attributes/>
			</edge>
			<edge toID="1.95" type="E">
				<attributes/>
			</edge>
			<edge toID="1.97" type="C">
				<attributes/>
			</edge>
			<edge toID="1.99" type="U">
				<attributes/>
			</edge>
		</node>
		<node ID="1.13" type="FN">
			<attributes/>
			<edge toID="0.6" type="Terminal">
				<attributes/>
			</edge>
		</node>
		<node ID="1.15" type="FN">
			<attributes/>
			<edge toID="0.7" type="Terminal">
				<attributes/>
			</edge>
		</node>
		<node ID="1.17" type="FN">
			<attributes/>
			<edge toID="1.18" type="R">
				<attributes/>
			</edge>
			<edge toID="1.20" type="E">
				<attributes/>
			</edge>
			<edge toID="1.22" type="C">
				<attributes/>
			</edge>
			<edge toID="1.24" type="E">
				<attributes/>
			</edge>
		</node>
		<node ID="1.41" type="FN">
			<attributes/>
			<edge toID="0.18" type="Terminal">
				<attributes/>
			</edge>
		</node>
		<node ID="1.43" type="FN">
			<attributes/>
			<edge toID="0.19" type="Terminal">
				<attributes/>
			</edge>
		</node>
		<node ID="1.47" type="FN">
			<attributes/>
			<edge toID="0.20" type="Terminal">
				<attributes/>
			</edge>
		</node>
		<node ID="1.49" type="FN">
			<attributes/>
			<edge toID="0.21" type="Terminal">
				<attributes/>
			</edge>
		</node>
		<node ID="1.51" type="FN">
			<attributes/>
			<edge toID="1.52" type="E">
				<attributes/>
			</edge>
			<edge toID="1.54" type="E">
				<attributes/>
			</edge>
			<edge toID="1.56" type="C">
				<attributes/>
			</edge>
		</node>
		<node ID="1.62" type="FN">
			<attributes/>
			<edge toID="0.26" type="Terminal">
				<attributes/>
			</edge>
		</node>
		<node ID="1.64" type="FN">
			<attributes/>
			<edge toID="0.27" type="Terminal">
				<attributes/>
			</edge>
		</node>
		<node ID="1.66" type="FN">
			<attributes/>
			<edge toID="0.28" type="Terminal">
				<attributes/>
			</edge>
		</node>
		<node ID="1.69" type="FN">
			<attributes/>
			<edge toID="0.29" type="Terminal">
				<attributes/>
			</edge>
			<edge toID="0.30" type="Terminal">
				<attributes/>
			</edge>
		</node>
		<node ID="1.72" type="FN">
			<attributes/>
			<edge toID="1.73" type="E">
				<attributes/>
			</edge>
			<edge toID="1.75" type="E">
				<attributes/>
			</edge>
			<edge toID="1.77" type="C">
				<attributes/>
			</edge>
		</node>
		<node ID="1.87" type="FN">
			<attributes/>
			<edge toID="0.37" type="Terminal">
				<attributes/>
			</edge>
		</node>
		<node ID="1.89" type="FN">
			<attributes/>
			<edge toID="0.38" type="Terminal">
				<attributes/>
			</edge>
		</node>
		<node ID="1.91" type="FN">
			<attributes/>
			<edge toID="0.39" type="Terminal">
				<attributes/>
			</edge>
		</node>
		<node ID="1.93" type="FN">
			<attributes/>
			<edge toID="0.40" type="Terminal">
				<attributes/>
			</edge>
		</node>
		<node ID="1.95" type="FN">
			<attributes/>
			<edge toID="0.41" type="Terminal">
				<attributes/>
			</edge>
		</node>
		<node ID="1.97" type="FN">
			<attributes/>
			<edge toID="0.42" type="Terminal">
				<attributes/>
			</edge>
		</node>
		<node ID="1.99" type="FN">
			<attributes/>
			<edge toID="0.43" type="Terminal">
				<attributes/>
			</edge>
		</node>
		<node ID="1.18" type="FN">
			<attributes/>
			<edge toID="0.8" type="Terminal">
				<attributes/>
			</edge>
		</node>
		<node ID="1.20" type="FN">
			<attributes/>
			<edge toID="0.9" type="Terminal">
				<attributes/>
			</edge>
		</node>
		<node ID="1.22" type="FN">
			<attributes/>
			<edge toID="0.10" type="Terminal">
				<attributes/>
			</edge>
		</node>
		<node ID="1.24" type="FN">
			<attributes/>
			<edge toID="1.25" type="R">
				<attributes/>
			</edge>
			<edge toID="1.27" type="E">
				<attributes/>
			</edge>
			<edge toID="1.29" type="E">
				<attributes/>
			</edge>
			<edge toID="1.31" type="C">
				<attributes/>
			</edge>
		</node>
		<node ID="1.52" type="FN">
			<attributes/>
			<edge toID="0.22" type="Terminal">
				<attributes/>
			</edge>
		</node>
		<node ID="1.54" type="FN">
			<attributes/>
			<edge toID="0.23" type="Terminal">
				<attributes/>
			</edge>
		</node>
		<node ID="1.56" type="FN">
			<attributes/>
			<edge toID="0.24" type="Terminal">
				<attributes/>
			</edge>
		</node>
		<node ID="1.73" type="FN">
			<attributes/>
			<edge toID="0.31" type="Terminal">
				<attributes/>
			</edge>
		</node>
		<node ID="1.75" type="FN">
			<attributes/>
			<edge toID="0.32" type="Terminal">
				<attributes/>
			</edge>
		</node>
		<node ID="1.77" type="FN">
			<attributes/>
			<edge toID="0.33" type="Terminal">
				<attributes/>
			</edge>
		</node>
		<node ID="1.25" type="FN">
			<attributes/>
			<edge toID="0.11" type="Terminal">
				<attributes/>
			</edge>
		</node>
		<node ID="1.27" type="FN">
			<attributes/>
			<edge toID="0.12" type="Terminal">
				<attributes/>
			</edge>
		</node>
		<node ID="1.29" type="FN">
			<attributes/>
			<edge toID="0.13" type="Terminal">
				<attributes/>
			</edge>
		</node>
		<node ID="1.31" type="FN">
			<attributes/>
			<edge toID="0.14" type="Terminal">
				<attributes/>
			</edge>
		</node>
	</layer>
</root>

