<root annotationID="0" passageID="45003">
	<attributes/>
	<layer layerID="0">
		<attributes/>
		<node ID="0.1" type="Word">
			<attributes paragraph="1" paragraph_position="1" text="They"/>
		</node>
		<node ID="0.2" type="Word">
			<attributes paragraph="1" paragraph_position="2" text="even"/>
		</node>
		<node ID="0.3" type="Word">
			<attributes paragraph="1" paragraph_position="3" text="reprinted"/>
		</node>
		<node ID="0.4" type="Word">
			<attributes paragraph="1" paragraph_position="4" text="reports"/>
		</node>
		<node ID="0.5" type="Word">
			<attributes paragraph="1" paragraph_position="5" text="from"/>
		</node>
		<node ID="0.6" type="Word">
			<attributes paragraph="1" paragraph_position="6" text="ancient"/>
		</node>
		<node ID="0.7" type="Word">
			<attributes paragraph="1" paragraph_position="7" text="times"/>
		</node>
		<node ID="0.8" type="Punctuation">
			<attributes paragraph="1" paragraph_position="8" text=":"/>
		</node>
		<node ID="0.9" type="Word">
			<attributes paragraph="1" paragraph_position="9" text="the"/>
		</node>
		<node ID="0.10" type="Word">
			<attributes paragraph="1" paragraph_position="10" text="views"/>
		</node>
		<node ID="0.11" type="Word">
			<attributes paragraph="1" paragraph_position="11" text="of"/>
		</node>
		<node ID="0.12" type="Word">
			<attributes paragraph="1" paragraph_position="12" text="Aristotle"/>
		</node>
		<node ID="0.13" type="Word">
			<attributes paragraph="1" paragraph_position="13" text="and"/>
		</node>
		<node ID="0.14" type="Word">
			<attributes paragraph="1" paragraph_position="14" text="Pliny"/>
		</node>
		<node ID="0.15" type="Word">
			<attributes paragraph="1" paragraph_position="15" text="accepting"/>
		</node>
		<node ID="0.16" type="Word">
			<attributes paragraph="1" paragraph_position="16" text="the"/>
		</node>
		<node ID="0.17" type="Word">
			<attributes paragraph="1" paragraph_position="17" text="existence"/>
		</node>
		<node ID="0.18" type="Word">
			<attributes paragraph="1" paragraph_position="18" text="of"/>
		</node>
		<node ID="0.19" type="Word">
			<attributes paragraph="1" paragraph_position="19" text="such"/>
		</node>
		<node ID="0.20" type="Word">
			<attributes paragraph="1" paragraph_position="20" text="monsters"/>
		</node>
		<node ID="0.21" type="Punctuation">
			<attributes paragraph="1" paragraph_position="21" text=","/>
		</node>
		<node ID="0.22" type="Word">
			<attributes paragraph="1" paragraph_position="22" text="then"/>
		</node>
		<node ID="0.23" type="Word">
			<attributes paragraph="1" paragraph_position="23" text="the"/>
		</node>
		<node ID="0.24" type="Word">
			<attributes paragraph="1" paragraph_position="24" text="Norwegian"/>
		</node>
		<node ID="0.25" type="Word">
			<attributes paragraph="1" paragraph_position="25" text="stories"/>
		</node>
		<node ID="0.26" type="Word">
			<attributes paragraph="1" paragraph_position="26" text="of"/>
		</node>
		<node ID="0.27" type="Word">
			<attributes paragraph="1" paragraph_position="27" text="Bishop"/>
		</node>
		<node ID="0.28" type="Word">
			<attributes paragraph="1" paragraph_position="28" text="Pontoppidan"/>
		</node>
		<node ID="0.29" type="Punctuation">
			<attributes paragraph="1" paragraph_position="29" text=","/>
		</node>
		<node ID="0.30" type="Word">
			<attributes paragraph="1" paragraph_position="30" text="the"/>
		</node>
		<node ID="0.31" type="Word">
			<attributes paragraph="1" paragraph_position="31" text="narratives"/>
		</node>
		<node ID="0.32" type="Word">
			<attributes paragraph="1" paragraph_position="32" text="of"/>
		</node>
		<node ID="0.33" type="Word">
			<attributes paragraph="1" paragraph_position="33" text="Paul"/>
		</node>
		<node ID="0.34" type="Word">
			<attributes paragraph="1" paragraph_position="34" text="Egede"/>
		</node>
		<node ID="0.35" type="Punctuation">
			<attributes paragraph="1" paragraph_position="35" text=","/>
		</node>
		<node ID="0.36" type="Word">
			<attributes paragraph="1" paragraph_position="36" text="and"/>
		</node>
		<node ID="0.37" type="Word">
			<attributes paragraph="1" paragraph_position="37" text="finally"/>
		</node>
		<node ID="0.38" type="Word">
			<attributes paragraph="1" paragraph_position="38" text="the"/>
		</node>
		<node ID="0.39" type="Word">
			<attributes paragraph="1" paragraph_position="39" text="reports"/>
		</node>
		<node ID="0.40" type="Word">
			<attributes paragraph="1" paragraph_position="40" text="of"/>
		</node>
		<node ID="0.41" type="Word">
			<attributes paragraph="1" paragraph_position="41" text="Captain"/>
		</node>
		<node ID="0.42" type="Word">
			<attributes paragraph="1" paragraph_position="42" text="Harrington"/>
		</node>
		<node ID="0.43" type="Punctuation">
			<attributes paragraph="1" paragraph_position="43" text="-"/>
		</node>
		<node ID="0.44" type="Word">
			<attributes paragraph="1" paragraph_position="44" text="whose"/>
		</node>
		<node ID="0.45" type="Word">
			<attributes paragraph="1" paragraph_position="45" text="good"/>
		</node>
		<node ID="0.46" type="Word">
			<attributes paragraph="1" paragraph_position="46" text="faith"/>
		</node>
		<node ID="0.47" type="Word">
			<attributes paragraph="1" paragraph_position="47" text="is"/>
		</node>
		<node ID="0.48" type="Word">
			<attributes paragraph="1" paragraph_position="48" text="above"/>
		</node>
		<node ID="0.49" type="Word">
			<attributes paragraph="1" paragraph_position="49" text="suspicion"/>
		</node>
		<node ID="0.50" type="Punctuation">
			<attributes paragraph="1" paragraph_position="50" text="-"/>
		</node>
		<node ID="0.51" type="Word">
			<attributes paragraph="1" paragraph_position="51" text="in"/>
		</node>
		<node ID="0.52" type="Word">
			<attributes paragraph="1" paragraph_position="52" text="which"/>
		</node>
		<node ID="0.53" type="Word">
			<attributes paragraph="1" paragraph_position="53" text="he"/>
		</node>
		<node ID="0.54" type="Word">
			<attributes paragraph="1" paragraph_position="54" text="claims"/>
		</node>
		<node ID="0.55" type="Word">
			<attributes paragraph="1" paragraph_position="55" text="he"/>
		</node>
		<node ID="0.56" type="Word">
			<attributes paragraph="1" paragraph_position="56" text="saw"/>
		</node>
		<node ID="0.57" type="Punctuation">
			<attributes paragraph="1" paragraph_position="57" text=","/>
		</node>
		<node ID="0.58" type="Word">
			<attributes paragraph="1" paragraph_position="58" text="while"/>
		</node>
		<node ID="0.59" type="Word">
			<attributes paragraph="1" paragraph_position="59" text="aboard"/>
		</node>
		<node ID="0.60" type="Word">
			<attributes paragraph="1" paragraph_position="60" text="the"/>
		</node>
		<node ID="0.61" type="Word">
			<attributes paragraph="1" paragraph_position="61" text="Castilian"/>
		</node>
		<node ID="0.62" type="Word">
			<attributes paragraph="1" paragraph_position="62" text="in"/>
		</node>
		<node ID="0.63" type="Word">
			<attributes paragraph="1" paragraph_position="63" text="1857"/>
		</node>
		<node ID="0.64" type="Punctuation">
			<attributes paragraph="1" paragraph_position="64" text=","/>
		</node>
		<node ID="0.65" type="Word">
			<attributes paragraph="1" paragraph_position="65" text="one"/>
		</node>
		<node ID="0.66" type="Word">
			<attributes paragraph="1" paragraph_position="66" text="of"/>
		</node>
		<node ID="0.67" type="Word">
			<attributes paragraph="1" paragraph_position="67" text="those"/>
		</node>
		<node ID="0.68" type="Word">
			<attributes paragraph="1" paragraph_position="68" text="enormous"/>
		</node>
		<node ID="0.69" type="Word">
			<attributes paragraph="1" paragraph_position="69" text="serpents"/>
		</node>
		<node ID="0.70" type="Word">
			<attributes paragraph="1" paragraph_position="70" text="that"/>
		</node>
		<node ID="0.71" type="Punctuation">
			<attributes paragraph="1" paragraph_position="71" text=","/>
		</node>
		<node ID="0.72" type="Word">
			<attributes paragraph="1" paragraph_position="72" text="until"/>
		</node>
		<node ID="0.73" type="Word">
			<attributes paragraph="1" paragraph_position="73" text="then"/>
		</node>
		<node ID="0.74" type="Punctuation">
			<attributes paragraph="1" paragraph_position="74" text=","/>
		</node>
		<node ID="0.75" type="Word">
			<attributes paragraph="1" paragraph_position="75" text="had"/>
		</node>
		<node ID="0.76" type="Word">
			<attributes paragraph="1" paragraph_position="76" text="frequented"/>
		</node>
		<node ID="0.77" type="Word">
			<attributes paragraph="1" paragraph_position="77" text="only"/>
		</node>
		<node ID="0.78" type="Word">
			<attributes paragraph="1" paragraph_position="78" text="the"/>
		</node>
		<node ID="0.79" type="Word">
			<attributes paragraph="1" paragraph_position="79" text="seas"/>
		</node>
		<node ID="0.80" type="Word">
			<attributes paragraph="1" paragraph_position="80" text="of"/>
		</node>
		<node ID="0.81" type="Word">
			<attributes paragraph="1" paragraph_position="81" text="France"/>
		</node>
		<node ID="0.82" type="Punctuation">
			<attributes paragraph="1" paragraph_position="82" text="'"/>
		</node>
		<node ID="0.83" type="Word">
			<attributes paragraph="1" paragraph_position="83" text="s"/>
		</node>
		<node ID="0.84" type="Word">
			<attributes paragraph="1" paragraph_position="84" text="old"/>
		</node>
		<node ID="0.85" type="Word">
			<attributes paragraph="1" paragraph_position="85" text="extremist"/>
		</node>
		<node ID="0.86" type="Word">
			<attributes paragraph="1" paragraph_position="86" text="newspaper"/>
		</node>
		<node ID="0.87" type="Punctuation">
			<attributes paragraph="1" paragraph_position="87" text=","/>
		</node>
		<node ID="0.88" type="Word">
			<attributes paragraph="1" paragraph_position="88" text="The"/>
		</node>
		<node ID="0.89" type="Word">
			<attributes paragraph="1" paragraph_position="89" text="Constitutionalist"/>
		</node>
	</layer>
	<layer layerID="1">
		<attributes/>
		<node ID="1.1" type="FN">
			<attributes/>
			<edge toID="1.171" type="L">
				<attributes/>
			</edge>
			<edge toID="1.169" type="U">
				<attributes/>
			</edge>
			<edge toID="1.4" type="H">
				<attributes/>
			</edge>
			<edge toID="1.20" type="U">
				<attributes/>
			</edge>
			<edge toID="1.22" type="H">
				<attributes/>
			</edge>
			<edge toID="1.83" type="U">
				<attributes/>
			</edge>
			<edge toID="1.85" type="L">
				<attributes/>
			</edge>
			<edge toID="1.87" type="H">
				<attributes/>
			</edge>
			<edge toID="1.134" type="U">
				<attributes/>
			</edge>
			<edge toID="1.136" type="L">
				<attributes/>
			</edge>
			<edge toID="1.138" type="H">
				<attributes/>
			</edge>
			<edge toID="1.151" type="U">
				<attributes/>
			</edge>
			<edge toID="1.153" type="H">
				<attributes/>
			</edge>
		</node>
		<node ID="1.171" type="FN">
			<attributes/>
			<edge toID="0.72" type="Terminal">
				<attributes/>
			</edge>
			<edge toID="0.73" type="Terminal">
				<attributes/>
			</edge>
		</node>
		<node ID="1.169" type="FN">
			<attributes/>
			<edge toID="0.71" type="Terminal">
				<attributes/>
			</edge>
		</node>
		<node ID="1.4" type="FN">
			<attributes/>
			<edge toID="1.5" type="A">
				<attributes/>
			</edge>
			<edge toID="1.7" type="D">
				<attributes/>
			</edge>
			<edge toID="1.9" type="P">
				<attributes/>
			</edge>
			<edge toID="1.11" type="A">
				<attributes/>
			</edge>
			<edge toID="1.13" type="D">
				<attributes/>
			</edge>
		</node>
		<node ID="1.20" type="FN">
			<attributes/>
			<edge toID="0.8" type="Terminal">
				<attributes/>
			</edge>
		</node>
		<node ID="1.22" type="FN">
			<attributes/>
			<edge toID="1.23" type="A">
				<attributes/>
			</edge>
			<edge toID="1.38" type="P">
				<attributes/>
			</edge>
			<edge toID="1.40" type="A">
				<attributes/>
			</edge>
		</node>
		<node ID="1.83" type="FN">
			<attributes/>
			<edge toID="0.35" type="Terminal">
				<attributes/>
			</edge>
		</node>
		<node ID="1.85" type="FN">
			<attributes/>
			<edge toID="0.36" type="Terminal">
				<attributes/>
			</edge>
		</node>
		<node ID="1.87" type="FN">
			<attributes/>
			<edge toID="1.88" type="D">
				<attributes/>
			</edge>
			<edge toID="1.90" type="A">
				<attributes/>
			</edge>
			<edge toID="1.119" type="U">
				<attributes/>
			</edge>
			<edge toID="1.121" type="A">
				<attributes/>
			</edge>
		</node>
		<node ID="1.134" type="FN">
			<attributes/>
			<edge toID="0.57" type="Terminal">
				<attributes/>
			</edge>
		</node>
		<node ID="1.136" type="FN">
			<attributes/>
			<edge toID="0.58" type="Terminal">
				<attributes/>
			</edge>
		</node>
		<node ID="1.138" type="FN">
			<attributes/>
			<edge toID="1.139" type="D">
				<attributes/>
			</edge>
			<edge toID="1.141" type="A">
				<attributes/>
			</edge>
			<edge toID="1.146" type="D">
				<attributes/>
			</edge>
		</node>
		<node ID="1.151" type="FN">
			<attributes/>
			<edge toID="0.64" type="Terminal">
				<attributes/>
			</edge>
		</node>
		<node ID="1.153" type="FN">
			<attributes/>
			<edge toID="1.167" type="F">
				<attributes/>
			</edge>
			<edge toID="1.155" type="A">
				<attributes/>
			</edge>
		</node>
		<node ID="1.5" type="FN">
			<attributes/>
			<edge toID="0.1" type="Terminal">
				<attributes/>
			</edge>
		</node>
		<node ID="1.7" type="FN">
			<attributes/>
			<edge toID="0.2" type="Terminal">
				<attributes/>
			</edge>
		</node>
		<node ID="1.9" type="FN">
			<attributes/>
			<edge toID="0.3" type="Terminal">
				<attributes/>
			</edge>
		</node>
		<node ID="1.11" type="FN">
			<attributes/>
			<edge toID="0.4" type="Terminal">
				<attributes/>
			</edge>
		</node>
		<node ID="1.13" type="FN">
			<attributes/>
			<edge toID="1.14" type="R">
				<attributes/>
			</edge>
			<edge toID="1.16" type="E">
				<attributes/>
			</edge>
			<edge toID="1.18" type="C">
				<attributes/>
			</edge>
		</node>
		<node ID="1.23" type="FN">
			<attributes/>
			<edge toID="1.24" type="E">
				<attributes/>
			</edge>
			<edge toID="1.26" type="C">
				<attributes/>
			</edge>
			<edge toID="1.28" type="E">
				<attributes/>
			</edge>
		</node>
		<node ID="1.38" type="FN">
			<attributes/>
			<edge toID="0.15" type="Terminal">
				<attributes/>
			</edge>
		</node>
		<node ID="1.40" type="FN">
			<attributes/>
			<edge toID="1.41" type="E">
				<attributes/>
			</edge>
			<edge toID="1.43" type="C">
				<attributes/>
			</edge>
			<edge toID="1.45" type="E">
				<attributes/>
			</edge>
			<edge toID="1.52" type="U">
				<attributes/>
			</edge>
			<edge toID="1.54" type="E">
				<attributes/>
			</edge>
		</node>
		<node ID="1.88" type="FN">
			<attributes/>
			<edge toID="0.37" type="Terminal">
				<attributes/>
			</edge>
		</node>
		<node ID="1.90" type="FN">
			<attributes/>
			<edge toID="1.91" type="E">
				<attributes/>
			</edge>
			<edge toID="1.93" type="C">
				<attributes/>
			</edge>
			<edge toID="1.95" type="E">
				<attributes/>
			</edge>
		</node>
		<node ID="1.119" type="FN">
			<attributes/>
			<edge toID="0.50" type="Terminal">
				<attributes/>
			</edge>
		</node>
		<node ID="1.121" type="FN">
			<attributes/>
			<edge toID="1.122" type="R">
				<attributes/>
			</edge>
			<edge toID="1.124" type="F">
				<attributes/>
			</edge>
			<edge toID="1.126" type="A">
				<attributes/>
			</edge>
			<edge toID="1.128" type="P">
				<attributes/>
			</edge>
			<edge toID="1.130" type="A">
				<attributes/>
			</edge>
			<edge toID="1.132" type="F">
				<attributes/>
			</edge>
		</node>
		<node ID="1.139" type="FN">
			<attributes/>
			<edge toID="0.59" type="Terminal">
				<attributes/>
			</edge>
		</node>
		<node ID="1.141" type="FN">
			<attributes/>
			<edge toID="1.142" type="E">
				<attributes/>
			</edge>
			<edge toID="1.144" type="C">
				<attributes/>
			</edge>
		</node>
		<node ID="1.146" type="FN">
			<attributes/>
			<edge toID="1.147" type="R">
				<attributes/>
			</edge>
			<edge toID="1.149" type="C">
				<attributes/>
			</edge>
		</node>
		<node ID="1.167" type="FN">
			<attributes/>
			<edge toID="0.70" type="Terminal">
				<attributes/>
			</edge>
		</node>
		<node ID="1.155" type="FN">
			<attributes/>
			<edge toID="1.156" type="E">
				<attributes/>
			</edge>
			<edge toID="1.161" type="E">
				<attributes/>
			</edge>
			<edge toID="1.163" type="E">
				<attributes/>
			</edge>
			<edge toID="1.165" type="C">
				<attributes/>
			</edge>
			<edge toID="1.174" type="U">
				<attributes/>
			</edge>
			<edge toID="1.176" type="F">
				<attributes/>
			</edge>
			<edge toID="1.178" type="P">
				<attributes/>
			</edge>
			<edge toID="1.180" type="A">
				<attributes/>
			</edge>
		</node>
		<node ID="1.14" type="FN">
			<attributes/>
			<edge toID="0.5" type="Terminal">
				<attributes/>
			</edge>
		</node>
		<node ID="1.16" type="FN">
			<attributes/>
			<edge toID="0.6" type="Terminal">
				<attributes/>
			</edge>
		</node>
		<node ID="1.18" type="FN">
			<attributes/>
			<edge toID="0.7" type="Terminal">
				<attributes/>
			</edge>
		</node>
		<node ID="1.24" type="FN">
			<attributes/>
			<edge toID="0.9" type="Terminal">
				<attributes/>
			</edge>
		</node>
		<node ID="1.26" type="FN">
			<attributes/>
			<edge toID="0.10" type="Terminal">
				<attributes/>
			</edge>
		</node>
		<node ID="1.28" type="FN">
			<attributes/>
			<edge toID="1.29" type="R">
				<attributes/>
			</edge>
			<edge toID="1.31" type="C">
				<attributes/>
			</edge>
		</node>
		<node ID="1.41" type="FN">
			<attributes/>
			<edge toID="0.16" type="Terminal">
				<attributes/>
			</edge>
		</node>
		<node ID="1.43" type="FN">
			<attributes/>
			<edge toID="0.17" type="Terminal">
				<attributes/>
			</edge>
		</node>
		<node ID="1.45" type="FN">
			<attributes/>
			<edge toID="1.46" type="R">
				<attributes/>
			</edge>
			<edge toID="1.48" type="E">
				<attributes/>
			</edge>
			<edge toID="1.50" type="C">
				<attributes/>
			</edge>
		</node>
		<node ID="1.52" type="FN">
			<attributes/>
			<edge toID="0.21" type="Terminal">
				<attributes/>
			</edge>
		</node>
		<node ID="1.54" type="FN">
			<attributes/>
			<edge toID="1.55" type="D">
				<attributes/>
			</edge>
			<edge toID="1.57" type="A">
				<attributes/>
			</edge>
		</node>
		<node ID="1.91" type="FN">
			<attributes/>
			<edge toID="0.38" type="Terminal">
				<attributes/>
			</edge>
		</node>
		<node ID="1.93" type="FN">
			<attributes/>
			<edge toID="0.39" type="Terminal">
				<attributes/>
			</edge>
		</node>
		<node ID="1.95" type="FN">
			<attributes/>
			<edge toID="1.96" type="R">
				<attributes/>
			</edge>
			<edge toID="1.98" type="C">
				<attributes/>
			</edge>
			<edge toID="1.101" type="U">
				<attributes/>
			</edge>
			<edge toID="1.103" type="E">
				<attributes/>
			</edge>
		</node>
		<node ID="1.122" type="FN">
			<attributes/>
			<edge toID="0.51" type="Terminal">
				<attributes/>
			</edge>
		</node>
		<node ID="1.124" type="FN">
			<attributes/>
			<edge toID="0.52" type="Terminal">
				<attributes/>
			</edge>
		</node>
		<node ID="1.126" type="FN">
			<attributes/>
			<edge toID="0.53" type="Terminal">
				<attributes/>
			</edge>
		</node>
		<node ID="1.128" type="FN">
			<attributes/>
			<edge toID="0.54" type="Terminal">
				<attributes/>
			</edge>
		</node>
		<node ID="1.130" type="FN">
			<attributes/>
			<edge toID="0.55" type="Terminal">
				<attributes/>
			</edge>
		</node>
		<node ID="1.132" type="FN">
			<attributes/>
			<edge toID="0.56" type="Terminal">
				<attributes/>
			</edge>
		</node>
		<node ID="1.142" type="FN">
			<attributes/>
			<edge toID="0.60" type="Terminal">
				<attributes/>
			</edge>
		</node>
		<node ID="1.144" type="FN">
			<attributes/>
			<edge toID="0.61" type="Terminal">
				<attributes/>
			</edge>
		</node>
		<node ID="1.147" type="FN">
			<attributes/>
			<edge toID="0.62" type="Terminal">
				<attributes/>
			</edge>
		</node>
		<node ID="1.149" type="FN">
			<attributes/>
			<edge toID="0.63" type="Terminal">
				<attributes/>
			</edge>
		</node>
		<node ID="1.156" type="FN">
			<attributes/>
			<edge toID="1.157" type="C">
				<attributes/>
			</edge>
			<edge toID="1.159" type="R">
				<attributes/>
			</edge>
		</node>
		<node ID="1.161" type="FN">
			<attributes/>
			<edge toID="0.67" type="Terminal">
				<attributes/>
			</edge>
		</node>
		<node ID="1.163" type="FN">
			<attributes/>
			<edge toID="0.68" type="Terminal">
				<attributes/>
			</edge>
		</node>
		<node ID="1.165" type="FN">
			<attributes/>
			<edge toID="0.69" type="Terminal">
				<attributes/>
			</edge>
		</node>
		<node ID="1.174" type="FN">
			<attributes/>
			<edge toID="0.74" type="Terminal">
				<attributes/>
			</edge>
		</node>
		<node ID="1.176" type="FN">
			<attributes/>
			<edge toID="0.75" type="Terminal">
				<attributes/>
			</edge>
		</node>
		<node ID="1.178" type="FN">
			<attributes/>
			<edge toID="0.76" type="Terminal">
				<attributes/>
			</edge>
		</node>
		<node ID="1.180" type="FN">
			<attributes/>
			<edge toID="1.181" type="E">
				<attributes/>
			</edge>
			<edge toID="1.190" type="E">
				<attributes/>
			</edge>
			<edge toID="1.197" type="E">
				<attributes/>
			</edge>
			<edge toID="1.204" type="U">
				<attributes/>
			</edge>
			<edge toID="1.206" type="C">
				<attributes/>
			</edge>
		</node>
		<node ID="1.29" type="FN">
			<attributes/>
			<edge toID="0.11" type="Terminal">
				<attributes/>
			</edge>
		</node>
		<node ID="1.31" type="FN">
			<attributes/>
			<edge toID="1.32" type="C">
				<attributes/>
			</edge>
			<edge toID="1.34" type="N">
				<attributes/>
			</edge>
			<edge toID="1.36" type="C">
				<attributes/>
			</edge>
		</node>
		<node ID="1.46" type="FN">
			<attributes/>
			<edge toID="0.18" type="Terminal">
				<attributes/>
			</edge>
		</node>
		<node ID="1.48" type="FN">
			<attributes/>
			<edge toID="0.19" type="Terminal">
				<attributes/>
			</edge>
		</node>
		<node ID="1.50" type="FN">
			<attributes/>
			<edge toID="0.20" type="Terminal">
				<attributes/>
			</edge>
		</node>
		<node ID="1.55" type="FN">
			<attributes/>
			<edge toID="0.22" type="Terminal">
				<attributes/>
			</edge>
		</node>
		<node ID="1.57" type="FN">
			<attributes/>
			<edge toID="1.58" type="E">
				<attributes/>
			</edge>
			<edge toID="1.67" type="C">
				<attributes/>
			</edge>
			<edge toID="1.70" type="U">
				<attributes/>
			</edge>
			<edge toID="1.72" type="E">
				<attributes/>
			</edge>
		</node>
		<node ID="1.96" type="FN">
			<attributes/>
			<edge toID="0.40" type="Terminal">
				<attributes/>
			</edge>
		</node>
		<node ID="1.98" type="FN">
			<attributes/>
			<edge toID="0.41" type="Terminal">
				<attributes/>
			</edge>
			<edge toID="0.42" type="Terminal">
				<attributes/>
			</edge>
		</node>
		<node ID="1.101" type="FN">
			<attributes/>
			<edge toID="0.43" type="Terminal">
				<attributes/>
			</edge>
		</node>
		<node ID="1.103" type="FN">
			<attributes/>
			<edge toID="1.98" type="A">
				<attributes remote="True"/>
			</edge>
			<edge toID="1.105" type="F">
				<attributes/>
			</edge>
			<edge toID="1.107" type="A">
				<attributes/>
			</edge>
			<edge toID="1.112" type="S">
				<attributes/>
			</edge>
			<edge toID="1.114" type="A">
				<attributes/>
			</edge>
		</node>
		<node ID="1.157" type="FN">
			<attributes/>
			<edge toID="0.65" type="Terminal">
				<attributes/>
			</edge>
		</node>
		<node ID="1.159" type="FN">
			<attributes/>
			<edge toID="0.66" type="Terminal">
				<attributes/>
			</edge>
		</node>
		<node ID="1.181" type="FN">
			<attributes/>
			<edge toID="1.182" type="E">
				<attributes/>
			</edge>
			<edge toID="1.184" type="E">
				<attributes/>
			</edge>
			<edge toID="1.186" type="C">
				<attributes/>
			</edge>
			<edge toID="1.188" type="R">
				<attributes/>
			</edge>
		</node>
		<node ID="1.190" type="FN">
			<attributes/>
			<edge toID="1.191" type="C">
				<attributes/>
			</edge>
			<edge toID="1.193" type="U">
				<attributes/>
			</edge>
			<edge toID="1.195" type="R">
				<attributes/>
			</edge>
		</node>
		<node ID="1.197" type="FN">
			<attributes/>
			<edge toID="1.198" type="E">
				<attributes/>
			</edge>
			<edge toID="1.200" type="E">
				<attributes/>
			</edge>
			<edge toID="1.202" type="C">
				<attributes/>
			</edge>
		</node>
		<node ID="1.204" type="FN">
			<attributes/>
			<edge toID="0.87" type="Terminal">
				<attributes/>
			</edge>
		</node>
		<node ID="1.206" type="FN">
			<attributes/>
			<edge toID="0.88" type="Terminal">
				<attributes/>
			</edge>
			<edge toID="0.89" type="Terminal">
				<attributes/>
			</edge>
		</node>
		<node ID="1.32" type="FN">
			<attributes/>
			<edge toID="0.12" type="Terminal">
				<attributes/>
			</edge>
		</node>
		<node ID="1.34" type="FN">
			<attributes/>
			<edge toID="0.13" type="Terminal">
				<attributes/>
			</edge>
		</node>
		<node ID="1.36" type="FN">
			<attributes/>
			<edge toID="0.14" type="Terminal">
				<attributes/>
			</edge>
		</node>
		<node ID="1.58" type="FN">
			<attributes/>
			<edge toID="1.59" type="E">
				<attributes/>
			</edge>
			<edge toID="1.61" type="E">
				<attributes/>
			</edge>
			<edge toID="1.63" type="C">
				<attributes/>
			</edge>
			<edge toID="1.65" type="R">
				<attributes/>
			</edge>
		</node>
		<node ID="1.67" type="FN">
			<attributes/>
			<edge toID="0.27" type="Terminal">
				<attributes/>
			</edge>
			<edge toID="0.28" type="Terminal">
				<attributes/>
			</edge>
		</node>
		<node ID="1.70" type="FN">
			<attributes/>
			<edge toID="0.29" type="Terminal">
				<attributes/>
			</edge>
		</node>
		<node ID="1.72" type="FN">
			<attributes/>
			<edge toID="1.73" type="E">
				<attributes/>
			</edge>
			<edge toID="1.75" type="C">
				<attributes/>
			</edge>
			<edge toID="1.77" type="E">
				<attributes/>
			</edge>
		</node>
		<node ID="1.105" type="FN">
			<attributes/>
			<edge toID="0.44" type="Terminal">
				<attributes/>
			</edge>
		</node>
		<node ID="1.107" type="FN">
			<attributes/>
			<edge toID="1.108" type="E">
				<attributes/>
			</edge>
			<edge toID="1.110" type="C">
				<attributes/>
			</edge>
		</node>
		<node ID="1.112" type="FN">
			<attributes/>
			<edge toID="0.47" type="Terminal">
				<attributes/>
			</edge>
		</node>
		<node ID="1.114" type="FN">
			<attributes/>
			<edge toID="1.115" type="R">
				<attributes/>
			</edge>
			<edge toID="1.117" type="C">
				<attributes/>
			</edge>
		</node>
		<node ID="1.182" type="FN">
			<attributes/>
			<edge toID="0.77" type="Terminal">
				<attributes/>
			</edge>
		</node>
		<node ID="1.184" type="FN">
			<attributes/>
			<edge toID="0.78" type="Terminal">
				<attributes/>
			</edge>
		</node>
		<node ID="1.186" type="FN">
			<attributes/>
			<edge toID="0.79" type="Terminal">
				<attributes/>
			</edge>
		</node>
		<node ID="1.188" type="FN">
			<attributes/>
			<edge toID="0.80" type="Terminal">
				<attributes/>
			</edge>
		</node>
		<node ID="1.191" type="FN">
			<attributes/>
			<edge toID="0.81" type="Terminal">
				<attributes/>
			</edge>
		</node>
		<node ID="1.193" type="FN">
			<attributes/>
			<edge toID="0.82" type="Terminal">
				<attributes/>
			</edge>
		</node>
		<node ID="1.195" type="FN">
			<attributes/>
			<edge toID="0.83" type="Terminal">
				<attributes/>
			</edge>
		</node>
		<node ID="1.198" type="FN">
			<attributes/>
			<edge toID="0.84" type="Terminal">
				<attributes/>
			</edge>
		</node>
		<node ID="1.200" type="FN">
			<attributes/>
			<edge toID="0.85" type="Terminal">
				<attributes/>
			</edge>
		</node>
		<node ID="1.202" type="FN">
			<attributes/>
			<edge toID="0.86" type="Terminal">
				<attributes/>
			</edge>
		</node>
		<node ID="1.59" type="FN">
			<attributes/>
			<edge toID="0.23" type="Terminal">
				<attributes/>
			</edge>
		</node>
		<node ID="1.61" type="FN">
			<attributes/>
			<edge toID="0.24" type="Terminal">
				<attributes/>
			</edge>
		</node>
		<node ID="1.63" type="FN">
			<attributes/>
			<edge toID="0.25" type="Terminal">
				<attributes/>
			</edge>
		</node>
		<node ID="1.65" type="FN">
			<attributes/>
			<edge toID="0.26" type="Terminal">
				<attributes/>
			</edge>
		</node>
		<node ID="1.73" type="FN">
			<attributes/>
			<edge toID="0.30" type="Terminal">
				<attributes/>
			</edge>
		</node>
		<node ID="1.75" type="FN">
			<attributes/>
			<edge toID="0.31" type="Terminal">
				<attributes/>
			</edge>
		</node>
		<node ID="1.77" type="FN">
			<attributes/>
			<edge toID="1.78" type="R">
				<attributes/>
			</edge>
			<edge toID="1.80" type="C">
				<attributes/>
			</edge>
		</node>
		<node ID="1.108" type="FN">
			<attributes/>
			<edge toID="0.45" type="Terminal">
				<attributes/>
			</edge>
		</node>
		<node ID="1.110" type="FN">
			<attributes/>
			<edge toID="0.46" type="Terminal">
				<attributes/>
			</edge>
		</node>
		<node ID="1.115" type="FN">
			<attributes/>
			<edge toID="0.48" type="Terminal">
				<attributes/>
			</edge>
		</node>
		<node ID="1.117" type="FN">
			<attributes/>
			<edge toID="0.49" type="Terminal">
				<attributes/>
			</edge>
		</node>
		<node ID="1.78" type="FN">
			<attributes/>
			<edge toID="0.32" type="Terminal">
				<attributes/>
			</edge>
		</node>
		<node ID="1.80" type="FN">
			<attributes/>
			<edge toID="0.33" type="Terminal">
				<attributes/>
			</edge>
			<edge toID="0.34" type="Terminal">
				<attributes/>
			</edge>
		</node>
	</layer>
</root>

