<root annotationID="0" passageID="826009">
	<attributes/>
	<layer layerID="0">
		<attributes/>
		<node ID="0.1" type="Punctuation">
			<attributes paragraph="1" paragraph_position="1" text='"'/>
		</node>
		<node ID="0.2" type="Punctuation">
			<attributes paragraph="1" paragraph_position="2" text='"'/>
		</node>
		<node ID="0.3" type="Word">
			<attributes paragraph="1" paragraph_position="3" text="What"/>
		</node>
		<node ID="0.4" type="Word">
			<attributes paragraph="1" paragraph_position="4" text="about"/>
		</node>
		<node ID="0.5" type="Word">
			<attributes paragraph="1" paragraph_position="5" text="master"/>
		</node>
		<node ID="0.6" type="Word">
			<attributes paragraph="1" paragraph_position="6" text="'s"/>
		</node>
		<node ID="0.7" type="Word">
			<attributes paragraph="1" paragraph_position="7" text="live"/>
		</node>
		<node ID="0.8" type="Word">
			<attributes paragraph="1" paragraph_position="8" text="babirusa"/>
		</node>
		<node ID="0.9" type="Punctuation">
			<attributes paragraph="1" paragraph_position="9" text="?"/>
		</node>
	</layer>
	<layer layerID="1">
		<attributes/>
		<node ID="1.1" type="FN">
			<attributes/>
			<edge toID="1.2" type="H">
				<attributes/>
			</edge>
		</node>
		<node ID="1.2" type="FN">
			<attributes/>
			<edge toID="1.3" type="U">
				<attributes/>
			</edge>
			<edge toID="1.5" type="U">
				<attributes/>
			</edge>
			<edge toID="1.7" type="A">
				<attributes/>
			</edge>
		</node>
		<node ID="1.3" type="FN">
			<attributes/>
			<edge toID="0.1" type="Terminal">
				<attributes/>
			</edge>
		</node>
		<node ID="1.5" type="FN">
			<attributes/>
			<edge toID="0.2" type="Terminal">
				<attributes/>
			</edge>
		</node>
		<node ID="1.7" type="FN">
			<attributes/>
			<edge toID="1.8" type="F">
				<attributes/>
			</edge>
			<edge toID="1.10" type="P">
				<attributes/>
			</edge>
			<edge toID="1.12" type="A">
				<attributes/>
			</edge>
		</node>
		<node ID="1.8" type="FN">
			<attributes/>
			<edge toID="0.3" type="Terminal">
				<attributes/>
			</edge>
		</node>
		<node ID="1.10" type="FN">
			<attributes/>
			<edge toID="0.4" type="Terminal">
				<attributes/>
			</edge>
		</node>
		<node ID="1.12" type="FN">
			<attributes/>
			<edge toID="1.13" type="E">
				<attributes/>
			</edge>
			<edge toID="1.18" type="E">
				<attributes/>
			</edge>
			<edge toID="1.20" type="C">
				<attributes/>
			</edge>
			<edge toID="1.22" type="U">
				<attributes/>
			</edge>
		</node>
		<node ID="1.13" type="FN">
			<attributes/>
			<edge toID="1.14" type="C">
				<attributes/>
			</edge>
			<edge toID="1.16" type="R">
				<attributes/>
			</edge>
		</node>
		<node ID="1.18" type="FN">
			<attributes/>
			<edge toID="0.7" type="Terminal">
				<attributes/>
			</edge>
		</node>
		<node ID="1.20" type="FN">
			<attributes/>
			<edge toID="0.8" type="Terminal">
				<attributes/>
			</edge>
		</node>
		<node ID="1.22" type="FN">
			<attributes/>
			<edge toID="0.9" type="Terminal">
				<attributes/>
			</edge>
		</node>
		<node ID="1.14" type="FN">
			<attributes/>
			<edge toID="0.5" type="Terminal">
				<attributes/>
			</edge>
		</node>
		<node ID="1.16" type="FN">
			<attributes/>
			<edge toID="0.6" type="Terminal">
				<attributes/>
			</edge>
		</node>
	</layer>
</root>

