<root annotationID="0" passageID="840000">
	<attributes/>
	<layer layerID="0">
		<attributes/>
		<node ID="0.1" type="Word">
			<attributes paragraph="1" paragraph_position="1" text="But"/>
		</node>
		<node ID="0.2" type="Word">
			<attributes paragraph="1" paragraph_position="2" text="Commander"/>
		</node>
		<node ID="0.3" type="Word">
			<attributes paragraph="1" paragraph_position="3" text="Farragut"/>
		</node>
		<node ID="0.4" type="Word">
			<attributes paragraph="1" paragraph_position="4" text="did"/>
		</node>
		<node ID="0.5" type="Word">
			<attributes paragraph="1" paragraph_position="5" text="n't"/>
		</node>
		<node ID="0.6" type="Word">
			<attributes paragraph="1" paragraph_position="6" text="want"/>
		</node>
		<node ID="0.7" type="Word">
			<attributes paragraph="1" paragraph_position="7" text="to"/>
		</node>
		<node ID="0.8" type="Word">
			<attributes paragraph="1" paragraph_position="8" text="waste"/>
		</node>
		<node ID="0.9" type="Word">
			<attributes paragraph="1" paragraph_position="9" text="a"/>
		</node>
		<node ID="0.10" type="Word">
			<attributes paragraph="1" paragraph_position="10" text="single"/>
		</node>
		<node ID="0.11" type="Word">
			<attributes paragraph="1" paragraph_position="11" text="day"/>
		</node>
		<node ID="0.12" type="Punctuation">
			<attributes paragraph="1" paragraph_position="12" text=","/>
		</node>
		<node ID="0.13" type="Word">
			<attributes paragraph="1" paragraph_position="13" text="or"/>
		</node>
		<node ID="0.14" type="Word">
			<attributes paragraph="1" paragraph_position="14" text="even"/>
		</node>
		<node ID="0.15" type="Word">
			<attributes paragraph="1" paragraph_position="15" text="a"/>
		</node>
		<node ID="0.16" type="Word">
			<attributes paragraph="1" paragraph_position="16" text="single"/>
		</node>
		<node ID="0.17" type="Word">
			<attributes paragraph="1" paragraph_position="17" text="hour"/>
		</node>
		<node ID="0.18" type="Punctuation">
			<attributes paragraph="1" paragraph_position="18" text=","/>
		</node>
		<node ID="0.19" type="Word">
			<attributes paragraph="1" paragraph_position="19" text="in"/>
		</node>
		<node ID="0.20" type="Word">
			<attributes paragraph="1" paragraph_position="20" text="making"/>
		</node>
		<node ID="0.21" type="Word">
			<attributes paragraph="1" paragraph_position="21" text="for"/>
		</node>
		<node ID="0.22" type="Word">
			<attributes paragraph="1" paragraph_position="22" text="those"/>
		</node>
		<node ID="0.23" type="Word">
			<attributes paragraph="1" paragraph_position="23" text="seas"/>
		</node>
		<node ID="0.24" type="Word">
			<attributes paragraph="1" paragraph_position="24" text="where"/>
		</node>
		<node ID="0.25" type="Word">
			<attributes paragraph="1" paragraph_position="25" text="the"/>
		</node>
		<node ID="0.26" type="Word">
			<attributes paragraph="1" paragraph_position="26" text="animal"/>
		</node>
		<node ID="0.27" type="Word">
			<attributes paragraph="1" paragraph_position="27" text="had"/>
		</node>
		<node ID="0.28" type="Word">
			<attributes paragraph="1" paragraph_position="28" text="just"/>
		</node>
		<node ID="0.29" type="Word">
			<attributes paragraph="1" paragraph_position="29" text="been"/>
		</node>
		<node ID="0.30" type="Word">
			<attributes paragraph="1" paragraph_position="30" text="sighted"/>
		</node>
		<node ID="0.31" type="Punctuation">
			<attributes paragraph="1" paragraph_position="31" text="."/>
		</node>
	</layer>
	<layer layerID="1">
		<attributes/>
		<node ID="1.1" type="FN">
			<attributes/>
			<edge toID="1.2" type="L">
				<attributes/>
			</edge>
			<edge toID="1.4" type="H">
				<attributes/>
			</edge>
			<edge toID="1.26" type="U">
				<attributes/>
			</edge>
			<edge toID="1.28" type="L">
				<attributes/>
			</edge>
			<edge toID="1.33" type="H">
				<attributes/>
			</edge>
			<edge toID="1.41" type="U">
				<attributes/>
			</edge>
			<edge toID="1.43" type="L">
				<attributes/>
			</edge>
			<edge toID="1.45" type="H">
				<attributes/>
			</edge>
		</node>
		<node ID="1.2" type="FN">
			<attributes/>
			<edge toID="0.1" type="Terminal">
				<attributes/>
			</edge>
		</node>
		<node ID="1.4" type="FN">
			<attributes/>
			<edge toID="1.5" type="A">
				<attributes/>
			</edge>
			<edge toID="1.8" type="F">
				<attributes/>
			</edge>
			<edge toID="1.10" type="D">
				<attributes/>
			</edge>
			<edge toID="1.12" type="P">
				<attributes/>
			</edge>
			<edge toID="1.14" type="A">
				<attributes/>
			</edge>
		</node>
		<node ID="1.26" type="FN">
			<attributes/>
			<edge toID="0.12" type="Terminal">
				<attributes/>
			</edge>
		</node>
		<node ID="1.28" type="FN">
			<attributes/>
			<edge toID="1.29" type="R">
				<attributes/>
			</edge>
			<edge toID="1.31" type="C">
				<attributes/>
			</edge>
		</node>
		<node ID="1.33" type="FN">
			<attributes/>
			<edge toID="1.34" type="D">
				<attributes/>
			</edge>
			<edge toID="1.39" type="P">
				<attributes/>
			</edge>
		</node>
		<node ID="1.41" type="FN">
			<attributes/>
			<edge toID="0.18" type="Terminal">
				<attributes/>
			</edge>
		</node>
		<node ID="1.43" type="FN">
			<attributes/>
			<edge toID="0.19" type="Terminal">
				<attributes/>
			</edge>
		</node>
		<node ID="1.45" type="FN">
			<attributes/>
			<edge toID="1.46" type="P">
				<attributes/>
			</edge>
			<edge toID="1.48" type="A">
				<attributes/>
			</edge>
		</node>
		<node ID="1.5" type="FN">
			<attributes/>
			<edge toID="0.2" type="Terminal">
				<attributes/>
			</edge>
			<edge toID="0.3" type="Terminal">
				<attributes/>
			</edge>
		</node>
		<node ID="1.8" type="FN">
			<attributes/>
			<edge toID="0.4" type="Terminal">
				<attributes/>
			</edge>
		</node>
		<node ID="1.10" type="FN">
			<attributes/>
			<edge toID="0.5" type="Terminal">
				<attributes/>
			</edge>
		</node>
		<node ID="1.12" type="FN">
			<attributes/>
			<edge toID="0.6" type="Terminal">
				<attributes/>
			</edge>
		</node>
		<node ID="1.14" type="FN">
			<attributes/>
			<edge toID="1.15" type="F">
				<attributes/>
			</edge>
			<edge toID="1.17" type="P">
				<attributes/>
			</edge>
			<edge toID="1.19" type="A">
				<attributes/>
			</edge>
		</node>
		<node ID="1.29" type="FN">
			<attributes/>
			<edge toID="0.13" type="Terminal">
				<attributes/>
			</edge>
		</node>
		<node ID="1.31" type="FN">
			<attributes/>
			<edge toID="0.14" type="Terminal">
				<attributes/>
			</edge>
		</node>
		<node ID="1.34" type="FN">
			<attributes/>
			<edge toID="1.35" type="E">
				<attributes/>
			</edge>
			<edge toID="1.37" type="C">
				<attributes/>
			</edge>
		</node>
		<node ID="1.39" type="FN">
			<attributes/>
			<edge toID="0.17" type="Terminal">
				<attributes/>
			</edge>
		</node>
		<node ID="1.46" type="FN">
			<attributes/>
			<edge toID="0.20" type="Terminal">
				<attributes/>
			</edge>
		</node>
		<node ID="1.48" type="FN">
			<attributes/>
			<edge toID="1.49" type="R">
				<attributes/>
			</edge>
			<edge toID="1.51" type="E">
				<attributes/>
			</edge>
			<edge toID="1.53" type="C">
				<attributes/>
			</edge>
			<edge toID="1.55" type="E">
				<attributes/>
			</edge>
		</node>
		<node ID="1.15" type="FN">
			<attributes/>
			<edge toID="0.7" type="Terminal">
				<attributes/>
			</edge>
		</node>
		<node ID="1.17" type="FN">
			<attributes/>
			<edge toID="0.8" type="Terminal">
				<attributes/>
			</edge>
		</node>
		<node ID="1.19" type="FN">
			<attributes/>
			<edge toID="1.20" type="E">
				<attributes/>
			</edge>
			<edge toID="1.22" type="E">
				<attributes/>
			</edge>
			<edge toID="1.24" type="C">
				<attributes/>
			</edge>
		</node>
		<node ID="1.35" type="FN">
			<attributes/>
			<edge toID="0.15" type="Terminal">
				<attributes/>
			</edge>
		</node>
		<node ID="1.37" type="FN">
			<attributes/>
			<edge toID="0.16" type="Terminal">
				<attributes/>
			</edge>
		</node>
		<node ID="1.49" type="FN">
			<attributes/>
			<edge toID="0.21" type="Terminal">
				<attributes/>
			</edge>
		</node>
		<node ID="1.51" type="FN">
			<attributes/>
			<edge toID="0.22" type="Terminal">
				<attributes/>
			</edge>
		</node>
		<node ID="1.53" type="FN">
			<attributes/>
			<edge toID="0.23" type="Terminal">
				<attributes/>
			</edge>
		</node>
		<node ID="1.55" type="FN">
			<attributes/>
			<edge toID="1.53" type="A">
				<attributes remote="True"/>
			</edge>
			<edge toID="1.57" type="F">
				<attributes/>
			</edge>
			<edge toID="1.59" type="A">
				<attributes/>
			</edge>
			<edge toID="1.64" type="F">
				<attributes/>
			</edge>
			<edge toID="1.66" type="D">
				<attributes/>
			</edge>
			<edge toID="1.68" type="F">
				<attributes/>
			</edge>
			<edge toID="1.70" type="P">
				<attributes/>
			</edge>
			<edge toID="1.72" type="U">
				<attributes/>
			</edge>
		</node>
		<node ID="1.20" type="FN">
			<attributes/>
			<edge toID="0.9" type="Terminal">
				<attributes/>
			</edge>
		</node>
		<node ID="1.22" type="FN">
			<attributes/>
			<edge toID="0.10" type="Terminal">
				<attributes/>
			</edge>
		</node>
		<node ID="1.24" type="FN">
			<attributes/>
			<edge toID="0.11" type="Terminal">
				<attributes/>
			</edge>
		</node>
		<node ID="1.57" type="FN">
			<attributes/>
			<edge toID="0.24" type="Terminal">
				<attributes/>
			</edge>
		</node>
		<node ID="1.59" type="FN">
			<attributes/>
			<edge toID="1.60" type="E">
				<attributes/>
			</edge>
			<edge toID="1.62" type="C">
				<attributes/>
			</edge>
		</node>
		<node ID="1.64" type="FN">
			<attributes/>
			<edge toID="0.27" type="Terminal">
				<attributes/>
			</edge>
		</node>
		<node ID="1.66" type="FN">
			<attributes/>
			<edge toID="0.28" type="Terminal">
				<attributes/>
			</edge>
		</node>
		<node ID="1.68" type="FN">
			<attributes/>
			<edge toID="0.29" type="Terminal">
				<attributes/>
			</edge>
		</node>
		<node ID="1.70" type="FN">
			<attributes/>
			<edge toID="0.30" type="Terminal">
				<attributes/>
			</edge>
		</node>
		<node ID="1.72" type="FN">
			<attributes/>
			<edge toID="0.31" type="Terminal">
				<attributes/>
			</edge>
		</node>
		<node ID="1.60" type="FN">
			<attributes/>
			<edge toID="0.25" type="Terminal">
				<attributes/>
			</edge>
		</node>
		<node ID="1.62" type="FN">
			<attributes/>
			<edge toID="0.26" type="Terminal">
				<attributes/>
			</edge>
		</node>
	</layer>
</root>

