<root annotationID="0" passageID="894001">
	<attributes/>
	<layer layerID="0">
		<attributes/>
		<node ID="0.1" type="Word">
			<attributes paragraph="1" paragraph_position="1" text="Quite"/>
		</node>
		<node ID="0.2" type="Word">
			<attributes paragraph="1" paragraph_position="2" text="naturally"/>
		</node>
		<node ID="0.3" type="Punctuation">
			<attributes paragraph="1" paragraph_position="3" text=","/>
		</node>
		<node ID="0.4" type="Word">
			<attributes paragraph="1" paragraph_position="4" text="I"/>
		</node>
		<node ID="0.5" type="Word">
			<attributes paragraph="1" paragraph_position="5" text="led"/>
		</node>
		<node ID="0.6" type="Word">
			<attributes paragraph="1" paragraph_position="6" text="our"/>
		</node>
		<node ID="0.7" type="Word">
			<attributes paragraph="1" paragraph_position="7" text="conversation"/>
		</node>
		<node ID="0.8" type="Word">
			<attributes paragraph="1" paragraph_position="8" text="around"/>
		</node>
		<node ID="0.9" type="Word">
			<attributes paragraph="1" paragraph_position="9" text="to"/>
		</node>
		<node ID="0.10" type="Word">
			<attributes paragraph="1" paragraph_position="10" text="the"/>
		</node>
		<node ID="0.11" type="Word">
			<attributes paragraph="1" paragraph_position="11" text="giant"/>
		</node>
		<node ID="0.12" type="Word">
			<attributes paragraph="1" paragraph_position="12" text="unicorn"/>
		</node>
		<node ID="0.13" type="Punctuation">
			<attributes paragraph="1" paragraph_position="13" text=","/>
		</node>
		<node ID="0.14" type="Word">
			<attributes paragraph="1" paragraph_position="14" text="and"/>
		</node>
		<node ID="0.15" type="Word">
			<attributes paragraph="1" paragraph_position="15" text="I"/>
		</node>
		<node ID="0.16" type="Word">
			<attributes paragraph="1" paragraph_position="16" text="weighed"/>
		</node>
		<node ID="0.17" type="Word">
			<attributes paragraph="1" paragraph_position="17" text="our"/>
		</node>
		<node ID="0.18" type="Word">
			<attributes paragraph="1" paragraph_position="18" text="expedition"/>
		</node>
		<node ID="0.19" type="Word">
			<attributes paragraph="1" paragraph_position="19" text="'s"/>
		</node>
		<node ID="0.20" type="Word">
			<attributes paragraph="1" paragraph_position="20" text="various"/>
		</node>
		<node ID="0.21" type="Word">
			<attributes paragraph="1" paragraph_position="21" text="chances"/>
		</node>
		<node ID="0.22" type="Word">
			<attributes paragraph="1" paragraph_position="22" text="for"/>
		</node>
		<node ID="0.23" type="Word">
			<attributes paragraph="1" paragraph_position="23" text="success"/>
		</node>
		<node ID="0.24" type="Word">
			<attributes paragraph="1" paragraph_position="24" text="or"/>
		</node>
		<node ID="0.25" type="Word">
			<attributes paragraph="1" paragraph_position="25" text="failure"/>
		</node>
		<node ID="0.26" type="Punctuation">
			<attributes paragraph="1" paragraph_position="26" text="."/>
		</node>
	</layer>
	<layer layerID="1">
		<attributes/>
		<node ID="1.1" type="FN">
			<attributes/>
			<edge toID="1.2" type="H">
				<attributes/>
			</edge>
			<edge toID="1.30" type="U">
				<attributes/>
			</edge>
			<edge toID="1.32" type="L">
				<attributes/>
			</edge>
			<edge toID="1.34" type="H">
				<attributes/>
			</edge>
		</node>
		<node ID="1.2" type="FN">
			<attributes/>
			<edge toID="1.3" type="D">
				<attributes/>
			</edge>
			<edge toID="1.8" type="U">
				<attributes/>
			</edge>
			<edge toID="1.10" type="A">
				<attributes/>
			</edge>
			<edge toID="1.12" type="P">
				<attributes/>
			</edge>
			<edge toID="1.14" type="A">
				<attributes/>
			</edge>
			<edge toID="1.19" type="D">
				<attributes/>
			</edge>
			<edge toID="1.21" type="A">
				<attributes/>
			</edge>
		</node>
		<node ID="1.30" type="FN">
			<attributes/>
			<edge toID="0.13" type="Terminal">
				<attributes/>
			</edge>
		</node>
		<node ID="1.32" type="FN">
			<attributes/>
			<edge toID="0.14" type="Terminal">
				<attributes/>
			</edge>
		</node>
		<node ID="1.34" type="FN">
			<attributes/>
			<edge toID="1.35" type="A">
				<attributes/>
			</edge>
			<edge toID="1.37" type="P">
				<attributes/>
			</edge>
			<edge toID="1.39" type="A">
				<attributes/>
			</edge>
		</node>
		<node ID="1.3" type="FN">
			<attributes/>
			<edge toID="1.4" type="E">
				<attributes/>
			</edge>
			<edge toID="1.6" type="C">
				<attributes/>
			</edge>
		</node>
		<node ID="1.8" type="FN">
			<attributes/>
			<edge toID="0.3" type="Terminal">
				<attributes/>
			</edge>
		</node>
		<node ID="1.10" type="FN">
			<attributes/>
			<edge toID="0.4" type="Terminal">
				<attributes/>
			</edge>
		</node>
		<node ID="1.12" type="FN">
			<attributes/>
			<edge toID="0.5" type="Terminal">
				<attributes/>
			</edge>
		</node>
		<node ID="1.14" type="FN">
			<attributes/>
			<edge toID="1.15" type="E">
				<attributes/>
			</edge>
			<edge toID="1.17" type="C">
				<attributes/>
			</edge>
		</node>
		<node ID="1.19" type="FN">
			<attributes/>
			<edge toID="0.8" type="Terminal">
				<attributes/>
			</edge>
		</node>
		<node ID="1.21" type="FN">
			<attributes/>
			<edge toID="1.22" type="R">
				<attributes/>
			</edge>
			<edge toID="1.24" type="E">
				<attributes/>
			</edge>
			<edge toID="1.26" type="E">
				<attributes/>
			</edge>
			<edge toID="1.28" type="C">
				<attributes/>
			</edge>
		</node>
		<node ID="1.35" type="FN">
			<attributes/>
			<edge toID="0.15" type="Terminal">
				<attributes/>
			</edge>
		</node>
		<node ID="1.37" type="FN">
			<attributes/>
			<edge toID="0.16" type="Terminal">
				<attributes/>
			</edge>
		</node>
		<node ID="1.39" type="FN">
			<attributes/>
			<edge toID="1.40" type="E">
				<attributes/>
			</edge>
			<edge toID="1.47" type="E">
				<attributes/>
			</edge>
			<edge toID="1.49" type="C">
				<attributes/>
			</edge>
			<edge toID="1.51" type="E">
				<attributes/>
			</edge>
		</node>
		<node ID="1.4" type="FN">
			<attributes/>
			<edge toID="0.1" type="Terminal">
				<attributes/>
			</edge>
		</node>
		<node ID="1.6" type="FN">
			<attributes/>
			<edge toID="0.2" type="Terminal">
				<attributes/>
			</edge>
		</node>
		<node ID="1.15" type="FN">
			<attributes/>
			<edge toID="0.6" type="Terminal">
				<attributes/>
			</edge>
		</node>
		<node ID="1.17" type="FN">
			<attributes/>
			<edge toID="0.7" type="Terminal">
				<attributes/>
			</edge>
		</node>
		<node ID="1.22" type="FN">
			<attributes/>
			<edge toID="0.9" type="Terminal">
				<attributes/>
			</edge>
		</node>
		<node ID="1.24" type="FN">
			<attributes/>
			<edge toID="0.10" type="Terminal">
				<attributes/>
			</edge>
		</node>
		<node ID="1.26" type="FN">
			<attributes/>
			<edge toID="0.11" type="Terminal">
				<attributes/>
			</edge>
		</node>
		<node ID="1.28" type="FN">
			<attributes/>
			<edge toID="0.12" type="Terminal">
				<attributes/>
			</edge>
		</node>
		<node ID="1.40" type="FN">
			<attributes/>
			<edge toID="1.41" type="E">
				<attributes/>
			</edge>
			<edge toID="1.43" type="C">
				<attributes/>
			</edge>
			<edge toID="1.45" type="R">
				<attributes/>
			</edge>
		</node>
		<node ID="1.47" type="FN">
			<attributes/>
			<edge toID="0.20" type="Terminal">
				<attributes/>
			</edge>
		</node>
		<node ID="1.49" type="FN">
			<attributes/>
			<edge toID="0.21" type="Terminal">
				<attributes/>
			</edge>
		</node>
		<node ID="1.51" type="FN">
			<attributes/>
			<edge toID="1.52" type="R">
				<attributes/>
			</edge>
			<edge toID="1.54" type="C">
				<attributes/>
			</edge>
		</node>
		<node ID="1.41" type="FN">
			<attributes/>
			<edge toID="0.17" type="Terminal">
				<attributes/>
			</edge>
		</node>
		<node ID="1.43" type="FN">
			<attributes/>
			<edge toID="0.18" type="Terminal">
				<attributes/>
			</edge>
		</node>
		<node ID="1.45" type="FN">
			<attributes/>
			<edge toID="0.19" type="Terminal">
				<attributes/>
			</edge>
		</node>
		<node ID="1.52" type="FN">
			<attributes/>
			<edge toID="0.22" type="Terminal">
				<attributes/>
			</edge>
		</node>
		<node ID="1.54" type="FN">
			<attributes/>
			<edge toID="1.55" type="C">
				<attributes/>
			</edge>
			<edge toID="1.57" type="N">
				<attributes/>
			</edge>
			<edge toID="1.59" type="C">
				<attributes/>
			</edge>
			<edge toID="1.61" type="U">
				<attributes/>
			</edge>
		</node>
		<node ID="1.55" type="FN">
			<attributes/>
			<edge toID="0.23" type="Terminal">
				<attributes/>
			</edge>
		</node>
		<node ID="1.57" type="FN">
			<attributes/>
			<edge toID="0.24" type="Terminal">
				<attributes/>
			</edge>
		</node>
		<node ID="1.59" type="FN">
			<attributes/>
			<edge toID="0.25" type="Terminal">
				<attributes/>
			</edge>
		</node>
		<node ID="1.61" type="FN">
			<attributes/>
			<edge toID="0.26" type="Terminal">
				<attributes/>
			</edge>
		</node>
	</layer>
</root>

