<root annotationID="0" passageID="905006">
	<attributes/>
	<layer layerID="0">
		<attributes/>
		<node ID="0.1" type="Punctuation">
			<attributes paragraph="1" paragraph_position="1" text='"'/>
		</node>
		<node ID="0.2" type="Punctuation">
			<attributes paragraph="1" paragraph_position="2" text='"'/>
		</node>
		<node ID="0.3" type="Word">
			<attributes paragraph="1" paragraph_position="3" text="Precisely"/>
		</node>
		<node ID="0.4" type="Punctuation">
			<attributes paragraph="1" paragraph_position="4" text=","/>
		</node>
		<node ID="0.5" type="Word">
			<attributes paragraph="1" paragraph_position="5" text="Ned"/>
		</node>
		<node ID="0.6" type="Punctuation">
			<attributes paragraph="1" paragraph_position="6" text="."/>
		</node>
		<node ID="0.7" type="Word">
			<attributes paragraph="1" paragraph_position="7" text="So"/>
		</node>
		<node ID="0.8" type="Word">
			<attributes paragraph="1" paragraph_position="8" text="at"/>
		</node>
		<node ID="0.9" type="Word">
			<attributes paragraph="1" paragraph_position="9" text="thirty"/>
		</node>
		<node ID="0.10" type="Punctuation">
			<attributes paragraph="1" paragraph_position="10" text="-"/>
		</node>
		<node ID="0.11" type="Word">
			<attributes paragraph="1" paragraph_position="11" text="two"/>
		</node>
		<node ID="0.12" type="Word">
			<attributes paragraph="1" paragraph_position="12" text="feet"/>
		</node>
		<node ID="0.13" type="Word">
			<attributes paragraph="1" paragraph_position="13" text="beneath"/>
		</node>
		<node ID="0.14" type="Word">
			<attributes paragraph="1" paragraph_position="14" text="the"/>
		</node>
		<node ID="0.15" type="Word">
			<attributes paragraph="1" paragraph_position="15" text="surface"/>
		</node>
		<node ID="0.16" type="Word">
			<attributes paragraph="1" paragraph_position="16" text="of"/>
		</node>
		<node ID="0.17" type="Word">
			<attributes paragraph="1" paragraph_position="17" text="the"/>
		</node>
		<node ID="0.18" type="Word">
			<attributes paragraph="1" paragraph_position="18" text="sea"/>
		</node>
		<node ID="0.19" type="Punctuation">
			<attributes paragraph="1" paragraph_position="19" text=","/>
		</node>
		<node ID="0.20" type="Word">
			<attributes paragraph="1" paragraph_position="20" text="you"/>
		</node>
		<node ID="0.21" type="Word">
			<attributes paragraph="1" paragraph_position="21" text="'ll"/>
		</node>
		<node ID="0.22" type="Word">
			<attributes paragraph="1" paragraph_position="22" text="undergo"/>
		</node>
		<node ID="0.23" type="Word">
			<attributes paragraph="1" paragraph_position="23" text="a"/>
		</node>
		<node ID="0.24" type="Word">
			<attributes paragraph="1" paragraph_position="24" text="pressure"/>
		</node>
		<node ID="0.25" type="Word">
			<attributes paragraph="1" paragraph_position="25" text="of"/>
		</node>
		<node ID="0.26" type="Word">
			<attributes paragraph="1" paragraph_position="26" text="17,568"/>
		</node>
		<node ID="0.27" type="Word">
			<attributes paragraph="1" paragraph_position="27" text="kilograms"/>
		</node>
		<node ID="0.28" type="Punctuation">
			<attributes paragraph="1" paragraph_position="28" text=";"/>
		</node>
		<node ID="0.29" type="Word">
			<attributes paragraph="1" paragraph_position="29" text="at"/>
		</node>
		<node ID="0.30" type="Word">
			<attributes paragraph="1" paragraph_position="30" text="320"/>
		</node>
		<node ID="0.31" type="Word">
			<attributes paragraph="1" paragraph_position="31" text="feet"/>
		</node>
		<node ID="0.32" type="Punctuation">
			<attributes paragraph="1" paragraph_position="32" text=","/>
		</node>
		<node ID="0.33" type="Word">
			<attributes paragraph="1" paragraph_position="33" text="or"/>
		</node>
		<node ID="0.34" type="Word">
			<attributes paragraph="1" paragraph_position="34" text="ten"/>
		</node>
		<node ID="0.35" type="Word">
			<attributes paragraph="1" paragraph_position="35" text="times"/>
		</node>
		<node ID="0.36" type="Word">
			<attributes paragraph="1" paragraph_position="36" text="greater"/>
		</node>
		<node ID="0.37" type="Word">
			<attributes paragraph="1" paragraph_position="37" text="pressure"/>
		</node>
		<node ID="0.38" type="Punctuation">
			<attributes paragraph="1" paragraph_position="38" text=","/>
		</node>
		<node ID="0.39" type="Word">
			<attributes paragraph="1" paragraph_position="39" text="it"/>
		</node>
		<node ID="0.40" type="Word">
			<attributes paragraph="1" paragraph_position="40" text="'s"/>
		</node>
		<node ID="0.41" type="Word">
			<attributes paragraph="1" paragraph_position="41" text="175,680"/>
		</node>
		<node ID="0.42" type="Word">
			<attributes paragraph="1" paragraph_position="42" text="kilograms"/>
		</node>
		<node ID="0.43" type="Punctuation">
			<attributes paragraph="1" paragraph_position="43" text=";"/>
		</node>
		<node ID="0.44" type="Word">
			<attributes paragraph="1" paragraph_position="44" text="at"/>
		</node>
		<node ID="0.45" type="Word">
			<attributes paragraph="1" paragraph_position="45" text="3,200"/>
		</node>
		<node ID="0.46" type="Word">
			<attributes paragraph="1" paragraph_position="46" text="feet"/>
		</node>
		<node ID="0.47" type="Punctuation">
			<attributes paragraph="1" paragraph_position="47" text=","/>
		</node>
		<node ID="0.48" type="Word">
			<attributes paragraph="1" paragraph_position="48" text="or"/>
		</node>
		<node ID="0.49" type="Word">
			<attributes paragraph="1" paragraph_position="49" text="100"/>
		</node>
		<node ID="0.50" type="Word">
			<attributes paragraph="1" paragraph_position="50" text="times"/>
		</node>
		<node ID="0.51" type="Word">
			<attributes paragraph="1" paragraph_position="51" text="greater"/>
		</node>
		<node ID="0.52" type="Word">
			<attributes paragraph="1" paragraph_position="52" text="pressure"/>
		</node>
		<node ID="0.53" type="Punctuation">
			<attributes paragraph="1" paragraph_position="53" text=","/>
		</node>
		<node ID="0.54" type="Word">
			<attributes paragraph="1" paragraph_position="54" text="it"/>
		</node>
		<node ID="0.55" type="Word">
			<attributes paragraph="1" paragraph_position="55" text="'s"/>
		</node>
		<node ID="0.56" type="Word">
			<attributes paragraph="1" paragraph_position="56" text="1,756,800"/>
		</node>
		<node ID="0.57" type="Word">
			<attributes paragraph="1" paragraph_position="57" text="kilograms"/>
		</node>
		<node ID="0.58" type="Punctuation">
			<attributes paragraph="1" paragraph_position="58" text=";"/>
		</node>
		<node ID="0.59" type="Word">
			<attributes paragraph="1" paragraph_position="59" text="finally"/>
		</node>
		<node ID="0.60" type="Punctuation">
			<attributes paragraph="1" paragraph_position="60" text=","/>
		</node>
		<node ID="0.61" type="Word">
			<attributes paragraph="1" paragraph_position="61" text="at"/>
		</node>
		<node ID="0.62" type="Word">
			<attributes paragraph="1" paragraph_position="62" text="32,000"/>
		</node>
		<node ID="0.63" type="Word">
			<attributes paragraph="1" paragraph_position="63" text="feet"/>
		</node>
		<node ID="0.64" type="Punctuation">
			<attributes paragraph="1" paragraph_position="64" text=","/>
		</node>
		<node ID="0.65" type="Word">
			<attributes paragraph="1" paragraph_position="65" text="or"/>
		</node>
		<node ID="0.66" type="Word">
			<attributes paragraph="1" paragraph_position="66" text="1,000"/>
		</node>
		<node ID="0.67" type="Word">
			<attributes paragraph="1" paragraph_position="67" text="times"/>
		</node>
		<node ID="0.68" type="Word">
			<attributes paragraph="1" paragraph_position="68" text="greater"/>
		</node>
		<node ID="0.69" type="Word">
			<attributes paragraph="1" paragraph_position="69" text="pressure"/>
		</node>
		<node ID="0.70" type="Punctuation">
			<attributes paragraph="1" paragraph_position="70" text=","/>
		</node>
		<node ID="0.71" type="Word">
			<attributes paragraph="1" paragraph_position="71" text="it"/>
		</node>
		<node ID="0.72" type="Word">
			<attributes paragraph="1" paragraph_position="72" text="'s"/>
		</node>
		<node ID="0.73" type="Word">
			<attributes paragraph="1" paragraph_position="73" text="17,568,000"/>
		</node>
		<node ID="0.74" type="Word">
			<attributes paragraph="1" paragraph_position="74" text="kilograms"/>
		</node>
		<node ID="0.75" type="Punctuation">
			<attributes paragraph="1" paragraph_position="75" text=";"/>
		</node>
		<node ID="0.76" type="Word">
			<attributes paragraph="1" paragraph_position="76" text="in"/>
		</node>
		<node ID="0.77" type="Word">
			<attributes paragraph="1" paragraph_position="77" text="other"/>
		</node>
		<node ID="0.78" type="Word">
			<attributes paragraph="1" paragraph_position="78" text="words"/>
		</node>
		<node ID="0.79" type="Punctuation">
			<attributes paragraph="1" paragraph_position="79" text=","/>
		</node>
		<node ID="0.80" type="Word">
			<attributes paragraph="1" paragraph_position="80" text="you"/>
		</node>
		<node ID="0.81" type="Word">
			<attributes paragraph="1" paragraph_position="81" text="'d"/>
		</node>
		<node ID="0.82" type="Word">
			<attributes paragraph="1" paragraph_position="82" text="be"/>
		</node>
		<node ID="0.83" type="Word">
			<attributes paragraph="1" paragraph_position="83" text="squashed"/>
		</node>
		<node ID="0.84" type="Word">
			<attributes paragraph="1" paragraph_position="84" text="as"/>
		</node>
		<node ID="0.85" type="Word">
			<attributes paragraph="1" paragraph_position="85" text="flat"/>
		</node>
		<node ID="0.86" type="Word">
			<attributes paragraph="1" paragraph_position="86" text="as"/>
		</node>
		<node ID="0.87" type="Word">
			<attributes paragraph="1" paragraph_position="87" text="if"/>
		</node>
		<node ID="0.88" type="Word">
			<attributes paragraph="1" paragraph_position="88" text="you"/>
		</node>
		<node ID="0.89" type="Word">
			<attributes paragraph="1" paragraph_position="89" text="'d"/>
		</node>
		<node ID="0.90" type="Word">
			<attributes paragraph="1" paragraph_position="90" text="just"/>
		</node>
		<node ID="0.91" type="Word">
			<attributes paragraph="1" paragraph_position="91" text="been"/>
		</node>
		<node ID="0.92" type="Word">
			<attributes paragraph="1" paragraph_position="92" text="yanked"/>
		</node>
		<node ID="0.93" type="Word">
			<attributes paragraph="1" paragraph_position="93" text="from"/>
		</node>
		<node ID="0.94" type="Word">
			<attributes paragraph="1" paragraph_position="94" text="between"/>
		</node>
		<node ID="0.95" type="Word">
			<attributes paragraph="1" paragraph_position="95" text="the"/>
		</node>
		<node ID="0.96" type="Word">
			<attributes paragraph="1" paragraph_position="96" text="plates"/>
		</node>
		<node ID="0.97" type="Word">
			<attributes paragraph="1" paragraph_position="97" text="of"/>
		</node>
		<node ID="0.98" type="Word">
			<attributes paragraph="1" paragraph_position="98" text="a"/>
		</node>
		<node ID="0.99" type="Word">
			<attributes paragraph="1" paragraph_position="99" text="hydraulic"/>
		</node>
		<node ID="0.100" type="Word">
			<attributes paragraph="1" paragraph_position="100" text="press"/>
		</node>
		<node ID="0.101" type="Punctuation">
			<attributes paragraph="1" paragraph_position="101" text="!"/>
		</node>
	</layer>
	<layer layerID="1">
		<attributes/>
		<node ID="1.1" type="FN">
			<attributes/>
			<edge toID="1.109" type="L">
				<attributes/>
			</edge>
			<edge toID="1.73" type="U">
				<attributes/>
			</edge>
			<edge toID="1.107" type="U">
				<attributes/>
			</edge>
			<edge toID="1.5" type="H">
				<attributes/>
			</edge>
		</node>
		<node ID="1.109" type="FN">
			<attributes/>
			<edge toID="1.110" type="R">
				<attributes/>
			</edge>
			<edge toID="1.112" type="E">
				<attributes/>
			</edge>
			<edge toID="1.122" type="U">
				<attributes/>
			</edge>
			<edge toID="1.124" type="C">
				<attributes/>
			</edge>
			<edge toID="1.129" type="U">
				<attributes/>
			</edge>
			<edge toID="1.131" type="D">
				<attributes/>
			</edge>
			<edge toID="1.133" type="U">
				<attributes/>
			</edge>
			<edge toID="1.135" type="A">
				<attributes/>
			</edge>
		</node>
		<node ID="1.73" type="FN">
			<attributes/>
			<edge toID="0.32" type="Terminal">
				<attributes/>
			</edge>
		</node>
		<node ID="1.107" type="FN">
			<attributes/>
			<edge toID="0.47" type="Terminal">
				<attributes/>
			</edge>
		</node>
		<node ID="1.5" type="FN">
			<attributes/>
			<edge toID="1.6" type="U">
				<attributes/>
			</edge>
			<edge toID="1.8" type="U">
				<attributes/>
			</edge>
			<edge toID="1.10" type="D">
				<attributes/>
			</edge>
			<edge toID="1.15" type="U">
				<attributes/>
			</edge>
			<edge toID="1.17" type="P">
				<attributes/>
			</edge>
			<edge toID="1.19" type="A">
				<attributes/>
			</edge>
			<edge toID="1.29" type="A">
				<attributes/>
			</edge>
			<edge toID="1.43" type="U">
				<attributes/>
			</edge>
			<edge toID="1.45" type="H">
				<attributes/>
			</edge>
			<edge toID="1.64" type="U">
				<attributes/>
			</edge>
			<edge toID="1.66" type="A">
				<attributes/>
			</edge>
			<edge toID="1.75" type="R">
				<attributes/>
			</edge>
			<edge toID="1.77" type="D">
				<attributes/>
			</edge>
			<edge toID="1.86" type="U">
				<attributes/>
			</edge>
			<edge toID="1.88" type="H">
				<attributes/>
			</edge>
			<edge toID="1.98" type="U">
				<attributes/>
			</edge>
			<edge toID="1.100" type="A">
				<attributes/>
			</edge>
			<edge toID="1.142" type="U">
				<attributes/>
			</edge>
			<edge toID="1.144" type="L">
				<attributes/>
			</edge>
			<edge toID="1.146" type="H">
				<attributes/>
			</edge>
			<edge toID="1.168" type="U">
				<attributes/>
			</edge>
			<edge toID="1.170" type="A">
				<attributes/>
			</edge>
			<edge toID="1.177" type="U">
				<attributes/>
			</edge>
			<edge toID="1.179" type="H">
				<attributes/>
			</edge>
			<edge toID="1.196" type="H">
				<attributes/>
			</edge>
		</node>
		<node ID="1.110" type="FN">
			<attributes/>
			<edge toID="0.48" type="Terminal">
				<attributes/>
			</edge>
		</node>
		<node ID="1.112" type="FN">
			<attributes/>
			<edge toID="1.113" type="E">
				<attributes/>
			</edge>
			<edge toID="1.118" type="E">
				<attributes/>
			</edge>
			<edge toID="1.120" type="C">
				<attributes/>
			</edge>
		</node>
		<node ID="1.122" type="FN">
			<attributes/>
			<edge toID="0.53" type="Terminal">
				<attributes/>
			</edge>
		</node>
		<node ID="1.124" type="FN">
			<attributes/>
			<edge toID="0.54" type="Terminal">
				<attributes/>
			</edge>
			<edge toID="0.55" type="Terminal">
				<attributes/>
			</edge>
			<edge toID="0.56" type="Terminal">
				<attributes/>
			</edge>
			<edge toID="0.57" type="Terminal">
				<attributes/>
			</edge>
		</node>
		<node ID="1.129" type="FN">
			<attributes/>
			<edge toID="0.58" type="Terminal">
				<attributes/>
			</edge>
		</node>
		<node ID="1.131" type="FN">
			<attributes/>
			<edge toID="0.59" type="Terminal">
				<attributes/>
			</edge>
		</node>
		<node ID="1.133" type="FN">
			<attributes/>
			<edge toID="0.60" type="Terminal">
				<attributes/>
			</edge>
		</node>
		<node ID="1.135" type="FN">
			<attributes/>
			<edge toID="1.136" type="R">
				<attributes/>
			</edge>
			<edge toID="1.138" type="E">
				<attributes/>
			</edge>
			<edge toID="1.140" type="C">
				<attributes/>
			</edge>
		</node>
		<node ID="1.6" type="FN">
			<attributes/>
			<edge toID="0.1" type="Terminal">
				<attributes/>
			</edge>
		</node>
		<node ID="1.8" type="FN">
			<attributes/>
			<edge toID="0.2" type="Terminal">
				<attributes/>
			</edge>
		</node>
		<node ID="1.10" type="FN">
			<attributes/>
			<edge toID="0.3" type="Terminal">
				<attributes/>
			</edge>
			<edge toID="1.12" type="U">
				<attributes/>
			</edge>
			<edge toID="0.5" type="Terminal">
				<attributes/>
			</edge>
		</node>
		<node ID="1.15" type="FN">
			<attributes/>
			<edge toID="0.6" type="Terminal">
				<attributes/>
			</edge>
		</node>
		<node ID="1.17" type="FN">
			<attributes/>
			<edge toID="0.7" type="Terminal">
				<attributes/>
			</edge>
		</node>
		<node ID="1.19" type="FN">
			<attributes/>
			<edge toID="1.20" type="R">
				<attributes/>
			</edge>
			<edge toID="1.22" type="E">
				<attributes/>
			</edge>
			<edge toID="1.27" type="C">
				<attributes/>
			</edge>
		</node>
		<node ID="1.29" type="FN">
			<attributes/>
			<edge toID="1.30" type="R">
				<attributes/>
			</edge>
			<edge toID="1.32" type="E">
				<attributes/>
			</edge>
			<edge toID="1.34" type="C">
				<attributes/>
			</edge>
			<edge toID="1.36" type="E">
				<attributes/>
			</edge>
		</node>
		<node ID="1.43" type="FN">
			<attributes/>
			<edge toID="0.19" type="Terminal">
				<attributes/>
			</edge>
		</node>
		<node ID="1.45" type="FN">
			<attributes/>
			<edge toID="1.46" type="A">
				<attributes/>
			</edge>
			<edge toID="1.48" type="F">
				<attributes/>
			</edge>
			<edge toID="1.50" type="P">
				<attributes/>
			</edge>
			<edge toID="1.52" type="A">
				<attributes/>
			</edge>
		</node>
		<node ID="1.64" type="FN">
			<attributes/>
			<edge toID="0.28" type="Terminal">
				<attributes/>
			</edge>
		</node>
		<node ID="1.66" type="FN">
			<attributes/>
			<edge toID="1.67" type="R">
				<attributes/>
			</edge>
			<edge toID="1.69" type="E">
				<attributes/>
			</edge>
			<edge toID="1.71" type="C">
				<attributes/>
			</edge>
		</node>
		<node ID="1.75" type="FN">
			<attributes/>
			<edge toID="0.33" type="Terminal">
				<attributes/>
			</edge>
		</node>
		<node ID="1.77" type="FN">
			<attributes/>
			<edge toID="1.78" type="E">
				<attributes/>
			</edge>
			<edge toID="1.80" type="E">
				<attributes/>
			</edge>
			<edge toID="1.82" type="E">
				<attributes/>
			</edge>
			<edge toID="1.84" type="C">
				<attributes/>
			</edge>
		</node>
		<node ID="1.86" type="FN">
			<attributes/>
			<edge toID="0.38" type="Terminal">
				<attributes/>
			</edge>
		</node>
		<node ID="1.88" type="FN">
			<attributes/>
			<edge toID="1.89" type="A">
				<attributes/>
			</edge>
			<edge toID="1.91" type="S">
				<attributes/>
			</edge>
			<edge toID="1.93" type="A">
				<attributes/>
			</edge>
		</node>
		<node ID="1.98" type="FN">
			<attributes/>
			<edge toID="0.43" type="Terminal">
				<attributes/>
			</edge>
		</node>
		<node ID="1.100" type="FN">
			<attributes/>
			<edge toID="1.101" type="R">
				<attributes/>
			</edge>
			<edge toID="1.103" type="E">
				<attributes/>
			</edge>
			<edge toID="1.105" type="C">
				<attributes/>
			</edge>
		</node>
		<node ID="1.142" type="FN">
			<attributes/>
			<edge toID="0.64" type="Terminal">
				<attributes/>
			</edge>
		</node>
		<node ID="1.144" type="FN">
			<attributes/>
			<edge toID="0.65" type="Terminal">
				<attributes/>
			</edge>
		</node>
		<node ID="1.146" type="FN">
			<attributes/>
			<edge toID="1.147" type="D">
				<attributes/>
			</edge>
			<edge toID="1.156" type="U">
				<attributes/>
			</edge>
			<edge toID="1.158" type="C">
				<attributes/>
			</edge>
		</node>
		<node ID="1.168" type="FN">
			<attributes/>
			<edge toID="0.75" type="Terminal">
				<attributes/>
			</edge>
		</node>
		<node ID="1.170" type="FN">
			<attributes/>
			<edge toID="1.171" type="R">
				<attributes/>
			</edge>
			<edge toID="1.173" type="E">
				<attributes/>
			</edge>
			<edge toID="1.175" type="C">
				<attributes/>
			</edge>
		</node>
		<node ID="1.177" type="FN">
			<attributes/>
			<edge toID="0.79" type="Terminal">
				<attributes/>
			</edge>
		</node>
		<node ID="1.179" type="FN">
			<attributes/>
			<edge toID="1.180" type="A">
				<attributes/>
			</edge>
			<edge toID="1.182" type="F">
				<attributes/>
			</edge>
			<edge toID="1.184" type="F">
				<attributes/>
			</edge>
			<edge toID="1.186" type="P">
				<attributes/>
			</edge>
			<edge toID="1.188" type="D">
				<attributes/>
			</edge>
		</node>
		<node ID="1.196" type="FN">
			<attributes/>
			<edge toID="1.197" type="A">
				<attributes/>
			</edge>
			<edge toID="1.199" type="F">
				<attributes/>
			</edge>
			<edge toID="1.201" type="D">
				<attributes/>
			</edge>
			<edge toID="1.203" type="F">
				<attributes/>
			</edge>
			<edge toID="1.205" type="P">
				<attributes/>
			</edge>
			<edge toID="1.207" type="A">
				<attributes/>
			</edge>
		</node>
		<node ID="1.113" type="FN">
			<attributes/>
			<edge toID="1.114" type="E">
				<attributes/>
			</edge>
			<edge toID="1.116" type="C">
				<attributes/>
			</edge>
		</node>
		<node ID="1.118" type="FN">
			<attributes/>
			<edge toID="0.51" type="Terminal">
				<attributes/>
			</edge>
		</node>
		<node ID="1.120" type="FN">
			<attributes/>
			<edge toID="0.52" type="Terminal">
				<attributes/>
			</edge>
		</node>
		<node ID="1.136" type="FN">
			<attributes/>
			<edge toID="0.61" type="Terminal">
				<attributes/>
			</edge>
		</node>
		<node ID="1.138" type="FN">
			<attributes/>
			<edge toID="0.62" type="Terminal">
				<attributes/>
			</edge>
		</node>
		<node ID="1.140" type="FN">
			<attributes/>
			<edge toID="0.63" type="Terminal">
				<attributes/>
			</edge>
		</node>
		<node ID="1.12" type="FN">
			<attributes/>
			<edge toID="0.4" type="Terminal">
				<attributes/>
			</edge>
		</node>
		<node ID="1.20" type="FN">
			<attributes/>
			<edge toID="0.8" type="Terminal">
				<attributes/>
			</edge>
		</node>
		<node ID="1.22" type="FN">
			<attributes/>
			<edge toID="0.9" type="Terminal">
				<attributes/>
			</edge>
			<edge toID="1.24" type="U">
				<attributes/>
			</edge>
			<edge toID="0.11" type="Terminal">
				<attributes/>
			</edge>
		</node>
		<node ID="1.27" type="FN">
			<attributes/>
			<edge toID="0.12" type="Terminal">
				<attributes/>
			</edge>
		</node>
		<node ID="1.30" type="FN">
			<attributes/>
			<edge toID="0.13" type="Terminal">
				<attributes/>
			</edge>
		</node>
		<node ID="1.32" type="FN">
			<attributes/>
			<edge toID="0.14" type="Terminal">
				<attributes/>
			</edge>
		</node>
		<node ID="1.34" type="FN">
			<attributes/>
			<edge toID="0.15" type="Terminal">
				<attributes/>
			</edge>
		</node>
		<node ID="1.36" type="FN">
			<attributes/>
			<edge toID="1.37" type="R">
				<attributes/>
			</edge>
			<edge toID="1.39" type="E">
				<attributes/>
			</edge>
			<edge toID="1.41" type="C">
				<attributes/>
			</edge>
		</node>
		<node ID="1.46" type="FN">
			<attributes/>
			<edge toID="0.20" type="Terminal">
				<attributes/>
			</edge>
		</node>
		<node ID="1.48" type="FN">
			<attributes/>
			<edge toID="0.21" type="Terminal">
				<attributes/>
			</edge>
		</node>
		<node ID="1.50" type="FN">
			<attributes/>
			<edge toID="0.22" type="Terminal">
				<attributes/>
			</edge>
		</node>
		<node ID="1.52" type="FN">
			<attributes/>
			<edge toID="1.53" type="E">
				<attributes/>
			</edge>
			<edge toID="1.55" type="C">
				<attributes/>
			</edge>
			<edge toID="1.57" type="E">
				<attributes/>
			</edge>
		</node>
		<node ID="1.67" type="FN">
			<attributes/>
			<edge toID="0.29" type="Terminal">
				<attributes/>
			</edge>
		</node>
		<node ID="1.69" type="FN">
			<attributes/>
			<edge toID="0.30" type="Terminal">
				<attributes/>
			</edge>
		</node>
		<node ID="1.71" type="FN">
			<attributes/>
			<edge toID="0.31" type="Terminal">
				<attributes/>
			</edge>
		</node>
		<node ID="1.78" type="FN">
			<attributes/>
			<edge toID="0.34" type="Terminal">
				<attributes/>
			</edge>
		</node>
		<node ID="1.80" type="FN">
			<attributes/>
			<edge toID="0.35" type="Terminal">
				<attributes/>
			</edge>
		</node>
		<node ID="1.82" type="FN">
			<attributes/>
			<edge toID="0.36" type="Terminal">
				<attributes/>
			</edge>
		</node>
		<node ID="1.84" type="FN">
			<attributes/>
			<edge toID="0.37" type="Terminal">
				<attributes/>
			</edge>
		</node>
		<node ID="1.89" type="FN">
			<attributes/>
			<edge toID="0.39" type="Terminal">
				<attributes/>
			</edge>
		</node>
		<node ID="1.91" type="FN">
			<attributes/>
			<edge toID="0.40" type="Terminal">
				<attributes/>
			</edge>
		</node>
		<node ID="1.93" type="FN">
			<attributes/>
			<edge toID="1.94" type="E">
				<attributes/>
			</edge>
			<edge toID="1.96" type="C">
				<attributes/>
			</edge>
		</node>
		<node ID="1.101" type="FN">
			<attributes/>
			<edge toID="0.44" type="Terminal">
				<attributes/>
			</edge>
		</node>
		<node ID="1.103" type="FN">
			<attributes/>
			<edge toID="0.45" type="Terminal">
				<attributes/>
			</edge>
		</node>
		<node ID="1.105" type="FN">
			<attributes/>
			<edge toID="0.46" type="Terminal">
				<attributes/>
			</edge>
		</node>
		<node ID="1.147" type="FN">
			<attributes/>
			<edge toID="1.148" type="E">
				<attributes/>
			</edge>
			<edge toID="1.150" type="E">
				<attributes/>
			</edge>
			<edge toID="1.152" type="E">
				<attributes/>
			</edge>
			<edge toID="1.154" type="C">
				<attributes/>
			</edge>
		</node>
		<node ID="1.156" type="FN">
			<attributes/>
			<edge toID="0.70" type="Terminal">
				<attributes/>
			</edge>
		</node>
		<node ID="1.158" type="FN">
			<attributes/>
			<edge toID="1.159" type="A">
				<attributes/>
			</edge>
			<edge toID="1.161" type="S">
				<attributes/>
			</edge>
			<edge toID="1.163" type="A">
				<attributes/>
			</edge>
		</node>
		<node ID="1.171" type="FN">
			<attributes/>
			<edge toID="0.76" type="Terminal">
				<attributes/>
			</edge>
		</node>
		<node ID="1.173" type="FN">
			<attributes/>
			<edge toID="0.77" type="Terminal">
				<attributes/>
			</edge>
		</node>
		<node ID="1.175" type="FN">
			<attributes/>
			<edge toID="0.78" type="Terminal">
				<attributes/>
			</edge>
		</node>
		<node ID="1.180" type="FN">
			<attributes/>
			<edge toID="0.80" type="Terminal">
				<attributes/>
			</edge>
		</node>
		<node ID="1.182" type="FN">
			<attributes/>
			<edge toID="0.81" type="Terminal">
				<attributes/>
			</edge>
		</node>
		<node ID="1.184" type="FN">
			<attributes/>
			<edge toID="0.82" type="Terminal">
				<attributes/>
			</edge>
		</node>
		<node ID="1.186" type="FN">
			<attributes/>
			<edge toID="0.83" type="Terminal">
				<attributes/>
			</edge>
		</node>
		<node ID="1.188" type="FN">
			<attributes/>
			<edge toID="1.192" type="C">
				<attributes/>
			</edge>
			<edge toID="1.190" type="R">
				<attributes/>
			</edge>
		</node>
		<node ID="1.197" type="FN">
			<attributes/>
			<edge toID="0.88" type="Terminal">
				<attributes/>
			</edge>
		</node>
		<node ID="1.199" type="FN">
			<attributes/>
			<edge toID="0.89" type="Terminal">
				<attributes/>
			</edge>
		</node>
		<node ID="1.201" type="FN">
			<attributes/>
			<edge toID="0.90" type="Terminal">
				<attributes/>
			</edge>
		</node>
		<node ID="1.203" type="FN">
			<attributes/>
			<edge toID="0.91" type="Terminal">
				<attributes/>
			</edge>
		</node>
		<node ID="1.205" type="FN">
			<attributes/>
			<edge toID="0.92" type="Terminal">
				<attributes/>
			</edge>
		</node>
		<node ID="1.207" type="FN">
			<attributes/>
			<edge toID="1.208" type="R">
				<attributes/>
			</edge>
			<edge toID="1.210" type="E">
				<attributes/>
			</edge>
		</node>
		<node ID="1.114" type="FN">
			<attributes/>
			<edge toID="0.49" type="Terminal">
				<attributes/>
			</edge>
		</node>
		<node ID="1.116" type="FN">
			<attributes/>
			<edge toID="0.50" type="Terminal">
				<attributes/>
			</edge>
		</node>
		<node ID="1.24" type="FN">
			<attributes/>
			<edge toID="0.10" type="Terminal">
				<attributes/>
			</edge>
		</node>
		<node ID="1.37" type="FN">
			<attributes/>
			<edge toID="0.16" type="Terminal">
				<attributes/>
			</edge>
		</node>
		<node ID="1.39" type="FN">
			<attributes/>
			<edge toID="0.17" type="Terminal">
				<attributes/>
			</edge>
		</node>
		<node ID="1.41" type="FN">
			<attributes/>
			<edge toID="0.18" type="Terminal">
				<attributes/>
			</edge>
		</node>
		<node ID="1.53" type="FN">
			<attributes/>
			<edge toID="0.23" type="Terminal">
				<attributes/>
			</edge>
		</node>
		<node ID="1.55" type="FN">
			<attributes/>
			<edge toID="0.24" type="Terminal">
				<attributes/>
			</edge>
		</node>
		<node ID="1.57" type="FN">
			<attributes/>
			<edge toID="1.58" type="R">
				<attributes/>
			</edge>
			<edge toID="1.60" type="E">
				<attributes/>
			</edge>
			<edge toID="1.62" type="C">
				<attributes/>
			</edge>
		</node>
		<node ID="1.94" type="FN">
			<attributes/>
			<edge toID="0.41" type="Terminal">
				<attributes/>
			</edge>
		</node>
		<node ID="1.96" type="FN">
			<attributes/>
			<edge toID="0.42" type="Terminal">
				<attributes/>
			</edge>
		</node>
		<node ID="1.148" type="FN">
			<attributes/>
			<edge toID="0.66" type="Terminal">
				<attributes/>
			</edge>
		</node>
		<node ID="1.150" type="FN">
			<attributes/>
			<edge toID="0.67" type="Terminal">
				<attributes/>
			</edge>
		</node>
		<node ID="1.152" type="FN">
			<attributes/>
			<edge toID="0.68" type="Terminal">
				<attributes/>
			</edge>
		</node>
		<node ID="1.154" type="FN">
			<attributes/>
			<edge toID="0.69" type="Terminal">
				<attributes/>
			</edge>
		</node>
		<node ID="1.159" type="FN">
			<attributes/>
			<edge toID="0.71" type="Terminal">
				<attributes/>
			</edge>
		</node>
		<node ID="1.161" type="FN">
			<attributes/>
			<edge toID="0.72" type="Terminal">
				<attributes/>
			</edge>
		</node>
		<node ID="1.163" type="FN">
			<attributes/>
			<edge toID="1.164" type="E">
				<attributes/>
			</edge>
			<edge toID="1.166" type="C">
				<attributes/>
			</edge>
		</node>
		<node ID="1.192" type="FN">
			<attributes/>
			<edge toID="0.85" type="Terminal">
				<attributes/>
			</edge>
		</node>
		<node ID="1.190" type="FN">
			<attributes/>
			<edge toID="0.84" type="Terminal">
				<attributes/>
			</edge>
			<edge toID="0.86" type="Terminal">
				<attributes/>
			</edge>
			<edge toID="0.87" type="Terminal">
				<attributes/>
			</edge>
		</node>
		<node ID="1.208" type="FN">
			<attributes/>
			<edge toID="0.93" type="Terminal">
				<attributes/>
			</edge>
		</node>
		<node ID="1.210" type="FN">
			<attributes/>
			<edge toID="1.211" type="R">
				<attributes/>
			</edge>
			<edge toID="1.213" type="E">
				<attributes/>
			</edge>
			<edge toID="1.215" type="C">
				<attributes/>
			</edge>
			<edge toID="1.217" type="E">
				<attributes/>
			</edge>
		</node>
		<node ID="1.58" type="FN">
			<attributes/>
			<edge toID="0.25" type="Terminal">
				<attributes/>
			</edge>
		</node>
		<node ID="1.60" type="FN">
			<attributes/>
			<edge toID="0.26" type="Terminal">
				<attributes/>
			</edge>
		</node>
		<node ID="1.62" type="FN">
			<attributes/>
			<edge toID="0.27" type="Terminal">
				<attributes/>
			</edge>
		</node>
		<node ID="1.164" type="FN">
			<attributes/>
			<edge toID="0.73" type="Terminal">
				<attributes/>
			</edge>
		</node>
		<node ID="1.166" type="FN">
			<attributes/>
			<edge toID="0.74" type="Terminal">
				<attributes/>
			</edge>
		</node>
		<node ID="1.211" type="FN">
			<attributes/>
			<edge toID="0.94" type="Terminal">
				<attributes/>
			</edge>
		</node>
		<node ID="1.213" type="FN">
			<attributes/>
			<edge toID="0.95" type="Terminal">
				<attributes/>
			</edge>
		</node>
		<node ID="1.215" type="FN">
			<attributes/>
			<edge toID="0.96" type="Terminal">
				<attributes/>
			</edge>
		</node>
		<node ID="1.217" type="FN">
			<attributes/>
			<edge toID="1.218" type="R">
				<attributes/>
			</edge>
			<edge toID="1.220" type="E">
				<attributes/>
			</edge>
			<edge toID="1.222" type="E">
				<attributes/>
			</edge>
			<edge toID="1.224" type="C">
				<attributes/>
			</edge>
			<edge toID="1.226" type="U">
				<attributes/>
			</edge>
		</node>
		<node ID="1.218" type="FN">
			<attributes/>
			<edge toID="0.97" type="Terminal">
				<attributes/>
			</edge>
		</node>
		<node ID="1.220" type="FN">
			<attributes/>
			<edge toID="0.98" type="Terminal">
				<attributes/>
			</edge>
		</node>
		<node ID="1.222" type="FN">
			<attributes/>
			<edge toID="0.99" type="Terminal">
				<attributes/>
			</edge>
		</node>
		<node ID="1.224" type="FN">
			<attributes/>
			<edge toID="0.100" type="Terminal">
				<attributes/>
			</edge>
		</node>
		<node ID="1.226" type="FN">
			<attributes/>
			<edge toID="0.101" type="Terminal">
				<attributes/>
			</edge>
		</node>
	</layer>
</root>

