<root annotationID="0" passageID="983005">
	<attributes/>
	<layer layerID="0">
		<attributes/>
		<node ID="0.1" type="Word">
			<attributes paragraph="1" paragraph_position="1" text="Twenty"/>
		</node>
		<node ID="0.2" type="Word">
			<attributes paragraph="1" paragraph_position="2" text="times"/>
		</node>
		<node ID="0.3" type="Word">
			<attributes paragraph="1" paragraph_position="3" text="a"/>
		</node>
		<node ID="0.4" type="Word">
			<attributes paragraph="1" paragraph_position="4" text="day"/>
		</node>
		<node ID="0.5" type="Word">
			<attributes paragraph="1" paragraph_position="5" text="some"/>
		</node>
		<node ID="0.6" type="Word">
			<attributes paragraph="1" paragraph_position="6" text="error"/>
		</node>
		<node ID="0.7" type="Word">
			<attributes paragraph="1" paragraph_position="7" text="in"/>
		</node>
		<node ID="0.8" type="Word">
			<attributes paragraph="1" paragraph_position="8" text="perception"/>
		</node>
		<node ID="0.9" type="Punctuation">
			<attributes paragraph="1" paragraph_position="9" text=","/>
		</node>
		<node ID="0.10" type="Word">
			<attributes paragraph="1" paragraph_position="10" text="or"/>
		</node>
		<node ID="0.11" type="Word">
			<attributes paragraph="1" paragraph_position="11" text="the"/>
		</node>
		<node ID="0.12" type="Word">
			<attributes paragraph="1" paragraph_position="12" text="optical"/>
		</node>
		<node ID="0.13" type="Word">
			<attributes paragraph="1" paragraph_position="13" text="illusions"/>
		</node>
		<node ID="0.14" type="Word">
			<attributes paragraph="1" paragraph_position="14" text="of"/>
		</node>
		<node ID="0.15" type="Word">
			<attributes paragraph="1" paragraph_position="15" text="some"/>
		</node>
		<node ID="0.16" type="Word">
			<attributes paragraph="1" paragraph_position="16" text="sailor"/>
		</node>
		<node ID="0.17" type="Word">
			<attributes paragraph="1" paragraph_position="17" text="perched"/>
		</node>
		<node ID="0.18" type="Word">
			<attributes paragraph="1" paragraph_position="18" text="in"/>
		</node>
		<node ID="0.19" type="Word">
			<attributes paragraph="1" paragraph_position="19" text="the"/>
		</node>
		<node ID="0.20" type="Word">
			<attributes paragraph="1" paragraph_position="20" text="crosstrees"/>
		</node>
		<node ID="0.21" type="Punctuation">
			<attributes paragraph="1" paragraph_position="21" text=","/>
		</node>
		<node ID="0.22" type="Word">
			<attributes paragraph="1" paragraph_position="22" text="would"/>
		</node>
		<node ID="0.23" type="Word">
			<attributes paragraph="1" paragraph_position="23" text="cause"/>
		</node>
		<node ID="0.24" type="Word">
			<attributes paragraph="1" paragraph_position="24" text="intolerable"/>
		</node>
		<node ID="0.25" type="Word">
			<attributes paragraph="1" paragraph_position="25" text="anguish"/>
		</node>
		<node ID="0.26" type="Punctuation">
			<attributes paragraph="1" paragraph_position="26" text=","/>
		</node>
		<node ID="0.27" type="Word">
			<attributes paragraph="1" paragraph_position="27" text="and"/>
		</node>
		<node ID="0.28" type="Word">
			<attributes paragraph="1" paragraph_position="28" text="this"/>
		</node>
		<node ID="0.29" type="Word">
			<attributes paragraph="1" paragraph_position="29" text="emotion"/>
		</node>
		<node ID="0.30" type="Punctuation">
			<attributes paragraph="1" paragraph_position="30" text=","/>
		</node>
		<node ID="0.31" type="Word">
			<attributes paragraph="1" paragraph_position="31" text="repeated"/>
		</node>
		<node ID="0.32" type="Word">
			<attributes paragraph="1" paragraph_position="32" text="twenty"/>
		</node>
		<node ID="0.33" type="Word">
			<attributes paragraph="1" paragraph_position="33" text="times"/>
		</node>
		<node ID="0.34" type="Word">
			<attributes paragraph="1" paragraph_position="34" text="over"/>
		</node>
		<node ID="0.35" type="Punctuation">
			<attributes paragraph="1" paragraph_position="35" text=","/>
		</node>
		<node ID="0.36" type="Word">
			<attributes paragraph="1" paragraph_position="36" text="kept"/>
		</node>
		<node ID="0.37" type="Word">
			<attributes paragraph="1" paragraph_position="37" text="us"/>
		</node>
		<node ID="0.38" type="Word">
			<attributes paragraph="1" paragraph_position="38" text="in"/>
		</node>
		<node ID="0.39" type="Word">
			<attributes paragraph="1" paragraph_position="39" text="a"/>
		</node>
		<node ID="0.40" type="Word">
			<attributes paragraph="1" paragraph_position="40" text="state"/>
		</node>
		<node ID="0.41" type="Word">
			<attributes paragraph="1" paragraph_position="41" text="of"/>
		</node>
		<node ID="0.42" type="Word">
			<attributes paragraph="1" paragraph_position="42" text="irritability"/>
		</node>
		<node ID="0.43" type="Word">
			<attributes paragraph="1" paragraph_position="43" text="so"/>
		</node>
		<node ID="0.44" type="Word">
			<attributes paragraph="1" paragraph_position="44" text="intense"/>
		</node>
		<node ID="0.45" type="Word">
			<attributes paragraph="1" paragraph_position="45" text="that"/>
		</node>
		<node ID="0.46" type="Word">
			<attributes paragraph="1" paragraph_position="46" text="a"/>
		</node>
		<node ID="0.47" type="Word">
			<attributes paragraph="1" paragraph_position="47" text="reaction"/>
		</node>
		<node ID="0.48" type="Word">
			<attributes paragraph="1" paragraph_position="48" text="was"/>
		</node>
		<node ID="0.49" type="Word">
			<attributes paragraph="1" paragraph_position="49" text="bound"/>
		</node>
		<node ID="0.50" type="Word">
			<attributes paragraph="1" paragraph_position="50" text="to"/>
		</node>
		<node ID="0.51" type="Word">
			<attributes paragraph="1" paragraph_position="51" text="follow"/>
		</node>
		<node ID="0.52" type="Punctuation">
			<attributes paragraph="1" paragraph_position="52" text="."/>
		</node>
	</layer>
	<layer layerID="1">
		<attributes/>
		<node ID="1.1" type="FN">
			<attributes/>
			<edge toID="1.2" type="L">
				<attributes/>
			</edge>
			<edge toID="1.14" type="P">
				<attributes/>
			</edge>
			<edge toID="1.16" type="H">
				<attributes/>
			</edge>
			<edge toID="1.22" type="U">
				<attributes/>
			</edge>
			<edge toID="1.24" type="L">
				<attributes/>
			</edge>
			<edge toID="1.26" type="H">
				<attributes/>
			</edge>
			<edge toID="1.73" type="U">
				<attributes/>
			</edge>
			<edge toID="1.75" type="H">
				<attributes/>
			</edge>
			<edge toID="1.85" type="U">
				<attributes/>
			</edge>
			<edge toID="1.87" type="H">
				<attributes/>
			</edge>
			<edge toID="1.108" type="H">
				<attributes/>
			</edge>
		</node>
		<node ID="1.2" type="FN">
			<attributes/>
			<edge toID="1.3" type="E">
				<attributes/>
			</edge>
			<edge toID="1.8" type="E">
				<attributes/>
			</edge>
			<edge toID="1.10" type="C">
				<attributes/>
			</edge>
			<edge toID="1.12" type="E">
				<attributes/>
			</edge>
		</node>
		<node ID="1.14" type="FN">
			<attributes/>
			<edge toID="0.6" type="Terminal">
				<attributes/>
			</edge>
		</node>
		<node ID="1.16" type="FN">
			<attributes/>
			<edge toID="1.17" type="S">
				<attributes/>
			</edge>
		</node>
		<node ID="1.22" type="FN">
			<attributes/>
			<edge toID="0.9" type="Terminal">
				<attributes/>
			</edge>
		</node>
		<node ID="1.24" type="FN">
			<attributes/>
			<edge toID="0.10" type="Terminal">
				<attributes/>
			</edge>
		</node>
		<node ID="1.26" type="FN">
			<attributes/>
			<edge toID="1.27" type="A">
				<attributes/>
			</edge>
			<edge toID="1.52" type="U">
				<attributes/>
			</edge>
			<edge toID="1.54" type="D">
				<attributes/>
			</edge>
			<edge toID="1.56" type="P">
				<attributes/>
			</edge>
			<edge toID="1.58" type="A">
				<attributes/>
			</edge>
		</node>
		<node ID="1.73" type="FN">
			<attributes/>
			<edge toID="0.30" type="Terminal">
				<attributes/>
			</edge>
		</node>
		<node ID="1.75" type="FN">
			<attributes/>
			<edge toID="1.76" type="P">
				<attributes/>
			</edge>
			<edge toID="1.78" type="D">
				<attributes/>
			</edge>
		</node>
		<node ID="1.85" type="FN">
			<attributes/>
			<edge toID="0.35" type="Terminal">
				<attributes/>
			</edge>
		</node>
		<node ID="1.87" type="FN">
			<attributes/>
			<edge toID="1.88" type="D">
				<attributes/>
			</edge>
			<edge toID="1.90" type="A">
				<attributes/>
			</edge>
			<edge toID="1.92" type="A">
				<attributes/>
			</edge>
		</node>
		<node ID="1.108" type="FN">
			<attributes/>
			<edge toID="1.109" type="F">
				<attributes/>
			</edge>
			<edge toID="1.111" type="A">
				<attributes/>
			</edge>
			<edge toID="1.116" type="F">
				<attributes/>
			</edge>
			<edge toID="1.118" type="D">
				<attributes/>
			</edge>
			<edge toID="1.120" type="F">
				<attributes/>
			</edge>
			<edge toID="1.122" type="P">
				<attributes/>
			</edge>
			<edge toID="1.124" type="U">
				<attributes/>
			</edge>
		</node>
		<node ID="1.3" type="FN">
			<attributes/>
			<edge toID="1.4" type="E">
				<attributes/>
			</edge>
			<edge toID="1.6" type="C">
				<attributes/>
			</edge>
		</node>
		<node ID="1.8" type="FN">
			<attributes/>
			<edge toID="0.3" type="Terminal">
				<attributes/>
			</edge>
		</node>
		<node ID="1.10" type="FN">
			<attributes/>
			<edge toID="0.4" type="Terminal">
				<attributes/>
			</edge>
		</node>
		<node ID="1.12" type="FN">
			<attributes/>
			<edge toID="0.5" type="Terminal">
				<attributes/>
			</edge>
		</node>
		<node ID="1.17" type="FN">
			<attributes/>
			<edge toID="1.18" type="R">
				<attributes/>
			</edge>
			<edge toID="1.20" type="C">
				<attributes/>
			</edge>
		</node>
		<node ID="1.27" type="FN">
			<attributes/>
			<edge toID="1.28" type="E">
				<attributes/>
			</edge>
			<edge toID="1.30" type="E">
				<attributes/>
			</edge>
			<edge toID="1.32" type="C">
				<attributes/>
			</edge>
			<edge toID="1.34" type="E">
				<attributes/>
			</edge>
		</node>
		<node ID="1.52" type="FN">
			<attributes/>
			<edge toID="0.21" type="Terminal">
				<attributes/>
			</edge>
		</node>
		<node ID="1.54" type="FN">
			<attributes/>
			<edge toID="0.22" type="Terminal">
				<attributes/>
			</edge>
		</node>
		<node ID="1.56" type="FN">
			<attributes/>
			<edge toID="0.23" type="Terminal">
				<attributes/>
			</edge>
		</node>
		<node ID="1.58" type="FN">
			<attributes/>
			<edge toID="1.59" type="C">
				<attributes/>
			</edge>
			<edge toID="1.64" type="U">
				<attributes/>
			</edge>
			<edge toID="1.66" type="N">
				<attributes/>
			</edge>
			<edge toID="1.68" type="C">
				<attributes/>
			</edge>
		</node>
		<node ID="1.76" type="FN">
			<attributes/>
			<edge toID="0.31" type="Terminal">
				<attributes/>
			</edge>
		</node>
		<node ID="1.78" type="FN">
			<attributes/>
			<edge toID="1.79" type="E">
				<attributes/>
			</edge>
			<edge toID="1.81" type="C">
				<attributes/>
			</edge>
			<edge toID="1.83" type="R">
				<attributes/>
			</edge>
		</node>
		<node ID="1.88" type="FN">
			<attributes/>
			<edge toID="0.36" type="Terminal">
				<attributes/>
			</edge>
		</node>
		<node ID="1.90" type="FN">
			<attributes/>
			<edge toID="0.37" type="Terminal">
				<attributes/>
			</edge>
		</node>
		<node ID="1.92" type="FN">
			<attributes/>
			<edge toID="1.93" type="R">
				<attributes/>
			</edge>
			<edge toID="1.95" type="E">
				<attributes/>
			</edge>
			<edge toID="1.102" type="E">
				<attributes/>
			</edge>
			<edge toID="1.104" type="E">
				<attributes/>
			</edge>
			<edge toID="1.106" type="C">
				<attributes/>
			</edge>
		</node>
		<node ID="1.109" type="FN">
			<attributes/>
			<edge toID="0.45" type="Terminal">
				<attributes/>
			</edge>
		</node>
		<node ID="1.111" type="FN">
			<attributes/>
			<edge toID="1.112" type="E">
				<attributes/>
			</edge>
			<edge toID="1.114" type="C">
				<attributes/>
			</edge>
		</node>
		<node ID="1.116" type="FN">
			<attributes/>
			<edge toID="0.48" type="Terminal">
				<attributes/>
			</edge>
		</node>
		<node ID="1.118" type="FN">
			<attributes/>
			<edge toID="0.49" type="Terminal">
				<attributes/>
			</edge>
		</node>
		<node ID="1.120" type="FN">
			<attributes/>
			<edge toID="0.50" type="Terminal">
				<attributes/>
			</edge>
		</node>
		<node ID="1.122" type="FN">
			<attributes/>
			<edge toID="0.51" type="Terminal">
				<attributes/>
			</edge>
		</node>
		<node ID="1.124" type="FN">
			<attributes/>
			<edge toID="0.52" type="Terminal">
				<attributes/>
			</edge>
		</node>
		<node ID="1.4" type="FN">
			<attributes/>
			<edge toID="0.1" type="Terminal">
				<attributes/>
			</edge>
		</node>
		<node ID="1.6" type="FN">
			<attributes/>
			<edge toID="0.2" type="Terminal">
				<attributes/>
			</edge>
		</node>
		<node ID="1.18" type="FN">
			<attributes/>
			<edge toID="0.7" type="Terminal">
				<attributes/>
			</edge>
		</node>
		<node ID="1.20" type="FN">
			<attributes/>
			<edge toID="0.8" type="Terminal">
				<attributes/>
			</edge>
		</node>
		<node ID="1.28" type="FN">
			<attributes/>
			<edge toID="0.11" type="Terminal">
				<attributes/>
			</edge>
		</node>
		<node ID="1.30" type="FN">
			<attributes/>
			<edge toID="0.12" type="Terminal">
				<attributes/>
			</edge>
		</node>
		<node ID="1.32" type="FN">
			<attributes/>
			<edge toID="0.13" type="Terminal">
				<attributes/>
			</edge>
		</node>
		<node ID="1.34" type="FN">
			<attributes/>
			<edge toID="1.35" type="R">
				<attributes/>
			</edge>
			<edge toID="1.37" type="E">
				<attributes/>
			</edge>
			<edge toID="1.39" type="C">
				<attributes/>
			</edge>
			<edge toID="1.41" type="E">
				<attributes/>
			</edge>
		</node>
		<node ID="1.59" type="FN">
			<attributes/>
			<edge toID="1.60" type="E">
				<attributes/>
			</edge>
			<edge toID="1.62" type="C">
				<attributes/>
			</edge>
		</node>
		<node ID="1.64" type="FN">
			<attributes/>
			<edge toID="0.26" type="Terminal">
				<attributes/>
			</edge>
		</node>
		<node ID="1.66" type="FN">
			<attributes/>
			<edge toID="0.27" type="Terminal">
				<attributes/>
			</edge>
		</node>
		<node ID="1.68" type="FN">
			<attributes/>
			<edge toID="1.69" type="E">
				<attributes/>
			</edge>
			<edge toID="1.71" type="C">
				<attributes/>
			</edge>
		</node>
		<node ID="1.79" type="FN">
			<attributes/>
			<edge toID="0.32" type="Terminal">
				<attributes/>
			</edge>
		</node>
		<node ID="1.81" type="FN">
			<attributes/>
			<edge toID="0.33" type="Terminal">
				<attributes/>
			</edge>
		</node>
		<node ID="1.83" type="FN">
			<attributes/>
			<edge toID="0.34" type="Terminal">
				<attributes/>
			</edge>
		</node>
		<node ID="1.93" type="FN">
			<attributes/>
			<edge toID="0.38" type="Terminal">
				<attributes/>
			</edge>
		</node>
		<node ID="1.95" type="FN">
			<attributes/>
			<edge toID="1.96" type="E">
				<attributes/>
			</edge>
			<edge toID="1.98" type="C">
				<attributes/>
			</edge>
			<edge toID="1.100" type="R">
				<attributes/>
			</edge>
		</node>
		<node ID="1.102" type="FN">
			<attributes/>
			<edge toID="0.42" type="Terminal">
				<attributes/>
			</edge>
		</node>
		<node ID="1.104" type="FN">
			<attributes/>
			<edge toID="0.43" type="Terminal">
				<attributes/>
			</edge>
		</node>
		<node ID="1.106" type="FN">
			<attributes/>
			<edge toID="0.44" type="Terminal">
				<attributes/>
			</edge>
		</node>
		<node ID="1.112" type="FN">
			<attributes/>
			<edge toID="0.46" type="Terminal">
				<attributes/>
			</edge>
		</node>
		<node ID="1.114" type="FN">
			<attributes/>
			<edge toID="0.47" type="Terminal">
				<attributes/>
			</edge>
		</node>
		<node ID="1.35" type="FN">
			<attributes/>
			<edge toID="0.14" type="Terminal">
				<attributes/>
			</edge>
		</node>
		<node ID="1.37" type="FN">
			<attributes/>
			<edge toID="0.15" type="Terminal">
				<attributes/>
			</edge>
		</node>
		<node ID="1.39" type="FN">
			<attributes/>
			<edge toID="0.16" type="Terminal">
				<attributes/>
			</edge>
		</node>
		<node ID="1.41" type="FN">
			<attributes/>
			<edge toID="1.39" type="A">
				<attributes remote="True"/>
			</edge>
			<edge toID="1.43" type="P">
				<attributes/>
			</edge>
			<edge toID="1.45" type="A">
				<attributes/>
			</edge>
		</node>
		<node ID="1.60" type="FN">
			<attributes/>
			<edge toID="0.24" type="Terminal">
				<attributes/>
			</edge>
		</node>
		<node ID="1.62" type="FN">
			<attributes/>
			<edge toID="0.25" type="Terminal">
				<attributes/>
			</edge>
		</node>
		<node ID="1.69" type="FN">
			<attributes/>
			<edge toID="0.28" type="Terminal">
				<attributes/>
			</edge>
		</node>
		<node ID="1.71" type="FN">
			<attributes/>
			<edge toID="0.29" type="Terminal">
				<attributes/>
			</edge>
		</node>
		<node ID="1.96" type="FN">
			<attributes/>
			<edge toID="0.39" type="Terminal">
				<attributes/>
			</edge>
		</node>
		<node ID="1.98" type="FN">
			<attributes/>
			<edge toID="0.40" type="Terminal">
				<attributes/>
			</edge>
		</node>
		<node ID="1.100" type="FN">
			<attributes/>
			<edge toID="0.41" type="Terminal">
				<attributes/>
			</edge>
		</node>
		<node ID="1.43" type="FN">
			<attributes/>
			<edge toID="0.17" type="Terminal">
				<attributes/>
			</edge>
		</node>
		<node ID="1.45" type="FN">
			<attributes/>
			<edge toID="1.46" type="R">
				<attributes/>
			</edge>
			<edge toID="1.48" type="E">
				<attributes/>
			</edge>
			<edge toID="1.50" type="C">
				<attributes/>
			</edge>
		</node>
		<node ID="1.46" type="FN">
			<attributes/>
			<edge toID="0.18" type="Terminal">
				<attributes/>
			</edge>
		</node>
		<node ID="1.48" type="FN">
			<attributes/>
			<edge toID="0.19" type="Terminal">
				<attributes/>
			</edge>
		</node>
		<node ID="1.50" type="FN">
			<attributes/>
			<edge toID="0.20" type="Terminal">
				<attributes/>
			</edge>
		</node>
	</layer>
</root>

