<root annotationID="0" passageID="997003">
	<attributes/>
	<layer layerID="0">
		<attributes/>
		<node ID="0.1" type="Punctuation">
			<attributes paragraph="1" paragraph_position="1" text='"'/>
		</node>
		<node ID="0.2" type="Punctuation">
			<attributes paragraph="1" paragraph_position="2" text='"'/>
		</node>
		<node ID="0.3" type="Word">
			<attributes paragraph="1" paragraph_position="3" text="Well"/>
		</node>
		<node ID="0.4" type="Word">
			<attributes paragraph="1" paragraph_position="4" text="then"/>
		</node>
		<node ID="0.5" type="Punctuation">
			<attributes paragraph="1" paragraph_position="5" text=","/>
		</node>
		<node ID="0.6" type="Word">
			<attributes paragraph="1" paragraph_position="6" text="it"/>
		</node>
		<node ID="0.7" type="Word">
			<attributes paragraph="1" paragraph_position="7" text="will"/>
		</node>
		<node ID="0.8" type="Word">
			<attributes paragraph="1" paragraph_position="8" text="serve"/>
		</node>
		<node ID="0.9" type="Word">
			<attributes paragraph="1" paragraph_position="9" text="master"/>
		</node>
		<node ID="0.10" type="Word">
			<attributes paragraph="1" paragraph_position="10" text="right"/>
		</node>
		<node ID="0.11" type="Punctuation">
			<attributes paragraph="1" paragraph_position="11" text="!"/>
		</node>
	</layer>
	<layer layerID="1">
		<attributes/>
		<node ID="1.1" type="FN">
			<attributes/>
			<edge toID="1.2" type="H">
				<attributes/>
			</edge>
		</node>
		<node ID="1.2" type="FN">
			<attributes/>
			<edge toID="1.3" type="A">
				<attributes/>
			</edge>
		</node>
		<node ID="1.3" type="FN">
			<attributes/>
			<edge toID="1.4" type="U">
				<attributes/>
			</edge>
			<edge toID="1.6" type="U">
				<attributes/>
			</edge>
			<edge toID="1.8" type="H">
				<attributes/>
			</edge>
		</node>
		<node ID="1.4" type="FN">
			<attributes/>
			<edge toID="0.1" type="Terminal">
				<attributes/>
			</edge>
		</node>
		<node ID="1.6" type="FN">
			<attributes/>
			<edge toID="0.2" type="Terminal">
				<attributes/>
			</edge>
		</node>
		<node ID="1.8" type="FN">
			<attributes/>
			<edge toID="1.9" type="A">
				<attributes/>
			</edge>
			<edge toID="1.11" type="D">
				<attributes/>
			</edge>
			<edge toID="1.13" type="U">
				<attributes/>
			</edge>
			<edge toID="1.15" type="A">
				<attributes/>
			</edge>
			<edge toID="1.17" type="F">
				<attributes/>
			</edge>
			<edge toID="1.19" type="P">
				<attributes/>
			</edge>
			<edge toID="1.21" type="A">
				<attributes/>
			</edge>
		</node>
		<node ID="1.9" type="FN">
			<attributes/>
			<edge toID="0.3" type="Terminal">
				<attributes/>
			</edge>
		</node>
		<node ID="1.11" type="FN">
			<attributes/>
			<edge toID="0.4" type="Terminal">
				<attributes/>
			</edge>
		</node>
		<node ID="1.13" type="FN">
			<attributes/>
			<edge toID="0.5" type="Terminal">
				<attributes/>
			</edge>
		</node>
		<node ID="1.15" type="FN">
			<attributes/>
			<edge toID="0.6" type="Terminal">
				<attributes/>
			</edge>
		</node>
		<node ID="1.17" type="FN">
			<attributes/>
			<edge toID="0.7" type="Terminal">
				<attributes/>
			</edge>
		</node>
		<node ID="1.19" type="FN">
			<attributes/>
			<edge toID="0.8" type="Terminal">
				<attributes/>
			</edge>
		</node>
		<node ID="1.21" type="FN">
			<attributes/>
			<edge toID="1.22" type="E">
				<attributes/>
			</edge>
			<edge toID="1.24" type="C">
				<attributes/>
			</edge>
			<edge toID="1.26" type="U">
				<attributes/>
			</edge>
		</node>
		<node ID="1.22" type="FN">
			<attributes/>
			<edge toID="0.9" type="Terminal">
				<attributes/>
			</edge>
		</node>
		<node ID="1.24" type="FN">
			<attributes/>
			<edge toID="0.10" type="Terminal">
				<attributes/>
			</edge>
		</node>
		<node ID="1.26" type="FN">
			<attributes/>
			<edge toID="0.11" type="Terminal">
				<attributes/>
			</edge>
		</node>
	</layer>
</root>

