<root annotationID="0" passageID="997000">
	<attributes/>
	<layer layerID="0">
		<attributes/>
		<node ID="0.1" type="Punctuation">
			<attributes paragraph="1" paragraph_position="1" text='"'/>
		</node>
		<node ID="0.2" type="Word">
			<attributes paragraph="1" paragraph_position="2" text="You"/>
		</node>
		<node ID="0.3" type="Word">
			<attributes paragraph="1" paragraph_position="3" text="'re"/>
		</node>
		<node ID="0.4" type="Word">
			<attributes paragraph="1" paragraph_position="4" text="right"/>
		</node>
		<node ID="0.5" type="Punctuation">
			<attributes paragraph="1" paragraph_position="5" text=","/>
		</node>
		<node ID="0.6" type="Word">
			<attributes paragraph="1" paragraph_position="6" text="Conseil"/>
		</node>
		<node ID="0.7" type="Punctuation">
			<attributes paragraph="1" paragraph_position="7" text=","/>
		</node>
		<node ID="0.8" type="Word">
			<attributes paragraph="1" paragraph_position="8" text="it"/>
		</node>
		<node ID="0.9" type="Word">
			<attributes paragraph="1" paragraph_position="9" text="turned"/>
		</node>
		<node ID="0.10" type="Word">
			<attributes paragraph="1" paragraph_position="10" text="out"/>
		</node>
		<node ID="0.11" type="Word">
			<attributes paragraph="1" paragraph_position="11" text="to"/>
		</node>
		<node ID="0.12" type="Word">
			<attributes paragraph="1" paragraph_position="12" text="be"/>
		</node>
		<node ID="0.13" type="Word">
			<attributes paragraph="1" paragraph_position="13" text="a"/>
		</node>
		<node ID="0.14" type="Word">
			<attributes paragraph="1" paragraph_position="14" text="foolish"/>
		</node>
		<node ID="0.15" type="Word">
			<attributes paragraph="1" paragraph_position="15" text="business"/>
		</node>
		<node ID="0.16" type="Word">
			<attributes paragraph="1" paragraph_position="16" text="after"/>
		</node>
		<node ID="0.17" type="Word">
			<attributes paragraph="1" paragraph_position="17" text="all"/>
		</node>
		<node ID="0.18" type="Punctuation">
			<attributes paragraph="1" paragraph_position="18" text=","/>
		</node>
		<node ID="0.19" type="Word">
			<attributes paragraph="1" paragraph_position="19" text="and"/>
		</node>
		<node ID="0.20" type="Word">
			<attributes paragraph="1" paragraph_position="20" text="we"/>
		</node>
		<node ID="0.21" type="Word">
			<attributes paragraph="1" paragraph_position="21" text="jumped"/>
		</node>
		<node ID="0.22" type="Word">
			<attributes paragraph="1" paragraph_position="22" text="into"/>
		</node>
		<node ID="0.23" type="Word">
			<attributes paragraph="1" paragraph_position="23" text="it"/>
		</node>
		<node ID="0.24" type="Word">
			<attributes paragraph="1" paragraph_position="24" text="too"/>
		</node>
		<node ID="0.25" type="Word">
			<attributes paragraph="1" paragraph_position="25" text="hastily"/>
		</node>
		<node ID="0.26" type="Punctuation">
			<attributes paragraph="1" paragraph_position="26" text="."/>
		</node>
		<node ID="0.27" type="Word">
			<attributes paragraph="1" paragraph_position="27" text="What"/>
		</node>
		<node ID="0.28" type="Word">
			<attributes paragraph="1" paragraph_position="28" text="a"/>
		</node>
		<node ID="0.29" type="Word">
			<attributes paragraph="1" paragraph_position="29" text="waste"/>
		</node>
		<node ID="0.30" type="Word">
			<attributes paragraph="1" paragraph_position="30" text="of"/>
		</node>
		<node ID="0.31" type="Word">
			<attributes paragraph="1" paragraph_position="31" text="time"/>
		</node>
		<node ID="0.32" type="Punctuation">
			<attributes paragraph="1" paragraph_position="32" text=","/>
		</node>
		<node ID="0.33" type="Word">
			<attributes paragraph="1" paragraph_position="33" text="what"/>
		</node>
		<node ID="0.34" type="Word">
			<attributes paragraph="1" paragraph_position="34" text="a"/>
		</node>
		<node ID="0.35" type="Word">
			<attributes paragraph="1" paragraph_position="35" text="futile"/>
		</node>
		<node ID="0.36" type="Word">
			<attributes paragraph="1" paragraph_position="36" text="expense"/>
		</node>
		<node ID="0.37" type="Word">
			<attributes paragraph="1" paragraph_position="37" text="of"/>
		</node>
		<node ID="0.38" type="Word">
			<attributes paragraph="1" paragraph_position="38" text="emotion"/>
		</node>
		<node ID="0.39" type="Punctuation">
			<attributes paragraph="1" paragraph_position="39" text="!"/>
		</node>
		<node ID="0.40" type="Word">
			<attributes paragraph="1" paragraph_position="40" text="Six"/>
		</node>
		<node ID="0.41" type="Word">
			<attributes paragraph="1" paragraph_position="41" text="months"/>
		</node>
		<node ID="0.42" type="Word">
			<attributes paragraph="1" paragraph_position="42" text="ago"/>
		</node>
		<node ID="0.43" type="Word">
			<attributes paragraph="1" paragraph_position="43" text="we"/>
		</node>
		<node ID="0.44" type="Word">
			<attributes paragraph="1" paragraph_position="44" text="could"/>
		</node>
		<node ID="0.45" type="Word">
			<attributes paragraph="1" paragraph_position="45" text="have"/>
		</node>
		<node ID="0.46" type="Word">
			<attributes paragraph="1" paragraph_position="46" text="been"/>
		</node>
		<node ID="0.47" type="Word">
			<attributes paragraph="1" paragraph_position="47" text="back"/>
		</node>
		<node ID="0.48" type="Word">
			<attributes paragraph="1" paragraph_position="48" text="in"/>
		</node>
		<node ID="0.49" type="Word">
			<attributes paragraph="1" paragraph_position="49" text="France-"/>
		</node>
		<node ID="0.50" type="Punctuation">
			<attributes paragraph="1" paragraph_position="50" text='"'/>
		</node>
		<node ID="0.51" type="Punctuation">
			<attributes paragraph="1" paragraph_position="51" text='"'/>
		</node>
		<node ID="0.52" type="Word">
			<attributes paragraph="1" paragraph_position="52" text="In"/>
		</node>
		<node ID="0.53" type="Word">
			<attributes paragraph="1" paragraph_position="53" text="master"/>
		</node>
		<node ID="0.54" type="Word">
			<attributes paragraph="1" paragraph_position="54" text="'s"/>
		</node>
		<node ID="0.55" type="Word">
			<attributes paragraph="1" paragraph_position="55" text="little"/>
		</node>
		<node ID="0.56" type="Word">
			<attributes paragraph="1" paragraph_position="56" text="apartment"/>
		</node>
		<node ID="0.57" type="Punctuation">
			<attributes paragraph="1" paragraph_position="57" text=","/>
		</node>
		<node ID="0.58" type="Punctuation">
			<attributes paragraph="1" paragraph_position="58" text='"'/>
		</node>
		<node ID="0.59" type="Word">
			<attributes paragraph="1" paragraph_position="59" text="Conseil"/>
		</node>
		<node ID="0.60" type="Word">
			<attributes paragraph="1" paragraph_position="60" text="answered"/>
		</node>
		<node ID="0.61" type="Punctuation">
			<attributes paragraph="1" paragraph_position="61" text="."/>
		</node>
		<node ID="0.62" type="Punctuation">
			<attributes paragraph="1" paragraph_position="62" text='"'/>
		</node>
		<node ID="0.63" type="Word">
			<attributes paragraph="1" paragraph_position="63" text="In"/>
		</node>
		<node ID="0.64" type="Word">
			<attributes paragraph="1" paragraph_position="64" text="master"/>
		</node>
		<node ID="0.65" type="Word">
			<attributes paragraph="1" paragraph_position="65" text="'s"/>
		</node>
		<node ID="0.66" type="Word">
			<attributes paragraph="1" paragraph_position="66" text="museum"/>
		</node>
		<node ID="0.67" type="Punctuation">
			<attributes paragraph="1" paragraph_position="67" text="!"/>
		</node>
		<node ID="0.68" type="Word">
			<attributes paragraph="1" paragraph_position="68" text="And"/>
		</node>
		<node ID="0.69" type="Word">
			<attributes paragraph="1" paragraph_position="69" text="by"/>
		</node>
		<node ID="0.70" type="Word">
			<attributes paragraph="1" paragraph_position="70" text="now"/>
		</node>
		<node ID="0.71" type="Word">
			<attributes paragraph="1" paragraph_position="71" text="I"/>
		</node>
		<node ID="0.72" type="Word">
			<attributes paragraph="1" paragraph_position="72" text="would"/>
		</node>
		<node ID="0.73" type="Word">
			<attributes paragraph="1" paragraph_position="73" text="have"/>
		</node>
		<node ID="0.74" type="Word">
			<attributes paragraph="1" paragraph_position="74" text="classified"/>
		</node>
		<node ID="0.75" type="Word">
			<attributes paragraph="1" paragraph_position="75" text="master"/>
		</node>
		<node ID="0.76" type="Word">
			<attributes paragraph="1" paragraph_position="76" text="'s"/>
		</node>
		<node ID="0.77" type="Word">
			<attributes paragraph="1" paragraph_position="77" text="fossils"/>
		</node>
		<node ID="0.78" type="Punctuation">
			<attributes paragraph="1" paragraph_position="78" text="."/>
		</node>
		<node ID="0.79" type="Word">
			<attributes paragraph="1" paragraph_position="79" text="And"/>
		</node>
		<node ID="0.80" type="Word">
			<attributes paragraph="1" paragraph_position="80" text="master"/>
		</node>
		<node ID="0.81" type="Word">
			<attributes paragraph="1" paragraph_position="81" text="'s"/>
		</node>
		<node ID="0.82" type="Word">
			<attributes paragraph="1" paragraph_position="82" text="babirusa"/>
		</node>
		<node ID="0.83" type="Word">
			<attributes paragraph="1" paragraph_position="83" text="would"/>
		</node>
		<node ID="0.84" type="Word">
			<attributes paragraph="1" paragraph_position="84" text="be"/>
		</node>
		<node ID="0.85" type="Word">
			<attributes paragraph="1" paragraph_position="85" text="ensconced"/>
		</node>
		<node ID="0.86" type="Word">
			<attributes paragraph="1" paragraph_position="86" text="in"/>
		</node>
		<node ID="0.87" type="Word">
			<attributes paragraph="1" paragraph_position="87" text="its"/>
		</node>
		<node ID="0.88" type="Word">
			<attributes paragraph="1" paragraph_position="88" text="cage"/>
		</node>
		<node ID="0.89" type="Word">
			<attributes paragraph="1" paragraph_position="89" text="at"/>
		</node>
		<node ID="0.90" type="Word">
			<attributes paragraph="1" paragraph_position="90" text="the"/>
		</node>
		<node ID="0.91" type="Word">
			<attributes paragraph="1" paragraph_position="91" text="zoo"/>
		</node>
		<node ID="0.92" type="Word">
			<attributes paragraph="1" paragraph_position="92" text="in"/>
		</node>
		<node ID="0.93" type="Word">
			<attributes paragraph="1" paragraph_position="93" text="the"/>
		</node>
		<node ID="0.94" type="Word">
			<attributes paragraph="1" paragraph_position="94" text="Botanical"/>
		</node>
		<node ID="0.95" type="Word">
			<attributes paragraph="1" paragraph_position="95" text="Gardens"/>
		</node>
		<node ID="0.96" type="Punctuation">
			<attributes paragraph="1" paragraph_position="96" text=","/>
		</node>
		<node ID="0.97" type="Word">
			<attributes paragraph="1" paragraph_position="97" text="and"/>
		</node>
		<node ID="0.98" type="Word">
			<attributes paragraph="1" paragraph_position="98" text="it"/>
		</node>
		<node ID="0.99" type="Word">
			<attributes paragraph="1" paragraph_position="99" text="would"/>
		</node>
		<node ID="0.100" type="Word">
			<attributes paragraph="1" paragraph_position="100" text="have"/>
		</node>
		<node ID="0.101" type="Word">
			<attributes paragraph="1" paragraph_position="101" text="attracted"/>
		</node>
		<node ID="0.102" type="Word">
			<attributes paragraph="1" paragraph_position="102" text="every"/>
		</node>
		<node ID="0.103" type="Word">
			<attributes paragraph="1" paragraph_position="103" text="curiosity"/>
		</node>
		<node ID="0.104" type="Word">
			<attributes paragraph="1" paragraph_position="104" text="seeker"/>
		</node>
		<node ID="0.105" type="Word">
			<attributes paragraph="1" paragraph_position="105" text="in"/>
		</node>
		<node ID="0.106" type="Word">
			<attributes paragraph="1" paragraph_position="106" text="town"/>
		</node>
		<node ID="0.107" type="Punctuation">
			<attributes paragraph="1" paragraph_position="107" text="!"/>
		</node>
	</layer>
	<layer layerID="1">
		<attributes/>
		<node ID="1.1" type="FN">
			<attributes/>
			<edge toID="1.2" type="H">
				<attributes/>
			</edge>
		</node>
		<node ID="1.2" type="FN">
			<attributes/>
			<edge toID="1.3" type="U">
				<attributes/>
			</edge>
			<edge toID="1.5" type="A">
				<attributes/>
			</edge>
			<edge toID="1.12" type="U">
				<attributes/>
			</edge>
			<edge toID="1.14" type="H">
				<attributes/>
			</edge>
			<edge toID="1.37" type="U">
				<attributes/>
			</edge>
			<edge toID="1.39" type="L">
				<attributes/>
			</edge>
			<edge toID="1.41" type="H">
				<attributes/>
			</edge>
			<edge toID="1.54" type="U">
				<attributes/>
			</edge>
			<edge toID="1.56" type="H">
				<attributes/>
			</edge>
			<edge toID="1.69" type="U">
				<attributes/>
			</edge>
			<edge toID="1.71" type="S">
				<attributes/>
			</edge>
			<edge toID="1.85" type="U">
				<attributes/>
			</edge>
			<edge toID="1.87" type="D">
				<attributes/>
			</edge>
			<edge toID="1.94" type="A">
				<attributes/>
			</edge>
			<edge toID="1.96" type="D">
				<attributes/>
			</edge>
			<edge toID="1.98" type="F">
				<attributes/>
			</edge>
			<edge toID="1.100" type="F">
				<attributes/>
			</edge>
			<edge toID="1.102" type="D">
				<attributes/>
			</edge>
			<edge toID="1.104" type="A">
				<attributes/>
			</edge>
			<edge toID="1.109" type="U">
				<attributes/>
			</edge>
			<edge toID="1.111" type="U">
				<attributes/>
			</edge>
			<edge toID="1.113" type="A">
				<attributes/>
			</edge>
			<edge toID="1.125" type="U">
				<attributes/>
			</edge>
			<edge toID="1.127" type="U">
				<attributes/>
			</edge>
			<edge toID="1.129" type="A">
				<attributes/>
			</edge>
			<edge toID="1.131" type="A">
				<attributes/>
			</edge>
		</node>
		<node ID="1.3" type="FN">
			<attributes/>
			<edge toID="0.1" type="Terminal">
				<attributes/>
			</edge>
		</node>
		<node ID="1.5" type="FN">
			<attributes/>
			<edge toID="0.2" type="Terminal">
				<attributes/>
			</edge>
			<edge toID="0.3" type="Terminal">
				<attributes/>
			</edge>
			<edge toID="0.4" type="Terminal">
				<attributes/>
			</edge>
			<edge toID="1.9" type="U">
				<attributes/>
			</edge>
			<edge toID="0.6" type="Terminal">
				<attributes/>
			</edge>
		</node>
		<node ID="1.12" type="FN">
			<attributes/>
			<edge toID="0.7" type="Terminal">
				<attributes/>
			</edge>
		</node>
		<node ID="1.14" type="FN">
			<attributes/>
			<edge toID="1.15" type="A">
				<attributes/>
			</edge>
			<edge toID="1.17" type="P">
				<attributes/>
			</edge>
			<edge toID="1.20" type="A">
				<attributes/>
			</edge>
		</node>
		<node ID="1.37" type="FN">
			<attributes/>
			<edge toID="0.18" type="Terminal">
				<attributes/>
			</edge>
		</node>
		<node ID="1.39" type="FN">
			<attributes/>
			<edge toID="0.19" type="Terminal">
				<attributes/>
			</edge>
		</node>
		<node ID="1.41" type="FN">
			<attributes/>
			<edge toID="1.42" type="A">
				<attributes/>
			</edge>
			<edge toID="1.44" type="P">
				<attributes/>
			</edge>
			<edge toID="1.46" type="A">
				<attributes/>
			</edge>
			<edge toID="1.51" type="D">
				<attributes/>
			</edge>
		</node>
		<node ID="1.54" type="FN">
			<attributes/>
			<edge toID="0.26" type="Terminal">
				<attributes/>
			</edge>
		</node>
		<node ID="1.56" type="FN">
			<attributes/>
			<edge toID="1.57" type="F">
				<attributes/>
			</edge>
			<edge toID="1.59" type="P">
				<attributes/>
			</edge>
		</node>
		<node ID="1.69" type="FN">
			<attributes/>
			<edge toID="0.32" type="Terminal">
				<attributes/>
			</edge>
		</node>
		<node ID="1.71" type="FN">
			<attributes/>
			<edge toID="1.72" type="F">
				<attributes/>
			</edge>
			<edge toID="1.74" type="E">
				<attributes/>
			</edge>
			<edge toID="1.76" type="E">
				<attributes/>
			</edge>
			<edge toID="1.78" type="C">
				<attributes/>
			</edge>
			<edge toID="1.80" type="E">
				<attributes/>
			</edge>
		</node>
		<node ID="1.85" type="FN">
			<attributes/>
			<edge toID="0.39" type="Terminal">
				<attributes/>
			</edge>
		</node>
		<node ID="1.87" type="FN">
			<attributes/>
			<edge toID="1.88" type="E">
				<attributes/>
			</edge>
			<edge toID="1.90" type="C">
				<attributes/>
			</edge>
			<edge toID="1.92" type="R">
				<attributes/>
			</edge>
		</node>
		<node ID="1.94" type="FN">
			<attributes/>
			<edge toID="0.43" type="Terminal">
				<attributes/>
			</edge>
		</node>
		<node ID="1.96" type="FN">
			<attributes/>
			<edge toID="0.44" type="Terminal">
				<attributes/>
			</edge>
		</node>
		<node ID="1.98" type="FN">
			<attributes/>
			<edge toID="0.45" type="Terminal">
				<attributes/>
			</edge>
		</node>
		<node ID="1.100" type="FN">
			<attributes/>
			<edge toID="0.46" type="Terminal">
				<attributes/>
			</edge>
		</node>
		<node ID="1.102" type="FN">
			<attributes/>
			<edge toID="0.47" type="Terminal">
				<attributes/>
			</edge>
		</node>
		<node ID="1.104" type="FN">
			<attributes/>
			<edge toID="1.105" type="R">
				<attributes/>
			</edge>
			<edge toID="1.107" type="C">
				<attributes/>
			</edge>
		</node>
		<node ID="1.109" type="FN">
			<attributes/>
			<edge toID="0.50" type="Terminal">
				<attributes/>
			</edge>
		</node>
		<node ID="1.111" type="FN">
			<attributes/>
			<edge toID="0.51" type="Terminal">
				<attributes/>
			</edge>
		</node>
		<node ID="1.113" type="FN">
			<attributes/>
			<edge toID="1.114" type="E">
				<attributes/>
			</edge>
			<edge toID="1.116" type="E">
				<attributes/>
			</edge>
			<edge toID="1.121" type="E">
				<attributes/>
			</edge>
			<edge toID="1.123" type="C">
				<attributes/>
			</edge>
		</node>
		<node ID="1.125" type="FN">
			<attributes/>
			<edge toID="0.57" type="Terminal">
				<attributes/>
			</edge>
		</node>
		<node ID="1.127" type="FN">
			<attributes/>
			<edge toID="0.58" type="Terminal">
				<attributes/>
			</edge>
		</node>
		<node ID="1.129" type="FN">
			<attributes/>
			<edge toID="0.59" type="Terminal">
				<attributes/>
			</edge>
		</node>
		<node ID="1.131" type="FN">
			<attributes/>
			<edge toID="1.132" type="C">
				<attributes/>
			</edge>
			<edge toID="1.134" type="U">
				<attributes/>
			</edge>
			<edge toID="1.136" type="U">
				<attributes/>
			</edge>
			<edge toID="1.138" type="E">
				<attributes/>
			</edge>
		</node>
		<node ID="1.9" type="FN">
			<attributes/>
			<edge toID="0.5" type="Terminal">
				<attributes/>
			</edge>
		</node>
		<node ID="1.15" type="FN">
			<attributes/>
			<edge toID="0.8" type="Terminal">
				<attributes/>
			</edge>
		</node>
		<node ID="1.17" type="FN">
			<attributes/>
			<edge toID="0.9" type="Terminal">
				<attributes/>
			</edge>
			<edge toID="0.10" type="Terminal">
				<attributes/>
			</edge>
		</node>
		<node ID="1.20" type="FN">
			<attributes/>
			<edge toID="1.21" type="F">
				<attributes/>
			</edge>
			<edge toID="1.23" type="S">
				<attributes/>
			</edge>
			<edge toID="1.25" type="A">
				<attributes/>
			</edge>
			<edge toID="1.32" type="D">
				<attributes/>
			</edge>
		</node>
		<node ID="1.42" type="FN">
			<attributes/>
			<edge toID="0.20" type="Terminal">
				<attributes/>
			</edge>
		</node>
		<node ID="1.44" type="FN">
			<attributes/>
			<edge toID="0.21" type="Terminal">
				<attributes/>
			</edge>
		</node>
		<node ID="1.46" type="FN">
			<attributes/>
			<edge toID="1.47" type="R">
				<attributes/>
			</edge>
			<edge toID="1.49" type="C">
				<attributes/>
			</edge>
		</node>
		<node ID="1.51" type="FN">
			<attributes/>
			<edge toID="0.24" type="Terminal">
				<attributes/>
			</edge>
			<edge toID="0.25" type="Terminal">
				<attributes/>
			</edge>
		</node>
		<node ID="1.57" type="FN">
			<attributes/>
			<edge toID="0.27" type="Terminal">
				<attributes/>
			</edge>
		</node>
		<node ID="1.59" type="FN">
			<attributes/>
			<edge toID="1.60" type="E">
				<attributes/>
			</edge>
			<edge toID="1.62" type="C">
				<attributes/>
			</edge>
			<edge toID="1.64" type="E">
				<attributes/>
			</edge>
		</node>
		<node ID="1.72" type="FN">
			<attributes/>
			<edge toID="0.33" type="Terminal">
				<attributes/>
			</edge>
		</node>
		<node ID="1.74" type="FN">
			<attributes/>
			<edge toID="0.34" type="Terminal">
				<attributes/>
			</edge>
		</node>
		<node ID="1.76" type="FN">
			<attributes/>
			<edge toID="0.35" type="Terminal">
				<attributes/>
			</edge>
		</node>
		<node ID="1.78" type="FN">
			<attributes/>
			<edge toID="0.36" type="Terminal">
				<attributes/>
			</edge>
		</node>
		<node ID="1.80" type="FN">
			<attributes/>
			<edge toID="1.81" type="R">
				<attributes/>
			</edge>
			<edge toID="1.83" type="C">
				<attributes/>
			</edge>
		</node>
		<node ID="1.88" type="FN">
			<attributes/>
			<edge toID="0.40" type="Terminal">
				<attributes/>
			</edge>
		</node>
		<node ID="1.90" type="FN">
			<attributes/>
			<edge toID="0.41" type="Terminal">
				<attributes/>
			</edge>
		</node>
		<node ID="1.92" type="FN">
			<attributes/>
			<edge toID="0.42" type="Terminal">
				<attributes/>
			</edge>
		</node>
		<node ID="1.105" type="FN">
			<attributes/>
			<edge toID="0.48" type="Terminal">
				<attributes/>
			</edge>
		</node>
		<node ID="1.107" type="FN">
			<attributes/>
			<edge toID="0.49" type="Terminal">
				<attributes/>
			</edge>
		</node>
		<node ID="1.114" type="FN">
			<attributes/>
			<edge toID="0.52" type="Terminal">
				<attributes/>
			</edge>
		</node>
		<node ID="1.116" type="FN">
			<attributes/>
			<edge toID="1.117" type="C">
				<attributes/>
			</edge>
			<edge toID="1.119" type="R">
				<attributes/>
			</edge>
		</node>
		<node ID="1.121" type="FN">
			<attributes/>
			<edge toID="0.55" type="Terminal">
				<attributes/>
			</edge>
		</node>
		<node ID="1.123" type="FN">
			<attributes/>
			<edge toID="0.56" type="Terminal">
				<attributes/>
			</edge>
		</node>
		<node ID="1.132" type="FN">
			<attributes/>
			<edge toID="0.60" type="Terminal">
				<attributes/>
			</edge>
		</node>
		<node ID="1.134" type="FN">
			<attributes/>
			<edge toID="0.61" type="Terminal">
				<attributes/>
			</edge>
		</node>
		<node ID="1.136" type="FN">
			<attributes/>
			<edge toID="0.62" type="Terminal">
				<attributes/>
			</edge>
		</node>
		<node ID="1.138" type="FN">
			<attributes/>
			<edge toID="1.139" type="H">
				<attributes/>
			</edge>
			<edge toID="1.149" type="U">
				<attributes/>
			</edge>
			<edge toID="1.151" type="L">
				<attributes/>
			</edge>
			<edge toID="1.153" type="H">
				<attributes/>
			</edge>
			<edge toID="1.175" type="U">
				<attributes/>
			</edge>
			<edge toID="1.177" type="L">
				<attributes/>
			</edge>
			<edge toID="1.179" type="H">
				<attributes/>
			</edge>
			<edge toID="1.218" type="U">
				<attributes/>
			</edge>
			<edge toID="1.220" type="L">
				<attributes/>
			</edge>
			<edge toID="1.222" type="H">
				<attributes/>
			</edge>
		</node>
		<node ID="1.21" type="FN">
			<attributes/>
			<edge toID="0.11" type="Terminal">
				<attributes/>
			</edge>
		</node>
		<node ID="1.23" type="FN">
			<attributes/>
			<edge toID="0.12" type="Terminal">
				<attributes/>
			</edge>
		</node>
		<node ID="1.25" type="FN">
			<attributes/>
			<edge toID="1.26" type="E">
				<attributes/>
			</edge>
			<edge toID="1.28" type="E">
				<attributes/>
			</edge>
			<edge toID="1.30" type="C">
				<attributes/>
			</edge>
		</node>
		<node ID="1.32" type="FN">
			<attributes/>
			<edge toID="1.33" type="R">
				<attributes/>
			</edge>
			<edge toID="1.35" type="C">
				<attributes/>
			</edge>
		</node>
		<node ID="1.47" type="FN">
			<attributes/>
			<edge toID="0.22" type="Terminal">
				<attributes/>
			</edge>
		</node>
		<node ID="1.49" type="FN">
			<attributes/>
			<edge toID="0.23" type="Terminal">
				<attributes/>
			</edge>
		</node>
		<node ID="1.60" type="FN">
			<attributes/>
			<edge toID="0.28" type="Terminal">
				<attributes/>
			</edge>
		</node>
		<node ID="1.62" type="FN">
			<attributes/>
			<edge toID="0.29" type="Terminal">
				<attributes/>
			</edge>
		</node>
		<node ID="1.64" type="FN">
			<attributes/>
			<edge toID="1.65" type="R">
				<attributes/>
			</edge>
			<edge toID="1.67" type="C">
				<attributes/>
			</edge>
		</node>
		<node ID="1.81" type="FN">
			<attributes/>
			<edge toID="0.37" type="Terminal">
				<attributes/>
			</edge>
		</node>
		<node ID="1.83" type="FN">
			<attributes/>
			<edge toID="0.38" type="Terminal">
				<attributes/>
			</edge>
		</node>
		<node ID="1.117" type="FN">
			<attributes/>
			<edge toID="0.53" type="Terminal">
				<attributes/>
			</edge>
		</node>
		<node ID="1.119" type="FN">
			<attributes/>
			<edge toID="0.54" type="Terminal">
				<attributes/>
			</edge>
		</node>
		<node ID="1.139" type="FN">
			<attributes/>
			<edge toID="1.140" type="A">
				<attributes/>
			</edge>
			<edge toID="1.147" type="P">
				<attributes/>
			</edge>
		</node>
		<node ID="1.149" type="FN">
			<attributes/>
			<edge toID="0.67" type="Terminal">
				<attributes/>
			</edge>
		</node>
		<node ID="1.151" type="FN">
			<attributes/>
			<edge toID="0.68" type="Terminal">
				<attributes/>
			</edge>
		</node>
		<node ID="1.153" type="FN">
			<attributes/>
			<edge toID="1.154" type="D">
				<attributes/>
			</edge>
			<edge toID="1.159" type="A">
				<attributes/>
			</edge>
			<edge toID="1.161" type="D">
				<attributes/>
			</edge>
			<edge toID="1.163" type="F">
				<attributes/>
			</edge>
			<edge toID="1.165" type="P">
				<attributes/>
			</edge>
			<edge toID="1.167" type="A">
				<attributes/>
			</edge>
		</node>
		<node ID="1.175" type="FN">
			<attributes/>
			<edge toID="0.78" type="Terminal">
				<attributes/>
			</edge>
		</node>
		<node ID="1.177" type="FN">
			<attributes/>
			<edge toID="0.79" type="Terminal">
				<attributes/>
			</edge>
		</node>
		<node ID="1.179" type="FN">
			<attributes/>
			<edge toID="1.180" type="A">
				<attributes/>
			</edge>
			<edge toID="1.188" type="D">
				<attributes/>
			</edge>
			<edge toID="1.190" type="F">
				<attributes/>
			</edge>
			<edge toID="1.192" type="P">
				<attributes/>
			</edge>
			<edge toID="1.194" type="A">
				<attributes/>
			</edge>
		</node>
		<node ID="1.218" type="FN">
			<attributes/>
			<edge toID="0.96" type="Terminal">
				<attributes/>
			</edge>
		</node>
		<node ID="1.220" type="FN">
			<attributes/>
			<edge toID="0.97" type="Terminal">
				<attributes/>
			</edge>
		</node>
		<node ID="1.222" type="FN">
			<attributes/>
			<edge toID="1.229" type="F">
				<attributes/>
			</edge>
			<edge toID="1.224" type="A">
				<attributes/>
			</edge>
			<edge toID="1.226" type="P">
				<attributes/>
			</edge>
			<edge toID="1.233" type="A">
				<attributes/>
			</edge>
			<edge toID="1.240" type="A">
				<attributes/>
			</edge>
		</node>
		<node ID="1.26" type="FN">
			<attributes/>
			<edge toID="0.13" type="Terminal">
				<attributes/>
			</edge>
		</node>
		<node ID="1.28" type="FN">
			<attributes/>
			<edge toID="0.14" type="Terminal">
				<attributes/>
			</edge>
		</node>
		<node ID="1.30" type="FN">
			<attributes/>
			<edge toID="0.15" type="Terminal">
				<attributes/>
			</edge>
		</node>
		<node ID="1.33" type="FN">
			<attributes/>
			<edge toID="0.16" type="Terminal">
				<attributes/>
			</edge>
		</node>
		<node ID="1.35" type="FN">
			<attributes/>
			<edge toID="0.17" type="Terminal">
				<attributes/>
			</edge>
		</node>
		<node ID="1.65" type="FN">
			<attributes/>
			<edge toID="0.30" type="Terminal">
				<attributes/>
			</edge>
		</node>
		<node ID="1.67" type="FN">
			<attributes/>
			<edge toID="0.31" type="Terminal">
				<attributes/>
			</edge>
		</node>
		<node ID="1.140" type="FN">
			<attributes/>
			<edge toID="1.141" type="R">
				<attributes/>
			</edge>
			<edge toID="1.143" type="C">
				<attributes/>
			</edge>
			<edge toID="1.145" type="R">
				<attributes/>
			</edge>
		</node>
		<node ID="1.147" type="FN">
			<attributes/>
			<edge toID="0.66" type="Terminal">
				<attributes/>
			</edge>
		</node>
		<node ID="1.154" type="FN">
			<attributes/>
			<edge toID="1.155" type="R">
				<attributes/>
			</edge>
			<edge toID="1.157" type="C">
				<attributes/>
			</edge>
		</node>
		<node ID="1.159" type="FN">
			<attributes/>
			<edge toID="0.71" type="Terminal">
				<attributes/>
			</edge>
		</node>
		<node ID="1.161" type="FN">
			<attributes/>
			<edge toID="0.72" type="Terminal">
				<attributes/>
			</edge>
		</node>
		<node ID="1.163" type="FN">
			<attributes/>
			<edge toID="0.73" type="Terminal">
				<attributes/>
			</edge>
		</node>
		<node ID="1.165" type="FN">
			<attributes/>
			<edge toID="0.74" type="Terminal">
				<attributes/>
			</edge>
		</node>
		<node ID="1.167" type="FN">
			<attributes/>
			<edge toID="1.168" type="E">
				<attributes/>
			</edge>
			<edge toID="1.173" type="C">
				<attributes/>
			</edge>
		</node>
		<node ID="1.180" type="FN">
			<attributes/>
			<edge toID="1.181" type="E">
				<attributes/>
			</edge>
			<edge toID="1.186" type="C">
				<attributes/>
			</edge>
		</node>
		<node ID="1.188" type="FN">
			<attributes/>
			<edge toID="0.83" type="Terminal">
				<attributes/>
			</edge>
		</node>
		<node ID="1.190" type="FN">
			<attributes/>
			<edge toID="0.84" type="Terminal">
				<attributes/>
			</edge>
		</node>
		<node ID="1.192" type="FN">
			<attributes/>
			<edge toID="0.85" type="Terminal">
				<attributes/>
			</edge>
		</node>
		<node ID="1.194" type="FN">
			<attributes/>
			<edge toID="1.195" type="R">
				<attributes/>
			</edge>
			<edge toID="1.197" type="C">
				<attributes/>
			</edge>
		</node>
		<node ID="1.229" type="FN">
			<attributes/>
			<edge toID="0.100" type="Terminal">
				<attributes/>
			</edge>
		</node>
		<node ID="1.224" type="FN">
			<attributes/>
			<edge toID="0.98" type="Terminal">
				<attributes/>
			</edge>
		</node>
		<node ID="1.226" type="FN">
			<attributes/>
			<edge toID="1.227" type="F">
				<attributes/>
			</edge>
			<edge toID="1.231" type="C">
				<attributes/>
			</edge>
		</node>
		<node ID="1.233" type="FN">
			<attributes/>
			<edge toID="1.234" type="E">
				<attributes/>
			</edge>
			<edge toID="1.236" type="E">
				<attributes/>
			</edge>
			<edge toID="1.238" type="C">
				<attributes/>
			</edge>
		</node>
		<node ID="1.240" type="FN">
			<attributes/>
			<edge toID="1.241" type="R">
				<attributes/>
			</edge>
			<edge toID="1.243" type="C">
				<attributes/>
			</edge>
			<edge toID="1.245" type="U">
				<attributes/>
			</edge>
		</node>
		<node ID="1.141" type="FN">
			<attributes/>
			<edge toID="0.63" type="Terminal">
				<attributes/>
			</edge>
		</node>
		<node ID="1.143" type="FN">
			<attributes/>
			<edge toID="0.64" type="Terminal">
				<attributes/>
			</edge>
		</node>
		<node ID="1.145" type="FN">
			<attributes/>
			<edge toID="0.65" type="Terminal">
				<attributes/>
			</edge>
		</node>
		<node ID="1.155" type="FN">
			<attributes/>
			<edge toID="0.69" type="Terminal">
				<attributes/>
			</edge>
		</node>
		<node ID="1.157" type="FN">
			<attributes/>
			<edge toID="0.70" type="Terminal">
				<attributes/>
			</edge>
		</node>
		<node ID="1.168" type="FN">
			<attributes/>
			<edge toID="1.169" type="C">
				<attributes/>
			</edge>
			<edge toID="1.171" type="R">
				<attributes/>
			</edge>
		</node>
		<node ID="1.173" type="FN">
			<attributes/>
			<edge toID="0.77" type="Terminal">
				<attributes/>
			</edge>
		</node>
		<node ID="1.181" type="FN">
			<attributes/>
			<edge toID="1.182" type="C">
				<attributes/>
			</edge>
			<edge toID="1.184" type="R">
				<attributes/>
			</edge>
		</node>
		<node ID="1.186" type="FN">
			<attributes/>
			<edge toID="0.82" type="Terminal">
				<attributes/>
			</edge>
		</node>
		<node ID="1.195" type="FN">
			<attributes/>
			<edge toID="0.86" type="Terminal">
				<attributes/>
			</edge>
		</node>
		<node ID="1.197" type="FN">
			<attributes/>
			<edge toID="1.198" type="A">
				<attributes/>
			</edge>
			<edge toID="1.200" type="P">
				<attributes/>
			</edge>
			<edge toID="1.202" type="A">
				<attributes/>
			</edge>
		</node>
		<node ID="1.227" type="FN">
			<attributes/>
			<edge toID="0.99" type="Terminal">
				<attributes/>
			</edge>
		</node>
		<node ID="1.231" type="FN">
			<attributes/>
			<edge toID="0.101" type="Terminal">
				<attributes/>
			</edge>
		</node>
		<node ID="1.234" type="FN">
			<attributes/>
			<edge toID="0.102" type="Terminal">
				<attributes/>
			</edge>
		</node>
		<node ID="1.236" type="FN">
			<attributes/>
			<edge toID="0.103" type="Terminal">
				<attributes/>
			</edge>
		</node>
		<node ID="1.238" type="FN">
			<attributes/>
			<edge toID="0.104" type="Terminal">
				<attributes/>
			</edge>
		</node>
		<node ID="1.241" type="FN">
			<attributes/>
			<edge toID="0.105" type="Terminal">
				<attributes/>
			</edge>
		</node>
		<node ID="1.243" type="FN">
			<attributes/>
			<edge toID="0.106" type="Terminal">
				<attributes/>
			</edge>
		</node>
		<node ID="1.245" type="FN">
			<attributes/>
			<edge toID="0.107" type="Terminal">
				<attributes/>
			</edge>
		</node>
		<node ID="1.169" type="FN">
			<attributes/>
			<edge toID="0.75" type="Terminal">
				<attributes/>
			</edge>
		</node>
		<node ID="1.171" type="FN">
			<attributes/>
			<edge toID="0.76" type="Terminal">
				<attributes/>
			</edge>
		</node>
		<node ID="1.182" type="FN">
			<attributes/>
			<edge toID="0.80" type="Terminal">
				<attributes/>
			</edge>
		</node>
		<node ID="1.184" type="FN">
			<attributes/>
			<edge toID="0.81" type="Terminal">
				<attributes/>
			</edge>
		</node>
		<node ID="1.198" type="FN">
			<attributes/>
			<edge toID="0.87" type="Terminal">
				<attributes/>
			</edge>
		</node>
		<node ID="1.200" type="FN">
			<attributes/>
			<edge toID="0.88" type="Terminal">
				<attributes/>
			</edge>
		</node>
		<node ID="1.202" type="FN">
			<attributes/>
			<edge toID="1.203" type="R">
				<attributes/>
			</edge>
			<edge toID="1.205" type="E">
				<attributes/>
			</edge>
			<edge toID="1.207" type="C">
				<attributes/>
			</edge>
			<edge toID="1.209" type="E">
				<attributes/>
			</edge>
		</node>
		<node ID="1.203" type="FN">
			<attributes/>
			<edge toID="0.89" type="Terminal">
				<attributes/>
			</edge>
		</node>
		<node ID="1.205" type="FN">
			<attributes/>
			<edge toID="0.90" type="Terminal">
				<attributes/>
			</edge>
		</node>
		<node ID="1.207" type="FN">
			<attributes/>
			<edge toID="0.91" type="Terminal">
				<attributes/>
			</edge>
		</node>
		<node ID="1.209" type="FN">
			<attributes/>
			<edge toID="1.210" type="R">
				<attributes/>
			</edge>
			<edge toID="1.212" type="E">
				<attributes/>
			</edge>
			<edge toID="1.214" type="E">
				<attributes/>
			</edge>
			<edge toID="1.216" type="C">
				<attributes/>
			</edge>
		</node>
		<node ID="1.210" type="FN">
			<attributes/>
			<edge toID="0.92" type="Terminal">
				<attributes/>
			</edge>
		</node>
		<node ID="1.212" type="FN">
			<attributes/>
			<edge toID="0.93" type="Terminal">
				<attributes/>
			</edge>
		</node>
		<node ID="1.214" type="FN">
			<attributes/>
			<edge toID="0.94" type="Terminal">
				<attributes/>
			</edge>
		</node>
		<node ID="1.216" type="FN">
			<attributes/>
			<edge toID="0.95" type="Terminal">
				<attributes/>
			</edge>
		</node>
	</layer>
</root>

