<root annotationID="0" passageID="297001">
  <attributes />
  <extra format="ucca" />
  <layer layerID="0">
    <attributes />
    <extra doc="[[[7200167435465641822, 10066841407251338481, 1292078113972184607, 97, 0, 2, 420, 5, 16072095006890171862, 12290980237632234855, 14431812100313486463], [4690420944186131903, 4690420944186131903, 13656873538139661788, 94, 0, 2, 426, 4, 100, 4690420944186131903, 4690420944186131903], [7494117911267222209, 7494117911267222209, 16235386156175103506, 86, 0, 2, 402, 3, 13110060611322374290, 16900879642891266615, 17438164932492296010], [13055779130471031426, 13055779130471031426, 164681854541413346, 85, 0, 2, 397, 1, 4370460163704169311, 13210364986222294696, 13055779130471031426], [2041435544530518504, 2041435544530518504, 1895579588947004264, 85, 0, 2, 397, 1, 13110060611322374290, 2985121464356781022, 1493767276839627183], [3818475640248018718, 3818475640248018718, 9188597074677201817, 99, 0, 2, 396, 5, 13110060611322374290, 15817570140490810055, 2483095116303079762], [227504873216781231, 227504873216781231, 4062917326063685704, 94, 0, 2, 1227985075839834553, 1, 4370460163704169311, 646772771845179972, 227504873216781231], [17791240896542951680, 17791240896542951680, 15308085513773655218, 91, 0, 2, 431, -2, 13110060611322374290, 15369245168918225700, 13418700819982608453], [2593208677638477497, 2593208677638477497, 2593208677638477497, 96, 0, 2, 442, 2, 2593208677638477497, 2593208677638477497, 2593208677638477497], [4690420944186131903, 4690420944186131903, 13656873538139661788, 94, 0, 2, 426, 1, 100, 4690420944186131903, 4690420944186131903], [278066919066513387, 278066919066513387, 17109001835818727656, 99, 0, 2, 445, 0, 4088098365541558500, 2985121464356781022, 278066919066513387], [10239237003504588839, 10239237003504588839, 13656873538139661788, 94, 0, 2, 431, -1, 4370460163704169311, 5097672513440128799, 10239237003504588839], [7583518086179331872, 7583518086179331872, 15308085513773655218, 91, 0, 2, 431, -2, 4088098365541558500, 260667111241363922, 7583518086179331872], [12646065887601541794, 12646065887601541794, 12646065887601541794, 96, 0, 2, 442, -3, 12646065887601541794, 12646065887601541794, 12646065887601541794]]]" />
    <node ID="0.1" type="Word">
      <attributes paragraph="1" paragraph_position="1" text="Since" />
      <extra dep="mark" ent_iob="2" ent_type="" head="5" lemma="since" orig_paragraph="1" orth="Since" pos="SCONJ" prefix="S" shape="Xxxxx" suffix="nce" tag="IN" />
    </node>
    <node ID="0.2" type="Word">
      <attributes paragraph="1" paragraph_position="2" text="I" />
      <extra dep="nsubj" ent_iob="2" ent_type="" head="4" lemma="I" orig_paragraph="1" orth="I" pos="PRON" prefix="I" shape="X" suffix="I" tag="PRP" />
    </node>
    <node ID="0.3" type="Word">
      <attributes paragraph="1" paragraph_position="3" text="could" />
      <extra dep="aux" ent_iob="2" ent_type="" head="3" lemma="could" orig_paragraph="1" orth="could" pos="AUX" prefix="c" shape="xxxx" suffix="uld" tag="MD" />
    </node>
    <node ID="0.4" type="Word">
      <attributes paragraph="1" paragraph_position="4" text="no" />
      <extra dep="advmod" ent_iob="2" ent_type="" head="1" lemma="no" orig_paragraph="1" orth="no" pos="ADV" prefix="n" shape="xx" suffix="no" tag="RB" />
    </node>
    <node ID="0.5" type="Word">
      <attributes paragraph="1" paragraph_position="5" text="longer" />
      <extra dep="advmod" ent_iob="2" ent_type="" head="1" lemma="longer" orig_paragraph="1" orth="longer" pos="ADV" prefix="l" shape="xxxx" suffix="ger" tag="RBR" />
    </node>
    <node ID="0.6" type="Word">
      <attributes paragraph="1" paragraph_position="6" text="hold" />
      <extra dep="advcl" ent_iob="2" ent_type="" head="5" lemma="hold" orig_paragraph="1" orth="hold" pos="VERB" prefix="h" shape="xxxx" suffix="old" tag="VBP" />
    </node>
    <node ID="0.7" type="Word">
      <attributes paragraph="1" paragraph_position="7" text="my" />
      <extra dep="nmod:poss" ent_iob="2" ent_type="" head="1" lemma="my" orig_paragraph="1" orth="my" pos="PRON" prefix="m" shape="xx" suffix="my" tag="PRP$" />
    </node>
    <node ID="0.8" type="Word">
      <attributes paragraph="1" paragraph_position="8" text="tongue" />
      <extra dep="obj" ent_iob="2" ent_type="" head="-2" lemma="tongue" orig_paragraph="1" orth="tongue" pos="NOUN" prefix="t" shape="xxxx" suffix="gue" tag="NN" />
    </node>
    <node ID="0.9" type="Punctuation">
      <attributes paragraph="1" paragraph_position="9" text="," />
      <extra dep="punct" ent_iob="2" ent_type="" head="2" lemma="," orig_paragraph="1" orth="," pos="PUNCT" prefix="," shape="," suffix="," tag="," />
    </node>
    <node ID="0.10" type="Word">
      <attributes paragraph="1" paragraph_position="10" text="I" />
      <extra dep="nsubj" ent_iob="2" ent_type="" head="1" lemma="I" orig_paragraph="1" orth="I" pos="PRON" prefix="I" shape="X" suffix="I" tag="PRP" />
    </node>
    <node ID="0.11" type="Word">
      <attributes paragraph="1" paragraph_position="11" text="let" />
      <extra dep="root" ent_iob="2" ent_type="" head="0" lemma="let" orig_paragraph="1" orth="let" pos="VERB" prefix="l" shape="xxx" suffix="let" tag="VBD" />
    </node>
    <node ID="0.12" type="Word">
      <attributes paragraph="1" paragraph_position="12" text="it" />
      <extra dep="obj" ent_iob="2" ent_type="" head="-1" lemma="it" orig_paragraph="1" orth="it" pos="PRON" prefix="i" shape="xx" suffix="it" tag="PRP" />
    </node>
    <node ID="0.13" type="Word">
      <attributes paragraph="1" paragraph_position="13" text="wag" />
      <extra dep="obj" ent_iob="2" ent_type="" head="-2" lemma="wag" orig_paragraph="1" orth="wag" pos="NOUN" prefix="w" shape="xxx" suffix="wag" tag="NN" />
    </node>
    <node ID="0.14" type="Punctuation">
      <attributes paragraph="1" paragraph_position="14" text="." />
      <extra dep="punct" ent_iob="2" ent_type="" head="-3" lemma="." orig_paragraph="1" orth="." pos="PUNCT" prefix="." shape="." suffix="." tag="." />
    </node>
  </layer>
  <layer layerID="1">
    <attributes />
    <node ID="1.1" type="FN">
      <attributes />
      <edge toID="1.2" type="L">
        <attributes />
        <category tag="L" />
      </edge>
      <edge toID="1.3" type="H">
        <attributes />
        <category tag="H" />
      </edge>
      <edge toID="1.4" type="U">
        <attributes />
        <category tag="U" />
      </edge>
      <edge toID="1.5" type="H">
        <attributes />
        <category tag="H" />
      </edge>
    </node>
    <node ID="1.2" type="FN">
      <attributes />
      <edge toID="0.1" type="Terminal">
        <attributes />
        <category tag="Terminal" />
      </edge>
    </node>
    <node ID="1.3" type="FN">
      <attributes />
      <edge toID="1.6" type="A">
        <attributes />
        <category tag="A" />
      </edge>
      <edge toID="1.7" type="D">
        <attributes />
        <category tag="D" />
      </edge>
      <edge toID="1.8" type="D">
        <attributes />
        <category tag="D" />
      </edge>
      <edge toID="1.9" type="D">
        <attributes />
        <category tag="D" />
      </edge>
      <edge toID="1.10" type="P">
        <attributes />
        <category tag="P" />
      </edge>
      <edge toID="1.11" type="A">
        <attributes />
        <category tag="A" />
      </edge>
    </node>
    <node ID="1.4" type="PNCT">
      <attributes />
      <edge toID="0.9" type="Terminal">
        <attributes />
        <category tag="Terminal" />
      </edge>
    </node>
    <node ID="1.5" type="FN">
      <attributes />
      <edge toID="1.12" type="A">
        <attributes />
        <category tag="A" />
      </edge>
      <edge toID="1.13" type="P">
        <attributes />
        <category tag="P" />
      </edge>
      <edge toID="1.14" type="A">
        <attributes />
        <category tag="A" />
      </edge>
    </node>
    <node ID="1.6" type="FN">
      <attributes />
      <edge toID="0.2" type="Terminal">
        <attributes />
        <category tag="Terminal" />
      </edge>
    </node>
    <node ID="1.7" type="FN">
      <attributes />
      <edge toID="0.3" type="Terminal">
        <attributes />
        <category tag="Terminal" />
      </edge>
    </node>
    <node ID="1.8" type="FN">
      <attributes />
      <edge toID="0.4" type="Terminal">
        <attributes />
        <category tag="Terminal" />
      </edge>
    </node>
    <node ID="1.9" type="FN">
      <attributes />
      <edge toID="0.5" type="Terminal">
        <attributes />
        <category tag="Terminal" />
      </edge>
    </node>
    <node ID="1.10" type="FN">
      <attributes />
      <edge toID="0.6" type="Terminal">
        <attributes />
        <category tag="Terminal" />
      </edge>
    </node>
    <node ID="1.11" type="FN">
      <attributes />
      <edge toID="1.15" type="E">
        <attributes />
        <category tag="E" />
      </edge>
      <edge toID="1.16" type="C">
        <attributes />
        <category tag="C" />
      </edge>
    </node>
    <node ID="1.12" type="FN">
      <attributes />
      <edge toID="0.10" type="Terminal">
        <attributes />
        <category tag="Terminal" />
      </edge>
    </node>
    <node ID="1.13" type="FN">
      <attributes />
      <edge toID="0.11" type="Terminal">
        <attributes />
        <category tag="Terminal" />
      </edge>
    </node>
    <node ID="1.14" type="FN">
      <attributes />
      <edge toID="1.17" type="E">
        <attributes />
        <category tag="E" />
      </edge>
      <edge toID="1.18" type="C">
        <attributes />
        <category tag="C" />
      </edge>
      <edge toID="1.19" type="U">
        <attributes />
        <category tag="U" />
      </edge>
    </node>
    <node ID="1.15" type="FN">
      <attributes />
      <edge toID="0.7" type="Terminal">
        <attributes />
        <category tag="Terminal" />
      </edge>
    </node>
    <node ID="1.16" type="FN">
      <attributes />
      <edge toID="0.8" type="Terminal">
        <attributes />
        <category tag="Terminal" />
      </edge>
    </node>
    <node ID="1.17" type="FN">
      <attributes />
      <edge toID="0.12" type="Terminal">
        <attributes />
        <category tag="Terminal" />
      </edge>
    </node>
    <node ID="1.18" type="FN">
      <attributes />
      <edge toID="0.13" type="Terminal">
        <attributes />
        <category tag="Terminal" />
      </edge>
    </node>
    <node ID="1.19" type="PNCT">
      <attributes />
      <edge toID="0.14" type="Terminal">
        <attributes />
        <category tag="Terminal" />
      </edge>
    </node>
  </layer>
</root>
