<root annotationID="0" passageID="310002">
  <attributes />
  <extra format="ucca" />
  <layer layerID="0">
    <attributes />
    <extra doc="[[[16655127440558524815, 7262905682769168936, 164681854541413346, 85, 0, 2, 397, 3, 16072095006890171862, 3209455878668673793, 16203534885047373824], [2593208677638477497, 2593208677638477497, 2593208677638477497, 96, 0, 2, 442, 2, 2593208677638477497, 2593208677638477497, 2593208677638477497], [7425985699627899538, 7425985699627899538, 15267657372422890137, 89, 0, 2, 412, 1, 4088098365541558500, 15369245168918225700, 7425985699627899538], [8054865091517299512, 8054865091517299512, 15308085513773655218, 91, 0, 2, 445, 0, 13110060611322374290, 16978132545290669629, 10748144119362648261], [10239237003504588839, 10239237003504588839, 13656873538139661788, 94, 0, 2, 414, 1, 4370460163704169311, 5097672513440128799, 10239237003504588839], [2473223739622392359, 11717044941477424016, 3822385049556375858, 99, 0, 2, 447, -2, 13110060611322374290, 8861071527689086543, 11208870015262361521], [1671592562942695594, 6457766987793388987, 3822385049556375858, 99, 0, 2, 446, -1, 13110060611322374290, 11901859001352538922, 14459727760271434521], [16037325823156266367, 16037325823156266367, 1292078113972184607, 84, 0, 2, 8110129090154140942, 2, 4088098365541558500, 13110760720460257827, 16037325823156266367], [17712913731469760764, 17712913731469760764, 10554686591937588953, 83, 0, 2, 399, 1, 13110060611322374290, 13110760720460257827, 1885430333798768031], [8228585124152053988, 8228585124152053988, 15308085513773655218, 91, 0, 2, 432, -3, 13110060611322374290, 8861071527689086543, 8930039710664302885], [886050111519832510, 886050111519832510, 1292078113972184607, 84, 0, 2, 8110129090154140942, 2, 4370460163704169311, 1489474827855109852, 886050111519832510], [7425985699627899538, 7425985699627899538, 15267657372422890137, 89, 0, 2, 412, 1, 4088098365541558500, 15369245168918225700, 7425985699627899538], [9079753505417501987, 9079753505417501987, 15308085513773655218, 91, 0, 2, 423, -3, 13110060611322374290, 5097672513440128799, 10748144119362648261], [12646065887601541794, 12646065887601541794, 12646065887601541794, 96, 0, 2, 442, -10, 12646065887601541794, 12646065887601541794, 12646065887601541794]]]" />
    <node ID="0.1" type="Word">
      <attributes paragraph="1" paragraph_position="1" text="Moreover" />
      <extra dep="advmod" ent_iob="2" ent_type="" head="3" lemma="moreover" orig_paragraph="1" orth="Moreover" pos="ADV" prefix="M" shape="Xxxxx" suffix="ver" tag="RB" />
    </node>
    <node ID="0.2" type="Punctuation">
      <attributes paragraph="1" paragraph_position="2" text="," />
      <extra dep="punct" ent_iob="2" ent_type="" head="2" lemma="," orig_paragraph="1" orth="," pos="PUNCT" prefix="," shape="," suffix="," tag="," />
    </node>
    <node ID="0.3" type="Word">
      <attributes paragraph="1" paragraph_position="3" text="the" />
      <extra dep="det" ent_iob="2" ent_type="" head="1" lemma="the" orig_paragraph="1" orth="the" pos="DET" prefix="t" shape="xxx" suffix="the" tag="DT" />
    </node>
    <node ID="0.4" type="Word">
      <attributes paragraph="1" paragraph_position="4" text="solution" />
      <extra dep="root" ent_iob="2" ent_type="" head="3" lemma="solution" orig_paragraph="1" orth="solution" pos="NOUN" prefix="s" shape="xxxx" suffix="ion" tag="NN" />
    </node>
    <node ID="0.5" type="Word">
      <attributes paragraph="1" paragraph_position="5" text="it" />
      <extra dep="expl" ent_iob="2" ent_type="" head="1" lemma="it" orig_paragraph="1" orth="it" pos="PRON" prefix="i" shape="xx" suffix="it" tag="PRP" />
    </node>
    <node ID="0.6" type="Word">
      <attributes paragraph="1" paragraph_position="6" text="proposed" />
      <extra dep="acl" ent_iob="2" ent_type="" head="-2" lemma="propose" orig_paragraph="1" orth="proposed" pos="VERB" prefix="p" shape="xxxx" suffix="sed" tag="VBN" />
    </node>
    <node ID="0.7" type="Word">
      <attributes paragraph="1" paragraph_position="7" text="allowed" />
      <extra dep="xcomp" ent_iob="2" ent_type="" head="-1" lemma="allow" orig_paragraph="1" orth="allowed" pos="VERB" prefix="a" shape="xxxx" suffix="wed" tag="VBN" />
    </node>
    <node ID="0.8" type="Word">
      <attributes paragraph="1" paragraph_position="8" text="for" />
      <extra dep="case" ent_iob="2" ent_type="" head="2" lemma="for" orig_paragraph="1" orth="for" pos="ADP" prefix="f" shape="xxx" suffix="for" tag="IN" />
    </node>
    <node ID="0.9" type="Word">
      <attributes paragraph="1" paragraph_position="9" text="free" />
      <extra dep="amod" ent_iob="2" ent_type="" head="1" lemma="free" orig_paragraph="1" orth="free" pos="ADJ" prefix="f" shape="xxxx" suffix="ree" tag="JJ" />
    </node>
    <node ID="0.10" type="Word">
      <attributes paragraph="1" paragraph_position="10" text="play" />
      <extra dep="obl" ent_iob="2" ent_type="" head="-3" lemma="play" orig_paragraph="1" orth="play" pos="NOUN" prefix="p" shape="xxxx" suffix="lay" tag="NN" />
    </node>
    <node ID="0.11" type="Word">
      <attributes paragraph="1" paragraph_position="11" text="of" />
      <extra dep="case" ent_iob="2" ent_type="" head="2" lemma="of" orig_paragraph="1" orth="of" pos="ADP" prefix="o" shape="xx" suffix="of" tag="IN" />
    </node>
    <node ID="0.12" type="Word">
      <attributes paragraph="1" paragraph_position="12" text="the" />
      <extra dep="det" ent_iob="2" ent_type="" head="1" lemma="the" orig_paragraph="1" orth="the" pos="DET" prefix="t" shape="xxx" suffix="the" tag="DT" />
    </node>
    <node ID="0.13" type="Word">
      <attributes paragraph="1" paragraph_position="13" text="imagination" />
      <extra dep="nmod" ent_iob="2" ent_type="" head="-3" lemma="imagination" orig_paragraph="1" orth="imagination" pos="NOUN" prefix="i" shape="xxxx" suffix="ion" tag="NN" />
    </node>
    <node ID="0.14" type="Punctuation">
      <attributes paragraph="1" paragraph_position="14" text="." />
      <extra dep="punct" ent_iob="2" ent_type="" head="-10" lemma="." orig_paragraph="1" orth="." pos="PUNCT" prefix="." shape="." suffix="." tag="." />
    </node>
  </layer>
  <layer layerID="1">
    <attributes />
    <node ID="1.1" type="FN">
      <attributes />
      <edge toID="1.2" type="L">
        <attributes />
        <category tag="L" />
      </edge>
      <edge toID="1.3" type="U">
        <attributes />
        <category tag="U" />
      </edge>
      <edge toID="1.4" type="H">
        <attributes />
        <category tag="H" />
      </edge>
    </node>
    <node ID="1.2" type="FN">
      <attributes />
      <edge toID="0.1" type="Terminal">
        <attributes />
        <category tag="Terminal" />
      </edge>
    </node>
    <node ID="1.3" type="PNCT">
      <attributes />
      <edge toID="0.2" type="Terminal">
        <attributes />
        <category tag="Terminal" />
      </edge>
    </node>
    <node ID="1.4" type="FN">
      <attributes />
      <edge toID="1.5" type="A">
        <attributes />
        <category tag="A" />
      </edge>
      <edge toID="1.6" type="A">
        <attributes />
        <category tag="A" />
      </edge>
      <edge toID="1.7" type="P">
        <attributes />
        <category tag="P" />
      </edge>
      <edge toID="1.8" type="A">
        <attributes />
        <category tag="A" />
      </edge>
    </node>
    <node ID="1.5" type="FN">
      <attributes />
      <edge toID="1.9" type="E">
        <attributes />
        <category tag="E" />
      </edge>
      <edge toID="1.10" type="C">
        <attributes />
        <category tag="C" />
      </edge>
    </node>
    <node ID="1.6" type="FN">
      <attributes />
      <edge toID="0.5" type="Terminal">
        <attributes />
        <category tag="Terminal" />
      </edge>
    </node>
    <node ID="1.7" type="FN">
      <attributes />
      <edge toID="0.6" type="Terminal">
        <attributes />
        <category tag="Terminal" />
      </edge>
    </node>
    <node ID="1.8" type="FN">
      <attributes />
      <edge toID="1.11" type="P">
        <attributes />
        <category tag="P" />
      </edge>
      <edge toID="1.12" type="A">
        <attributes />
        <category tag="A" />
      </edge>
    </node>
    <node ID="1.9" type="FN">
      <attributes />
      <edge toID="0.3" type="Terminal">
        <attributes />
        <category tag="Terminal" />
      </edge>
    </node>
    <node ID="1.10" type="FN">
      <attributes />
      <edge toID="0.4" type="Terminal">
        <attributes />
        <category tag="Terminal" />
      </edge>
    </node>
    <node ID="1.11" type="FN">
      <attributes />
      <edge toID="0.7" type="Terminal">
        <attributes />
        <category tag="Terminal" />
      </edge>
    </node>
    <node ID="1.12" type="FN">
      <attributes />
      <edge toID="1.13" type="R">
        <attributes />
        <category tag="R" />
      </edge>
      <edge toID="1.14" type="E">
        <attributes />
        <category tag="E" />
      </edge>
      <edge toID="1.15" type="C">
        <attributes />
        <category tag="C" />
      </edge>
      <edge toID="1.16" type="E">
        <attributes />
        <category tag="E" />
      </edge>
    </node>
    <node ID="1.13" type="FN">
      <attributes />
      <edge toID="0.8" type="Terminal">
        <attributes />
        <category tag="Terminal" />
      </edge>
    </node>
    <node ID="1.14" type="FN">
      <attributes />
      <edge toID="0.9" type="Terminal">
        <attributes />
        <category tag="Terminal" />
      </edge>
    </node>
    <node ID="1.15" type="FN">
      <attributes />
      <edge toID="0.10" type="Terminal">
        <attributes />
        <category tag="Terminal" />
      </edge>
    </node>
    <node ID="1.16" type="FN">
      <attributes />
      <edge toID="1.17" type="R">
        <attributes />
        <category tag="R" />
      </edge>
      <edge toID="1.18" type="E">
        <attributes />
        <category tag="E" />
      </edge>
      <edge toID="1.19" type="C">
        <attributes />
        <category tag="C" />
      </edge>
      <edge toID="1.20" type="U">
        <attributes />
        <category tag="U" />
      </edge>
    </node>
    <node ID="1.17" type="FN">
      <attributes />
      <edge toID="0.11" type="Terminal">
        <attributes />
        <category tag="Terminal" />
      </edge>
    </node>
    <node ID="1.18" type="FN">
      <attributes />
      <edge toID="0.12" type="Terminal">
        <attributes />
        <category tag="Terminal" />
      </edge>
    </node>
    <node ID="1.19" type="FN">
      <attributes />
      <edge toID="0.13" type="Terminal">
        <attributes />
        <category tag="Terminal" />
      </edge>
    </node>
    <node ID="1.20" type="PNCT">
      <attributes />
      <edge toID="0.14" type="Terminal">
        <attributes />
        <category tag="Terminal" />
      </edge>
    </node>
  </layer>
</root>
