<root annotationID="0" passageID="316007">
  <attributes />
  <extra format="ucca" />
  <layer layerID="0">
    <attributes />
    <extra doc="[[[18004243461113809161, 14560795576765492085, 17571114184892886314, 88, 0, 2, 404, 3, 18200729499220207786, 14230521632333904559, 18004243461113809161], [728374653950436971, 728374653950436971, 15794550382381185553, 95, 0, 2, 7037928807040764755, 1, 16072095006890171862, 149303876845869574, 9250722957692387333], [9274138091069644585, 9274138091069644585, 15794550382381185553, 95, 378, 3, 426, 1, 16072095006890171862, 9148987913859918431, 17021070238844273573], [3439263888874234947, 7597692042947428029, 17109001835818727656, 99, 0, 2, 445, 0, 13110060611322374290, 260667111241363922, 14814004474743358178], [13695514059466747455, 13695514059466747455, 15308085513773655218, 94, 0, 2, 431, -1, 13110060611322374290, 13210364986222294696, 7679303661980345986], [2160362229054775535, 2160362229054775535, 272890857012483650, 83, 0, 2, 399, -1, 13110060611322374290, 646772771845179972, 16639369580702547507], [10794458019344880855, 10794458019344880855, 1292078113972184607, 97, 0, 2, 420, 2, 13110060611322374290, 15369245168918225700, 6645331381689172409], [3791531372978436496, 3791531372978436496, 5595707737748328492, 93, 0, 2, 420, 1, 4370460163704169311, 15369245168918225700, 3791531372978436496], [8004577259940138793, 8004577259940138793, 14200088355797579614, 99, 0, 2, 396, -3, 4370460163704169311, 6217145520856553898, 8004577259940138793], [17157283359147204933, 17157283359147204933, 164681854541413346, 85, 0, 2, 397, -1, 13110060611322374290, 13110760720460257827, 3155103904874937243], [12646065887601541794, 12646065887601541794, 12646065887601541794, 96, 0, 2, 442, -7, 12646065887601541794, 12646065887601541794, 12646065887601541794]]]" />
    <node ID="0.1" type="Word">
      <attributes paragraph="1" paragraph_position="1" text="But" />
      <extra dep="cc" ent_iob="2" ent_type="" head="3" lemma="but" orig_paragraph="1" orth="But" pos="CCONJ" prefix="B" shape="Xxx" suffix="But" tag="CC" />
    </node>
    <node ID="0.2" type="Word">
      <attributes paragraph="1" paragraph_position="2" text="Commander" />
      <extra dep="compound" ent_iob="2" ent_type="" head="1" lemma="Commander" orig_paragraph="1" orth="Commander" pos="PROPN" prefix="C" shape="Xxxxx" suffix="der" tag="NNP" />
    </node>
    <node ID="0.3" type="Word">
      <attributes paragraph="1" paragraph_position="3" text="Farragut" />
      <extra dep="nsubj" ent_iob="3" ent_type="PERSON" head="1" lemma="Farragut" orig_paragraph="1" orth="Farragut" pos="PROPN" prefix="F" shape="Xxxxx" suffix="gut" tag="NNP" />
    </node>
    <node ID="0.4" type="Word">
      <attributes paragraph="1" paragraph_position="4" text="wanted" />
      <extra dep="root" ent_iob="2" ent_type="" head="0" lemma="want" orig_paragraph="1" orth="wanted" pos="VERB" prefix="w" shape="xxxx" suffix="ted" tag="VBD" />
    </node>
    <node ID="0.5" type="Word">
      <attributes paragraph="1" paragraph_position="5" text="nothing" />
      <extra dep="obj" ent_iob="2" ent_type="" head="-1" lemma="nothing" orig_paragraph="1" orth="nothing" pos="PRON" prefix="n" shape="xxxx" suffix="ing" tag="NN" />
    </node>
    <node ID="0.6" type="Word">
      <attributes paragraph="1" paragraph_position="6" text="more" />
      <extra dep="amod" ent_iob="2" ent_type="" head="-1" lemma="more" orig_paragraph="1" orth="more" pos="ADJ" prefix="m" shape="xxxx" suffix="ore" tag="JJR" />
    </node>
    <node ID="0.7" type="Word">
      <attributes paragraph="1" paragraph_position="7" text="than" />
      <extra dep="mark" ent_iob="2" ent_type="" head="2" lemma="than" orig_paragraph="1" orth="than" pos="SCONJ" prefix="t" shape="xxxx" suffix="han" tag="IN" />
    </node>
    <node ID="0.8" type="Word">
      <attributes paragraph="1" paragraph_position="8" text="to" />
      <extra dep="mark" ent_iob="2" ent_type="" head="1" lemma="to" orig_paragraph="1" orth="to" pos="PART" prefix="t" shape="xx" suffix="to" tag="TO" />
    </node>
    <node ID="0.9" type="Word">
      <attributes paragraph="1" paragraph_position="9" text="go" />
      <extra dep="advcl" ent_iob="2" ent_type="" head="-3" lemma="go" orig_paragraph="1" orth="go" pos="VERB" prefix="g" shape="xx" suffix="go" tag="VB" />
    </node>
    <node ID="0.10" type="Word">
      <attributes paragraph="1" paragraph_position="10" text="forth" />
      <extra dep="advmod" ent_iob="2" ent_type="" head="-1" lemma="forth" orig_paragraph="1" orth="forth" pos="ADV" prefix="f" shape="xxxx" suffix="rth" tag="RB" />
    </node>
    <node ID="0.11" type="Punctuation">
      <attributes paragraph="1" paragraph_position="11" text="." />
      <extra dep="punct" ent_iob="2" ent_type="" head="-7" lemma="." orig_paragraph="1" orth="." pos="PUNCT" prefix="." shape="." suffix="." tag="." />
    </node>
  </layer>
  <layer layerID="1">
    <attributes />
    <node ID="1.1" type="FN">
      <attributes />
      <edge toID="1.2" type="L">
        <attributes />
        <category tag="L" />
      </edge>
      <edge toID="1.3" type="H">
        <attributes />
        <category tag="H" />
      </edge>
    </node>
    <node ID="1.2" type="FN">
      <attributes />
      <edge toID="0.1" type="Terminal">
        <attributes />
        <category tag="Terminal" />
      </edge>
    </node>
    <node ID="1.3" type="FN">
      <attributes />
      <edge toID="1.4" type="A">
        <attributes />
        <category tag="A" />
      </edge>
      <edge toID="1.5" type="P">
        <attributes />
        <category tag="P" />
      </edge>
      <edge toID="1.6" type="A">
        <attributes />
        <category tag="A" />
      </edge>
      <edge toID="1.7" type="A">
        <attributes />
        <category tag="A" />
      </edge>
    </node>
    <node ID="1.4" type="FN">
      <attributes />
      <edge toID="0.2" type="Terminal">
        <attributes />
        <category tag="Terminal" />
      </edge>
      <edge toID="0.3" type="Terminal">
        <attributes />
        <category tag="Terminal" />
      </edge>
    </node>
    <node ID="1.5" type="FN">
      <attributes />
      <edge toID="0.4" type="Terminal">
        <attributes />
        <category tag="Terminal" />
      </edge>
    </node>
    <node ID="1.6" type="FN">
      <attributes />
      <edge toID="0.5" type="Terminal">
        <attributes />
        <category tag="Terminal" />
      </edge>
    </node>
    <node ID="1.7" type="FN">
      <attributes />
      <edge toID="1.8" type="E">
        <attributes />
        <category tag="E" />
      </edge>
      <edge toID="1.9" type="F">
        <attributes />
        <category tag="F" />
      </edge>
      <edge toID="1.10" type="C">
        <attributes />
        <category tag="C" />
      </edge>
      <edge toID="1.11" type="U">
        <attributes />
        <category tag="U" />
      </edge>
    </node>
    <node ID="1.8" type="FN">
      <attributes />
      <edge toID="1.12" type="C">
        <attributes />
        <category tag="C" />
      </edge>
      <edge toID="1.13" type="R">
        <attributes />
        <category tag="R" />
      </edge>
    </node>
    <node ID="1.9" type="FN">
      <attributes />
      <edge toID="0.8" type="Terminal">
        <attributes />
        <category tag="Terminal" />
      </edge>
    </node>
    <node ID="1.10" type="FN">
      <attributes />
      <edge toID="0.9" type="Terminal">
        <attributes />
        <category tag="Terminal" />
      </edge>
      <edge toID="0.10" type="Terminal">
        <attributes />
        <category tag="Terminal" />
      </edge>
    </node>
    <node ID="1.11" type="PNCT">
      <attributes />
      <edge toID="0.11" type="Terminal">
        <attributes />
        <category tag="Terminal" />
      </edge>
    </node>
    <node ID="1.12" type="FN">
      <attributes />
      <edge toID="0.6" type="Terminal">
        <attributes />
        <category tag="Terminal" />
      </edge>
    </node>
    <node ID="1.13" type="FN">
      <attributes />
      <edge toID="0.7" type="Terminal">
        <attributes />
        <category tag="Terminal" />
      </edge>
    </node>
  </layer>
</root>
