<root annotationID="0" passageID="316006">
  <attributes />
  <extra format="ucca" />
  <layer layerID="0">
    <attributes />
    <extra doc="[[[5671137287243409023, 11367834210198928698, 7477624496606277342, 89, 394, 3, 412, 4, 10887629174180191697, 9350754067018752509, 1222372925592268073], [11901859001352538922, 11901859001352538922, 15267657372422890137, 89, 0, 2, 412, 1, 11123243248953317070, 11901859001352538922, 11901859001352538922], [1608482186128794349, 1608482186128794349, 15308085513773655218, 91, 388, 3, 1227985075839834553, 2, 4088098365541558500, 8148669997605808657, 1608482186128794349], [16428057658620181782, 16428057658620181782, 74, 93, 0, 2, 8110129090154140942, -1, 3155823383004454315, 11221368173670222813, 16428057658620181782], [799693205047423688, 799693205047423688, 15308085513773655218, 91, 0, 2, 426, 4, 13110060611322374290, 8148669997605808657, 8930039710664302885], [6992604926141104606, 6992604926141104606, 16235386156175103506, 86, 0, 2, 402, 3, 13110060611322374290, 260667111241363922, 17438164932492296010], [14692702688101715474, 14692702688101715474, 14200088355797579614, 86, 0, 2, 402, 2, 13110060611322374290, 15817570140490810055, 13891979019686982531], [12517269084653561647, 10382539506755952630, 3822385049556375858, 86, 0, 2, 408, 1, 13110060611322374290, 15598372446745583797, 11571764995849485429], [8613622759420695225, 8613622759420695225, 10554686591937588953, 83, 0, 2, 445, 0, 13110060611322374290, 12247454108283186160, 17094567523389501479], [17494803046312582752, 17494803046312582752, 12646065887601541794, 96, 0, 2, 442, -1, 17494803046312582752, 17494803046312582752, 17494803046312582752]]]" />
    <node ID="0.1" type="Word">
      <attributes paragraph="1" paragraph_position="1" text="Half" />
      <extra dep="det" ent_iob="3" ent_type="CARDINAL" head="4" lemma="half" orig_paragraph="1" orth="Half" pos="DET" prefix="H" shape="Xxxx" suffix="alf" tag="PDT" />
    </node>
    <node ID="0.2" type="Word">
      <attributes paragraph="1" paragraph_position="2" text="a" />
      <extra dep="det" ent_iob="2" ent_type="" head="1" lemma="a" orig_paragraph="1" orth="a" pos="DET" prefix="a" shape="x" suffix="a" tag="DT" />
    </node>
    <node ID="0.3" type="Word">
      <attributes paragraph="1" paragraph_position="3" text="day" />
      <extra dep="nmod:poss" ent_iob="3" ent_type="DATE" head="2" lemma="day" orig_paragraph="1" orth="day" pos="NOUN" prefix="d" shape="xxx" suffix="day" tag="NN" />
    </node>
    <node ID="0.4" type="Word">
      <attributes paragraph="1" paragraph_position="4" text="'s" />
      <extra dep="case" ent_iob="2" ent_type="" head="-1" lemma="'s" orig_paragraph="1" orth="'s" pos="PART" prefix="'" shape="'x" suffix="'s" tag="POS" />
    </node>
    <node ID="0.5" type="Word">
      <attributes paragraph="1" paragraph_position="5" text="delay" />
      <extra dep="nsubj" ent_iob="2" ent_type="" head="4" lemma="delay" orig_paragraph="1" orth="delay" pos="NOUN" prefix="d" shape="xxxx" suffix="lay" tag="NN" />
    </node>
    <node ID="0.6" type="Word">
      <attributes paragraph="1" paragraph_position="6" text="would" />
      <extra dep="aux" ent_iob="2" ent_type="" head="3" lemma="would" orig_paragraph="1" orth="would" pos="AUX" prefix="w" shape="xxxx" suffix="uld" tag="MD" />
    </node>
    <node ID="0.7" type="Word">
      <attributes paragraph="1" paragraph_position="7" text="have" />
      <extra dep="aux" ent_iob="2" ent_type="" head="2" lemma="have" orig_paragraph="1" orth="have" pos="AUX" prefix="h" shape="xxxx" suffix="ave" tag="VB" />
    </node>
    <node ID="0.8" type="Word">
      <attributes paragraph="1" paragraph_position="8" text="been" />
      <extra dep="cop" ent_iob="2" ent_type="" head="1" lemma="be" orig_paragraph="1" orth="been" pos="AUX" prefix="b" shape="xxxx" suffix="een" tag="VBN" />
    </node>
    <node ID="0.9" type="Word">
      <attributes paragraph="1" paragraph_position="9" text="unforgivable" />
      <extra dep="root" ent_iob="2" ent_type="" head="-1" lemma="unforgivable" orig_paragraph="1" orth="unforgivable" pos="ADJ" prefix="u" shape="xxxx" suffix="ble" tag="JJ" />
    </node>
    <node ID="0.10" type="Punctuation">
      <attributes paragraph="1" paragraph_position="10" text="!" />
      <extra dep="punct" ent_iob="2" ent_type="" head="-1" lemma="!" orig_paragraph="1" orth="!" pos="PUNCT" prefix="!" shape="!" suffix="!" tag="." />
    </node>
  </layer>
  <layer layerID="1">
    <attributes />
    <node ID="1.1" type="FN">
      <attributes />
      <edge toID="1.2" type="H">
        <attributes />
        <category tag="H" />
      </edge>
    </node>
    <node ID="1.2" type="FN">
      <attributes />
      <edge toID="1.3" type="A">
        <attributes />
        <category tag="A" />
      </edge>
      <edge toID="1.4" type="D">
        <attributes />
        <category tag="D" />
      </edge>
      <edge toID="1.5" type="F">
        <attributes />
        <category tag="F" />
      </edge>
      <edge toID="1.6" type="F">
        <attributes />
        <category tag="F" />
      </edge>
      <edge toID="1.7" type="S">
        <attributes />
        <category tag="S" />
      </edge>
      <edge toID="1.8" type="U">
        <attributes />
        <category tag="U" />
      </edge>
    </node>
    <node ID="1.3" type="FN">
      <attributes />
      <edge toID="1.9" type="D">
        <attributes />
        <category tag="D" />
      </edge>
      <edge toID="1.10" type="P">
        <attributes />
        <category tag="P" />
      </edge>
    </node>
    <node ID="1.4" type="FN">
      <attributes />
      <edge toID="0.6" type="Terminal">
        <attributes />
        <category tag="Terminal" />
      </edge>
    </node>
    <node ID="1.5" type="FN">
      <attributes />
      <edge toID="0.7" type="Terminal">
        <attributes />
        <category tag="Terminal" />
      </edge>
    </node>
    <node ID="1.6" type="FN">
      <attributes />
      <edge toID="0.8" type="Terminal">
        <attributes />
        <category tag="Terminal" />
      </edge>
    </node>
    <node ID="1.7" type="FN">
      <attributes />
      <edge toID="0.9" type="Terminal">
        <attributes />
        <category tag="Terminal" />
      </edge>
    </node>
    <node ID="1.8" type="PNCT">
      <attributes />
      <edge toID="0.10" type="Terminal">
        <attributes />
        <category tag="Terminal" />
      </edge>
    </node>
    <node ID="1.9" type="FN">
      <attributes />
      <edge toID="1.11" type="E">
        <attributes />
        <category tag="E" />
      </edge>
      <edge toID="1.12" type="E">
        <attributes />
        <category tag="E" />
      </edge>
      <edge toID="1.13" type="C">
        <attributes />
        <category tag="C" />
      </edge>
      <edge toID="1.14" type="R">
        <attributes />
        <category tag="R" />
      </edge>
    </node>
    <node ID="1.10" type="FN">
      <attributes />
      <edge toID="0.5" type="Terminal">
        <attributes />
        <category tag="Terminal" />
      </edge>
    </node>
    <node ID="1.11" type="FN">
      <attributes />
      <edge toID="0.1" type="Terminal">
        <attributes />
        <category tag="Terminal" />
      </edge>
    </node>
    <node ID="1.12" type="FN">
      <attributes />
      <edge toID="0.2" type="Terminal">
        <attributes />
        <category tag="Terminal" />
      </edge>
    </node>
    <node ID="1.13" type="FN">
      <attributes />
      <edge toID="0.3" type="Terminal">
        <attributes />
        <category tag="Terminal" />
      </edge>
    </node>
    <node ID="1.14" type="FN">
      <attributes />
      <edge toID="0.4" type="Terminal">
        <attributes />
        <category tag="Terminal" />
      </edge>
    </node>
  </layer>
</root>
