<root annotationID="0" passageID="316002">
  <attributes />
  <extra format="ucca" />
  <layer layerID="0">
    <attributes />
    <extra doc="[[[8103380966236401981, 1655312771067108281, 4062917326063685704, 94, 0, 2, 1227985075839834553, 1, 18200729499220207786, 9350754067018752509, 8103380966236401981], [5474917739425245239, 2793666100366484244, 783433942507015291, 91, 0, 2, 7833439085008721140, 2, 13110060611322374290, 8861071527689086543, 8906198441074590503], [9570894245975188254, 10382539506755952630, 17109001835818727656, 86, 0, 2, 18127512502257733094, 1, 13110060611322374290, 260667111241363922, 18139757808136603089], [11505869056723422792, 4521234290249989801, 3822385049556375858, 99, 0, 2, 445, 0, 13110060611322374290, 2985121464356781022, 15654095305962636923], [5640369432778651323, 5640369432778651323, 1292078113972184607, 84, 0, 2, 8110129090154140942, 1, 4370460163704169311, 1489474827855109852, 5640369432778651323], [14899812206273857344, 14899812206273857344, 15308085513773655218, 91, 0, 2, 432, -2, 13110060611322374290, 15598372446745583797, 1263800284926261336], [12646065887601541794, 12646065887601541794, 12646065887601541794, 96, 0, 2, 442, -3, 12646065887601541794, 12646065887601541794, 12646065887601541794]]]" />
    <node ID="0.1" type="Word">
      <attributes paragraph="1" paragraph_position="1" text="His" />
      <extra dep="nmod:poss" ent_iob="2" ent_type="" head="1" lemma="he" orig_paragraph="1" orth="His" pos="PRON" prefix="H" shape="Xxx" suffix="His" tag="PRP$" />
    </node>
    <node ID="0.2" type="Word">
      <attributes paragraph="1" paragraph_position="2" text="provisions" />
      <extra dep="nsubj:pass" ent_iob="2" ent_type="" head="2" lemma="provision" orig_paragraph="1" orth="provisions" pos="NOUN" prefix="p" shape="xxxx" suffix="ons" tag="NNS" />
    </node>
    <node ID="0.3" type="Word">
      <attributes paragraph="1" paragraph_position="3" text="were" />
      <extra dep="aux:pass" ent_iob="2" ent_type="" head="1" lemma="be" orig_paragraph="1" orth="were" pos="AUX" prefix="w" shape="xxxx" suffix="ere" tag="VBD" />
    </node>
    <node ID="0.4" type="Word">
      <attributes paragraph="1" paragraph_position="4" text="loaded" />
      <extra dep="root" ent_iob="2" ent_type="" head="0" lemma="load" orig_paragraph="1" orth="loaded" pos="VERB" prefix="l" shape="xxxx" suffix="ded" tag="VBN" />
    </node>
    <node ID="0.5" type="Word">
      <attributes paragraph="1" paragraph_position="5" text="on" />
      <extra dep="case" ent_iob="2" ent_type="" head="1" lemma="on" orig_paragraph="1" orth="on" pos="ADP" prefix="o" shape="xx" suffix="on" tag="IN" />
    </node>
    <node ID="0.6" type="Word">
      <attributes paragraph="1" paragraph_position="6" text="board" />
      <extra dep="obl" ent_iob="2" ent_type="" head="-2" lemma="board" orig_paragraph="1" orth="board" pos="NOUN" prefix="b" shape="xxxx" suffix="ard" tag="NN" />
    </node>
    <node ID="0.7" type="Punctuation">
      <attributes paragraph="1" paragraph_position="7" text="." />
      <extra dep="punct" ent_iob="2" ent_type="" head="-3" lemma="." orig_paragraph="1" orth="." pos="PUNCT" prefix="." shape="." suffix="." tag="." />
    </node>
  </layer>
  <layer layerID="1">
    <attributes />
    <node ID="1.1" type="FN">
      <attributes />
      <edge toID="1.2" type="H">
        <attributes />
        <category tag="H" />
      </edge>
    </node>
    <node ID="1.2" type="FN">
      <attributes />
      <edge toID="1.3" type="A">
        <attributes />
        <category tag="A" />
      </edge>
      <edge toID="1.4" type="F">
        <attributes />
        <category tag="F" />
      </edge>
      <edge toID="1.5" type="P">
        <attributes />
        <category tag="P" />
      </edge>
      <edge toID="1.6" type="A">
        <attributes />
        <category tag="A" />
      </edge>
    </node>
    <node ID="1.3" type="FN">
      <attributes />
      <edge toID="1.7" type="E">
        <attributes />
        <category tag="E" />
      </edge>
      <edge toID="1.8" type="C">
        <attributes />
        <category tag="C" />
      </edge>
    </node>
    <node ID="1.4" type="FN">
      <attributes />
      <edge toID="0.3" type="Terminal">
        <attributes />
        <category tag="Terminal" />
      </edge>
    </node>
    <node ID="1.5" type="FN">
      <attributes />
      <edge toID="0.4" type="Terminal">
        <attributes />
        <category tag="Terminal" />
      </edge>
    </node>
    <node ID="1.6" type="FN">
      <attributes />
      <edge toID="1.9" type="R">
        <attributes />
        <category tag="R" />
      </edge>
      <edge toID="1.10" type="C">
        <attributes />
        <category tag="C" />
      </edge>
      <edge toID="1.11" type="U">
        <attributes />
        <category tag="U" />
      </edge>
    </node>
    <node ID="1.7" type="FN">
      <attributes />
      <edge toID="0.1" type="Terminal">
        <attributes />
        <category tag="Terminal" />
      </edge>
    </node>
    <node ID="1.8" type="FN">
      <attributes />
      <edge toID="0.2" type="Terminal">
        <attributes />
        <category tag="Terminal" />
      </edge>
    </node>
    <node ID="1.9" type="FN">
      <attributes />
      <edge toID="0.5" type="Terminal">
        <attributes />
        <category tag="Terminal" />
      </edge>
    </node>
    <node ID="1.10" type="FN">
      <attributes />
      <edge toID="0.6" type="Terminal">
        <attributes />
        <category tag="Terminal" />
      </edge>
    </node>
    <node ID="1.11" type="PNCT">
      <attributes />
      <edge toID="0.7" type="Terminal">
        <attributes />
        <category tag="Terminal" />
      </edge>
    </node>
  </layer>
</root>
