<root annotationID="0" passageID="50006">
  <attributes />
  <extra format="ucca" />
  <layer layerID="0">
    <attributes />
    <extra doc="[[[14947529218328092544, 16875582379069451158, 13656873538139661788, 94, 0, 2, 426, 2, 10887629174180191697, 5582244037879929967, 6375554876062815730], [9570894245975188254, 10382539506755952630, 17109001835818727656, 86, 0, 2, 408, 1, 13110060611322374290, 260667111241363922, 18139757808136603089], [5479078682019508, 5479078682019508, 10554686591937588953, 83, 0, 2, 445, 0, 13110060611322374290, 12247454108283186160, 17094567523389501479], [3791531372978436496, 3791531372978436496, 5595707737748328492, 93, 0, 2, 420, 1, 4370460163704169311, 15369245168918225700, 3791531372978436496], [8685289367999165211, 8685289367999165211, 14200088355797579614, 99, 0, 2, 446, -2, 4088098365541558500, 16978132545290669629, 8685289367999165211], [12646065887601541794, 12646065887601541794, 12646065887601541794, 96, 0, 2, 442, -3, 12646065887601541794, 12646065887601541794, 12646065887601541794]]]" />
    <node ID="0.1" type="Word">
      <attributes paragraph="1" paragraph_position="1" text="They" />
      <extra dep="nsubj" ent_iob="2" ent_type="" head="2" lemma="they" orig_paragraph="1" orth="They" pos="PRON" prefix="T" shape="Xxxx" suffix="hey" tag="PRP" />
    </node>
    <node ID="0.2" type="Word">
      <attributes paragraph="1" paragraph_position="2" text="were" />
      <extra dep="cop" ent_iob="2" ent_type="" head="1" lemma="be" orig_paragraph="1" orth="were" pos="AUX" prefix="w" shape="xxxx" suffix="ere" tag="VBD" />
    </node>
    <node ID="0.3" type="Word">
      <attributes paragraph="1" paragraph_position="3" text="unable" />
      <extra dep="root" ent_iob="2" ent_type="" head="-1" lemma="unable" orig_paragraph="1" orth="unable" pos="ADJ" prefix="u" shape="xxxx" suffix="ble" tag="JJ" />
    </node>
    <node ID="0.4" type="Word">
      <attributes paragraph="1" paragraph_position="4" text="to" />
      <extra dep="mark" ent_iob="2" ent_type="" head="1" lemma="to" orig_paragraph="1" orth="to" pos="PART" prefix="t" shape="xx" suffix="to" tag="TO" />
    </node>
    <node ID="0.5" type="Word">
      <attributes paragraph="1" paragraph_position="5" text="say" />
      <extra dep="xcomp" ent_iob="2" ent_type="" head="-2" lemma="say" orig_paragraph="1" orth="say" pos="VERB" prefix="s" shape="xxx" suffix="say" tag="VB" />
    </node>
    <node ID="0.6" type="Punctuation">
      <attributes paragraph="1" paragraph_position="6" text="." />
      <extra dep="punct" ent_iob="2" ent_type="" head="-3" lemma="." orig_paragraph="1" orth="." pos="PUNCT" prefix="." shape="." suffix="." tag="." />
    </node>
  </layer>
  <layer layerID="1">
    <attributes />
    <node ID="1.1" type="FN">
      <attributes />
      <edge toID="1.2" type="H">
        <attributes />
        <category tag="H" />
      </edge>
    </node>
    <node ID="1.2" type="FN">
      <attributes />
      <edge toID="1.3" type="A">
        <attributes />
        <category tag="A" />
      </edge>
      <edge toID="1.4" type="F">
        <attributes />
        <category tag="F" />
      </edge>
      <edge toID="1.5" type="D">
        <attributes />
        <category tag="D" />
      </edge>
      <edge toID="1.6" type="F">
        <attributes />
        <category tag="F" />
      </edge>
      <edge toID="1.7" type="P">
        <attributes />
        <category tag="P" />
      </edge>
      <edge toID="1.8" type="U">
        <attributes />
        <category tag="U" />
      </edge>
    </node>
    <node ID="1.3" type="FN">
      <attributes />
      <edge toID="0.1" type="Terminal">
        <attributes />
        <category tag="Terminal" />
      </edge>
    </node>
    <node ID="1.4" type="FN">
      <attributes />
      <edge toID="0.2" type="Terminal">
        <attributes />
        <category tag="Terminal" />
      </edge>
    </node>
    <node ID="1.5" type="FN">
      <attributes />
      <edge toID="0.3" type="Terminal">
        <attributes />
        <category tag="Terminal" />
      </edge>
    </node>
    <node ID="1.6" type="FN">
      <attributes />
      <edge toID="0.4" type="Terminal">
        <attributes />
        <category tag="Terminal" />
      </edge>
    </node>
    <node ID="1.7" type="FN">
      <attributes />
      <edge toID="0.5" type="Terminal">
        <attributes />
        <category tag="Terminal" />
      </edge>
    </node>
    <node ID="1.8" type="PNCT">
      <attributes />
      <edge toID="0.6" type="Terminal">
        <attributes />
        <category tag="Terminal" />
      </edge>
    </node>
  </layer>
</root>
