<root annotationID="0" passageID="57001">
  <attributes />
  <extra format="ucca" />
  <layer layerID="0">
    <attributes />
    <extra doc="[[[17831099778462416609, 3002984154512732771, 1292078113972184607, 84, 0, 2, 8110129090154140942, 1, 12204527652707022206, 4690420944186131903, 17831099778462416609], [3814049101131682695, 3814049101131682695, 15308085513773655218, 91, 0, 2, 432, 7, 13110060611322374290, 13110760720460257827, 4330217062942772869], [2593208677638477497, 2593208677638477497, 2593208677638477497, 96, 0, 2, 442, 6, 2593208677638477497, 2593208677638477497, 2593208677638477497], [2112642640949226496, 2112642640949226496, 15361090031084224697, 94, 0, 2, 414, 5, 13110060611322374290, 15369245168918225700, 18139757808136603089], [7494117911267222209, 7494117911267222209, 16235386156175103506, 86, 0, 2, 402, 4, 13110060611322374290, 16900879642891266615, 17438164932492296010], [10382539506755952630, 10382539506755952630, 14200088355797579614, 86, 0, 2, 408, 3, 4370460163704169311, 15598372446745583797, 10382539506755952630], [13055779130471031426, 13055779130471031426, 15267657372422890137, 89, 0, 2, 412, 2, 4370460163704169311, 13210364986222294696, 13055779130471031426], [318162216398531163, 318162216398531163, 10554686591937588953, 83, 0, 2, 399, 1, 13110060611322374290, 5097672513440128799, 10806788082624814911], [190700062585529239, 190700062585529239, 15308085513773655218, 91, 0, 2, 445, 0, 13110060611322374290, 8148669997605808657, 1493767276839627183], [12646065887601541794, 12646065887601541794, 12646065887601541794, 96, 0, 2, 442, -1, 12646065887601541794, 12646065887601541794, 12646065887601541794]]]" />
    <node ID="0.1" type="Word">
      <attributes paragraph="1" paragraph_position="1" text="In" />
      <extra dep="case" ent_iob="2" ent_type="" head="1" lemma="in" orig_paragraph="1" orth="In" pos="ADP" prefix="I" shape="Xx" suffix="In" tag="IN" />
    </node>
    <node ID="0.2" type="Word">
      <attributes paragraph="1" paragraph_position="2" text="fact" />
      <extra dep="obl" ent_iob="2" ent_type="" head="7" lemma="fact" orig_paragraph="1" orth="fact" pos="NOUN" prefix="f" shape="xxxx" suffix="act" tag="NN" />
    </node>
    <node ID="0.3" type="Punctuation">
      <attributes paragraph="1" paragraph_position="3" text="," />
      <extra dep="punct" ent_iob="2" ent_type="" head="6" lemma="," orig_paragraph="1" orth="," pos="PUNCT" prefix="," shape="," suffix="," tag="," />
    </node>
    <node ID="0.4" type="Word">
      <attributes paragraph="1" paragraph_position="4" text="there" />
      <extra dep="expl" ent_iob="2" ent_type="" head="5" lemma="there" orig_paragraph="1" orth="there" pos="PRON" prefix="t" shape="xxxx" suffix="ere" tag="EX" />
    </node>
    <node ID="0.5" type="Word">
      <attributes paragraph="1" paragraph_position="5" text="could" />
      <extra dep="aux" ent_iob="2" ent_type="" head="4" lemma="could" orig_paragraph="1" orth="could" pos="AUX" prefix="c" shape="xxxx" suffix="uld" tag="MD" />
    </node>
    <node ID="0.6" type="Word">
      <attributes paragraph="1" paragraph_position="6" text="be" />
      <extra dep="cop" ent_iob="2" ent_type="" head="3" lemma="be" orig_paragraph="1" orth="be" pos="AUX" prefix="b" shape="xx" suffix="be" tag="VB" />
    </node>
    <node ID="0.7" type="Word">
      <attributes paragraph="1" paragraph_position="7" text="no" />
      <extra dep="det" ent_iob="2" ent_type="" head="2" lemma="no" orig_paragraph="1" orth="no" pos="DET" prefix="n" shape="xx" suffix="no" tag="DT" />
    </node>
    <node ID="0.8" type="Word">
      <attributes paragraph="1" paragraph_position="8" text="immediate" />
      <extra dep="amod" ent_iob="2" ent_type="" head="1" lemma="immediate" orig_paragraph="1" orth="immediate" pos="ADJ" prefix="i" shape="xxxx" suffix="ate" tag="JJ" />
    </node>
    <node ID="0.9" type="Word">
      <attributes paragraph="1" paragraph_position="9" text="danger" />
      <extra dep="root" ent_iob="2" ent_type="" head="-3" lemma="danger" orig_paragraph="1" orth="danger" pos="NOUN" prefix="d" shape="xxxx" suffix="ger" tag="NN" />
    </node>
    <node ID="0.10" type="Punctuation">
      <attributes paragraph="1" paragraph_position="10" text="." />
      <extra dep="punct" ent_iob="2" ent_type="" head="-1" lemma="." orig_paragraph="1" orth="." pos="PUNCT" prefix="." shape="." suffix="." tag="." />
    </node>
  </layer>
  <layer layerID="1">
    <attributes />
    <node ID="1.1" type="FN">
      <attributes />
      <edge toID="1.2" type="H">
        <attributes />
        <category tag="H" />
      </edge>
    </node>
    <node ID="1.2" type="FN">
      <attributes />
      <edge toID="1.3" type="A">
        <attributes />
        <category tag="A" />
      </edge>
      <edge toID="1.4" type="U">
        <attributes />
        <category tag="U" />
      </edge>
      <edge toID="1.5" type="S">
        <attributes />
        <category tag="S" />
      </edge>
    </node>
    <node ID="1.3" type="FN">
      <attributes />
      <edge toID="1.6" type="R">
        <attributes />
        <category tag="R" />
      </edge>
      <edge toID="1.7" type="C">
        <attributes />
        <category tag="C" />
      </edge>
    </node>
    <node ID="1.4" type="PNCT">
      <attributes />
      <edge toID="0.3" type="Terminal">
        <attributes />
        <category tag="Terminal" />
      </edge>
    </node>
    <node ID="1.5" type="FN">
      <attributes />
      <edge toID="1.8" type="F">
        <attributes />
        <category tag="F" />
      </edge>
      <edge toID="1.9" type="D">
        <attributes />
        <category tag="D" />
      </edge>
      <edge toID="1.10" type="F">
        <attributes />
        <category tag="F" />
      </edge>
      <edge toID="1.11" type="D">
        <attributes />
        <category tag="D" />
      </edge>
      <edge toID="1.12" type="A">
        <attributes />
        <category tag="A" />
      </edge>
    </node>
    <node ID="1.6" type="FN">
      <attributes />
      <edge toID="0.1" type="Terminal">
        <attributes />
        <category tag="Terminal" />
      </edge>
    </node>
    <node ID="1.7" type="FN">
      <attributes />
      <edge toID="0.2" type="Terminal">
        <attributes />
        <category tag="Terminal" />
      </edge>
    </node>
    <node ID="1.8" type="FN">
      <attributes />
      <edge toID="0.4" type="Terminal">
        <attributes />
        <category tag="Terminal" />
      </edge>
    </node>
    <node ID="1.9" type="FN">
      <attributes />
      <edge toID="0.5" type="Terminal">
        <attributes />
        <category tag="Terminal" />
      </edge>
    </node>
    <node ID="1.10" type="FN">
      <attributes />
      <edge toID="0.6" type="Terminal">
        <attributes />
        <category tag="Terminal" />
      </edge>
    </node>
    <node ID="1.11" type="FN">
      <attributes />
      <edge toID="0.7" type="Terminal">
        <attributes />
        <category tag="Terminal" />
      </edge>
    </node>
    <node ID="1.12" type="FN">
      <attributes />
      <edge toID="1.13" type="E">
        <attributes />
        <category tag="E" />
      </edge>
      <edge toID="1.14" type="C">
        <attributes />
        <category tag="C" />
      </edge>
      <edge toID="1.15" type="U">
        <attributes />
        <category tag="U" />
      </edge>
    </node>
    <node ID="1.13" type="FN">
      <attributes />
      <edge toID="0.8" type="Terminal">
        <attributes />
        <category tag="Terminal" />
      </edge>
    </node>
    <node ID="1.14" type="FN">
      <attributes />
      <edge toID="0.9" type="Terminal">
        <attributes />
        <category tag="Terminal" />
      </edge>
    </node>
    <node ID="1.15" type="PNCT">
      <attributes />
      <edge toID="0.10" type="Terminal">
        <attributes />
        <category tag="Terminal" />
      </edge>
    </node>
  </layer>
</root>
