<root annotationID="0" passageID="58000">
  <attributes />
  <extra format="ucca" />
  <layer layerID="0">
    <attributes />
    <extra doc="[[[7274276235148819399, 7849319922940449071, 15794550382381185553, 95, 0, 2, 426, 3, 16072095006890171862, 149303876845869574, 8265820206415514174], [11742044099050732912, 11742044099050732912, 15794550382381185553, 95, 378, 3, 2666271516716718244, -1, 16072095006890171862, 14862748245026736845, 2555790282192608669], [5743022427113362738, 5743022427113362738, 164681854541413346, 85, 0, 2, 397, 1, 13110060611322374290, 5097672513440128799, 1344279032286957731], [7136294487848412980, 9614445426764226664, 17109001835818727656, 99, 0, 2, 445, 0, 13110060611322374290, 646772771845179972, 16605163981368088708], [2661093235354845946, 1655312771067108281, 4062917326063685704, 94, 0, 2, 1227985075839834553, 1, 4088098365541558500, 15817570140490810055, 2661093235354845946], [6878210874361030284, 6878210874361030284, 15308085513773655218, 91, 0, 2, 431, -2, 4088098365541558500, 260667111241363922, 6878210874361030284], [3278561384161438710, 3278561384161438710, 1292078113972184607, 84, 0, 2, 8110129090154140942, 2, 13110060611322374290, 5097672513440128799, 1735328402741333448], [7425985699627899538, 7425985699627899538, 15267657372422890137, 89, 0, 2, 412, 1, 4088098365541558500, 15369245168918225700, 7425985699627899538], [3818475640248018718, 3818475640248018718, 15308085513773655218, 91, 0, 2, 432, -5, 13110060611322374290, 15817570140490810055, 2483095116303079762], [12646065887601541794, 12646065887601541794, 12646065887601541794, 96, 0, 2, 442, -6, 12646065887601541794, 12646065887601541794, 12646065887601541794]]]" />
    <node ID="0.1" type="Word">
      <attributes paragraph="1" paragraph_position="1" text="Captain" />
      <extra dep="nsubj" ent_iob="2" ent_type="" head="3" lemma="captain" orig_paragraph="1" orth="Captain" pos="PROPN" prefix="C" shape="Xxxxx" suffix="ain" tag="NNP" />
    </node>
    <node ID="0.2" type="Word">
      <attributes paragraph="1" paragraph_position="2" text="Anderson" />
      <extra dep="flat" ent_iob="3" ent_type="PERSON" head="-1" lemma="Anderson" orig_paragraph="1" orth="Anderson" pos="PROPN" prefix="A" shape="Xxxxx" suffix="son" tag="NNP" />
    </node>
    <node ID="0.3" type="Word">
      <attributes paragraph="1" paragraph_position="3" text="immediately" />
      <extra dep="advmod" ent_iob="2" ent_type="" head="1" lemma="immediately" orig_paragraph="1" orth="immediately" pos="ADV" prefix="i" shape="xxxx" suffix="ely" tag="RB" />
    </node>
    <node ID="0.4" type="Word">
      <attributes paragraph="1" paragraph_position="4" text="made" />
      <extra dep="root" ent_iob="2" ent_type="" head="0" lemma="make" orig_paragraph="1" orth="made" pos="VERB" prefix="m" shape="xxxx" suffix="ade" tag="VBD" />
    </node>
    <node ID="0.5" type="Word">
      <attributes paragraph="1" paragraph_position="5" text="his" />
      <extra dep="nmod:poss" ent_iob="2" ent_type="" head="1" lemma="he" orig_paragraph="1" orth="his" pos="PRON" prefix="h" shape="xxx" suffix="his" tag="PRP$" />
    </node>
    <node ID="0.6" type="Word">
      <attributes paragraph="1" paragraph_position="6" text="way" />
      <extra dep="obj" ent_iob="2" ent_type="" head="-2" lemma="way" orig_paragraph="1" orth="way" pos="NOUN" prefix="w" shape="xxx" suffix="way" tag="NN" />
    </node>
    <node ID="0.7" type="Word">
      <attributes paragraph="1" paragraph_position="7" text="into" />
      <extra dep="case" ent_iob="2" ent_type="" head="2" lemma="into" orig_paragraph="1" orth="into" pos="ADP" prefix="i" shape="xxxx" suffix="nto" tag="IN" />
    </node>
    <node ID="0.8" type="Word">
      <attributes paragraph="1" paragraph_position="8" text="the" />
      <extra dep="det" ent_iob="2" ent_type="" head="1" lemma="the" orig_paragraph="1" orth="the" pos="DET" prefix="t" shape="xxx" suffix="the" tag="DT" />
    </node>
    <node ID="0.9" type="Word">
      <attributes paragraph="1" paragraph_position="9" text="hold" />
      <extra dep="obl" ent_iob="2" ent_type="" head="-5" lemma="hold" orig_paragraph="1" orth="hold" pos="NOUN" prefix="h" shape="xxxx" suffix="old" tag="NN" />
    </node>
    <node ID="0.10" type="Punctuation">
      <attributes paragraph="1" paragraph_position="10" text="." />
      <extra dep="punct" ent_iob="2" ent_type="" head="-6" lemma="." orig_paragraph="1" orth="." pos="PUNCT" prefix="." shape="." suffix="." tag="." />
    </node>
  </layer>
  <layer layerID="1">
    <attributes />
    <node ID="1.1" type="FN">
      <attributes />
      <edge toID="1.2" type="H">
        <attributes />
        <category tag="H" />
      </edge>
    </node>
    <node ID="1.2" type="FN">
      <attributes />
      <edge toID="1.3" type="A">
        <attributes />
        <category tag="A" />
      </edge>
      <edge toID="1.4" type="D">
        <attributes />
        <category tag="D" />
      </edge>
      <edge toID="1.5" type="P">
        <attributes />
        <category tag="P" />
      </edge>
      <edge toID="1.6" type="A">
        <attributes />
        <category tag="A" />
      </edge>
    </node>
    <node ID="1.3" type="FN">
      <attributes />
      <edge toID="0.1" type="Terminal">
        <attributes />
        <category tag="Terminal" />
      </edge>
      <edge toID="0.2" type="Terminal">
        <attributes />
        <category tag="Terminal" />
      </edge>
    </node>
    <node ID="1.4" type="FN">
      <attributes />
      <edge toID="0.3" type="Terminal">
        <attributes />
        <category tag="Terminal" />
      </edge>
    </node>
    <node ID="1.5" type="FN">
      <attributes />
      <edge toID="1.7" type="F">
        <attributes />
        <category tag="F" />
      </edge>
      <edge toID="1.8" type="E">
        <attributes />
        <category tag="E" />
      </edge>
      <edge toID="1.9" type="C">
        <attributes />
        <category tag="C" />
      </edge>
    </node>
    <node ID="1.6" type="FN">
      <attributes />
      <edge toID="1.10" type="R">
        <attributes />
        <category tag="R" />
      </edge>
      <edge toID="1.11" type="E">
        <attributes />
        <category tag="E" />
      </edge>
      <edge toID="1.12" type="C">
        <attributes />
        <category tag="C" />
      </edge>
      <edge toID="1.13" type="U">
        <attributes />
        <category tag="U" />
      </edge>
    </node>
    <node ID="1.7" type="FN">
      <attributes />
      <edge toID="0.4" type="Terminal">
        <attributes />
        <category tag="Terminal" />
      </edge>
    </node>
    <node ID="1.8" type="FN">
      <attributes />
      <edge toID="0.5" type="Terminal">
        <attributes />
        <category tag="Terminal" />
      </edge>
    </node>
    <node ID="1.9" type="FN">
      <attributes />
      <edge toID="0.6" type="Terminal">
        <attributes />
        <category tag="Terminal" />
      </edge>
    </node>
    <node ID="1.10" type="FN">
      <attributes />
      <edge toID="0.7" type="Terminal">
        <attributes />
        <category tag="Terminal" />
      </edge>
    </node>
    <node ID="1.11" type="FN">
      <attributes />
      <edge toID="0.8" type="Terminal">
        <attributes />
        <category tag="Terminal" />
      </edge>
    </node>
    <node ID="1.12" type="FN">
      <attributes />
      <edge toID="0.9" type="Terminal">
        <attributes />
        <category tag="Terminal" />
      </edge>
    </node>
    <node ID="1.13" type="PNCT">
      <attributes />
      <edge toID="0.10" type="Terminal">
        <attributes />
        <category tag="Terminal" />
      </edge>
    </node>
  </layer>
</root>
