<root annotationID="0" passageID="826011">
  <attributes />
  <extra format="ucca" />
  <layer layerID="0">
    <attributes />
    <extra doc="[[[15884554869126768810, 15884554869126768810, 4969857429396651903, 96, 0, 2, 442, 6, 15884554869126768810, 15884554869126768810, 15884554869126768810], [15884554869126768810, 15884554869126768810, 4969857429396651903, 96, 0, 2, 442, 5, 15884554869126768810, 15884554869126768810, 15884554869126768810], [3636093925232013737, 2630753287402592467, 164681854541413346, 85, 0, 2, 397, 4, 10887629174180191697, 5582244037879929967, 17541118948136595177], [16064069575701507746, 16064069575701507746, 13656873538139661788, 94, 0, 2, 426, 3, 4370460163704169311, 260667111241363922, 16064069575701507746], [5012629990875267006, 10382539506755952630, 9188597074677201817, 86, 0, 2, 402, 2, 4088098365541558500, 11901859001352538922, 5012629990875267006], [2043519015752540944, 447765159362469301, 164681854541413346, 93, 0, 2, 397, 1, 15075103628056407474, 13210364986222294696, 2043519015752540944], [12367462958008787017, 9563260825101828504, 1534113631682161808, 99, 0, 2, 399, 5, 13110060611322374290, 16562859848569467201, 7679303661980345986], [3791531372978436496, 3791531372978436496, 1292078113972184607, 84, 0, 2, 8110129090154140942, 1, 4370460163704169311, 15369245168918225700, 3791531372978436496], [10427160276079242800, 10427160276079242800, 15794550382381185553, 95, 382, 3, 432, -2, 16072095006890171862, 17714545831559622561, 17063285134097196690], [8205403955989537350, 8205403955989537350, 12646065887601541794, 96, 0, 2, 442, -3, 8205403955989537350, 8205403955989537350, 8205403955989537350], [15884554869126768810, 15884554869126768810, 14143520107006108953, 96, 0, 2, 442, -4, 15884554869126768810, 15884554869126768810, 15884554869126768810], [10265832328710632600, 10265832328710632600, 15794550382381185553, 95, 378, 3, 426, 1, 16072095006890171862, 149303876845869574, 9113047341877232477], [16606816274036414542, 203487227105936704, 17109001835818727656, 99, 0, 2, 445, 0, 13110060611322374290, 11901859001352538922, 13622047838477328034], [12646065887601541794, 12646065887601541794, 12646065887601541794, 96, 0, 2, 442, -1, 12646065887601541794, 12646065887601541794, 12646065887601541794]]]" />
    <node ID="0.1" type="Punctuation">
      <attributes paragraph="1" paragraph_position="1" text="&quot;" />
      <extra dep="punct" ent_iob="2" ent_type="" head="6" lemma="&quot;" orig_paragraph="1" orth="&quot;" pos="PUNCT" prefix="&quot;" shape="&quot;" suffix="&quot;" tag="``" />
    </node>
    <node ID="0.2" type="Punctuation">
      <attributes paragraph="1" paragraph_position="2" text="&quot;" />
      <extra dep="punct" ent_iob="2" ent_type="" head="5" lemma="&quot;" orig_paragraph="1" orth="&quot;" pos="PUNCT" prefix="&quot;" shape="&quot;" suffix="&quot;" tag="``" />
    </node>
    <node ID="0.3" type="Word">
      <attributes paragraph="1" paragraph_position="3" text="Then" />
      <extra dep="advmod" ent_iob="2" ent_type="" head="4" lemma="then" orig_paragraph="1" orth="Then" pos="ADV" prefix="T" shape="Xxxx" suffix="hen" tag="RB" />
    </node>
    <node ID="0.4" type="Word">
      <attributes paragraph="1" paragraph_position="4" text="we" />
      <extra dep="nsubj" ent_iob="2" ent_type="" head="3" lemma="we" orig_paragraph="1" orth="we" pos="PRON" prefix="w" shape="xx" suffix="we" tag="PRP" />
    </node>
    <node ID="0.5" type="Word">
      <attributes paragraph="1" paragraph_position="5" text="are" />
      <extra dep="aux" ent_iob="2" ent_type="" head="2" lemma="be" orig_paragraph="1" orth="are" pos="AUX" prefix="a" shape="xxx" suffix="are" tag="VBP" />
    </node>
    <node ID="0.6" type="Word">
      <attributes paragraph="1" paragraph_position="6" text="n't" />
      <extra dep="advmod" ent_iob="2" ent_type="" head="1" lemma="not" orig_paragraph="1" orth="n't" pos="PART" prefix="n" shape="x'x" suffix="n't" tag="RB" />
    </node>
    <node ID="0.7" type="Word">
      <attributes paragraph="1" paragraph_position="7" text="returning" />
      <extra dep="amod" ent_iob="2" ent_type="" head="5" lemma="return" orig_paragraph="1" orth="returning" pos="VERB" prefix="r" shape="xxxx" suffix="ing" tag="VBG" />
    </node>
    <node ID="0.8" type="Word">
      <attributes paragraph="1" paragraph_position="8" text="to" />
      <extra dep="case" ent_iob="2" ent_type="" head="1" lemma="to" orig_paragraph="1" orth="to" pos="ADP" prefix="t" shape="xx" suffix="to" tag="IN" />
    </node>
    <node ID="0.9" type="Word">
      <attributes paragraph="1" paragraph_position="9" text="Paris" />
      <extra dep="obl" ent_iob="3" ent_type="GPE" head="-2" lemma="Paris" orig_paragraph="1" orth="Paris" pos="PROPN" prefix="P" shape="Xxxxx" suffix="ris" tag="NNP" />
    </node>
    <node ID="0.10" type="Punctuation">
      <attributes paragraph="1" paragraph_position="10" text="?" />
      <extra dep="punct" ent_iob="2" ent_type="" head="-3" lemma="?" orig_paragraph="1" orth="?" pos="PUNCT" prefix="?" shape="?" suffix="?" tag="." />
    </node>
    <node ID="0.11" type="Punctuation">
      <attributes paragraph="1" paragraph_position="11" text="&quot;" />
      <extra dep="punct" ent_iob="2" ent_type="" head="-4" lemma="&quot;" orig_paragraph="1" orth="&quot;" pos="PUNCT" prefix="&quot;" shape="&quot;" suffix="&quot;" tag="''" />
    </node>
    <node ID="0.12" type="Word">
      <attributes paragraph="1" paragraph_position="12" text="Conseil" />
      <extra dep="nsubj" ent_iob="3" ent_type="PERSON" head="1" lemma="Conseil" orig_paragraph="1" orth="Conseil" pos="PROPN" prefix="C" shape="Xxxxx" suffix="eil" tag="NNP" />
    </node>
    <node ID="0.13" type="Word">
      <attributes paragraph="1" paragraph_position="13" text="asked" />
      <extra dep="root" ent_iob="2" ent_type="" head="0" lemma="ask" orig_paragraph="1" orth="asked" pos="VERB" prefix="a" shape="xxxx" suffix="ked" tag="VBD" />
    </node>
    <node ID="0.14" type="Punctuation">
      <attributes paragraph="1" paragraph_position="14" text="." />
      <extra dep="punct" ent_iob="2" ent_type="" head="-1" lemma="." orig_paragraph="1" orth="." pos="PUNCT" prefix="." shape="." suffix="." tag="." />
    </node>
  </layer>
  <layer layerID="1">
    <attributes />
    <node ID="1.1" type="FN">
      <attributes />
      <edge toID="1.2" type="H">
        <attributes />
        <category tag="H" />
      </edge>
    </node>
    <node ID="1.2" type="FN">
      <attributes />
      <edge toID="1.3" type="A">
        <attributes />
        <category tag="A" />
      </edge>
      <edge toID="1.4" type="U">
        <attributes />
        <category tag="U" />
      </edge>
      <edge toID="1.5" type="U">
        <attributes />
        <category tag="U" />
      </edge>
      <edge toID="1.6" type="A">
        <attributes />
        <category tag="A" />
      </edge>
      <edge toID="1.7" type="P">
        <attributes />
        <category tag="P" />
      </edge>
      <edge toID="1.8" type="U">
        <attributes />
        <category tag="U" />
      </edge>
    </node>
    <node ID="1.3" type="FN">
      <attributes />
      <edge toID="1.9" type="U">
        <attributes />
        <category tag="U" />
      </edge>
      <edge toID="1.10" type="U">
        <attributes />
        <category tag="U" />
      </edge>
      <edge toID="1.11" type="H">
        <attributes />
        <category tag="H" />
      </edge>
    </node>
    <node ID="1.4" type="PNCT">
      <attributes />
      <edge toID="0.10" type="Terminal">
        <attributes />
        <category tag="Terminal" />
      </edge>
    </node>
    <node ID="1.5" type="PNCT">
      <attributes />
      <edge toID="0.11" type="Terminal">
        <attributes />
        <category tag="Terminal" />
      </edge>
    </node>
    <node ID="1.6" type="FN">
      <attributes />
      <edge toID="0.12" type="Terminal">
        <attributes />
        <category tag="Terminal" />
      </edge>
    </node>
    <node ID="1.7" type="FN">
      <attributes />
      <edge toID="0.13" type="Terminal">
        <attributes />
        <category tag="Terminal" />
      </edge>
    </node>
    <node ID="1.8" type="PNCT">
      <attributes />
      <edge toID="0.14" type="Terminal">
        <attributes />
        <category tag="Terminal" />
      </edge>
    </node>
    <node ID="1.9" type="PNCT">
      <attributes />
      <edge toID="0.1" type="Terminal">
        <attributes />
        <category tag="Terminal" />
      </edge>
    </node>
    <node ID="1.10" type="PNCT">
      <attributes />
      <edge toID="0.2" type="Terminal">
        <attributes />
        <category tag="Terminal" />
      </edge>
    </node>
    <node ID="1.11" type="FN">
      <attributes />
      <edge toID="1.12" type="F">
        <attributes />
        <category tag="F" />
      </edge>
      <edge toID="1.13" type="A">
        <attributes />
        <category tag="A" />
      </edge>
      <edge toID="1.14" type="F">
        <attributes />
        <category tag="F" />
      </edge>
      <edge toID="1.15" type="D">
        <attributes />
        <category tag="D" />
      </edge>
      <edge toID="1.16" type="P">
        <attributes />
        <category tag="P" />
      </edge>
      <edge toID="1.17" type="A">
        <attributes />
        <category tag="A" />
      </edge>
    </node>
    <node ID="1.12" type="FN">
      <attributes />
      <edge toID="0.3" type="Terminal">
        <attributes />
        <category tag="Terminal" />
      </edge>
    </node>
    <node ID="1.13" type="FN">
      <attributes />
      <edge toID="0.4" type="Terminal">
        <attributes />
        <category tag="Terminal" />
      </edge>
    </node>
    <node ID="1.14" type="FN">
      <attributes />
      <edge toID="0.5" type="Terminal">
        <attributes />
        <category tag="Terminal" />
      </edge>
    </node>
    <node ID="1.15" type="FN">
      <attributes />
      <edge toID="0.6" type="Terminal">
        <attributes />
        <category tag="Terminal" />
      </edge>
    </node>
    <node ID="1.16" type="FN">
      <attributes />
      <edge toID="0.7" type="Terminal">
        <attributes />
        <category tag="Terminal" />
      </edge>
    </node>
    <node ID="1.17" type="FN">
      <attributes />
      <edge toID="1.18" type="R">
        <attributes />
        <category tag="R" />
      </edge>
      <edge toID="1.19" type="C">
        <attributes />
        <category tag="C" />
      </edge>
    </node>
    <node ID="1.18" type="FN">
      <attributes />
      <edge toID="0.8" type="Terminal">
        <attributes />
        <category tag="Terminal" />
      </edge>
    </node>
    <node ID="1.19" type="FN">
      <attributes />
      <edge toID="0.9" type="Terminal">
        <attributes />
        <category tag="Terminal" />
      </edge>
    </node>
  </layer>
</root>
