<root annotationID="0" passageID="842001">
  <attributes />
  <extra format="ucca" />
  <layer layerID="0">
    <attributes />
    <extra doc="[[[10636611139670866217, 3186967207424649030, 15794550382381185553, 95, 0, 2, 426, 1, 16072095006890171862, 12290980237632234855, 11493727542866415629], [14309917514662183835, 3767281279084406306, 17109001835818727656, 99, 0, 2, 445, 0, 13110060611322374290, 16562859848569467201, 2053223718147644768], [15012854674369568638, 17247759671529369380, 1534113631682161808, 99, 0, 2, 446, -1, 13110060611322374290, 260667111241363922, 7679303661980345986], [3278561384161438710, 3278561384161438710, 1292078113972184607, 84, 0, 2, 8110129090154140942, 3, 13110060611322374290, 5097672513440128799, 1735328402741333448], [7425985699627899538, 7425985699627899538, 15267657372422890137, 89, 0, 2, 412, 2, 4088098365541558500, 15369245168918225700, 7425985699627899538], [11056826406690850874, 11056826406690850874, 15308085513773655218, 91, 0, 2, 7037928807040764755, 1, 13110060611322374290, 6217145520856553898, 7679303661980345986], [17339940227909661974, 14090733418728159715, 783433942507015291, 91, 0, 2, 432, -4, 13110060611322374290, 2482183445564601373, 15960622586596160197], [12646065887601541794, 12646065887601541794, 12646065887601541794, 96, 0, 2, 442, -6, 12646065887601541794, 12646065887601541794, 12646065887601541794]]]" />
    <node ID="0.1" type="Word">
      <attributes paragraph="1" paragraph_position="1" text="Steam" />
      <extra dep="nsubj" ent_iob="2" ent_type="" head="1" lemma="steam" orig_paragraph="1" orth="Steam" pos="PROPN" prefix="S" shape="Xxxxx" suffix="eam" tag="NNP" />
    </node>
    <node ID="0.2" type="Word">
      <attributes paragraph="1" paragraph_position="2" text="rushed" />
      <extra dep="root" ent_iob="2" ent_type="" head="0" lemma="rush" orig_paragraph="1" orth="rushed" pos="VERB" prefix="r" shape="xxxx" suffix="hed" tag="VBD" />
    </node>
    <node ID="0.3" type="Word">
      <attributes paragraph="1" paragraph_position="3" text="whistling" />
      <extra dep="xcomp" ent_iob="2" ent_type="" head="-1" lemma="whistl" orig_paragraph="1" orth="whistling" pos="VERB" prefix="w" shape="xxxx" suffix="ing" tag="VBG" />
    </node>
    <node ID="0.4" type="Word">
      <attributes paragraph="1" paragraph_position="4" text="into" />
      <extra dep="case" ent_iob="2" ent_type="" head="3" lemma="into" orig_paragraph="1" orth="into" pos="ADP" prefix="i" shape="xxxx" suffix="nto" tag="IN" />
    </node>
    <node ID="0.5" type="Word">
      <attributes paragraph="1" paragraph_position="5" text="the" />
      <extra dep="det" ent_iob="2" ent_type="" head="2" lemma="the" orig_paragraph="1" orth="the" pos="DET" prefix="t" shape="xxx" suffix="the" tag="DT" />
    </node>
    <node ID="0.6" type="Word">
      <attributes paragraph="1" paragraph_position="6" text="gaping" />
      <extra dep="compound" ent_iob="2" ent_type="" head="1" lemma="gaping" orig_paragraph="1" orth="gaping" pos="NOUN" prefix="g" shape="xxxx" suffix="ing" tag="NN" />
    </node>
    <node ID="0.7" type="Word">
      <attributes paragraph="1" paragraph_position="7" text="valves" />
      <extra dep="obl" ent_iob="2" ent_type="" head="-4" lemma="valf" orig_paragraph="1" orth="valves" pos="NOUN" prefix="v" shape="xxxx" suffix="ves" tag="NNS" />
    </node>
    <node ID="0.8" type="Punctuation">
      <attributes paragraph="1" paragraph_position="8" text="." />
      <extra dep="punct" ent_iob="2" ent_type="" head="-6" lemma="." orig_paragraph="1" orth="." pos="PUNCT" prefix="." shape="." suffix="." tag="." />
    </node>
  </layer>
  <layer layerID="1">
    <attributes />
    <node ID="1.1" type="FN">
      <attributes />
      <edge toID="1.2" type="H">
        <attributes />
        <category tag="H" />
      </edge>
    </node>
    <node ID="1.2" type="FN">
      <attributes />
      <edge toID="1.3" type="A">
        <attributes />
        <category tag="A" />
      </edge>
      <edge toID="1.4" type="D">
        <attributes />
        <category tag="D" />
      </edge>
      <edge toID="1.5" type="P">
        <attributes />
        <category tag="P" />
      </edge>
      <edge toID="1.6" type="A">
        <attributes />
        <category tag="A" />
      </edge>
    </node>
    <node ID="1.3" type="FN">
      <attributes />
      <edge toID="0.1" type="Terminal">
        <attributes />
        <category tag="Terminal" />
      </edge>
    </node>
    <node ID="1.4" type="FN">
      <attributes />
      <edge toID="0.2" type="Terminal">
        <attributes />
        <category tag="Terminal" />
      </edge>
    </node>
    <node ID="1.5" type="FN">
      <attributes />
      <edge toID="0.3" type="Terminal">
        <attributes />
        <category tag="Terminal" />
      </edge>
    </node>
    <node ID="1.6" type="FN">
      <attributes />
      <edge toID="1.7" type="R">
        <attributes />
        <category tag="R" />
      </edge>
      <edge toID="1.8" type="E">
        <attributes />
        <category tag="E" />
      </edge>
      <edge toID="1.9" type="E">
        <attributes />
        <category tag="E" />
      </edge>
      <edge toID="1.10" type="C">
        <attributes />
        <category tag="C" />
      </edge>
      <edge toID="1.11" type="U">
        <attributes />
        <category tag="U" />
      </edge>
    </node>
    <node ID="1.7" type="FN">
      <attributes />
      <edge toID="0.4" type="Terminal">
        <attributes />
        <category tag="Terminal" />
      </edge>
    </node>
    <node ID="1.8" type="FN">
      <attributes />
      <edge toID="0.5" type="Terminal">
        <attributes />
        <category tag="Terminal" />
      </edge>
    </node>
    <node ID="1.9" type="FN">
      <attributes />
      <edge toID="0.6" type="Terminal">
        <attributes />
        <category tag="Terminal" />
      </edge>
    </node>
    <node ID="1.10" type="FN">
      <attributes />
      <edge toID="0.7" type="Terminal">
        <attributes />
        <category tag="Terminal" />
      </edge>
    </node>
    <node ID="1.11" type="PNCT">
      <attributes />
      <edge toID="0.8" type="Terminal">
        <attributes />
        <category tag="Terminal" />
      </edge>
    </node>
  </layer>
</root>
