<root annotationID="0" passageID="880008">
  <attributes />
  <extra format="ucca" />
  <layer layerID="0">
    <attributes />
    <extra doc="[[[9692231336188541085, 13055779130471031426, 15267657372422890137, 89, 0, 2, 412, 1, 12204527652707022206, 10850957288794122991, 9692231336188541085], [14082204141634183532, 14082204141634183532, 15308085513773655218, 91, 0, 2, 445, 0, 13110060611322374290, 646772771845179972, 55048275915338092], [886050111519832510, 886050111519832510, 1292078113972184607, 84, 0, 2, 8110129090154140942, 2, 4370460163704169311, 1489474827855109852, 886050111519832510], [7425985699627899538, 7425985699627899538, 15267657372422890137, 89, 0, 2, 412, 1, 4088098365541558500, 15369245168918225700, 7425985699627899538], [13540101588783668053, 13540101588783668053, 15308085513773655218, 91, 0, 2, 423, -3, 13110060611322374290, 16562859848569467201, 18184772438762876266], [16037325823156266367, 16037325823156266367, 1292078113972184607, 84, 0, 2, 8110129090154140942, 2, 4088098365541558500, 13110760720460257827, 16037325823156266367], [6459564349623679250, 6459564349623679250, 15267657372422890137, 89, 0, 2, 412, 1, 13110060611322374290, 15369245168918225700, 17080020411610877296], [11711838292424000352, 11711838292424000352, 8427216679587749980, 92, 394, 3, 423, -6, 4088098365541558500, 15369245168918225700, 11711838292424000352], [12646065887601541794, 12646065887601541794, 12646065887601541794, 96, 0, 2, 442, -7, 12646065887601541794, 12646065887601541794, 12646065887601541794]]]" />
    <node ID="0.1" type="Word">
      <attributes paragraph="1" paragraph_position="1" text="No" />
      <extra dep="det" ent_iob="2" ent_type="" head="1" lemma="no" orig_paragraph="1" orth="No" pos="DET" prefix="N" shape="Xx" suffix="No" tag="DT" />
    </node>
    <node ID="0.2" type="Word">
      <attributes paragraph="1" paragraph_position="2" text="middle" />
      <extra dep="root" ent_iob="2" ent_type="" head="0" lemma="middle" orig_paragraph="1" orth="middle" pos="NOUN" prefix="m" shape="xxxx" suffix="dle" tag="NN" />
    </node>
    <node ID="0.3" type="Word">
      <attributes paragraph="1" paragraph_position="3" text="of" />
      <extra dep="case" ent_iob="2" ent_type="" head="2" lemma="of" orig_paragraph="1" orth="of" pos="ADP" prefix="o" shape="xx" suffix="of" tag="IN" />
    </node>
    <node ID="0.4" type="Word">
      <attributes paragraph="1" paragraph_position="4" text="the" />
      <extra dep="det" ent_iob="2" ent_type="" head="1" lemma="the" orig_paragraph="1" orth="the" pos="DET" prefix="t" shape="xxx" suffix="the" tag="DT" />
    </node>
    <node ID="0.5" type="Word">
      <attributes paragraph="1" paragraph_position="5" text="road" />
      <extra dep="nmod" ent_iob="2" ent_type="" head="-3" lemma="road" orig_paragraph="1" orth="road" pos="NOUN" prefix="r" shape="xxxx" suffix="oad" tag="NN" />
    </node>
    <node ID="0.6" type="Word">
      <attributes paragraph="1" paragraph_position="6" text="for" />
      <extra dep="case" ent_iob="2" ent_type="" head="2" lemma="for" orig_paragraph="1" orth="for" pos="ADP" prefix="f" shape="xxx" suffix="for" tag="IN" />
    </node>
    <node ID="0.7" type="Word">
      <attributes paragraph="1" paragraph_position="7" text="these" />
      <extra dep="det" ent_iob="2" ent_type="" head="1" lemma="these" orig_paragraph="1" orth="these" pos="DET" prefix="t" shape="xxxx" suffix="ese" tag="DT" />
    </node>
    <node ID="0.8" type="Word">
      <attributes paragraph="1" paragraph_position="8" text="two" />
      <extra dep="nmod" ent_iob="3" ent_type="CARDINAL" head="-6" lemma="two" orig_paragraph="1" orth="two" pos="NUM" prefix="t" shape="xxx" suffix="two" tag="CD" />
    </node>
    <node ID="0.9" type="Punctuation">
      <attributes paragraph="1" paragraph_position="9" text="." />
      <extra dep="punct" ent_iob="2" ent_type="" head="-7" lemma="." orig_paragraph="1" orth="." pos="PUNCT" prefix="." shape="." suffix="." tag="." />
    </node>
  </layer>
  <layer layerID="1">
    <attributes />
    <node ID="1.1" type="FN">
      <attributes />
      <edge toID="1.2" type="H">
        <attributes />
        <category tag="H" />
      </edge>
    </node>
    <node ID="1.2" type="FN">
      <attributes />
      <edge toID="1.3" type="A">
        <attributes />
        <category tag="A" />
      </edge>
      <edge toID="1.4" type="A">
        <attributes />
        <category tag="A" />
      </edge>
    </node>
    <node ID="1.3" type="FN">
      <attributes />
      <edge toID="1.5" type="E">
        <attributes />
        <category tag="E" />
      </edge>
      <edge toID="1.6" type="C">
        <attributes />
        <category tag="C" />
      </edge>
      <edge toID="1.7" type="E">
        <attributes />
        <category tag="E" />
      </edge>
    </node>
    <node ID="1.4" type="FN">
      <attributes />
      <edge toID="1.8" type="R">
        <attributes />
        <category tag="R" />
      </edge>
      <edge toID="1.9" type="E">
        <attributes />
        <category tag="E" />
      </edge>
      <edge toID="1.10" type="C">
        <attributes />
        <category tag="C" />
      </edge>
      <edge toID="1.11" type="U">
        <attributes />
        <category tag="U" />
      </edge>
    </node>
    <node ID="1.5" type="FN">
      <attributes />
      <edge toID="0.1" type="Terminal">
        <attributes />
        <category tag="Terminal" />
      </edge>
    </node>
    <node ID="1.6" type="FN">
      <attributes />
      <edge toID="0.2" type="Terminal">
        <attributes />
        <category tag="Terminal" />
      </edge>
    </node>
    <node ID="1.7" type="FN">
      <attributes />
      <edge toID="1.12" type="R">
        <attributes />
        <category tag="R" />
      </edge>
      <edge toID="1.13" type="E">
        <attributes />
        <category tag="E" />
      </edge>
      <edge toID="1.14" type="C">
        <attributes />
        <category tag="C" />
      </edge>
    </node>
    <node ID="1.8" type="FN">
      <attributes />
      <edge toID="0.6" type="Terminal">
        <attributes />
        <category tag="Terminal" />
      </edge>
    </node>
    <node ID="1.9" type="FN">
      <attributes />
      <edge toID="0.7" type="Terminal">
        <attributes />
        <category tag="Terminal" />
      </edge>
    </node>
    <node ID="1.10" type="FN">
      <attributes />
      <edge toID="0.8" type="Terminal">
        <attributes />
        <category tag="Terminal" />
      </edge>
    </node>
    <node ID="1.11" type="PNCT">
      <attributes />
      <edge toID="0.9" type="Terminal">
        <attributes />
        <category tag="Terminal" />
      </edge>
    </node>
    <node ID="1.12" type="FN">
      <attributes />
      <edge toID="0.3" type="Terminal">
        <attributes />
        <category tag="Terminal" />
      </edge>
    </node>
    <node ID="1.13" type="FN">
      <attributes />
      <edge toID="0.4" type="Terminal">
        <attributes />
        <category tag="Terminal" />
      </edge>
    </node>
    <node ID="1.14" type="FN">
      <attributes />
      <edge toID="0.5" type="Terminal">
        <attributes />
        <category tag="Terminal" />
      </edge>
    </node>
  </layer>
</root>
