<root annotationID="0" passageID="891000">
  <attributes />
  <extra format="ucca" />
  <layer layerID="0">
    <attributes />
    <extra doc="[[[4690420944186131903, 4690420944186131903, 13656873538139661788, 94, 0, 2, 445, 0, 100, 4690420944186131903, 4690420944186131903], [11221368173670222813, 11221368173670222813, 4969857429396651903, 96, 0, 2, 442, -1, 11221368173670222813, 11221368173670222813, 11221368173670222813], [646772771845179972, 10382539506755952630, 15308085513773655218, 91, 0, 2, 7037928807040764755, 1, 11123243248953317070, 646772771845179972, 646772771845179972], [9147119992364589469, 15597474948775060119, 15308085513773655218, 91, 0, 2, 400, -3, 13110060611322374290, 260667111241363922, 7679303661980345986], [886050111519832510, 886050111519832510, 1292078113972184607, 84, 0, 2, 8110129090154140942, 3, 4370460163704169311, 1489474827855109852, 886050111519832510], [1995909169258310477, 1995909169258310477, 15267657372422890137, 89, 0, 2, 412, 2, 13110060611322374290, 15369245168918225700, 2661093235354845946], [17810966981724378413, 17810966981724378413, 10554686591937588953, 83, 0, 2, 399, 1, 13110060611322374290, 15598372446745583797, 2483095116303079762], [18159007294764842727, 18159007294764842727, 15308085513773655218, 91, 0, 2, 423, -4, 13110060611322374290, 16900879642891266615, 10748144119362648261], [7437575085468336610, 7437575085468336610, 1292078113972184607, 97, 0, 2, 420, 3, 4370460163704169311, 11901859001352538922, 7437575085468336610], [4690420944186131903, 4690420944186131903, 13656873538139661788, 94, 0, 2, 426, 2, 100, 4690420944186131903, 4690420944186131903], [9613471778328020307, 9613471778328020307, 164681854541413346, 85, 0, 2, 397, 1, 13110060611322374290, 16900879642891266615, 7309984611441301903], [7743033266031195906, 7743033266031195906, 9188597074677201817, 99, 0, 2, 396, -11, 13110060611322374290, 15917291556903334389, 17157488710739566268], [1739263527992748485, 1655312771067108281, 13656873538139661788, 94, 0, 2, 431, -1, 4088098365541558500, 15817570140490810055, 1739263527992748485], [12646065887601541794, 12646065887601541794, 12646065887601541794, 96, 0, 2, 442, -13, 12646065887601541794, 12646065887601541794, 12646065887601541794]]]" />
    <node ID="0.1" type="Word">
      <attributes paragraph="1" paragraph_position="1" text="I" />
      <extra dep="root" ent_iob="2" ent_type="" head="3" lemma="I" orig_paragraph="1" orth="I" pos="PRON" prefix="I" shape="X" suffix="I" tag="PRP" />
    </node>
    <node ID="0.2" type="Punctuation">
      <attributes paragraph="1" paragraph_position="2" text="'" />
      <extra dep="punct" ent_iob="2" ent_type="" head="-1" lemma="'" orig_paragraph="1" orth="'" pos="PUNCT" prefix="'" shape="'" suffix="'" tag="``" />
    </node>
    <node ID="0.3" type="Word">
      <attributes paragraph="1" paragraph_position="3" text="m" />
      <extra dep="compound" ent_iob="2" ent_type="" head="1" lemma="be" orig_paragraph="1" orth="m" pos="NOUN" prefix="m" shape="x" suffix="m" tag="NN" />
    </node>
    <node ID="0.4" type="Word">
      <attributes paragraph="1" paragraph_position="4" text="writing" />
      <extra dep="appos" ent_iob="2" ent_type="" head="-3" lemma="write" orig_paragraph="1" orth="writing" pos="NOUN" prefix="w" shape="xxxx" suffix="ing" tag="NN" />
    </node>
    <node ID="0.5" type="Word">
      <attributes paragraph="1" paragraph_position="5" text="of" />
      <extra dep="case" ent_iob="2" ent_type="" head="3" lemma="of" orig_paragraph="1" orth="of" pos="ADP" prefix="o" shape="xx" suffix="of" tag="IN" />
    </node>
    <node ID="0.6" type="Word">
      <attributes paragraph="1" paragraph_position="6" text="this" />
      <extra dep="det" ent_iob="2" ent_type="" head="2" lemma="this" orig_paragraph="1" orth="this" pos="DET" prefix="t" shape="xxxx" suffix="his" tag="DT" />
    </node>
    <node ID="0.7" type="Word">
      <attributes paragraph="1" paragraph_position="7" text="bold" />
      <extra dep="amod" ent_iob="2" ent_type="" head="1" lemma="bold" orig_paragraph="1" orth="bold" pos="ADJ" prefix="b" shape="xxxx" suffix="old" tag="JJ" />
    </node>
    <node ID="0.8" type="Word">
      <attributes paragraph="1" paragraph_position="8" text="companion" />
      <extra dep="nmod" ent_iob="2" ent_type="" head="-4" lemma="companion" orig_paragraph="1" orth="companion" pos="NOUN" prefix="c" shape="xxxx" suffix="ion" tag="NN" />
    </node>
    <node ID="0.9" type="Word">
      <attributes paragraph="1" paragraph_position="9" text="as" />
      <extra dep="mark" ent_iob="2" ent_type="" head="3" lemma="as" orig_paragraph="1" orth="as" pos="SCONJ" prefix="a" shape="xx" suffix="as" tag="IN" />
    </node>
    <node ID="0.10" type="Word">
      <attributes paragraph="1" paragraph_position="10" text="I" />
      <extra dep="nsubj" ent_iob="2" ent_type="" head="2" lemma="I" orig_paragraph="1" orth="I" pos="PRON" prefix="I" shape="X" suffix="I" tag="PRP" />
    </node>
    <node ID="0.11" type="Word">
      <attributes paragraph="1" paragraph_position="11" text="currently" />
      <extra dep="advmod" ent_iob="2" ent_type="" head="1" lemma="currently" orig_paragraph="1" orth="currently" pos="ADV" prefix="c" shape="xxxx" suffix="tly" tag="RB" />
    </node>
    <node ID="0.12" type="Word">
      <attributes paragraph="1" paragraph_position="12" text="know" />
      <extra dep="advcl" ent_iob="2" ent_type="" head="-11" lemma="know" orig_paragraph="1" orth="know" pos="VERB" prefix="k" shape="xxxx" suffix="now" tag="VBP" />
    </node>
    <node ID="0.13" type="Word">
      <attributes paragraph="1" paragraph_position="13" text="him" />
      <extra dep="obj" ent_iob="2" ent_type="" head="-1" lemma="he" orig_paragraph="1" orth="him" pos="PRON" prefix="h" shape="xxx" suffix="him" tag="PRP" />
    </node>
    <node ID="0.14" type="Punctuation">
      <attributes paragraph="1" paragraph_position="14" text="." />
      <extra dep="punct" ent_iob="2" ent_type="" head="-13" lemma="." orig_paragraph="1" orth="." pos="PUNCT" prefix="." shape="." suffix="." tag="." />
    </node>
  </layer>
  <layer layerID="1">
    <attributes />
    <node ID="1.1" type="FN">
      <attributes />
      <edge toID="1.2" type="H">
        <attributes />
        <category tag="H" />
      </edge>
      <edge toID="1.3" type="L">
        <attributes />
        <category tag="L" />
      </edge>
      <edge toID="1.4" type="H">
        <attributes />
        <category tag="H" />
      </edge>
    </node>
    <node ID="1.2" type="FN">
      <attributes />
      <edge toID="1.5" type="A">
        <attributes />
        <category tag="A" />
      </edge>
      <edge toID="1.6" type="U">
        <attributes />
        <category tag="U" />
      </edge>
      <edge toID="1.7" type="D">
        <attributes />
        <category tag="D" />
      </edge>
      <edge toID="1.8" type="P">
        <attributes />
        <category tag="P" />
      </edge>
      <edge toID="1.9" type="A">
        <attributes />
        <category tag="A" />
      </edge>
    </node>
    <node ID="1.3" type="FN">
      <attributes />
      <edge toID="0.9" type="Terminal">
        <attributes />
        <category tag="Terminal" />
      </edge>
    </node>
    <node ID="1.4" type="FN">
      <attributes />
      <edge toID="1.10" type="A">
        <attributes />
        <category tag="A" />
      </edge>
      <edge toID="1.11" type="D">
        <attributes />
        <category tag="D" />
      </edge>
      <edge toID="1.12" type="P">
        <attributes />
        <category tag="P" />
      </edge>
      <edge toID="1.13" type="A">
        <attributes />
        <category tag="A" />
      </edge>
      <edge toID="1.14" type="U">
        <attributes />
        <category tag="U" />
      </edge>
    </node>
    <node ID="1.5" type="FN">
      <attributes />
      <edge toID="0.1" type="Terminal">
        <attributes />
        <category tag="Terminal" />
      </edge>
    </node>
    <node ID="1.6" type="PNCT">
      <attributes />
      <edge toID="0.2" type="Terminal">
        <attributes />
        <category tag="Terminal" />
      </edge>
    </node>
    <node ID="1.7" type="FN">
      <attributes />
      <edge toID="0.3" type="Terminal">
        <attributes />
        <category tag="Terminal" />
      </edge>
    </node>
    <node ID="1.8" type="FN">
      <attributes />
      <edge toID="0.4" type="Terminal">
        <attributes />
        <category tag="Terminal" />
      </edge>
    </node>
    <node ID="1.9" type="FN">
      <attributes />
      <edge toID="1.15" type="R">
        <attributes />
        <category tag="R" />
      </edge>
      <edge toID="1.16" type="E">
        <attributes />
        <category tag="E" />
      </edge>
      <edge toID="1.17" type="E">
        <attributes />
        <category tag="E" />
      </edge>
      <edge toID="1.18" type="C">
        <attributes />
        <category tag="C" />
      </edge>
    </node>
    <node ID="1.10" type="FN">
      <attributes />
      <edge toID="0.10" type="Terminal">
        <attributes />
        <category tag="Terminal" />
      </edge>
    </node>
    <node ID="1.11" type="FN">
      <attributes />
      <edge toID="0.11" type="Terminal">
        <attributes />
        <category tag="Terminal" />
      </edge>
    </node>
    <node ID="1.12" type="FN">
      <attributes />
      <edge toID="0.12" type="Terminal">
        <attributes />
        <category tag="Terminal" />
      </edge>
    </node>
    <node ID="1.13" type="FN">
      <attributes />
      <edge toID="0.13" type="Terminal">
        <attributes />
        <category tag="Terminal" />
      </edge>
    </node>
    <node ID="1.14" type="PNCT">
      <attributes />
      <edge toID="0.14" type="Terminal">
        <attributes />
        <category tag="Terminal" />
      </edge>
    </node>
    <node ID="1.15" type="FN">
      <attributes />
      <edge toID="0.5" type="Terminal">
        <attributes />
        <category tag="Terminal" />
      </edge>
    </node>
    <node ID="1.16" type="FN">
      <attributes />
      <edge toID="0.6" type="Terminal">
        <attributes />
        <category tag="Terminal" />
      </edge>
    </node>
    <node ID="1.17" type="FN">
      <attributes />
      <edge toID="0.7" type="Terminal">
        <attributes />
        <category tag="Terminal" />
      </edge>
    </node>
    <node ID="1.18" type="FN">
      <attributes />
      <edge toID="0.8" type="Terminal">
        <attributes />
        <category tag="Terminal" />
      </edge>
    </node>
  </layer>
</root>
