<root annotationID="0" passageID="978001">
  <attributes />
  <extra format="ucca" />
  <layer layerID="0">
    <attributes />
    <extra doc="[[[10852253267983130536, 16064069575701507746, 4062917326063685704, 94, 0, 2, 1227985075839834553, 1, 18200729499220207786, 17427324969254097257, 10852253267983130536], [7719032938580114715, 7719032938580114715, 15308085513773655218, 91, 0, 2, 426, 2, 13110060611322374290, 2482183445564601373, 10400321950887182855], [9921686513378912864, 10382539506755952630, 17109001835818727656, 86, 0, 2, 402, 1, 4088098365541558500, 260667111241363922, 9921686513378912864], [4502577334538118472, 11676806451312156207, 1534113631682161808, 99, 0, 2, 445, 0, 13110060611322374290, 8861071527689086543, 7679303661980345986], [11091676426636450224, 11091676426636450224, 1292078113972184607, 84, 0, 2, 8110129090154140942, 4, 13110060611322374290, 12247454108283186160, 9250722957692387333], [7425985699627899538, 7425985699627899538, 15267657372422890137, 89, 0, 2, 412, 3, 4088098365541558500, 15369245168918225700, 7425985699627899538], [11104729984170784471, 11104729984170784471, 1982173196287093141, 85, 0, 2, 397, 1, 13110060611322374290, 646772771845179972, 16044663281106737988], [10768663041714144851, 10768663041714144851, 10554686591937588953, 83, 0, 2, 399, 1, 13110060611322374290, 13110760720460257827, 17094567523389501479], [3344740871784584227, 15050408803291667128, 783433942507015291, 91, 0, 2, 432, -5, 13110060611322374290, 16900879642891266615, 8906198441074590503], [12646065887601541794, 12646065887601541794, 12646065887601541794, 96, 0, 2, 442, -6, 12646065887601541794, 12646065887601541794, 12646065887601541794]]]" />
    <node ID="0.1" type="Word">
      <attributes paragraph="1" paragraph_position="1" text="Our" />
      <extra dep="nmod:poss" ent_iob="2" ent_type="" head="1" lemma="we" orig_paragraph="1" orth="Our" pos="PRON" prefix="O" shape="Xxx" suffix="Our" tag="PRP$" />
    </node>
    <node ID="0.2" type="Word">
      <attributes paragraph="1" paragraph_position="2" text="voyage" />
      <extra dep="nsubj" ent_iob="2" ent_type="" head="2" lemma="voyage" orig_paragraph="1" orth="voyage" pos="NOUN" prefix="v" shape="xxxx" suffix="age" tag="NN" />
    </node>
    <node ID="0.3" type="Word">
      <attributes paragraph="1" paragraph_position="3" text="was" />
      <extra dep="aux" ent_iob="2" ent_type="" head="1" lemma="be" orig_paragraph="1" orth="was" pos="AUX" prefix="w" shape="xxx" suffix="was" tag="VBD" />
    </node>
    <node ID="0.4" type="Word">
      <attributes paragraph="1" paragraph_position="4" text="proceeding" />
      <extra dep="root" ent_iob="2" ent_type="" head="0" lemma="proceed" orig_paragraph="1" orth="proceeding" pos="VERB" prefix="p" shape="xxxx" suffix="ing" tag="VBG" />
    </node>
    <node ID="0.5" type="Word">
      <attributes paragraph="1" paragraph_position="5" text="under" />
      <extra dep="case" ent_iob="2" ent_type="" head="4" lemma="under" orig_paragraph="1" orth="under" pos="ADP" prefix="u" shape="xxxx" suffix="der" tag="IN" />
    </node>
    <node ID="0.6" type="Word">
      <attributes paragraph="1" paragraph_position="6" text="the" />
      <extra dep="det" ent_iob="2" ent_type="" head="3" lemma="the" orig_paragraph="1" orth="the" pos="DET" prefix="t" shape="xxx" suffix="the" tag="DT" />
    </node>
    <node ID="0.7" type="Word">
      <attributes paragraph="1" paragraph_position="7" text="most" />
      <extra dep="advmod" ent_iob="2" ent_type="" head="1" lemma="most" orig_paragraph="1" orth="most" pos="ADV" prefix="m" shape="xxxx" suffix="ost" tag="RBS" />
    </node>
    <node ID="0.8" type="Word">
      <attributes paragraph="1" paragraph_position="8" text="favorable" />
      <extra dep="amod" ent_iob="2" ent_type="" head="1" lemma="favorable" orig_paragraph="1" orth="favorable" pos="ADJ" prefix="f" shape="xxxx" suffix="ble" tag="JJ" />
    </node>
    <node ID="0.9" type="Word">
      <attributes paragraph="1" paragraph_position="9" text="conditions" />
      <extra dep="obl" ent_iob="2" ent_type="" head="-5" lemma="condition" orig_paragraph="1" orth="conditions" pos="NOUN" prefix="c" shape="xxxx" suffix="ons" tag="NNS" />
    </node>
    <node ID="0.10" type="Punctuation">
      <attributes paragraph="1" paragraph_position="10" text="." />
      <extra dep="punct" ent_iob="2" ent_type="" head="-6" lemma="." orig_paragraph="1" orth="." pos="PUNCT" prefix="." shape="." suffix="." tag="." />
    </node>
  </layer>
  <layer layerID="1">
    <attributes />
    <node ID="1.1" type="FN">
      <attributes />
      <edge toID="1.2" type="H">
        <attributes />
        <category tag="H" />
      </edge>
    </node>
    <node ID="1.2" type="FN">
      <attributes />
      <edge toID="1.3" type="A">
        <attributes />
        <category tag="A" />
      </edge>
      <edge toID="1.4" type="F">
        <attributes />
        <category tag="F" />
      </edge>
      <edge toID="1.5" type="P">
        <attributes />
        <category tag="P" />
      </edge>
      <edge toID="1.6" type="A">
        <attributes />
        <category tag="A" />
      </edge>
    </node>
    <node ID="1.3" type="FN">
      <attributes />
      <edge toID="1.7" type="E">
        <attributes />
        <category tag="E" />
      </edge>
      <edge toID="1.8" type="C">
        <attributes />
        <category tag="C" />
      </edge>
    </node>
    <node ID="1.4" type="FN">
      <attributes />
      <edge toID="0.3" type="Terminal">
        <attributes />
        <category tag="Terminal" />
      </edge>
    </node>
    <node ID="1.5" type="FN">
      <attributes />
      <edge toID="0.4" type="Terminal">
        <attributes />
        <category tag="Terminal" />
      </edge>
    </node>
    <node ID="1.6" type="FN">
      <attributes />
      <edge toID="1.9" type="R">
        <attributes />
        <category tag="R" />
      </edge>
      <edge toID="1.10" type="E">
        <attributes />
        <category tag="E" />
      </edge>
      <edge toID="1.11" type="E">
        <attributes />
        <category tag="E" />
      </edge>
      <edge toID="1.12" type="C">
        <attributes />
        <category tag="C" />
      </edge>
      <edge toID="1.13" type="U">
        <attributes />
        <category tag="U" />
      </edge>
    </node>
    <node ID="1.7" type="FN">
      <attributes />
      <edge toID="0.1" type="Terminal">
        <attributes />
        <category tag="Terminal" />
      </edge>
    </node>
    <node ID="1.8" type="FN">
      <attributes />
      <edge toID="0.2" type="Terminal">
        <attributes />
        <category tag="Terminal" />
      </edge>
    </node>
    <node ID="1.9" type="FN">
      <attributes />
      <edge toID="0.5" type="Terminal">
        <attributes />
        <category tag="Terminal" />
      </edge>
    </node>
    <node ID="1.10" type="FN">
      <attributes />
      <edge toID="0.6" type="Terminal">
        <attributes />
        <category tag="Terminal" />
      </edge>
    </node>
    <node ID="1.11" type="FN">
      <attributes />
      <edge toID="1.14" type="E">
        <attributes />
        <category tag="E" />
      </edge>
      <edge toID="1.15" type="C">
        <attributes />
        <category tag="C" />
      </edge>
    </node>
    <node ID="1.12" type="FN">
      <attributes />
      <edge toID="0.9" type="Terminal">
        <attributes />
        <category tag="Terminal" />
      </edge>
    </node>
    <node ID="1.13" type="PNCT">
      <attributes />
      <edge toID="0.10" type="Terminal">
        <attributes />
        <category tag="Terminal" />
      </edge>
    </node>
    <node ID="1.14" type="FN">
      <attributes />
      <edge toID="0.7" type="Terminal">
        <attributes />
        <category tag="Terminal" />
      </edge>
    </node>
    <node ID="1.15" type="FN">
      <attributes />
      <edge toID="0.8" type="Terminal">
        <attributes />
        <category tag="Terminal" />
      </edge>
    </node>
  </layer>
</root>
