<root annotationID="0" passageID="992002">
  <attributes />
  <extra format="ucca" />
  <layer layerID="0">
    <attributes />
    <extra doc="[[[11682416946310074318, 13511804770843510887, 15308085513773655218, 91, 0, 2, 426, 2, 16072095006890171862, 10850957288794122991, 9602547604334134776], [9921686513378912864, 10382539506755952630, 17109001835818727656, 86, 0, 2, 402, 1, 4088098365541558500, 260667111241363922, 9921686513378912864], [17483048438088526599, 5307304325359566725, 1534113631682161808, 99, 0, 2, 445, 0, 13110060611322374290, 16900879642891266615, 7679303661980345986], [5640369432778651323, 5640369432778651323, 164681854541413346, 85, 0, 2, 397, -1, 4370460163704169311, 1489474827855109852, 5640369432778651323], [12646065887601541794, 12646065887601541794, 12646065887601541794, 96, 0, 2, 442, -2, 12646065887601541794, 12646065887601541794, 12646065887601541794]]]" />
    <node ID="0.1" type="Word">
      <attributes paragraph="1" paragraph_position="1" text="Night" />
      <extra dep="nsubj" ent_iob="2" ent_type="" head="2" lemma="night" orig_paragraph="1" orth="Night" pos="NOUN" prefix="N" shape="Xxxxx" suffix="ght" tag="NN" />
    </node>
    <node ID="0.2" type="Word">
      <attributes paragraph="1" paragraph_position="2" text="was" />
      <extra dep="aux" ent_iob="2" ent_type="" head="1" lemma="be" orig_paragraph="1" orth="was" pos="AUX" prefix="w" shape="xxx" suffix="was" tag="VBD" />
    </node>
    <node ID="0.3" type="Word">
      <attributes paragraph="1" paragraph_position="3" text="coming" />
      <extra dep="root" ent_iob="2" ent_type="" head="0" lemma="come" orig_paragraph="1" orth="coming" pos="VERB" prefix="c" shape="xxxx" suffix="ing" tag="VBG" />
    </node>
    <node ID="0.4" type="Word">
      <attributes paragraph="1" paragraph_position="4" text="on" />
      <extra dep="advmod" ent_iob="2" ent_type="" head="-1" lemma="on" orig_paragraph="1" orth="on" pos="ADV" prefix="o" shape="xx" suffix="on" tag="RB" />
    </node>
    <node ID="0.5" type="Punctuation">
      <attributes paragraph="1" paragraph_position="5" text="." />
      <extra dep="punct" ent_iob="2" ent_type="" head="-2" lemma="." orig_paragraph="1" orth="." pos="PUNCT" prefix="." shape="." suffix="." tag="." />
    </node>
  </layer>
  <layer layerID="1">
    <attributes />
    <node ID="1.1" type="FN">
      <attributes />
      <edge toID="1.2" type="H">
        <attributes />
        <category tag="H" />
      </edge>
    </node>
    <node ID="1.2" type="FN">
      <attributes />
      <edge toID="1.3" type="A">
        <attributes />
        <category tag="A" />
      </edge>
      <edge toID="1.4" type="F">
        <attributes />
        <category tag="F" />
      </edge>
      <edge toID="1.5" type="P">
        <attributes />
        <category tag="P" />
      </edge>
      <edge toID="1.6" type="U">
        <attributes />
        <category tag="U" />
      </edge>
    </node>
    <node ID="1.3" type="FN">
      <attributes />
      <edge toID="0.1" type="Terminal">
        <attributes />
        <category tag="Terminal" />
      </edge>
    </node>
    <node ID="1.4" type="FN">
      <attributes />
      <edge toID="0.2" type="Terminal">
        <attributes />
        <category tag="Terminal" />
      </edge>
    </node>
    <node ID="1.5" type="FN">
      <attributes />
      <edge toID="0.3" type="Terminal">
        <attributes />
        <category tag="Terminal" />
      </edge>
      <edge toID="0.4" type="Terminal">
        <attributes />
        <category tag="Terminal" />
      </edge>
    </node>
    <node ID="1.6" type="PNCT">
      <attributes />
      <edge toID="0.5" type="Terminal">
        <attributes />
        <category tag="Terminal" />
      </edge>
    </node>
  </layer>
</root>
