<root annotationID="0" passageID="992001">
  <attributes />
  <extra format="ucca" />
  <layer layerID="0">
    <attributes />
    <extra doc="[[[5059648917813135842, 7425985699627899538, 15267657372422890137, 89, 0, 2, 412, 1, 18200729499220207786, 5582244037879929967, 5059648917813135842], [13314907023970993696, 18010347307423029077, 783433942507015291, 91, 0, 2, 426, 7, 13110060611322374290, 16978132545290669629, 18119152608922315876], [886050111519832510, 886050111519832510, 1292078113972184607, 84, 0, 2, 8110129090154140942, 1, 4370460163704169311, 1489474827855109852, 886050111519832510], [11778144722599621067, 11778144722599621067, 15794550382381185553, 95, 382, 3, 423, -2, 16072095006890171862, 18003918085672799305, 878148637668841885], [9570894245975188254, 10382539506755952630, 17109001835818727656, 86, 0, 2, 408, 4, 13110060611322374290, 260667111241363922, 18139757808136603089], [589070940943333110, 589070940943333110, 272890857012483650, 83, 392, 3, 397, 2, 13110060611322374290, 2985121464356781022, 3696947921433045507], [10794458019344880855, 10794458019344880855, 1292078113972184607, 84, 392, 1, 341650274070182569, -1, 13110060611322374290, 15369245168918225700, 6645331381689172409], [4266673471014057460, 4266673471014057460, 8427216679587749980, 92, 392, 1, 12837356684637874264, 1, 15814017338663416870, 15180167692696242062, 4266673471014057460], [14618199977935301401, 15996833532744392865, 783433942507015291, 91, 392, 1, 445, 0, 13110060611322374290, 646772771845179972, 5902437463952755554], [3791531372978436496, 3791531372978436496, 1292078113972184607, 84, 0, 2, 8110129090154140942, 2, 4370460163704169311, 15369245168918225700, 3791531372978436496], [17577015140245084783, 16064069575701507746, 4062917326063685704, 94, 0, 2, 1227985075839834553, 1, 4088098365541558500, 1489474827855109852, 17577015140245084783], [8702010336477275438, 8702010336477275438, 15308085513773655218, 91, 0, 2, 423, -3, 13110060611322374290, 2985121464356781022, 1263800284926261336], [12646065887601541794, 12646065887601541794, 12646065887601541794, 96, 0, 2, 442, -4, 12646065887601541794, 12646065887601541794, 12646065887601541794]]]" />
    <node ID="0.1" type="Word">
      <attributes paragraph="1" paragraph_position="1" text="The" />
      <extra dep="det" ent_iob="2" ent_type="" head="1" lemma="the" orig_paragraph="1" orth="The" pos="DET" prefix="T" shape="Xxx" suffix="The" tag="DT" />
    </node>
    <node ID="0.2" type="Word">
      <attributes paragraph="1" paragraph_position="2" text="shores" />
      <extra dep="nsubj" ent_iob="2" ent_type="" head="7" lemma="shore" orig_paragraph="1" orth="shores" pos="NOUN" prefix="s" shape="xxxx" suffix="res" tag="NNS" />
    </node>
    <node ID="0.3" type="Word">
      <attributes paragraph="1" paragraph_position="3" text="of" />
      <extra dep="case" ent_iob="2" ent_type="" head="1" lemma="of" orig_paragraph="1" orth="of" pos="ADP" prefix="o" shape="xx" suffix="of" tag="IN" />
    </node>
    <node ID="0.4" type="Word">
      <attributes paragraph="1" paragraph_position="4" text="Japan" />
      <extra dep="nmod" ent_iob="3" ent_type="GPE" head="-2" lemma="Japan" orig_paragraph="1" orth="Japan" pos="PROPN" prefix="J" shape="Xxxxx" suffix="pan" tag="NNP" />
    </node>
    <node ID="0.5" type="Word">
      <attributes paragraph="1" paragraph_position="5" text="were" />
      <extra dep="cop" ent_iob="2" ent_type="" head="4" lemma="be" orig_paragraph="1" orth="were" pos="AUX" prefix="w" shape="xxxx" suffix="ere" tag="VBD" />
    </node>
    <node ID="0.6" type="Word">
      <attributes paragraph="1" paragraph_position="6" text="less" />
      <extra dep="advmod" ent_iob="3" ent_type="QUANTITY" head="2" lemma="less" orig_paragraph="1" orth="less" pos="ADJ" prefix="l" shape="xxxx" suffix="ess" tag="JJR" />
    </node>
    <node ID="0.7" type="Word">
      <attributes paragraph="1" paragraph_position="7" text="than" />
      <extra dep="fixed" ent_iob="1" ent_type="QUANTITY" head="-1" lemma="than" orig_paragraph="1" orth="than" pos="ADP" prefix="t" shape="xxxx" suffix="han" tag="IN" />
    </node>
    <node ID="0.8" type="Word">
      <attributes paragraph="1" paragraph_position="8" text="200" />
      <extra dep="nummod" ent_iob="1" ent_type="QUANTITY" head="1" lemma="200" orig_paragraph="1" orth="200" pos="NUM" prefix="2" shape="ddd" suffix="200" tag="CD" />
    </node>
    <node ID="0.9" type="Word">
      <attributes paragraph="1" paragraph_position="9" text="miles" />
      <extra dep="root" ent_iob="1" ent_type="QUANTITY" head="1" lemma="mile" orig_paragraph="1" orth="miles" pos="NOUN" prefix="m" shape="xxxx" suffix="les" tag="NNS" />
    </node>
    <node ID="0.10" type="Word">
      <attributes paragraph="1" paragraph_position="10" text="to" />
      <extra dep="case" ent_iob="2" ent_type="" head="2" lemma="to" orig_paragraph="1" orth="to" pos="ADP" prefix="t" shape="xx" suffix="to" tag="IN" />
    </node>
    <node ID="0.11" type="Word">
      <attributes paragraph="1" paragraph_position="11" text="our" />
      <extra dep="nmod:poss" ent_iob="2" ent_type="" head="1" lemma="we" orig_paragraph="1" orth="our" pos="PRON" prefix="o" shape="xxx" suffix="our" tag="PRP$" />
    </node>
    <node ID="0.12" type="Word">
      <attributes paragraph="1" paragraph_position="12" text="leeward" />
      <extra dep="nmod" ent_iob="2" ent_type="" head="-3" lemma="leeward" orig_paragraph="1" orth="leeward" pos="NOUN" prefix="l" shape="xxxx" suffix="ard" tag="NN" />
    </node>
    <node ID="0.13" type="Punctuation">
      <attributes paragraph="1" paragraph_position="13" text="." />
      <extra dep="punct" ent_iob="2" ent_type="" head="-4" lemma="." orig_paragraph="1" orth="." pos="PUNCT" prefix="." shape="." suffix="." tag="." />
    </node>
  </layer>
  <layer layerID="1">
    <attributes />
    <node ID="1.1" type="FN">
      <attributes />
      <edge toID="1.2" type="H">
        <attributes />
        <category tag="H" />
      </edge>
    </node>
    <node ID="1.2" type="FN">
      <attributes />
      <edge toID="1.3" type="A">
        <attributes />
        <category tag="A" />
      </edge>
      <edge toID="1.4" type="F">
        <attributes />
        <category tag="F" />
      </edge>
      <edge toID="1.5" type="S">
        <attributes />
        <category tag="S" />
      </edge>
      <edge toID="1.6" type="A">
        <attributes />
        <category tag="A" />
      </edge>
    </node>
    <node ID="1.3" type="FN">
      <attributes />
      <edge toID="1.7" type="E">
        <attributes />
        <category tag="E" />
      </edge>
      <edge toID="1.8" type="C">
        <attributes />
        <category tag="C" />
      </edge>
      <edge toID="1.9" type="E">
        <attributes />
        <category tag="E" />
      </edge>
    </node>
    <node ID="1.4" type="FN">
      <attributes />
      <edge toID="0.5" type="Terminal">
        <attributes />
        <category tag="Terminal" />
      </edge>
    </node>
    <node ID="1.5" type="FN">
      <attributes />
      <edge toID="0.6" type="Terminal">
        <attributes />
        <category tag="Terminal" />
      </edge>
      <edge toID="0.7" type="Terminal">
        <attributes />
        <category tag="Terminal" />
      </edge>
    </node>
    <node ID="1.6" type="FN">
      <attributes />
      <edge toID="1.10" type="E">
        <attributes />
        <category tag="E" />
      </edge>
      <edge toID="1.11" type="C">
        <attributes />
        <category tag="C" />
      </edge>
      <edge toID="1.12" type="E">
        <attributes />
        <category tag="E" />
      </edge>
    </node>
    <node ID="1.7" type="FN">
      <attributes />
      <edge toID="0.1" type="Terminal">
        <attributes />
        <category tag="Terminal" />
      </edge>
    </node>
    <node ID="1.8" type="FN">
      <attributes />
      <edge toID="0.2" type="Terminal">
        <attributes />
        <category tag="Terminal" />
      </edge>
    </node>
    <node ID="1.9" type="FN">
      <attributes />
      <edge toID="1.13" type="R">
        <attributes />
        <category tag="R" />
      </edge>
      <edge toID="1.14" type="C">
        <attributes />
        <category tag="C" />
      </edge>
    </node>
    <node ID="1.10" type="FN">
      <attributes />
      <edge toID="0.8" type="Terminal">
        <attributes />
        <category tag="Terminal" />
      </edge>
    </node>
    <node ID="1.11" type="FN">
      <attributes />
      <edge toID="0.9" type="Terminal">
        <attributes />
        <category tag="Terminal" />
      </edge>
    </node>
    <node ID="1.12" type="FN">
      <attributes />
      <edge toID="1.15" type="R">
        <attributes />
        <category tag="R" />
      </edge>
      <edge toID="1.16" type="E">
        <attributes />
        <category tag="E" />
      </edge>
      <edge toID="1.17" type="C">
        <attributes />
        <category tag="C" />
      </edge>
      <edge toID="1.18" type="U">
        <attributes />
        <category tag="U" />
      </edge>
    </node>
    <node ID="1.13" type="FN">
      <attributes />
      <edge toID="0.3" type="Terminal">
        <attributes />
        <category tag="Terminal" />
      </edge>
    </node>
    <node ID="1.14" type="FN">
      <attributes />
      <edge toID="0.4" type="Terminal">
        <attributes />
        <category tag="Terminal" />
      </edge>
    </node>
    <node ID="1.15" type="FN">
      <attributes />
      <edge toID="0.10" type="Terminal">
        <attributes />
        <category tag="Terminal" />
      </edge>
    </node>
    <node ID="1.16" type="FN">
      <attributes />
      <edge toID="0.11" type="Terminal">
        <attributes />
        <category tag="Terminal" />
      </edge>
    </node>
    <node ID="1.17" type="FN">
      <attributes />
      <edge toID="0.12" type="Terminal">
        <attributes />
        <category tag="Terminal" />
      </edge>
    </node>
    <node ID="1.18" type="PNCT">
      <attributes />
      <edge toID="0.13" type="Terminal">
        <attributes />
        <category tag="Terminal" />
      </edge>
    </node>
  </layer>
</root>
