<root annotationID="0" passageID="993005">
  <attributes />
  <extra format="ucca" />
  <layer layerID="0">
    <attributes />
    <extra doc="[[[3636093925232013737, 2630753287402592467, 164681854541413346, 85, 0, 2, 397, 2, 10887629174180191697, 5582244037879929967, 17541118948136595177], [13409319323822384369, 13409319323822384369, 15267657372422890137, 89, 0, 2, 412, 1, 4088098365541558500, 11901859001352538922, 13409319323822384369], [10993919654635105081, 15357405565015058896, 783433942507015291, 91, 0, 2, 445, 0, 13110060611322374290, 15369245168918225700, 10477575395255680452], [886050111519832510, 886050111519832510, 1292078113972184607, 84, 0, 2, 8110129090154140942, 1, 4370460163704169311, 1489474827855109852, 886050111519832510], [6098669707108623374, 6098669707108623374, 15308085513773655218, 91, 0, 2, 423, -2, 13110060611322374290, 2985121464356781022, 9602547604334134776], [18152844536888319456, 5339166109523769481, 3822385049556375858, 99, 0, 2, 447, -3, 13110060611322374290, 2482183445564601373, 2053223718147644768], [3278561384161438710, 3278561384161438710, 1292078113972184607, 84, 0, 2, 8110129090154140942, 2, 13110060611322374290, 5097672513440128799, 1735328402741333448], [7425985699627899538, 7425985699627899538, 15267657372422890137, 89, 0, 2, 412, 1, 4088098365541558500, 15369245168918225700, 7425985699627899538], [5523010817707517989, 5523010817707517989, 15308085513773655218, 91, 0, 2, 432, -3, 13110060611322374290, 8148669997605808657, 3696947921433045507], [12646065887601541794, 12646065887601541794, 12646065887601541794, 96, 0, 2, 442, -7, 12646065887601541794, 12646065887601541794, 12646065887601541794]]]" />
    <node ID="0.1" type="Word">
      <attributes paragraph="1" paragraph_position="1" text="Then" />
      <extra dep="advmod" ent_iob="2" ent_type="" head="2" lemma="then" orig_paragraph="1" orth="Then" pos="ADV" prefix="T" shape="Xxxx" suffix="hen" tag="RB" />
    </node>
    <node ID="0.2" type="Word">
      <attributes paragraph="1" paragraph_position="2" text="all" />
      <extra dep="det" ent_iob="2" ent_type="" head="1" lemma="all" orig_paragraph="1" orth="all" pos="DET" prefix="a" shape="xxx" suffix="all" tag="DT" />
    </node>
    <node ID="0.3" type="Word">
      <attributes paragraph="1" paragraph_position="3" text="traces" />
      <extra dep="root" ent_iob="2" ent_type="" head="3" lemma="trace" orig_paragraph="1" orth="traces" pos="NOUN" prefix="t" shape="xxxx" suffix="ces" tag="NNS" />
    </node>
    <node ID="0.4" type="Word">
      <attributes paragraph="1" paragraph_position="4" text="of" />
      <extra dep="case" ent_iob="2" ent_type="" head="1" lemma="of" orig_paragraph="1" orth="of" pos="ADP" prefix="o" shape="xx" suffix="of" tag="IN" />
    </node>
    <node ID="0.5" type="Word">
      <attributes paragraph="1" paragraph_position="5" text="light" />
      <extra dep="nmod" ent_iob="2" ent_type="" head="-2" lemma="light" orig_paragraph="1" orth="light" pos="NOUN" prefix="l" shape="xxxx" suffix="ght" tag="NN" />
    </node>
    <node ID="0.6" type="Word">
      <attributes paragraph="1" paragraph_position="6" text="vanished" />
      <extra dep="acl" ent_iob="2" ent_type="" head="-3" lemma="vanish" orig_paragraph="1" orth="vanished" pos="VERB" prefix="v" shape="xxxx" suffix="hed" tag="VBN" />
    </node>
    <node ID="0.7" type="Word">
      <attributes paragraph="1" paragraph_position="7" text="into" />
      <extra dep="case" ent_iob="2" ent_type="" head="2" lemma="into" orig_paragraph="1" orth="into" pos="ADP" prefix="i" shape="xxxx" suffix="nto" tag="IN" />
    </node>
    <node ID="0.8" type="Word">
      <attributes paragraph="1" paragraph_position="8" text="the" />
      <extra dep="det" ent_iob="2" ent_type="" head="1" lemma="the" orig_paragraph="1" orth="the" pos="DET" prefix="t" shape="xxx" suffix="the" tag="DT" />
    </node>
    <node ID="0.9" type="Word">
      <attributes paragraph="1" paragraph_position="9" text="darkness" />
      <extra dep="obl" ent_iob="2" ent_type="" head="-3" lemma="darkness" orig_paragraph="1" orth="darkness" pos="NOUN" prefix="d" shape="xxxx" suffix="ess" tag="NN" />
    </node>
    <node ID="0.10" type="Punctuation">
      <attributes paragraph="1" paragraph_position="10" text="." />
      <extra dep="punct" ent_iob="2" ent_type="" head="-7" lemma="." orig_paragraph="1" orth="." pos="PUNCT" prefix="." shape="." suffix="." tag="." />
    </node>
  </layer>
  <layer layerID="1">
    <attributes />
    <node ID="1.1" type="FN">
      <attributes />
      <edge toID="1.2" type="L">
        <attributes />
        <category tag="L" />
      </edge>
      <edge toID="1.3" type="H">
        <attributes />
        <category tag="H" />
      </edge>
    </node>
    <node ID="1.2" type="FN">
      <attributes />
      <edge toID="0.1" type="Terminal">
        <attributes />
        <category tag="Terminal" />
      </edge>
    </node>
    <node ID="1.3" type="FN">
      <attributes />
      <edge toID="1.4" type="A">
        <attributes />
        <category tag="A" />
      </edge>
      <edge toID="1.5" type="P">
        <attributes />
        <category tag="P" />
      </edge>
      <edge toID="1.6" type="A">
        <attributes />
        <category tag="A" />
      </edge>
    </node>
    <node ID="1.4" type="FN">
      <attributes />
      <edge toID="1.7" type="E">
        <attributes />
        <category tag="E" />
      </edge>
      <edge toID="1.8" type="C">
        <attributes />
        <category tag="C" />
      </edge>
      <edge toID="1.9" type="E">
        <attributes />
        <category tag="E" />
      </edge>
    </node>
    <node ID="1.5" type="FN">
      <attributes />
      <edge toID="0.6" type="Terminal">
        <attributes />
        <category tag="Terminal" />
      </edge>
    </node>
    <node ID="1.6" type="FN">
      <attributes />
      <edge toID="1.10" type="R">
        <attributes />
        <category tag="R" />
      </edge>
      <edge toID="1.11" type="E">
        <attributes />
        <category tag="E" />
      </edge>
      <edge toID="1.12" type="C">
        <attributes />
        <category tag="C" />
      </edge>
      <edge toID="1.13" type="U">
        <attributes />
        <category tag="U" />
      </edge>
    </node>
    <node ID="1.7" type="FN">
      <attributes />
      <edge toID="0.2" type="Terminal">
        <attributes />
        <category tag="Terminal" />
      </edge>
    </node>
    <node ID="1.8" type="FN">
      <attributes />
      <edge toID="0.3" type="Terminal">
        <attributes />
        <category tag="Terminal" />
      </edge>
    </node>
    <node ID="1.9" type="FN">
      <attributes />
      <edge toID="1.14" type="R">
        <attributes />
        <category tag="R" />
      </edge>
      <edge toID="1.15" type="C">
        <attributes />
        <category tag="C" />
      </edge>
    </node>
    <node ID="1.10" type="FN">
      <attributes />
      <edge toID="0.7" type="Terminal">
        <attributes />
        <category tag="Terminal" />
      </edge>
    </node>
    <node ID="1.11" type="FN">
      <attributes />
      <edge toID="0.8" type="Terminal">
        <attributes />
        <category tag="Terminal" />
      </edge>
    </node>
    <node ID="1.12" type="FN">
      <attributes />
      <edge toID="0.9" type="Terminal">
        <attributes />
        <category tag="Terminal" />
      </edge>
    </node>
    <node ID="1.13" type="PNCT">
      <attributes />
      <edge toID="0.10" type="Terminal">
        <attributes />
        <category tag="Terminal" />
      </edge>
    </node>
    <node ID="1.14" type="FN">
      <attributes />
      <edge toID="0.4" type="Terminal">
        <attributes />
        <category tag="Terminal" />
      </edge>
    </node>
    <node ID="1.15" type="FN">
      <attributes />
      <edge toID="0.5" type="Terminal">
        <attributes />
        <category tag="Terminal" />
      </edge>
    </node>
  </layer>
</root>
