<root annotationID="0" passageID="998001">
  <attributes />
  <extra format="ucca" />
  <layer layerID="0">
    <attributes />
    <extra doc="[[[17831099778462416609, 3002984154512732771, 1292078113972184607, 84, 0, 2, 8110129090154140942, 2, 12204527652707022206, 4690420944186131903, 17831099778462416609], [7425985699627899538, 7425985699627899538, 15267657372422890137, 89, 0, 2, 412, 1, 4088098365541558500, 15369245168918225700, 7425985699627899538], [15728906634637129907, 15728906634637129907, 15308085513773655218, 91, 0, 2, 432, 8, 13110060611322374290, 646772771845179972, 16624565006258666411], [886050111519832510, 886050111519832510, 1292078113972184607, 84, 0, 2, 8110129090154140942, 3, 4370460163704169311, 1489474827855109852, 886050111519832510], [7425985699627899538, 7425985699627899538, 15267657372422890137, 89, 0, 2, 412, 2, 4088098365541558500, 15369245168918225700, 7425985699627899538], [4476931165537661438, 4476931165537661438, 10554686591937588953, 83, 0, 2, 399, 1, 13110060611322374290, 6217145520856553898, 4315724021008692873], [13094416875963978425, 13094416875963978425, 15308085513773655218, 91, 0, 2, 423, -4, 13110060611322374290, 16978132545290669629, 14431812100313486463], [2593208677638477497, 2593208677638477497, 2593208677638477497, 96, 0, 2, 442, 3, 2593208677638477497, 2593208677638477497, 2593208677638477497], [11901859001352538922, 11901859001352538922, 15267657372422890137, 89, 0, 2, 412, 1, 11123243248953317070, 11901859001352538922, 11901859001352538922], [257396040179354343, 257396040179354343, 15308085513773655218, 91, 0, 2, 426, 1, 13110060611322374290, 2482183445564601373, 16077735445828477292], [6445175924335283980, 12558846041070486771, 17109001835818727656, 99, 0, 2, 445, 0, 13110060611322374290, 15598372446745583797, 17945561419632433267], [5402019023350883809, 5402019023350883809, 10554686591937588953, 83, 0, 2, 446, -1, 13110060611322374290, 11901859001352538922, 17094567523389501479], [12646065887601541794, 12646065887601541794, 12646065887601541794, 96, 0, 2, 442, -2, 12646065887601541794, 12646065887601541794, 12646065887601541794]]]" />
    <node ID="0.1" type="Word">
      <attributes paragraph="1" paragraph_position="1" text="In" />
      <extra dep="case" ent_iob="2" ent_type="" head="2" lemma="in" orig_paragraph="1" orth="In" pos="ADP" prefix="I" shape="Xx" suffix="In" tag="IN" />
    </node>
    <node ID="0.2" type="Word">
      <attributes paragraph="1" paragraph_position="2" text="the" />
      <extra dep="det" ent_iob="2" ent_type="" head="1" lemma="the" orig_paragraph="1" orth="the" pos="DET" prefix="t" shape="xxx" suffix="the" tag="DT" />
    </node>
    <node ID="0.3" type="Word">
      <attributes paragraph="1" paragraph_position="3" text="midst" />
      <extra dep="obl" ent_iob="2" ent_type="" head="8" lemma="midst" orig_paragraph="1" orth="midst" pos="NOUN" prefix="m" shape="xxxx" suffix="dst" tag="NN" />
    </node>
    <node ID="0.4" type="Word">
      <attributes paragraph="1" paragraph_position="4" text="of" />
      <extra dep="case" ent_iob="2" ent_type="" head="3" lemma="of" orig_paragraph="1" orth="of" pos="ADP" prefix="o" shape="xx" suffix="of" tag="IN" />
    </node>
    <node ID="0.5" type="Word">
      <attributes paragraph="1" paragraph_position="5" text="the" />
      <extra dep="det" ent_iob="2" ent_type="" head="2" lemma="the" orig_paragraph="1" orth="the" pos="DET" prefix="t" shape="xxx" suffix="the" tag="DT" />
    </node>
    <node ID="0.6" type="Word">
      <attributes paragraph="1" paragraph_position="6" text="general" />
      <extra dep="amod" ent_iob="2" ent_type="" head="1" lemma="general" orig_paragraph="1" orth="general" pos="ADJ" prefix="g" shape="xxxx" suffix="ral" tag="JJ" />
    </node>
    <node ID="0.7" type="Word">
      <attributes paragraph="1" paragraph_position="7" text="silence" />
      <extra dep="nmod" ent_iob="2" ent_type="" head="-4" lemma="silence" orig_paragraph="1" orth="silence" pos="NOUN" prefix="s" shape="xxxx" suffix="nce" tag="NN" />
    </node>
    <node ID="0.8" type="Punctuation">
      <attributes paragraph="1" paragraph_position="8" text="," />
      <extra dep="punct" ent_iob="2" ent_type="" head="3" lemma="," orig_paragraph="1" orth="," pos="PUNCT" prefix="," shape="," suffix="," tag="," />
    </node>
    <node ID="0.9" type="Word">
      <attributes paragraph="1" paragraph_position="9" text="a" />
      <extra dep="det" ent_iob="2" ent_type="" head="1" lemma="a" orig_paragraph="1" orth="a" pos="DET" prefix="a" shape="x" suffix="a" tag="DT" />
    </node>
    <node ID="0.10" type="Word">
      <attributes paragraph="1" paragraph_position="10" text="voice" />
      <extra dep="nsubj" ent_iob="2" ent_type="" head="1" lemma="voice" orig_paragraph="1" orth="voice" pos="NOUN" prefix="v" shape="xxxx" suffix="ice" tag="NN" />
    </node>
    <node ID="0.11" type="Word">
      <attributes paragraph="1" paragraph_position="11" text="became" />
      <extra dep="root" ent_iob="2" ent_type="" head="0" lemma="become" orig_paragraph="1" orth="became" pos="VERB" prefix="b" shape="xxxx" suffix="ame" tag="VBD" />
    </node>
    <node ID="0.12" type="Word">
      <attributes paragraph="1" paragraph_position="12" text="audible" />
      <extra dep="xcomp" ent_iob="2" ent_type="" head="-1" lemma="audible" orig_paragraph="1" orth="audible" pos="ADJ" prefix="a" shape="xxxx" suffix="ble" tag="JJ" />
    </node>
    <node ID="0.13" type="Punctuation">
      <attributes paragraph="1" paragraph_position="13" text="." />
      <extra dep="punct" ent_iob="2" ent_type="" head="-2" lemma="." orig_paragraph="1" orth="." pos="PUNCT" prefix="." shape="." suffix="." tag="." />
    </node>
  </layer>
  <layer layerID="1">
    <attributes />
    <node ID="1.1" type="FN">
      <attributes />
      <edge toID="1.2" type="H">
        <attributes />
        <category tag="H" />
      </edge>
    </node>
    <node ID="1.2" type="FN">
      <attributes />
      <edge toID="1.3" type="D">
        <attributes />
        <category tag="D" />
      </edge>
      <edge toID="1.4" type="A">
        <attributes />
        <category tag="A" />
      </edge>
    </node>
    <node ID="1.3" type="FN">
      <attributes />
      <edge toID="1.5" type="R">
        <attributes />
        <category tag="R" />
      </edge>
      <edge toID="1.6" type="E">
        <attributes />
        <category tag="E" />
      </edge>
      <edge toID="1.7" type="C">
        <attributes />
        <category tag="C" />
      </edge>
      <edge toID="1.8" type="R">
        <attributes />
        <category tag="R" />
      </edge>
    </node>
    <node ID="1.4" type="FN">
      <attributes />
      <edge toID="1.9" type="E">
        <attributes />
        <category tag="E" />
      </edge>
      <edge toID="1.10" type="E">
        <attributes />
        <category tag="E" />
      </edge>
      <edge toID="1.11" type="C">
        <attributes />
        <category tag="C" />
      </edge>
      <edge toID="1.12" type="U">
        <attributes />
        <category tag="U" />
      </edge>
      <edge toID="1.13" type="E">
        <attributes />
        <category tag="E" />
      </edge>
    </node>
    <node ID="1.5" type="FN">
      <attributes />
      <edge toID="0.1" type="Terminal">
        <attributes />
        <category tag="Terminal" />
      </edge>
    </node>
    <node ID="1.6" type="FN">
      <attributes />
      <edge toID="0.2" type="Terminal">
        <attributes />
        <category tag="Terminal" />
      </edge>
    </node>
    <node ID="1.7" type="FN">
      <attributes />
      <edge toID="0.3" type="Terminal">
        <attributes />
        <category tag="Terminal" />
      </edge>
    </node>
    <node ID="1.8" type="FN">
      <attributes />
      <edge toID="0.4" type="Terminal">
        <attributes />
        <category tag="Terminal" />
      </edge>
    </node>
    <node ID="1.9" type="FN">
      <attributes />
      <edge toID="0.5" type="Terminal">
        <attributes />
        <category tag="Terminal" />
      </edge>
    </node>
    <node ID="1.10" type="FN">
      <attributes />
      <edge toID="0.6" type="Terminal">
        <attributes />
        <category tag="Terminal" />
      </edge>
    </node>
    <node ID="1.11" type="FN">
      <attributes />
      <edge toID="0.7" type="Terminal">
        <attributes />
        <category tag="Terminal" />
      </edge>
    </node>
    <node ID="1.12" type="PNCT">
      <attributes />
      <edge toID="0.8" type="Terminal">
        <attributes />
        <category tag="Terminal" />
      </edge>
    </node>
    <node ID="1.13" type="FN">
      <attributes />
      <edge toID="1.14" type="A">
        <attributes />
        <category tag="A" />
      </edge>
      <edge toID="1.15" type="D">
        <attributes />
        <category tag="D" />
      </edge>
      <edge toID="1.16" type="S">
        <attributes />
        <category tag="S" />
      </edge>
      <edge toID="1.17" type="U">
        <attributes />
        <category tag="U" />
      </edge>
    </node>
    <node ID="1.14" type="FN">
      <attributes />
      <edge toID="1.18" type="E">
        <attributes />
        <category tag="E" />
      </edge>
      <edge toID="1.19" type="C">
        <attributes />
        <category tag="C" />
      </edge>
    </node>
    <node ID="1.15" type="FN">
      <attributes />
      <edge toID="0.11" type="Terminal">
        <attributes />
        <category tag="Terminal" />
      </edge>
    </node>
    <node ID="1.16" type="FN">
      <attributes />
      <edge toID="0.12" type="Terminal">
        <attributes />
        <category tag="Terminal" />
      </edge>
    </node>
    <node ID="1.17" type="PNCT">
      <attributes />
      <edge toID="0.13" type="Terminal">
        <attributes />
        <category tag="Terminal" />
      </edge>
    </node>
    <node ID="1.18" type="FN">
      <attributes />
      <edge toID="0.9" type="Terminal">
        <attributes />
        <category tag="Terminal" />
      </edge>
    </node>
    <node ID="1.19" type="FN">
      <attributes />
      <edge toID="0.10" type="Terminal">
        <attributes />
        <category tag="Terminal" />
      </edge>
    </node>
  </layer>
</root>
