<root annotationID="0" passageID="294000">
  <attributes />
  <extra format="conllu" />
  <layer layerID="0">
    <attributes />
    <node ID="0.1" type="Word">
      <attributes paragraph="1" paragraph_position="1" text="So" />
      <extra enhanced="_" features="_" frame="_" lemma="_" pos="RB" tag="RB" />
    </node>
    <node ID="0.2" type="Word">
      <attributes paragraph="1" paragraph_position="2" text="," />
      <extra enhanced="_" features="_" frame="_" lemma="_" pos="," tag="," />
    </node>
    <node ID="0.3" type="Word">
      <attributes paragraph="1" paragraph_position="3" text="after" />
      <extra enhanced="_" features="_" frame="_" lemma="_" pos="IN" tag="IN" />
    </node>
    <node ID="0.4" type="Word">
      <attributes paragraph="1" paragraph_position="4" text="inquiries" />
      <extra enhanced="_" features="_" frame="_" lemma="_" pos="NNS" tag="NNS" />
    </node>
    <node ID="0.5" type="Word">
      <attributes paragraph="1" paragraph_position="5" text="conducted" />
      <extra enhanced="_" features="_" frame="_" lemma="_" pos="VBN" tag="VBN" />
    </node>
    <node ID="0.6" type="Word">
      <attributes paragraph="1" paragraph_position="6" text="in" />
      <extra enhanced="_" features="_" frame="_" lemma="_" pos="IN" tag="IN" />
    </node>
    <node ID="0.7" type="Word">
      <attributes paragraph="1" paragraph_position="7" text="England" />
      <extra enhanced="_" features="_" frame="_" lemma="_" pos="NNP" tag="NNP" />
    </node>
    <node ID="0.8" type="Word">
      <attributes paragraph="1" paragraph_position="8" text="," />
      <extra enhanced="_" features="_" frame="_" lemma="_" pos="," tag="," />
    </node>
    <node ID="0.9" type="Word">
      <attributes paragraph="1" paragraph_position="9" text="France" />
      <extra enhanced="_" features="_" frame="_" lemma="_" pos="NNP" tag="NNP" />
    </node>
    <node ID="0.10" type="Word">
      <attributes paragraph="1" paragraph_position="10" text="," />
      <extra enhanced="_" features="_" frame="_" lemma="_" pos="," tag="," />
    </node>
    <node ID="0.11" type="Word">
      <attributes paragraph="1" paragraph_position="11" text="Russia" />
      <extra enhanced="_" features="_" frame="_" lemma="_" pos="NNP" tag="NNP" />
    </node>
    <node ID="0.12" type="Word">
      <attributes paragraph="1" paragraph_position="12" text="," />
      <extra enhanced="_" features="_" frame="_" lemma="_" pos="," tag="," />
    </node>
    <node ID="0.13" type="Word">
      <attributes paragraph="1" paragraph_position="13" text="Prussia" />
      <extra enhanced="_" features="_" frame="_" lemma="_" pos="NNP" tag="NNP" />
    </node>
    <node ID="0.14" type="Word">
      <attributes paragraph="1" paragraph_position="14" text="," />
      <extra enhanced="_" features="_" frame="_" lemma="_" pos="," tag="," />
    </node>
    <node ID="0.15" type="Word">
      <attributes paragraph="1" paragraph_position="15" text="Spain" />
      <extra enhanced="_" features="_" frame="_" lemma="_" pos="NNP" tag="NNP" />
    </node>
    <node ID="0.16" type="Word">
      <attributes paragraph="1" paragraph_position="16" text="," />
      <extra enhanced="_" features="_" frame="_" lemma="_" pos="," tag="," />
    </node>
    <node ID="0.17" type="Word">
      <attributes paragraph="1" paragraph_position="17" text="Italy" />
      <extra enhanced="_" features="_" frame="_" lemma="_" pos="NNP" tag="NNP" />
    </node>
    <node ID="0.18" type="Word">
      <attributes paragraph="1" paragraph_position="18" text="," />
      <extra enhanced="_" features="_" frame="_" lemma="_" pos="," tag="," />
    </node>
    <node ID="0.19" type="Word">
      <attributes paragraph="1" paragraph_position="19" text="America" />
      <extra enhanced="_" features="_" frame="_" lemma="_" pos="NNP" tag="NNP" />
    </node>
    <node ID="0.20" type="Word">
      <attributes paragraph="1" paragraph_position="20" text="," />
      <extra enhanced="_" features="_" frame="_" lemma="_" pos="," tag="," />
    </node>
    <node ID="0.21" type="Word">
      <attributes paragraph="1" paragraph_position="21" text="and" />
      <extra enhanced="_" features="_" frame="_" lemma="_" pos="CC" tag="CC" />
    </node>
    <node ID="0.22" type="Word">
      <attributes paragraph="1" paragraph_position="22" text="even" />
      <extra enhanced="_" features="_" frame="_" lemma="_" pos="RB" tag="RB" />
    </node>
    <node ID="0.23" type="Word">
      <attributes paragraph="1" paragraph_position="23" text="Turkey" />
      <extra enhanced="_" features="_" frame="_" lemma="_" pos="NNP" tag="NNP" />
    </node>
    <node ID="0.24" type="Word">
      <attributes paragraph="1" paragraph_position="24" text="," />
      <extra enhanced="_" features="_" frame="_" lemma="_" pos="," tag="," />
    </node>
    <node ID="0.25" type="Word">
      <attributes paragraph="1" paragraph_position="25" text="the" />
      <extra enhanced="_" features="_" frame="_" lemma="_" pos="DT" tag="DT" />
    </node>
    <node ID="0.26" type="Word">
      <attributes paragraph="1" paragraph_position="26" text="hypothesis" />
      <extra enhanced="_" features="_" frame="_" lemma="_" pos="NN" tag="NN" />
    </node>
    <node ID="0.27" type="Word">
      <attributes paragraph="1" paragraph_position="27" text="of" />
      <extra enhanced="_" features="_" frame="_" lemma="_" pos="IN" tag="IN" />
    </node>
    <node ID="0.28" type="Word">
      <attributes paragraph="1" paragraph_position="28" text="an" />
      <extra enhanced="_" features="_" frame="_" lemma="_" pos="DT" tag="DT" />
    </node>
    <node ID="0.29" type="Word">
      <attributes paragraph="1" paragraph_position="29" text="underwater" />
      <extra enhanced="_" features="_" frame="_" lemma="_" pos="JJ" tag="JJ" />
    </node>
    <node ID="0.30" type="Word">
      <attributes paragraph="1" paragraph_position="30" text="Monitor" />
      <extra enhanced="_" features="_" frame="_" lemma="_" pos="NN" tag="NN" />
    </node>
    <node ID="0.31" type="Word">
      <attributes paragraph="1" paragraph_position="31" text="was" />
      <extra enhanced="_" features="_" frame="_" lemma="_" pos="VBD" tag="VBD" />
    </node>
    <node ID="0.32" type="Word">
      <attributes paragraph="1" paragraph_position="32" text="ultimately" />
      <extra enhanced="_" features="_" frame="_" lemma="_" pos="RB" tag="RB" />
    </node>
    <node ID="0.33" type="Word">
      <attributes paragraph="1" paragraph_position="33" text="rejected" />
      <extra enhanced="_" features="_" frame="_" lemma="_" pos="VBN" tag="VBN" />
    </node>
    <node ID="0.34" type="Word">
      <attributes paragraph="1" paragraph_position="34" text="." />
      <extra enhanced="_" features="_" frame="_" lemma="_" pos="." tag="." />
    </node>
  </layer>
  <layer layerID="1">
    <attributes />
    <node ID="1.1" type="FN">
      <attributes />
      <edge toID="1.2" type="head">
        <attributes />
        <category tag="head" />
      </edge>
    </node>
    <node ID="1.2" type="FN">
      <attributes />
      <edge toID="1.3" type="head">
        <attributes />
        <category tag="head" />
      </edge>
      <edge toID="1.4" type="advmod">
        <attributes />
        <category tag="advmod" />
      </edge>
      <edge toID="1.5" type="U">
        <attributes />
        <category tag="U" />
      </edge>
      <edge toID="1.6" type="prep">
        <attributes />
        <category tag="prep" />
      </edge>
      <edge toID="1.8" type="U">
        <attributes />
        <category tag="U" />
      </edge>
      <edge toID="1.9" type="nsubjpass">
        <attributes />
        <category tag="nsubjpass" />
      </edge>
      <edge toID="1.11" type="auxpass">
        <attributes />
        <category tag="auxpass" />
      </edge>
      <edge toID="1.12" type="advmod">
        <attributes />
        <category tag="advmod" />
      </edge>
      <edge toID="1.13" type="U">
        <attributes />
        <category tag="U" />
      </edge>
    </node>
    <node ID="1.3" type="FN">
      <attributes />
      <edge toID="0.33" type="Terminal">
        <attributes />
        <category tag="Terminal" />
      </edge>
    </node>
    <node ID="1.4" type="FN">
      <attributes />
      <edge toID="0.1" type="Terminal">
        <attributes />
        <category tag="Terminal" />
      </edge>
    </node>
    <node ID="1.5" type="FN">
      <attributes />
      <edge toID="0.2" type="Terminal">
        <attributes />
        <category tag="Terminal" />
      </edge>
    </node>
    <node ID="1.6" type="FN">
      <attributes />
      <edge toID="1.7" type="head">
        <attributes />
        <category tag="head" />
      </edge>
      <edge toID="1.14" type="pobj">
        <attributes />
        <category tag="pobj" />
      </edge>
    </node>
    <node ID="1.7" type="FN">
      <attributes />
      <edge toID="0.3" type="Terminal">
        <attributes />
        <category tag="Terminal" />
      </edge>
    </node>
    <node ID="1.8" type="FN">
      <attributes />
      <edge toID="0.24" type="Terminal">
        <attributes />
        <category tag="Terminal" />
      </edge>
    </node>
    <node ID="1.9" type="FN">
      <attributes />
      <edge toID="1.10" type="head">
        <attributes />
        <category tag="head" />
      </edge>
      <edge toID="1.16" type="det">
        <attributes />
        <category tag="det" />
      </edge>
      <edge toID="1.17" type="prep">
        <attributes />
        <category tag="prep" />
      </edge>
    </node>
    <node ID="1.10" type="FN">
      <attributes />
      <edge toID="0.26" type="Terminal">
        <attributes />
        <category tag="Terminal" />
      </edge>
    </node>
    <node ID="1.11" type="FN">
      <attributes />
      <edge toID="0.31" type="Terminal">
        <attributes />
        <category tag="Terminal" />
      </edge>
    </node>
    <node ID="1.12" type="FN">
      <attributes />
      <edge toID="0.32" type="Terminal">
        <attributes />
        <category tag="Terminal" />
      </edge>
    </node>
    <node ID="1.13" type="FN">
      <attributes />
      <edge toID="0.34" type="Terminal">
        <attributes />
        <category tag="Terminal" />
      </edge>
    </node>
    <node ID="1.14" type="FN">
      <attributes />
      <edge toID="1.15" type="head">
        <attributes />
        <category tag="head" />
      </edge>
      <edge toID="1.19" type="partmod">
        <attributes />
        <category tag="partmod" />
      </edge>
    </node>
    <node ID="1.15" type="FN">
      <attributes />
      <edge toID="0.4" type="Terminal">
        <attributes />
        <category tag="Terminal" />
      </edge>
    </node>
    <node ID="1.16" type="FN">
      <attributes />
      <edge toID="0.25" type="Terminal">
        <attributes />
        <category tag="Terminal" />
      </edge>
    </node>
    <node ID="1.17" type="FN">
      <attributes />
      <edge toID="1.18" type="head">
        <attributes />
        <category tag="head" />
      </edge>
      <edge toID="1.21" type="pobj">
        <attributes />
        <category tag="pobj" />
      </edge>
    </node>
    <node ID="1.18" type="FN">
      <attributes />
      <edge toID="0.27" type="Terminal">
        <attributes />
        <category tag="Terminal" />
      </edge>
    </node>
    <node ID="1.19" type="FN">
      <attributes />
      <edge toID="1.20" type="head">
        <attributes />
        <category tag="head" />
      </edge>
      <edge toID="1.23" type="prep">
        <attributes />
        <category tag="prep" />
      </edge>
    </node>
    <node ID="1.20" type="FN">
      <attributes />
      <edge toID="0.5" type="Terminal">
        <attributes />
        <category tag="Terminal" />
      </edge>
    </node>
    <node ID="1.21" type="FN">
      <attributes />
      <edge toID="1.22" type="head">
        <attributes />
        <category tag="head" />
      </edge>
      <edge toID="1.25" type="det">
        <attributes />
        <category tag="det" />
      </edge>
      <edge toID="1.26" type="amod">
        <attributes />
        <category tag="amod" />
      </edge>
    </node>
    <node ID="1.22" type="FN">
      <attributes />
      <edge toID="0.30" type="Terminal">
        <attributes />
        <category tag="Terminal" />
      </edge>
    </node>
    <node ID="1.23" type="FN">
      <attributes />
      <edge toID="1.24" type="head">
        <attributes />
        <category tag="head" />
      </edge>
      <edge toID="1.27" type="pobj">
        <attributes />
        <category tag="pobj" />
      </edge>
    </node>
    <node ID="1.24" type="FN">
      <attributes />
      <edge toID="0.6" type="Terminal">
        <attributes />
        <category tag="Terminal" />
      </edge>
    </node>
    <node ID="1.25" type="FN">
      <attributes />
      <edge toID="0.28" type="Terminal">
        <attributes />
        <category tag="Terminal" />
      </edge>
    </node>
    <node ID="1.26" type="FN">
      <attributes />
      <edge toID="0.29" type="Terminal">
        <attributes />
        <category tag="Terminal" />
      </edge>
    </node>
    <node ID="1.27" type="FN">
      <attributes />
      <edge toID="1.28" type="head">
        <attributes />
        <category tag="head" />
      </edge>
      <edge toID="1.29" type="U">
        <attributes />
        <category tag="U" />
      </edge>
      <edge toID="1.30" type="conj">
        <attributes />
        <category tag="conj" />
      </edge>
      <edge toID="1.31" type="U">
        <attributes />
        <category tag="U" />
      </edge>
      <edge toID="1.32" type="conj">
        <attributes />
        <category tag="conj" />
      </edge>
      <edge toID="1.33" type="U">
        <attributes />
        <category tag="U" />
      </edge>
      <edge toID="1.34" type="conj">
        <attributes />
        <category tag="conj" />
      </edge>
      <edge toID="1.35" type="U">
        <attributes />
        <category tag="U" />
      </edge>
      <edge toID="1.36" type="conj">
        <attributes />
        <category tag="conj" />
      </edge>
      <edge toID="1.37" type="U">
        <attributes />
        <category tag="U" />
      </edge>
      <edge toID="1.38" type="conj">
        <attributes />
        <category tag="conj" />
      </edge>
      <edge toID="1.39" type="U">
        <attributes />
        <category tag="U" />
      </edge>
      <edge toID="1.40" type="conj">
        <attributes />
        <category tag="conj" />
      </edge>
      <edge toID="1.41" type="U">
        <attributes />
        <category tag="U" />
      </edge>
      <edge toID="1.42" type="cc">
        <attributes />
        <category tag="cc" />
      </edge>
      <edge toID="1.43" type="advmod">
        <attributes />
        <category tag="advmod" />
      </edge>
      <edge toID="1.44" type="dep">
        <attributes />
        <category tag="dep" />
      </edge>
    </node>
    <node ID="1.28" type="FN">
      <attributes />
      <edge toID="0.7" type="Terminal">
        <attributes />
        <category tag="Terminal" />
      </edge>
    </node>
    <node ID="1.29" type="FN">
      <attributes />
      <edge toID="0.8" type="Terminal">
        <attributes />
        <category tag="Terminal" />
      </edge>
    </node>
    <node ID="1.30" type="FN">
      <attributes />
      <edge toID="0.9" type="Terminal">
        <attributes />
        <category tag="Terminal" />
      </edge>
    </node>
    <node ID="1.31" type="FN">
      <attributes />
      <edge toID="0.10" type="Terminal">
        <attributes />
        <category tag="Terminal" />
      </edge>
    </node>
    <node ID="1.32" type="FN">
      <attributes />
      <edge toID="0.11" type="Terminal">
        <attributes />
        <category tag="Terminal" />
      </edge>
    </node>
    <node ID="1.33" type="FN">
      <attributes />
      <edge toID="0.12" type="Terminal">
        <attributes />
        <category tag="Terminal" />
      </edge>
    </node>
    <node ID="1.34" type="FN">
      <attributes />
      <edge toID="0.13" type="Terminal">
        <attributes />
        <category tag="Terminal" />
      </edge>
    </node>
    <node ID="1.35" type="FN">
      <attributes />
      <edge toID="0.14" type="Terminal">
        <attributes />
        <category tag="Terminal" />
      </edge>
    </node>
    <node ID="1.36" type="FN">
      <attributes />
      <edge toID="0.15" type="Terminal">
        <attributes />
        <category tag="Terminal" />
      </edge>
    </node>
    <node ID="1.37" type="FN">
      <attributes />
      <edge toID="0.16" type="Terminal">
        <attributes />
        <category tag="Terminal" />
      </edge>
    </node>
    <node ID="1.38" type="FN">
      <attributes />
      <edge toID="0.17" type="Terminal">
        <attributes />
        <category tag="Terminal" />
      </edge>
    </node>
    <node ID="1.39" type="FN">
      <attributes />
      <edge toID="0.18" type="Terminal">
        <attributes />
        <category tag="Terminal" />
      </edge>
    </node>
    <node ID="1.40" type="FN">
      <attributes />
      <edge toID="0.19" type="Terminal">
        <attributes />
        <category tag="Terminal" />
      </edge>
    </node>
    <node ID="1.41" type="FN">
      <attributes />
      <edge toID="0.20" type="Terminal">
        <attributes />
        <category tag="Terminal" />
      </edge>
    </node>
    <node ID="1.42" type="FN">
      <attributes />
      <edge toID="0.21" type="Terminal">
        <attributes />
        <category tag="Terminal" />
      </edge>
    </node>
    <node ID="1.43" type="FN">
      <attributes />
      <edge toID="0.22" type="Terminal">
        <attributes />
        <category tag="Terminal" />
      </edge>
    </node>
    <node ID="1.44" type="FN">
      <attributes />
      <edge toID="0.23" type="Terminal">
        <attributes />
        <category tag="Terminal" />
      </edge>
    </node>
  </layer>
</root>
