<root annotationID="0" passageID="305000">
  <attributes />
  <extra format="conllu" />
  <layer layerID="0">
    <attributes />
    <node ID="0.1" type="Word">
      <attributes paragraph="1" paragraph_position="1" text="&quot;" />
      <extra enhanced="_" features="_" frame="_" lemma="_" pos="``" tag="``" />
    </node>
    <node ID="0.2" type="Word">
      <attributes paragraph="1" paragraph_position="2" text="In" />
      <extra enhanced="_" features="_" frame="_" lemma="_" pos="IN" tag="IN" />
    </node>
    <node ID="0.3" type="Word">
      <attributes paragraph="1" paragraph_position="3" text="essence" />
      <extra enhanced="_" features="_" frame="_" lemma="_" pos="NN" tag="NN" />
    </node>
    <node ID="0.4" type="Word">
      <attributes paragraph="1" paragraph_position="4" text="," />
      <extra enhanced="_" features="_" frame="_" lemma="_" pos="," tag="," />
    </node>
    <node ID="0.5" type="Word">
      <attributes paragraph="1" paragraph_position="5" text="the" />
      <extra enhanced="_" features="_" frame="_" lemma="_" pos="DT" tag="DT" />
    </node>
    <node ID="0.6" type="Word">
      <attributes paragraph="1" paragraph_position="6" text="narwhale" />
      <extra enhanced="_" features="_" frame="_" lemma="_" pos="NN" tag="NN" />
    </node>
    <node ID="0.7" type="Word">
      <attributes paragraph="1" paragraph_position="7" text="is" />
      <extra enhanced="_" features="_" frame="_" lemma="_" pos="VBZ" tag="VBZ" />
    </node>
    <node ID="0.8" type="Word">
      <attributes paragraph="1" paragraph_position="8" text="armed" />
      <extra enhanced="_" features="_" frame="_" lemma="_" pos="VBN" tag="VBN" />
    </node>
    <node ID="0.9" type="Word">
      <attributes paragraph="1" paragraph_position="9" text="with" />
      <extra enhanced="_" features="_" frame="_" lemma="_" pos="IN" tag="IN" />
    </node>
    <node ID="0.10" type="Word">
      <attributes paragraph="1" paragraph_position="10" text="a" />
      <extra enhanced="_" features="_" frame="_" lemma="_" pos="DT" tag="DT" />
    </node>
    <node ID="0.11" type="Word">
      <attributes paragraph="1" paragraph_position="11" text="sort" />
      <extra enhanced="_" features="_" frame="_" lemma="_" pos="NN" tag="NN" />
    </node>
    <node ID="0.12" type="Word">
      <attributes paragraph="1" paragraph_position="12" text="of" />
      <extra enhanced="_" features="_" frame="_" lemma="_" pos="IN" tag="IN" />
    </node>
    <node ID="0.13" type="Word">
      <attributes paragraph="1" paragraph_position="13" text="ivory" />
      <extra enhanced="_" features="_" frame="_" lemma="_" pos="NN" tag="NN" />
    </node>
    <node ID="0.14" type="Word">
      <attributes paragraph="1" paragraph_position="14" text="sword" />
      <extra enhanced="_" features="_" frame="_" lemma="_" pos="NN" tag="NN" />
    </node>
    <node ID="0.15" type="Word">
      <attributes paragraph="1" paragraph_position="15" text="," />
      <extra enhanced="_" features="_" frame="_" lemma="_" pos="," tag="," />
    </node>
    <node ID="0.16" type="Word">
      <attributes paragraph="1" paragraph_position="16" text="or" />
      <extra enhanced="_" features="_" frame="_" lemma="_" pos="CC" tag="CC" />
    </node>
    <node ID="0.17" type="Word">
      <attributes paragraph="1" paragraph_position="17" text="lance" />
      <extra enhanced="_" features="_" frame="_" lemma="_" pos="NN" tag="NN" />
    </node>
    <node ID="0.18" type="Word">
      <attributes paragraph="1" paragraph_position="18" text="," />
      <extra enhanced="_" features="_" frame="_" lemma="_" pos="," tag="," />
    </node>
    <node ID="0.19" type="Word">
      <attributes paragraph="1" paragraph_position="19" text="as" />
      <extra enhanced="_" features="_" frame="_" lemma="_" pos="IN" tag="IN" />
    </node>
    <node ID="0.20" type="Word">
      <attributes paragraph="1" paragraph_position="20" text="certain" />
      <extra enhanced="_" features="_" frame="_" lemma="_" pos="JJ" tag="JJ" />
    </node>
    <node ID="0.21" type="Word">
      <attributes paragraph="1" paragraph_position="21" text="naturalists" />
      <extra enhanced="_" features="_" frame="_" lemma="_" pos="NNS" tag="NNS" />
    </node>
    <node ID="0.22" type="Word">
      <attributes paragraph="1" paragraph_position="22" text="have" />
      <extra enhanced="_" features="_" frame="_" lemma="_" pos="VBP" tag="VBP" />
    </node>
    <node ID="0.23" type="Word">
      <attributes paragraph="1" paragraph_position="23" text="expressed" />
      <extra enhanced="_" features="_" frame="_" lemma="_" pos="VBN" tag="VBN" />
    </node>
    <node ID="0.24" type="Word">
      <attributes paragraph="1" paragraph_position="24" text="it" />
      <extra enhanced="_" features="_" frame="_" lemma="_" pos="PRP" tag="PRP" />
    </node>
    <node ID="0.25" type="Word">
      <attributes paragraph="1" paragraph_position="25" text="." />
      <extra enhanced="_" features="_" frame="_" lemma="_" pos="." tag="." />
    </node>
    <node ID="0.26" type="Word">
      <attributes paragraph="1" paragraph_position="26" text="It" />
      <extra enhanced="_" features="_" frame="_" lemma="_" pos="PRP" tag="PRP" />
    </node>
    <node ID="0.27" type="Word">
      <attributes paragraph="1" paragraph_position="27" text="'s" />
      <extra enhanced="_" features="_" frame="_" lemma="_" pos="VBZ" tag="VBZ" />
    </node>
    <node ID="0.28" type="Word">
      <attributes paragraph="1" paragraph_position="28" text="a" />
      <extra enhanced="_" features="_" frame="_" lemma="_" pos="DT" tag="DT" />
    </node>
    <node ID="0.29" type="Word">
      <attributes paragraph="1" paragraph_position="29" text="king" />
      <extra enhanced="_" features="_" frame="_" lemma="_" pos="NN" tag="NN" />
    </node>
    <node ID="0.30" type="Word">
      <attributes paragraph="1" paragraph_position="30" text="-" />
      <extra enhanced="_" features="_" frame="_" lemma="_" pos=":" tag=":" />
    </node>
    <node ID="0.31" type="Word">
      <attributes paragraph="1" paragraph_position="31" text="sized" />
      <extra enhanced="_" features="_" frame="_" lemma="_" pos="JJ" tag="JJ" />
    </node>
    <node ID="0.32" type="Word">
      <attributes paragraph="1" paragraph_position="32" text="tooth" />
      <extra enhanced="_" features="_" frame="_" lemma="_" pos="NN" tag="NN" />
    </node>
    <node ID="0.33" type="Word">
      <attributes paragraph="1" paragraph_position="33" text="as" />
      <extra enhanced="_" features="_" frame="_" lemma="_" pos="RB" tag="RB" />
    </node>
    <node ID="0.34" type="Word">
      <attributes paragraph="1" paragraph_position="34" text="hard" />
      <extra enhanced="_" features="_" frame="_" lemma="_" pos="JJ" tag="JJ" />
    </node>
    <node ID="0.35" type="Word">
      <attributes paragraph="1" paragraph_position="35" text="as" />
      <extra enhanced="_" features="_" frame="_" lemma="_" pos="IN" tag="IN" />
    </node>
    <node ID="0.36" type="Word">
      <attributes paragraph="1" paragraph_position="36" text="steel" />
      <extra enhanced="_" features="_" frame="_" lemma="_" pos="NN" tag="NN" />
    </node>
    <node ID="0.37" type="Word">
      <attributes paragraph="1" paragraph_position="37" text="." />
      <extra enhanced="_" features="_" frame="_" lemma="_" pos="." tag="." />
    </node>
    <node ID="0.38" type="Word">
      <attributes paragraph="1" paragraph_position="38" text="Some" />
      <extra enhanced="_" features="_" frame="_" lemma="_" pos="DT" tag="DT" />
    </node>
    <node ID="0.39" type="Word">
      <attributes paragraph="1" paragraph_position="39" text="of" />
      <extra enhanced="_" features="_" frame="_" lemma="_" pos="IN" tag="IN" />
    </node>
    <node ID="0.40" type="Word">
      <attributes paragraph="1" paragraph_position="40" text="these" />
      <extra enhanced="_" features="_" frame="_" lemma="_" pos="DT" tag="DT" />
    </node>
    <node ID="0.41" type="Word">
      <attributes paragraph="1" paragraph_position="41" text="teeth" />
      <extra enhanced="_" features="_" frame="_" lemma="_" pos="NNS" tag="NNS" />
    </node>
    <node ID="0.42" type="Word">
      <attributes paragraph="1" paragraph_position="42" text="have" />
      <extra enhanced="_" features="_" frame="_" lemma="_" pos="VBP" tag="VBP" />
    </node>
    <node ID="0.43" type="Word">
      <attributes paragraph="1" paragraph_position="43" text="been" />
      <extra enhanced="_" features="_" frame="_" lemma="_" pos="VBN" tag="VBN" />
    </node>
    <node ID="0.44" type="Word">
      <attributes paragraph="1" paragraph_position="44" text="found" />
      <extra enhanced="_" features="_" frame="_" lemma="_" pos="VBN" tag="VBN" />
    </node>
    <node ID="0.45" type="Word">
      <attributes paragraph="1" paragraph_position="45" text="buried" />
      <extra enhanced="_" features="_" frame="_" lemma="_" pos="VBN" tag="VBN" />
    </node>
    <node ID="0.46" type="Word">
      <attributes paragraph="1" paragraph_position="46" text="in" />
      <extra enhanced="_" features="_" frame="_" lemma="_" pos="IN" tag="IN" />
    </node>
    <node ID="0.47" type="Word">
      <attributes paragraph="1" paragraph_position="47" text="the" />
      <extra enhanced="_" features="_" frame="_" lemma="_" pos="DT" tag="DT" />
    </node>
    <node ID="0.48" type="Word">
      <attributes paragraph="1" paragraph_position="48" text="bodies" />
      <extra enhanced="_" features="_" frame="_" lemma="_" pos="NNS" tag="NNS" />
    </node>
    <node ID="0.49" type="Word">
      <attributes paragraph="1" paragraph_position="49" text="of" />
      <extra enhanced="_" features="_" frame="_" lemma="_" pos="IN" tag="IN" />
    </node>
    <node ID="0.50" type="Word">
      <attributes paragraph="1" paragraph_position="50" text="baleen" />
      <extra enhanced="_" features="_" frame="_" lemma="_" pos="NN" tag="NN" />
    </node>
    <node ID="0.51" type="Word">
      <attributes paragraph="1" paragraph_position="51" text="whales" />
      <extra enhanced="_" features="_" frame="_" lemma="_" pos="NNS" tag="NNS" />
    </node>
    <node ID="0.52" type="Word">
      <attributes paragraph="1" paragraph_position="52" text="," />
      <extra enhanced="_" features="_" frame="_" lemma="_" pos="," tag="," />
    </node>
    <node ID="0.53" type="Word">
      <attributes paragraph="1" paragraph_position="53" text="which" />
      <extra enhanced="_" features="_" frame="_" lemma="_" pos="WDT" tag="WDT" />
    </node>
    <node ID="0.54" type="Word">
      <attributes paragraph="1" paragraph_position="54" text="the" />
      <extra enhanced="_" features="_" frame="_" lemma="_" pos="DT" tag="DT" />
    </node>
    <node ID="0.55" type="Word">
      <attributes paragraph="1" paragraph_position="55" text="narwhale" />
      <extra enhanced="_" features="_" frame="_" lemma="_" pos="NN" tag="NN" />
    </node>
    <node ID="0.56" type="Word">
      <attributes paragraph="1" paragraph_position="56" text="attacks" />
      <extra enhanced="_" features="_" frame="_" lemma="_" pos="VBZ" tag="VBZ" />
    </node>
    <node ID="0.57" type="Word">
      <attributes paragraph="1" paragraph_position="57" text="with" />
      <extra enhanced="_" features="_" frame="_" lemma="_" pos="IN" tag="IN" />
    </node>
    <node ID="0.58" type="Word">
      <attributes paragraph="1" paragraph_position="58" text="invariable" />
      <extra enhanced="_" features="_" frame="_" lemma="_" pos="JJ" tag="JJ" />
    </node>
    <node ID="0.59" type="Word">
      <attributes paragraph="1" paragraph_position="59" text="success" />
      <extra enhanced="_" features="_" frame="_" lemma="_" pos="NN" tag="NN" />
    </node>
    <node ID="0.60" type="Word">
      <attributes paragraph="1" paragraph_position="60" text="." />
      <extra enhanced="_" features="_" frame="_" lemma="_" pos="." tag="." />
    </node>
    <node ID="0.61" type="Word">
      <attributes paragraph="1" paragraph_position="61" text="Others" />
      <extra enhanced="_" features="_" frame="_" lemma="_" pos="NNS" tag="NNS" />
    </node>
    <node ID="0.62" type="Word">
      <attributes paragraph="1" paragraph_position="62" text="have" />
      <extra enhanced="_" features="_" frame="_" lemma="_" pos="VBP" tag="VBP" />
    </node>
    <node ID="0.63" type="Word">
      <attributes paragraph="1" paragraph_position="63" text="been" />
      <extra enhanced="_" features="_" frame="_" lemma="_" pos="VBN" tag="VBN" />
    </node>
    <node ID="0.64" type="Word">
      <attributes paragraph="1" paragraph_position="64" text="wrenched" />
      <extra enhanced="_" features="_" frame="_" lemma="_" pos="VBN" tag="VBN" />
    </node>
    <node ID="0.65" type="Word">
      <attributes paragraph="1" paragraph_position="65" text="," />
      <extra enhanced="_" features="_" frame="_" lemma="_" pos="," tag="," />
    </node>
    <node ID="0.66" type="Word">
      <attributes paragraph="1" paragraph_position="66" text="not" />
      <extra enhanced="_" features="_" frame="_" lemma="_" pos="RB" tag="RB" />
    </node>
    <node ID="0.67" type="Word">
      <attributes paragraph="1" paragraph_position="67" text="without" />
      <extra enhanced="_" features="_" frame="_" lemma="_" pos="IN" tag="IN" />
    </node>
    <node ID="0.68" type="Word">
      <attributes paragraph="1" paragraph_position="68" text="difficulty" />
      <extra enhanced="_" features="_" frame="_" lemma="_" pos="NN" tag="NN" />
    </node>
    <node ID="0.69" type="Word">
      <attributes paragraph="1" paragraph_position="69" text="," />
      <extra enhanced="_" features="_" frame="_" lemma="_" pos="," tag="," />
    </node>
    <node ID="0.70" type="Word">
      <attributes paragraph="1" paragraph_position="70" text="from" />
      <extra enhanced="_" features="_" frame="_" lemma="_" pos="IN" tag="IN" />
    </node>
    <node ID="0.71" type="Word">
      <attributes paragraph="1" paragraph_position="71" text="the" />
      <extra enhanced="_" features="_" frame="_" lemma="_" pos="DT" tag="DT" />
    </node>
    <node ID="0.72" type="Word">
      <attributes paragraph="1" paragraph_position="72" text="undersides" />
      <extra enhanced="_" features="_" frame="_" lemma="_" pos="NNS" tag="NNS" />
    </node>
    <node ID="0.73" type="Word">
      <attributes paragraph="1" paragraph_position="73" text="of" />
      <extra enhanced="_" features="_" frame="_" lemma="_" pos="IN" tag="IN" />
    </node>
    <node ID="0.74" type="Word">
      <attributes paragraph="1" paragraph_position="74" text="vessels" />
      <extra enhanced="_" features="_" frame="_" lemma="_" pos="NNS" tag="NNS" />
    </node>
    <node ID="0.75" type="Word">
      <attributes paragraph="1" paragraph_position="75" text="that" />
      <extra enhanced="_" features="_" frame="_" lemma="_" pos="IN" tag="IN" />
    </node>
    <node ID="0.76" type="Word">
      <attributes paragraph="1" paragraph_position="76" text="narwhales" />
      <extra enhanced="_" features="_" frame="_" lemma="_" pos="NNS" tag="NNS" />
    </node>
    <node ID="0.77" type="Word">
      <attributes paragraph="1" paragraph_position="77" text="have" />
      <extra enhanced="_" features="_" frame="_" lemma="_" pos="VBP" tag="VBP" />
    </node>
    <node ID="0.78" type="Word">
      <attributes paragraph="1" paragraph_position="78" text="pierced" />
      <extra enhanced="_" features="_" frame="_" lemma="_" pos="VBN" tag="VBN" />
    </node>
    <node ID="0.79" type="Word">
      <attributes paragraph="1" paragraph_position="79" text="clean" />
      <extra enhanced="_" features="_" frame="_" lemma="_" pos="RB" tag="RB" />
    </node>
    <node ID="0.80" type="Word">
      <attributes paragraph="1" paragraph_position="80" text="through" />
      <extra enhanced="_" features="_" frame="_" lemma="_" pos="IN" tag="IN" />
    </node>
    <node ID="0.81" type="Word">
      <attributes paragraph="1" paragraph_position="81" text="," />
      <extra enhanced="_" features="_" frame="_" lemma="_" pos="," tag="," />
    </node>
    <node ID="0.82" type="Word">
      <attributes paragraph="1" paragraph_position="82" text="as" />
      <extra enhanced="_" features="_" frame="_" lemma="_" pos="IN" tag="IN" />
    </node>
    <node ID="0.83" type="Word">
      <attributes paragraph="1" paragraph_position="83" text="a" />
      <extra enhanced="_" features="_" frame="_" lemma="_" pos="DT" tag="DT" />
    </node>
    <node ID="0.84" type="Word">
      <attributes paragraph="1" paragraph_position="84" text="gimlet" />
      <extra enhanced="_" features="_" frame="_" lemma="_" pos="NN" tag="NN" />
    </node>
    <node ID="0.85" type="Word">
      <attributes paragraph="1" paragraph_position="85" text="pierces" />
      <extra enhanced="_" features="_" frame="_" lemma="_" pos="VBZ" tag="VBZ" />
    </node>
    <node ID="0.86" type="Word">
      <attributes paragraph="1" paragraph_position="86" text="a" />
      <extra enhanced="_" features="_" frame="_" lemma="_" pos="DT" tag="DT" />
    </node>
    <node ID="0.87" type="Word">
      <attributes paragraph="1" paragraph_position="87" text="wine" />
      <extra enhanced="_" features="_" frame="_" lemma="_" pos="NN" tag="NN" />
    </node>
    <node ID="0.88" type="Word">
      <attributes paragraph="1" paragraph_position="88" text="barrel" />
      <extra enhanced="_" features="_" frame="_" lemma="_" pos="NN" tag="NN" />
    </node>
    <node ID="0.89" type="Word">
      <attributes paragraph="1" paragraph_position="89" text="." />
      <extra enhanced="_" features="_" frame="_" lemma="_" pos="." tag="." />
    </node>
    <node ID="0.90" type="Word">
      <attributes paragraph="1" paragraph_position="90" text="The" />
      <extra enhanced="_" features="_" frame="_" lemma="_" pos="DT" tag="DT" />
    </node>
    <node ID="0.91" type="Word">
      <attributes paragraph="1" paragraph_position="91" text="museum" />
      <extra enhanced="_" features="_" frame="_" lemma="_" pos="NN" tag="NN" />
    </node>
    <node ID="0.92" type="Word">
      <attributes paragraph="1" paragraph_position="92" text="at" />
      <extra enhanced="_" features="_" frame="_" lemma="_" pos="IN" tag="IN" />
    </node>
    <node ID="0.93" type="Word">
      <attributes paragraph="1" paragraph_position="93" text="the" />
      <extra enhanced="_" features="_" frame="_" lemma="_" pos="DT" tag="DT" />
    </node>
    <node ID="0.94" type="Word">
      <attributes paragraph="1" paragraph_position="94" text="Faculty" />
      <extra enhanced="_" features="_" frame="_" lemma="_" pos="NNP" tag="NNP" />
    </node>
    <node ID="0.95" type="Word">
      <attributes paragraph="1" paragraph_position="95" text="of" />
      <extra enhanced="_" features="_" frame="_" lemma="_" pos="IN" tag="IN" />
    </node>
    <node ID="0.96" type="Word">
      <attributes paragraph="1" paragraph_position="96" text="Medicine" />
      <extra enhanced="_" features="_" frame="_" lemma="_" pos="NNP" tag="NNP" />
    </node>
    <node ID="0.97" type="Word">
      <attributes paragraph="1" paragraph_position="97" text="in" />
      <extra enhanced="_" features="_" frame="_" lemma="_" pos="IN" tag="IN" />
    </node>
    <node ID="0.98" type="Word">
      <attributes paragraph="1" paragraph_position="98" text="Paris" />
      <extra enhanced="_" features="_" frame="_" lemma="_" pos="NNP" tag="NNP" />
    </node>
    <node ID="0.99" type="Word">
      <attributes paragraph="1" paragraph_position="99" text="owns" />
      <extra enhanced="_" features="_" frame="_" lemma="_" pos="VBZ" tag="VBZ" />
    </node>
    <node ID="0.100" type="Word">
      <attributes paragraph="1" paragraph_position="100" text="one" />
      <extra enhanced="_" features="_" frame="_" lemma="_" pos="CD" tag="CD" />
    </node>
    <node ID="0.101" type="Word">
      <attributes paragraph="1" paragraph_position="101" text="of" />
      <extra enhanced="_" features="_" frame="_" lemma="_" pos="IN" tag="IN" />
    </node>
    <node ID="0.102" type="Word">
      <attributes paragraph="1" paragraph_position="102" text="these" />
      <extra enhanced="_" features="_" frame="_" lemma="_" pos="DT" tag="DT" />
    </node>
    <node ID="0.103" type="Word">
      <attributes paragraph="1" paragraph_position="103" text="tusks" />
      <extra enhanced="_" features="_" frame="_" lemma="_" pos="NNS" tag="NNS" />
    </node>
    <node ID="0.104" type="Word">
      <attributes paragraph="1" paragraph_position="104" text="with" />
      <extra enhanced="_" features="_" frame="_" lemma="_" pos="IN" tag="IN" />
    </node>
    <node ID="0.105" type="Word">
      <attributes paragraph="1" paragraph_position="105" text="a" />
      <extra enhanced="_" features="_" frame="_" lemma="_" pos="DT" tag="DT" />
    </node>
    <node ID="0.106" type="Word">
      <attributes paragraph="1" paragraph_position="106" text="length" />
      <extra enhanced="_" features="_" frame="_" lemma="_" pos="NN" tag="NN" />
    </node>
    <node ID="0.107" type="Word">
      <attributes paragraph="1" paragraph_position="107" text="of" />
      <extra enhanced="_" features="_" frame="_" lemma="_" pos="IN" tag="IN" />
    </node>
    <node ID="0.108" type="Word">
      <attributes paragraph="1" paragraph_position="108" text="2.25" />
      <extra enhanced="_" features="_" frame="_" lemma="_" pos="CD" tag="CD" />
    </node>
    <node ID="0.109" type="Word">
      <attributes paragraph="1" paragraph_position="109" text="meters" />
      <extra enhanced="_" features="_" frame="_" lemma="_" pos="NNS" tag="NNS" />
    </node>
    <node ID="0.110" type="Word">
      <attributes paragraph="1" paragraph_position="110" text="and" />
      <extra enhanced="_" features="_" frame="_" lemma="_" pos="CC" tag="CC" />
    </node>
    <node ID="0.111" type="Word">
      <attributes paragraph="1" paragraph_position="111" text="a" />
      <extra enhanced="_" features="_" frame="_" lemma="_" pos="DT" tag="DT" />
    </node>
    <node ID="0.112" type="Word">
      <attributes paragraph="1" paragraph_position="112" text="width" />
      <extra enhanced="_" features="_" frame="_" lemma="_" pos="NN" tag="NN" />
    </node>
    <node ID="0.113" type="Word">
      <attributes paragraph="1" paragraph_position="113" text="at" />
      <extra enhanced="_" features="_" frame="_" lemma="_" pos="IN" tag="IN" />
    </node>
    <node ID="0.114" type="Word">
      <attributes paragraph="1" paragraph_position="114" text="its" />
      <extra enhanced="_" features="_" frame="_" lemma="_" pos="PRP$" tag="PRP$" />
    </node>
    <node ID="0.115" type="Word">
      <attributes paragraph="1" paragraph_position="115" text="base" />
      <extra enhanced="_" features="_" frame="_" lemma="_" pos="NN" tag="NN" />
    </node>
    <node ID="0.116" type="Word">
      <attributes paragraph="1" paragraph_position="116" text="of" />
      <extra enhanced="_" features="_" frame="_" lemma="_" pos="IN" tag="IN" />
    </node>
    <node ID="0.117" type="Word">
      <attributes paragraph="1" paragraph_position="117" text="forty" />
      <extra enhanced="_" features="_" frame="_" lemma="_" pos="CD" tag="CD" />
    </node>
    <node ID="0.118" type="Word">
      <attributes paragraph="1" paragraph_position="118" text="-" />
      <extra enhanced="_" features="_" frame="_" lemma="_" pos="IN" tag="IN" />
    </node>
    <node ID="0.119" type="Word">
      <attributes paragraph="1" paragraph_position="119" text="eight" />
      <extra enhanced="_" features="_" frame="_" lemma="_" pos="JJ" tag="JJ" />
    </node>
    <node ID="0.120" type="Word">
      <attributes paragraph="1" paragraph_position="120" text="centimeters" />
      <extra enhanced="_" features="_" frame="_" lemma="_" pos="NNS" tag="NNS" />
    </node>
    <node ID="0.121" type="Word">
      <attributes paragraph="1" paragraph_position="121" text="!" />
      <extra enhanced="_" features="_" frame="_" lemma="_" pos="." tag="." />
    </node>
  </layer>
  <layer layerID="1">
    <attributes />
    <node ID="1.1" type="FN">
      <attributes />
      <edge toID="1.2" type="head">
        <attributes />
        <category tag="head" />
      </edge>
    </node>
    <node ID="1.2" type="FN">
      <attributes />
      <edge toID="1.3" type="head">
        <attributes />
        <category tag="head" />
      </edge>
      <edge toID="1.4" type="U">
        <attributes />
        <category tag="U" />
      </edge>
      <edge toID="1.5" type="prep">
        <attributes />
        <category tag="prep" />
      </edge>
      <edge toID="1.7" type="U">
        <attributes />
        <category tag="U" />
      </edge>
      <edge toID="1.8" type="nsubjpass">
        <attributes />
        <category tag="nsubjpass" />
      </edge>
      <edge toID="1.10" type="auxpass">
        <attributes />
        <category tag="auxpass" />
      </edge>
      <edge toID="1.11" type="prep">
        <attributes />
        <category tag="prep" />
      </edge>
      <edge toID="1.13" type="U">
        <attributes />
        <category tag="U" />
      </edge>
      <edge toID="1.14" type="dep">
        <attributes />
        <category tag="dep" />
      </edge>
      <edge toID="1.16" type="dep">
        <attributes />
        <category tag="dep" />
      </edge>
      <edge toID="1.18" type="dep">
        <attributes />
        <category tag="dep" />
      </edge>
      <edge toID="1.20" type="dep">
        <attributes />
        <category tag="dep" />
      </edge>
    </node>
    <node ID="1.3" type="FN">
      <attributes />
      <edge toID="0.8" type="Terminal">
        <attributes />
        <category tag="Terminal" />
      </edge>
    </node>
    <node ID="1.4" type="FN">
      <attributes />
      <edge toID="0.1" type="Terminal">
        <attributes />
        <category tag="Terminal" />
      </edge>
    </node>
    <node ID="1.5" type="FN">
      <attributes />
      <edge toID="1.6" type="head">
        <attributes />
        <category tag="head" />
      </edge>
      <edge toID="1.22" type="pobj">
        <attributes />
        <category tag="pobj" />
      </edge>
    </node>
    <node ID="1.6" type="FN">
      <attributes />
      <edge toID="0.2" type="Terminal">
        <attributes />
        <category tag="Terminal" />
      </edge>
    </node>
    <node ID="1.7" type="FN">
      <attributes />
      <edge toID="0.4" type="Terminal">
        <attributes />
        <category tag="Terminal" />
      </edge>
    </node>
    <node ID="1.8" type="FN">
      <attributes />
      <edge toID="1.9" type="head">
        <attributes />
        <category tag="head" />
      </edge>
      <edge toID="1.23" type="det">
        <attributes />
        <category tag="det" />
      </edge>
    </node>
    <node ID="1.9" type="FN">
      <attributes />
      <edge toID="0.6" type="Terminal">
        <attributes />
        <category tag="Terminal" />
      </edge>
    </node>
    <node ID="1.10" type="FN">
      <attributes />
      <edge toID="0.7" type="Terminal">
        <attributes />
        <category tag="Terminal" />
      </edge>
    </node>
    <node ID="1.11" type="FN">
      <attributes />
      <edge toID="1.12" type="head">
        <attributes />
        <category tag="head" />
      </edge>
      <edge toID="1.24" type="pobj">
        <attributes />
        <category tag="pobj" />
      </edge>
    </node>
    <node ID="1.12" type="FN">
      <attributes />
      <edge toID="0.9" type="Terminal">
        <attributes />
        <category tag="Terminal" />
      </edge>
    </node>
    <node ID="1.13" type="FN">
      <attributes />
      <edge toID="0.25" type="Terminal">
        <attributes />
        <category tag="Terminal" />
      </edge>
    </node>
    <node ID="1.14" type="FN">
      <attributes />
      <edge toID="1.15" type="head">
        <attributes />
        <category tag="head" />
      </edge>
      <edge toID="1.26" type="nsubj">
        <attributes />
        <category tag="nsubj" />
      </edge>
      <edge toID="1.27" type="cop">
        <attributes />
        <category tag="cop" />
      </edge>
      <edge toID="1.28" type="det">
        <attributes />
        <category tag="det" />
      </edge>
      <edge toID="1.29" type="nn">
        <attributes />
        <category tag="nn" />
      </edge>
      <edge toID="1.30" type="U">
        <attributes />
        <category tag="U" />
      </edge>
      <edge toID="1.31" type="amod">
        <attributes />
        <category tag="amod" />
      </edge>
      <edge toID="1.32" type="amod">
        <attributes />
        <category tag="amod" />
      </edge>
      <edge toID="1.34" type="U">
        <attributes />
        <category tag="U" />
      </edge>
    </node>
    <node ID="1.15" type="FN">
      <attributes />
      <edge toID="0.32" type="Terminal">
        <attributes />
        <category tag="Terminal" />
      </edge>
    </node>
    <node ID="1.16" type="FN">
      <attributes />
      <edge toID="1.17" type="head">
        <attributes />
        <category tag="head" />
      </edge>
      <edge toID="1.35" type="nsubjpass">
        <attributes />
        <category tag="nsubjpass" />
      </edge>
      <edge toID="1.37" type="aux">
        <attributes />
        <category tag="aux" />
      </edge>
      <edge toID="1.38" type="auxpass">
        <attributes />
        <category tag="auxpass" />
      </edge>
      <edge toID="1.39" type="dep">
        <attributes />
        <category tag="dep" />
      </edge>
      <edge toID="1.41" type="U">
        <attributes />
        <category tag="U" />
      </edge>
    </node>
    <node ID="1.17" type="FN">
      <attributes />
      <edge toID="0.44" type="Terminal">
        <attributes />
        <category tag="Terminal" />
      </edge>
    </node>
    <node ID="1.18" type="FN">
      <attributes />
      <edge toID="1.19" type="head">
        <attributes />
        <category tag="head" />
      </edge>
      <edge toID="1.42" type="nsubjpass">
        <attributes />
        <category tag="nsubjpass" />
      </edge>
      <edge toID="1.43" type="aux">
        <attributes />
        <category tag="aux" />
      </edge>
      <edge toID="1.44" type="auxpass">
        <attributes />
        <category tag="auxpass" />
      </edge>
      <edge toID="1.45" type="U">
        <attributes />
        <category tag="U" />
      </edge>
      <edge toID="1.46" type="prep">
        <attributes />
        <category tag="prep" />
      </edge>
      <edge toID="1.48" type="U">
        <attributes />
        <category tag="U" />
      </edge>
      <edge toID="1.49" type="mark">
        <attributes />
        <category tag="mark" />
      </edge>
      <edge toID="1.50" type="advcl">
        <attributes />
        <category tag="advcl" />
      </edge>
      <edge toID="1.52" type="U">
        <attributes />
        <category tag="U" />
      </edge>
    </node>
    <node ID="1.19" type="FN">
      <attributes />
      <edge toID="0.64" type="Terminal">
        <attributes />
        <category tag="Terminal" />
      </edge>
    </node>
    <node ID="1.20" type="FN">
      <attributes />
      <edge toID="1.21" type="head">
        <attributes />
        <category tag="head" />
      </edge>
      <edge toID="1.53" type="nsubj">
        <attributes />
        <category tag="nsubj" />
      </edge>
      <edge toID="1.55" type="dobj">
        <attributes />
        <category tag="dobj" />
      </edge>
      <edge toID="1.57" type="U">
        <attributes />
        <category tag="U" />
      </edge>
    </node>
    <node ID="1.21" type="FN">
      <attributes />
      <edge toID="0.99" type="Terminal">
        <attributes />
        <category tag="Terminal" />
      </edge>
    </node>
    <node ID="1.22" type="FN">
      <attributes />
      <edge toID="0.3" type="Terminal">
        <attributes />
        <category tag="Terminal" />
      </edge>
    </node>
    <node ID="1.23" type="FN">
      <attributes />
      <edge toID="0.5" type="Terminal">
        <attributes />
        <category tag="Terminal" />
      </edge>
    </node>
    <node ID="1.24" type="FN">
      <attributes />
      <edge toID="1.25" type="head">
        <attributes />
        <category tag="head" />
      </edge>
      <edge toID="1.58" type="det">
        <attributes />
        <category tag="det" />
      </edge>
      <edge toID="1.59" type="prep">
        <attributes />
        <category tag="prep" />
      </edge>
    </node>
    <node ID="1.25" type="FN">
      <attributes />
      <edge toID="0.11" type="Terminal">
        <attributes />
        <category tag="Terminal" />
      </edge>
    </node>
    <node ID="1.26" type="FN">
      <attributes />
      <edge toID="0.26" type="Terminal">
        <attributes />
        <category tag="Terminal" />
      </edge>
    </node>
    <node ID="1.27" type="FN">
      <attributes />
      <edge toID="0.27" type="Terminal">
        <attributes />
        <category tag="Terminal" />
      </edge>
    </node>
    <node ID="1.28" type="FN">
      <attributes />
      <edge toID="0.28" type="Terminal">
        <attributes />
        <category tag="Terminal" />
      </edge>
    </node>
    <node ID="1.29" type="FN">
      <attributes />
      <edge toID="0.29" type="Terminal">
        <attributes />
        <category tag="Terminal" />
      </edge>
    </node>
    <node ID="1.30" type="FN">
      <attributes />
      <edge toID="0.30" type="Terminal">
        <attributes />
        <category tag="Terminal" />
      </edge>
    </node>
    <node ID="1.31" type="FN">
      <attributes />
      <edge toID="0.31" type="Terminal">
        <attributes />
        <category tag="Terminal" />
      </edge>
    </node>
    <node ID="1.32" type="FN">
      <attributes />
      <edge toID="1.33" type="head">
        <attributes />
        <category tag="head" />
      </edge>
      <edge toID="1.61" type="advmod">
        <attributes />
        <category tag="advmod" />
      </edge>
      <edge toID="1.62" type="prep">
        <attributes />
        <category tag="prep" />
      </edge>
    </node>
    <node ID="1.33" type="FN">
      <attributes />
      <edge toID="0.34" type="Terminal">
        <attributes />
        <category tag="Terminal" />
      </edge>
    </node>
    <node ID="1.34" type="FN">
      <attributes />
      <edge toID="0.37" type="Terminal">
        <attributes />
        <category tag="Terminal" />
      </edge>
    </node>
    <node ID="1.35" type="FN">
      <attributes />
      <edge toID="1.36" type="head">
        <attributes />
        <category tag="head" />
      </edge>
      <edge toID="1.64" type="prep">
        <attributes />
        <category tag="prep" />
      </edge>
    </node>
    <node ID="1.36" type="FN">
      <attributes />
      <edge toID="0.38" type="Terminal">
        <attributes />
        <category tag="Terminal" />
      </edge>
    </node>
    <node ID="1.37" type="FN">
      <attributes />
      <edge toID="0.42" type="Terminal">
        <attributes />
        <category tag="Terminal" />
      </edge>
    </node>
    <node ID="1.38" type="FN">
      <attributes />
      <edge toID="0.43" type="Terminal">
        <attributes />
        <category tag="Terminal" />
      </edge>
    </node>
    <node ID="1.39" type="FN">
      <attributes />
      <edge toID="1.40" type="head">
        <attributes />
        <category tag="head" />
      </edge>
      <edge toID="1.66" type="prep">
        <attributes />
        <category tag="prep" />
      </edge>
    </node>
    <node ID="1.40" type="FN">
      <attributes />
      <edge toID="0.45" type="Terminal">
        <attributes />
        <category tag="Terminal" />
      </edge>
    </node>
    <node ID="1.41" type="FN">
      <attributes />
      <edge toID="0.60" type="Terminal">
        <attributes />
        <category tag="Terminal" />
      </edge>
    </node>
    <node ID="1.42" type="FN">
      <attributes />
      <edge toID="0.61" type="Terminal">
        <attributes />
        <category tag="Terminal" />
      </edge>
    </node>
    <node ID="1.43" type="FN">
      <attributes />
      <edge toID="0.62" type="Terminal">
        <attributes />
        <category tag="Terminal" />
      </edge>
    </node>
    <node ID="1.44" type="FN">
      <attributes />
      <edge toID="0.63" type="Terminal">
        <attributes />
        <category tag="Terminal" />
      </edge>
    </node>
    <node ID="1.45" type="FN">
      <attributes />
      <edge toID="0.65" type="Terminal">
        <attributes />
        <category tag="Terminal" />
      </edge>
    </node>
    <node ID="1.46" type="FN">
      <attributes />
      <edge toID="1.47" type="head">
        <attributes />
        <category tag="head" />
      </edge>
      <edge toID="1.68" type="neg">
        <attributes />
        <category tag="neg" />
      </edge>
      <edge toID="1.69" type="pobj">
        <attributes />
        <category tag="pobj" />
      </edge>
      <edge toID="1.70" type="U">
        <attributes />
        <category tag="U" />
      </edge>
      <edge toID="1.71" type="prep">
        <attributes />
        <category tag="prep" />
      </edge>
    </node>
    <node ID="1.47" type="FN">
      <attributes />
      <edge toID="0.67" type="Terminal">
        <attributes />
        <category tag="Terminal" />
      </edge>
    </node>
    <node ID="1.48" type="FN">
      <attributes />
      <edge toID="0.81" type="Terminal">
        <attributes />
        <category tag="Terminal" />
      </edge>
    </node>
    <node ID="1.49" type="FN">
      <attributes />
      <edge toID="0.82" type="Terminal">
        <attributes />
        <category tag="Terminal" />
      </edge>
    </node>
    <node ID="1.50" type="FN">
      <attributes />
      <edge toID="1.51" type="head">
        <attributes />
        <category tag="head" />
      </edge>
      <edge toID="1.73" type="nsubj">
        <attributes />
        <category tag="nsubj" />
      </edge>
      <edge toID="1.75" type="dobj">
        <attributes />
        <category tag="dobj" />
      </edge>
    </node>
    <node ID="1.51" type="FN">
      <attributes />
      <edge toID="0.85" type="Terminal">
        <attributes />
        <category tag="Terminal" />
      </edge>
    </node>
    <node ID="1.52" type="FN">
      <attributes />
      <edge toID="0.89" type="Terminal">
        <attributes />
        <category tag="Terminal" />
      </edge>
    </node>
    <node ID="1.53" type="FN">
      <attributes />
      <edge toID="1.54" type="head">
        <attributes />
        <category tag="head" />
      </edge>
      <edge toID="1.77" type="det">
        <attributes />
        <category tag="det" />
      </edge>
      <edge toID="1.78" type="prep">
        <attributes />
        <category tag="prep" />
      </edge>
    </node>
    <node ID="1.54" type="FN">
      <attributes />
      <edge toID="0.91" type="Terminal">
        <attributes />
        <category tag="Terminal" />
      </edge>
    </node>
    <node ID="1.55" type="FN">
      <attributes />
      <edge toID="1.56" type="head">
        <attributes />
        <category tag="head" />
      </edge>
      <edge toID="1.80" type="prep">
        <attributes />
        <category tag="prep" />
      </edge>
    </node>
    <node ID="1.56" type="FN">
      <attributes />
      <edge toID="0.100" type="Terminal">
        <attributes />
        <category tag="Terminal" />
      </edge>
    </node>
    <node ID="1.57" type="FN">
      <attributes />
      <edge toID="0.121" type="Terminal">
        <attributes />
        <category tag="Terminal" />
      </edge>
    </node>
    <node ID="1.58" type="FN">
      <attributes />
      <edge toID="0.10" type="Terminal">
        <attributes />
        <category tag="Terminal" />
      </edge>
    </node>
    <node ID="1.59" type="FN">
      <attributes />
      <edge toID="1.60" type="head">
        <attributes />
        <category tag="head" />
      </edge>
      <edge toID="1.82" type="pobj">
        <attributes />
        <category tag="pobj" />
      </edge>
    </node>
    <node ID="1.60" type="FN">
      <attributes />
      <edge toID="0.12" type="Terminal">
        <attributes />
        <category tag="Terminal" />
      </edge>
    </node>
    <node ID="1.61" type="FN">
      <attributes />
      <edge toID="0.33" type="Terminal">
        <attributes />
        <category tag="Terminal" />
      </edge>
    </node>
    <node ID="1.62" type="FN">
      <attributes />
      <edge toID="1.63" type="head">
        <attributes />
        <category tag="head" />
      </edge>
      <edge toID="1.84" type="pobj">
        <attributes />
        <category tag="pobj" />
      </edge>
    </node>
    <node ID="1.63" type="FN">
      <attributes />
      <edge toID="0.35" type="Terminal">
        <attributes />
        <category tag="Terminal" />
      </edge>
    </node>
    <node ID="1.64" type="FN">
      <attributes />
      <edge toID="1.65" type="head">
        <attributes />
        <category tag="head" />
      </edge>
      <edge toID="1.85" type="pobj">
        <attributes />
        <category tag="pobj" />
      </edge>
    </node>
    <node ID="1.65" type="FN">
      <attributes />
      <edge toID="0.39" type="Terminal">
        <attributes />
        <category tag="Terminal" />
      </edge>
    </node>
    <node ID="1.66" type="FN">
      <attributes />
      <edge toID="1.67" type="head">
        <attributes />
        <category tag="head" />
      </edge>
      <edge toID="1.87" type="pobj">
        <attributes />
        <category tag="pobj" />
      </edge>
    </node>
    <node ID="1.67" type="FN">
      <attributes />
      <edge toID="0.46" type="Terminal">
        <attributes />
        <category tag="Terminal" />
      </edge>
    </node>
    <node ID="1.68" type="FN">
      <attributes />
      <edge toID="0.66" type="Terminal">
        <attributes />
        <category tag="Terminal" />
      </edge>
    </node>
    <node ID="1.69" type="FN">
      <attributes />
      <edge toID="0.68" type="Terminal">
        <attributes />
        <category tag="Terminal" />
      </edge>
    </node>
    <node ID="1.70" type="FN">
      <attributes />
      <edge toID="0.69" type="Terminal">
        <attributes />
        <category tag="Terminal" />
      </edge>
    </node>
    <node ID="1.71" type="FN">
      <attributes />
      <edge toID="1.72" type="head">
        <attributes />
        <category tag="head" />
      </edge>
      <edge toID="1.89" type="pobj">
        <attributes />
        <category tag="pobj" />
      </edge>
    </node>
    <node ID="1.72" type="FN">
      <attributes />
      <edge toID="0.70" type="Terminal">
        <attributes />
        <category tag="Terminal" />
      </edge>
    </node>
    <node ID="1.73" type="FN">
      <attributes />
      <edge toID="1.74" type="head">
        <attributes />
        <category tag="head" />
      </edge>
      <edge toID="1.91" type="det">
        <attributes />
        <category tag="det" />
      </edge>
    </node>
    <node ID="1.74" type="FN">
      <attributes />
      <edge toID="0.84" type="Terminal">
        <attributes />
        <category tag="Terminal" />
      </edge>
    </node>
    <node ID="1.75" type="FN">
      <attributes />
      <edge toID="1.76" type="head">
        <attributes />
        <category tag="head" />
      </edge>
      <edge toID="1.92" type="det">
        <attributes />
        <category tag="det" />
      </edge>
      <edge toID="1.93" type="nn">
        <attributes />
        <category tag="nn" />
      </edge>
    </node>
    <node ID="1.76" type="FN">
      <attributes />
      <edge toID="0.88" type="Terminal">
        <attributes />
        <category tag="Terminal" />
      </edge>
    </node>
    <node ID="1.77" type="FN">
      <attributes />
      <edge toID="0.90" type="Terminal">
        <attributes />
        <category tag="Terminal" />
      </edge>
    </node>
    <node ID="1.78" type="FN">
      <attributes />
      <edge toID="1.79" type="head">
        <attributes />
        <category tag="head" />
      </edge>
      <edge toID="1.94" type="pobj">
        <attributes />
        <category tag="pobj" />
      </edge>
    </node>
    <node ID="1.79" type="FN">
      <attributes />
      <edge toID="0.92" type="Terminal">
        <attributes />
        <category tag="Terminal" />
      </edge>
    </node>
    <node ID="1.80" type="FN">
      <attributes />
      <edge toID="1.81" type="head">
        <attributes />
        <category tag="head" />
      </edge>
      <edge toID="1.96" type="pobj">
        <attributes />
        <category tag="pobj" />
      </edge>
      <edge toID="1.98" type="prep">
        <attributes />
        <category tag="prep" />
      </edge>
    </node>
    <node ID="1.81" type="FN">
      <attributes />
      <edge toID="0.101" type="Terminal">
        <attributes />
        <category tag="Terminal" />
      </edge>
    </node>
    <node ID="1.82" type="FN">
      <attributes />
      <edge toID="1.83" type="head">
        <attributes />
        <category tag="head" />
      </edge>
      <edge toID="1.100" type="nn">
        <attributes />
        <category tag="nn" />
      </edge>
      <edge toID="1.101" type="U">
        <attributes />
        <category tag="U" />
      </edge>
      <edge toID="1.102" type="cc">
        <attributes />
        <category tag="cc" />
      </edge>
      <edge toID="1.103" type="conj">
        <attributes />
        <category tag="conj" />
      </edge>
      <edge toID="1.104" type="U">
        <attributes />
        <category tag="U" />
      </edge>
      <edge toID="1.105" type="dep">
        <attributes />
        <category tag="dep" />
      </edge>
    </node>
    <node ID="1.83" type="FN">
      <attributes />
      <edge toID="0.14" type="Terminal">
        <attributes />
        <category tag="Terminal" />
      </edge>
    </node>
    <node ID="1.84" type="FN">
      <attributes />
      <edge toID="0.36" type="Terminal">
        <attributes />
        <category tag="Terminal" />
      </edge>
    </node>
    <node ID="1.85" type="FN">
      <attributes />
      <edge toID="1.86" type="head">
        <attributes />
        <category tag="head" />
      </edge>
      <edge toID="1.107" type="det">
        <attributes />
        <category tag="det" />
      </edge>
    </node>
    <node ID="1.86" type="FN">
      <attributes />
      <edge toID="0.41" type="Terminal">
        <attributes />
        <category tag="Terminal" />
      </edge>
    </node>
    <node ID="1.87" type="FN">
      <attributes />
      <edge toID="1.88" type="head">
        <attributes />
        <category tag="head" />
      </edge>
      <edge toID="1.108" type="det">
        <attributes />
        <category tag="det" />
      </edge>
      <edge toID="1.109" type="prep">
        <attributes />
        <category tag="prep" />
      </edge>
    </node>
    <node ID="1.88" type="FN">
      <attributes />
      <edge toID="0.48" type="Terminal">
        <attributes />
        <category tag="Terminal" />
      </edge>
    </node>
    <node ID="1.89" type="FN">
      <attributes />
      <edge toID="1.90" type="head">
        <attributes />
        <category tag="head" />
      </edge>
      <edge toID="1.111" type="det">
        <attributes />
        <category tag="det" />
      </edge>
      <edge toID="1.112" type="prep">
        <attributes />
        <category tag="prep" />
      </edge>
    </node>
    <node ID="1.90" type="FN">
      <attributes />
      <edge toID="0.72" type="Terminal">
        <attributes />
        <category tag="Terminal" />
      </edge>
    </node>
    <node ID="1.91" type="FN">
      <attributes />
      <edge toID="0.83" type="Terminal">
        <attributes />
        <category tag="Terminal" />
      </edge>
    </node>
    <node ID="1.92" type="FN">
      <attributes />
      <edge toID="0.86" type="Terminal">
        <attributes />
        <category tag="Terminal" />
      </edge>
    </node>
    <node ID="1.93" type="FN">
      <attributes />
      <edge toID="0.87" type="Terminal">
        <attributes />
        <category tag="Terminal" />
      </edge>
    </node>
    <node ID="1.94" type="FN">
      <attributes />
      <edge toID="1.95" type="head">
        <attributes />
        <category tag="head" />
      </edge>
      <edge toID="1.114" type="det">
        <attributes />
        <category tag="det" />
      </edge>
      <edge toID="1.115" type="prep">
        <attributes />
        <category tag="prep" />
      </edge>
      <edge toID="1.117" type="prep">
        <attributes />
        <category tag="prep" />
      </edge>
    </node>
    <node ID="1.95" type="FN">
      <attributes />
      <edge toID="0.94" type="Terminal">
        <attributes />
        <category tag="Terminal" />
      </edge>
    </node>
    <node ID="1.96" type="FN">
      <attributes />
      <edge toID="1.97" type="head">
        <attributes />
        <category tag="head" />
      </edge>
      <edge toID="1.119" type="det">
        <attributes />
        <category tag="det" />
      </edge>
    </node>
    <node ID="1.97" type="FN">
      <attributes />
      <edge toID="0.103" type="Terminal">
        <attributes />
        <category tag="Terminal" />
      </edge>
    </node>
    <node ID="1.98" type="FN">
      <attributes />
      <edge toID="1.99" type="head">
        <attributes />
        <category tag="head" />
      </edge>
      <edge toID="1.120" type="pobj">
        <attributes />
        <category tag="pobj" />
      </edge>
    </node>
    <node ID="1.99" type="FN">
      <attributes />
      <edge toID="0.104" type="Terminal">
        <attributes />
        <category tag="Terminal" />
      </edge>
    </node>
    <node ID="1.100" type="FN">
      <attributes />
      <edge toID="0.13" type="Terminal">
        <attributes />
        <category tag="Terminal" />
      </edge>
    </node>
    <node ID="1.101" type="FN">
      <attributes />
      <edge toID="0.15" type="Terminal">
        <attributes />
        <category tag="Terminal" />
      </edge>
    </node>
    <node ID="1.102" type="FN">
      <attributes />
      <edge toID="0.16" type="Terminal">
        <attributes />
        <category tag="Terminal" />
      </edge>
    </node>
    <node ID="1.103" type="FN">
      <attributes />
      <edge toID="0.17" type="Terminal">
        <attributes />
        <category tag="Terminal" />
      </edge>
    </node>
    <node ID="1.104" type="FN">
      <attributes />
      <edge toID="0.18" type="Terminal">
        <attributes />
        <category tag="Terminal" />
      </edge>
    </node>
    <node ID="1.105" type="FN">
      <attributes />
      <edge toID="1.106" type="head">
        <attributes />
        <category tag="head" />
      </edge>
      <edge toID="1.122" type="mark">
        <attributes />
        <category tag="mark" />
      </edge>
      <edge toID="1.123" type="nsubj">
        <attributes />
        <category tag="nsubj" />
      </edge>
      <edge toID="1.125" type="aux">
        <attributes />
        <category tag="aux" />
      </edge>
      <edge toID="1.126" type="dobj">
        <attributes />
        <category tag="dobj" />
      </edge>
    </node>
    <node ID="1.106" type="FN">
      <attributes />
      <edge toID="0.23" type="Terminal">
        <attributes />
        <category tag="Terminal" />
      </edge>
    </node>
    <node ID="1.107" type="FN">
      <attributes />
      <edge toID="0.40" type="Terminal">
        <attributes />
        <category tag="Terminal" />
      </edge>
    </node>
    <node ID="1.108" type="FN">
      <attributes />
      <edge toID="0.47" type="Terminal">
        <attributes />
        <category tag="Terminal" />
      </edge>
    </node>
    <node ID="1.109" type="FN">
      <attributes />
      <edge toID="1.110" type="head">
        <attributes />
        <category tag="head" />
      </edge>
      <edge toID="1.127" type="pobj">
        <attributes />
        <category tag="pobj" />
      </edge>
    </node>
    <node ID="1.110" type="FN">
      <attributes />
      <edge toID="0.49" type="Terminal">
        <attributes />
        <category tag="Terminal" />
      </edge>
    </node>
    <node ID="1.111" type="FN">
      <attributes />
      <edge toID="0.71" type="Terminal">
        <attributes />
        <category tag="Terminal" />
      </edge>
    </node>
    <node ID="1.112" type="FN">
      <attributes />
      <edge toID="1.113" type="head">
        <attributes />
        <category tag="head" />
      </edge>
      <edge toID="1.129" type="pobj">
        <attributes />
        <category tag="pobj" />
      </edge>
    </node>
    <node ID="1.113" type="FN">
      <attributes />
      <edge toID="0.73" type="Terminal">
        <attributes />
        <category tag="Terminal" />
      </edge>
    </node>
    <node ID="1.114" type="FN">
      <attributes />
      <edge toID="0.93" type="Terminal">
        <attributes />
        <category tag="Terminal" />
      </edge>
    </node>
    <node ID="1.115" type="FN">
      <attributes />
      <edge toID="1.116" type="head">
        <attributes />
        <category tag="head" />
      </edge>
      <edge toID="1.131" type="pobj">
        <attributes />
        <category tag="pobj" />
      </edge>
    </node>
    <node ID="1.116" type="FN">
      <attributes />
      <edge toID="0.95" type="Terminal">
        <attributes />
        <category tag="Terminal" />
      </edge>
    </node>
    <node ID="1.117" type="FN">
      <attributes />
      <edge toID="1.118" type="head">
        <attributes />
        <category tag="head" />
      </edge>
      <edge toID="1.132" type="pobj">
        <attributes />
        <category tag="pobj" />
      </edge>
    </node>
    <node ID="1.118" type="FN">
      <attributes />
      <edge toID="0.97" type="Terminal">
        <attributes />
        <category tag="Terminal" />
      </edge>
    </node>
    <node ID="1.119" type="FN">
      <attributes />
      <edge toID="0.102" type="Terminal">
        <attributes />
        <category tag="Terminal" />
      </edge>
    </node>
    <node ID="1.120" type="FN">
      <attributes />
      <edge toID="1.121" type="head">
        <attributes />
        <category tag="head" />
      </edge>
      <edge toID="1.133" type="det">
        <attributes />
        <category tag="det" />
      </edge>
      <edge toID="1.134" type="prep">
        <attributes />
        <category tag="prep" />
      </edge>
      <edge toID="1.136" type="cc">
        <attributes />
        <category tag="cc" />
      </edge>
      <edge toID="1.137" type="conj">
        <attributes />
        <category tag="conj" />
      </edge>
    </node>
    <node ID="1.121" type="FN">
      <attributes />
      <edge toID="0.106" type="Terminal">
        <attributes />
        <category tag="Terminal" />
      </edge>
    </node>
    <node ID="1.122" type="FN">
      <attributes />
      <edge toID="0.19" type="Terminal">
        <attributes />
        <category tag="Terminal" />
      </edge>
    </node>
    <node ID="1.123" type="FN">
      <attributes />
      <edge toID="1.124" type="head">
        <attributes />
        <category tag="head" />
      </edge>
      <edge toID="1.139" type="amod">
        <attributes />
        <category tag="amod" />
      </edge>
    </node>
    <node ID="1.124" type="FN">
      <attributes />
      <edge toID="0.21" type="Terminal">
        <attributes />
        <category tag="Terminal" />
      </edge>
    </node>
    <node ID="1.125" type="FN">
      <attributes />
      <edge toID="0.22" type="Terminal">
        <attributes />
        <category tag="Terminal" />
      </edge>
    </node>
    <node ID="1.126" type="FN">
      <attributes />
      <edge toID="0.24" type="Terminal">
        <attributes />
        <category tag="Terminal" />
      </edge>
    </node>
    <node ID="1.127" type="FN">
      <attributes />
      <edge toID="1.128" type="head">
        <attributes />
        <category tag="head" />
      </edge>
      <edge toID="1.140" type="nn">
        <attributes />
        <category tag="nn" />
      </edge>
      <edge toID="1.141" type="U">
        <attributes />
        <category tag="U" />
      </edge>
      <edge toID="1.142" type="rcmod">
        <attributes />
        <category tag="rcmod" />
      </edge>
    </node>
    <node ID="1.128" type="FN">
      <attributes />
      <edge toID="0.51" type="Terminal">
        <attributes />
        <category tag="Terminal" />
      </edge>
    </node>
    <node ID="1.129" type="FN">
      <attributes />
      <edge toID="1.130" type="head">
        <attributes />
        <category tag="head" />
      </edge>
      <edge toID="1.144" type="rcmod">
        <attributes />
        <category tag="rcmod" />
      </edge>
    </node>
    <node ID="1.130" type="FN">
      <attributes />
      <edge toID="0.74" type="Terminal">
        <attributes />
        <category tag="Terminal" />
      </edge>
    </node>
    <node ID="1.131" type="FN">
      <attributes />
      <edge toID="0.96" type="Terminal">
        <attributes />
        <category tag="Terminal" />
      </edge>
    </node>
    <node ID="1.132" type="FN">
      <attributes />
      <edge toID="0.98" type="Terminal">
        <attributes />
        <category tag="Terminal" />
      </edge>
    </node>
    <node ID="1.133" type="FN">
      <attributes />
      <edge toID="0.105" type="Terminal">
        <attributes />
        <category tag="Terminal" />
      </edge>
    </node>
    <node ID="1.134" type="FN">
      <attributes />
      <edge toID="1.135" type="head">
        <attributes />
        <category tag="head" />
      </edge>
      <edge toID="1.146" type="pobj">
        <attributes />
        <category tag="pobj" />
      </edge>
    </node>
    <node ID="1.135" type="FN">
      <attributes />
      <edge toID="0.107" type="Terminal">
        <attributes />
        <category tag="Terminal" />
      </edge>
    </node>
    <node ID="1.136" type="FN">
      <attributes />
      <edge toID="0.110" type="Terminal">
        <attributes />
        <category tag="Terminal" />
      </edge>
    </node>
    <node ID="1.137" type="FN">
      <attributes />
      <edge toID="1.138" type="head">
        <attributes />
        <category tag="head" />
      </edge>
      <edge toID="1.148" type="det">
        <attributes />
        <category tag="det" />
      </edge>
      <edge toID="1.149" type="prep">
        <attributes />
        <category tag="prep" />
      </edge>
      <edge toID="1.151" type="prep">
        <attributes />
        <category tag="prep" />
      </edge>
    </node>
    <node ID="1.138" type="FN">
      <attributes />
      <edge toID="0.112" type="Terminal">
        <attributes />
        <category tag="Terminal" />
      </edge>
    </node>
    <node ID="1.139" type="FN">
      <attributes />
      <edge toID="0.20" type="Terminal">
        <attributes />
        <category tag="Terminal" />
      </edge>
    </node>
    <node ID="1.140" type="FN">
      <attributes />
      <edge toID="0.50" type="Terminal">
        <attributes />
        <category tag="Terminal" />
      </edge>
    </node>
    <node ID="1.141" type="FN">
      <attributes />
      <edge toID="0.52" type="Terminal">
        <attributes />
        <category tag="Terminal" />
      </edge>
    </node>
    <node ID="1.142" type="FN">
      <attributes />
      <edge toID="1.143" type="head">
        <attributes />
        <category tag="head" />
      </edge>
      <edge toID="1.153" type="dobj">
        <attributes />
        <category tag="dobj" />
      </edge>
      <edge toID="1.154" type="nsubj">
        <attributes />
        <category tag="nsubj" />
      </edge>
      <edge toID="1.156" type="prep">
        <attributes />
        <category tag="prep" />
      </edge>
    </node>
    <node ID="1.143" type="FN">
      <attributes />
      <edge toID="0.56" type="Terminal">
        <attributes />
        <category tag="Terminal" />
      </edge>
    </node>
    <node ID="1.144" type="FN">
      <attributes />
      <edge toID="1.145" type="head">
        <attributes />
        <category tag="head" />
      </edge>
      <edge toID="1.158" type="dobj">
        <attributes />
        <category tag="dobj" />
      </edge>
      <edge toID="1.159" type="nsubj">
        <attributes />
        <category tag="nsubj" />
      </edge>
      <edge toID="1.160" type="aux">
        <attributes />
        <category tag="aux" />
      </edge>
      <edge toID="1.161" type="advmod">
        <attributes />
        <category tag="advmod" />
      </edge>
      <edge toID="1.162" type="dep">
        <attributes />
        <category tag="dep" />
      </edge>
    </node>
    <node ID="1.145" type="FN">
      <attributes />
      <edge toID="0.78" type="Terminal">
        <attributes />
        <category tag="Terminal" />
      </edge>
    </node>
    <node ID="1.146" type="FN">
      <attributes />
      <edge toID="1.147" type="head">
        <attributes />
        <category tag="head" />
      </edge>
      <edge toID="1.163" type="num">
        <attributes />
        <category tag="num" />
      </edge>
    </node>
    <node ID="1.147" type="FN">
      <attributes />
      <edge toID="0.109" type="Terminal">
        <attributes />
        <category tag="Terminal" />
      </edge>
    </node>
    <node ID="1.148" type="FN">
      <attributes />
      <edge toID="0.111" type="Terminal">
        <attributes />
        <category tag="Terminal" />
      </edge>
    </node>
    <node ID="1.149" type="FN">
      <attributes />
      <edge toID="1.150" type="head">
        <attributes />
        <category tag="head" />
      </edge>
      <edge toID="1.164" type="pobj">
        <attributes />
        <category tag="pobj" />
      </edge>
    </node>
    <node ID="1.150" type="FN">
      <attributes />
      <edge toID="0.113" type="Terminal">
        <attributes />
        <category tag="Terminal" />
      </edge>
    </node>
    <node ID="1.151" type="FN">
      <attributes />
      <edge toID="1.152" type="head">
        <attributes />
        <category tag="head" />
      </edge>
      <edge toID="1.166" type="pobj">
        <attributes />
        <category tag="pobj" />
      </edge>
    </node>
    <node ID="1.152" type="FN">
      <attributes />
      <edge toID="0.116" type="Terminal">
        <attributes />
        <category tag="Terminal" />
      </edge>
    </node>
    <node ID="1.153" type="FN">
      <attributes />
      <edge toID="0.53" type="Terminal">
        <attributes />
        <category tag="Terminal" />
      </edge>
    </node>
    <node ID="1.154" type="FN">
      <attributes />
      <edge toID="1.155" type="head">
        <attributes />
        <category tag="head" />
      </edge>
      <edge toID="1.168" type="det">
        <attributes />
        <category tag="det" />
      </edge>
    </node>
    <node ID="1.155" type="FN">
      <attributes />
      <edge toID="0.55" type="Terminal">
        <attributes />
        <category tag="Terminal" />
      </edge>
    </node>
    <node ID="1.156" type="FN">
      <attributes />
      <edge toID="1.157" type="head">
        <attributes />
        <category tag="head" />
      </edge>
      <edge toID="1.169" type="pobj">
        <attributes />
        <category tag="pobj" />
      </edge>
    </node>
    <node ID="1.157" type="FN">
      <attributes />
      <edge toID="0.57" type="Terminal">
        <attributes />
        <category tag="Terminal" />
      </edge>
    </node>
    <node ID="1.158" type="FN">
      <attributes />
      <edge toID="0.75" type="Terminal">
        <attributes />
        <category tag="Terminal" />
      </edge>
    </node>
    <node ID="1.159" type="FN">
      <attributes />
      <edge toID="0.76" type="Terminal">
        <attributes />
        <category tag="Terminal" />
      </edge>
    </node>
    <node ID="1.160" type="FN">
      <attributes />
      <edge toID="0.77" type="Terminal">
        <attributes />
        <category tag="Terminal" />
      </edge>
    </node>
    <node ID="1.161" type="FN">
      <attributes />
      <edge toID="0.79" type="Terminal">
        <attributes />
        <category tag="Terminal" />
      </edge>
    </node>
    <node ID="1.162" type="FN">
      <attributes />
      <edge toID="0.80" type="Terminal">
        <attributes />
        <category tag="Terminal" />
      </edge>
    </node>
    <node ID="1.163" type="FN">
      <attributes />
      <edge toID="0.108" type="Terminal">
        <attributes />
        <category tag="Terminal" />
      </edge>
    </node>
    <node ID="1.164" type="FN">
      <attributes />
      <edge toID="1.165" type="head">
        <attributes />
        <category tag="head" />
      </edge>
      <edge toID="1.171" type="poss">
        <attributes />
        <category tag="poss" />
      </edge>
    </node>
    <node ID="1.165" type="FN">
      <attributes />
      <edge toID="0.115" type="Terminal">
        <attributes />
        <category tag="Terminal" />
      </edge>
    </node>
    <node ID="1.166" type="FN">
      <attributes />
      <edge toID="1.167" type="head">
        <attributes />
        <category tag="head" />
      </edge>
      <edge toID="1.172" type="num">
        <attributes />
        <category tag="num" />
      </edge>
      <edge toID="1.173" type="amod">
        <attributes />
        <category tag="amod" />
      </edge>
      <edge toID="1.174" type="amod">
        <attributes />
        <category tag="amod" />
      </edge>
    </node>
    <node ID="1.167" type="FN">
      <attributes />
      <edge toID="0.120" type="Terminal">
        <attributes />
        <category tag="Terminal" />
      </edge>
    </node>
    <node ID="1.168" type="FN">
      <attributes />
      <edge toID="0.54" type="Terminal">
        <attributes />
        <category tag="Terminal" />
      </edge>
    </node>
    <node ID="1.169" type="FN">
      <attributes />
      <edge toID="1.170" type="head">
        <attributes />
        <category tag="head" />
      </edge>
      <edge toID="1.175" type="amod">
        <attributes />
        <category tag="amod" />
      </edge>
    </node>
    <node ID="1.170" type="FN">
      <attributes />
      <edge toID="0.59" type="Terminal">
        <attributes />
        <category tag="Terminal" />
      </edge>
    </node>
    <node ID="1.171" type="FN">
      <attributes />
      <edge toID="0.114" type="Terminal">
        <attributes />
        <category tag="Terminal" />
      </edge>
    </node>
    <node ID="1.172" type="FN">
      <attributes />
      <edge toID="0.117" type="Terminal">
        <attributes />
        <category tag="Terminal" />
      </edge>
    </node>
    <node ID="1.173" type="FN">
      <attributes />
      <edge toID="0.118" type="Terminal">
        <attributes />
        <category tag="Terminal" />
      </edge>
    </node>
    <node ID="1.174" type="FN">
      <attributes />
      <edge toID="0.119" type="Terminal">
        <attributes />
        <category tag="Terminal" />
      </edge>
    </node>
    <node ID="1.175" type="FN">
      <attributes />
      <edge toID="0.58" type="Terminal">
        <attributes />
        <category tag="Terminal" />
      </edge>
    </node>
  </layer>
</root>
