<root annotationID="0" passageID="310000">
  <attributes />
  <extra format="conllu" />
  <layer layerID="0">
    <attributes />
    <node ID="0.1" type="Word">
      <attributes paragraph="1" paragraph_position="1" text="My" />
      <extra enhanced="_" features="_" frame="_" lemma="_" pos="PRP$" tag="PRP$" />
    </node>
    <node ID="0.2" type="Word">
      <attributes paragraph="1" paragraph_position="2" text="article" />
      <extra enhanced="_" features="_" frame="_" lemma="_" pos="NN" tag="NN" />
    </node>
    <node ID="0.3" type="Word">
      <attributes paragraph="1" paragraph_position="3" text="was" />
      <extra enhanced="_" features="_" frame="_" lemma="_" pos="VBD" tag="VBD" />
    </node>
    <node ID="0.4" type="Word">
      <attributes paragraph="1" paragraph_position="4" text="hotly" />
      <extra enhanced="_" features="_" frame="_" lemma="_" pos="RB" tag="RB" />
    </node>
    <node ID="0.5" type="Word">
      <attributes paragraph="1" paragraph_position="5" text="debated" />
      <extra enhanced="_" features="_" frame="_" lemma="_" pos="VBN" tag="VBN" />
    </node>
    <node ID="0.6" type="Word">
      <attributes paragraph="1" paragraph_position="6" text="," />
      <extra enhanced="_" features="_" frame="_" lemma="_" pos="," tag="," />
    </node>
    <node ID="0.7" type="Word">
      <attributes paragraph="1" paragraph_position="7" text="causing" />
      <extra enhanced="_" features="_" frame="_" lemma="_" pos="VBG" tag="VBG" />
    </node>
    <node ID="0.8" type="Word">
      <attributes paragraph="1" paragraph_position="8" text="a" />
      <extra enhanced="_" features="_" frame="_" lemma="_" pos="DT" tag="DT" />
    </node>
    <node ID="0.9" type="Word">
      <attributes paragraph="1" paragraph_position="9" text="fine" />
      <extra enhanced="_" features="_" frame="_" lemma="_" pos="JJ" tag="JJ" />
    </node>
    <node ID="0.10" type="Word">
      <attributes paragraph="1" paragraph_position="10" text="old" />
      <extra enhanced="_" features="_" frame="_" lemma="_" pos="JJ" tag="JJ" />
    </node>
    <node ID="0.11" type="Word">
      <attributes paragraph="1" paragraph_position="11" text="uproar" />
      <extra enhanced="_" features="_" frame="_" lemma="_" pos="NN" tag="NN" />
    </node>
    <node ID="0.12" type="Word">
      <attributes paragraph="1" paragraph_position="12" text="." />
      <extra enhanced="_" features="_" frame="_" lemma="_" pos="." tag="." />
    </node>
  </layer>
  <layer layerID="1">
    <attributes />
    <node ID="1.1" type="FN">
      <attributes />
      <edge toID="1.2" type="head">
        <attributes />
        <category tag="head" />
      </edge>
    </node>
    <node ID="1.2" type="FN">
      <attributes />
      <edge toID="1.3" type="head">
        <attributes />
        <category tag="head" />
      </edge>
      <edge toID="1.4" type="nsubj">
        <attributes />
        <category tag="nsubj" />
      </edge>
      <edge toID="1.6" type="advmod">
        <attributes />
        <category tag="advmod" />
      </edge>
      <edge toID="1.7" type="dep">
        <attributes />
        <category tag="dep" />
      </edge>
      <edge toID="1.8" type="U">
        <attributes />
        <category tag="U" />
      </edge>
      <edge toID="1.9" type="xcomp">
        <attributes />
        <category tag="xcomp" />
      </edge>
      <edge toID="1.11" type="U">
        <attributes />
        <category tag="U" />
      </edge>
    </node>
    <node ID="1.3" type="FN">
      <attributes />
      <edge toID="0.3" type="Terminal">
        <attributes />
        <category tag="Terminal" />
      </edge>
    </node>
    <node ID="1.4" type="FN">
      <attributes />
      <edge toID="1.5" type="head">
        <attributes />
        <category tag="head" />
      </edge>
      <edge toID="1.12" type="poss">
        <attributes />
        <category tag="poss" />
      </edge>
    </node>
    <node ID="1.5" type="FN">
      <attributes />
      <edge toID="0.2" type="Terminal">
        <attributes />
        <category tag="Terminal" />
      </edge>
    </node>
    <node ID="1.6" type="FN">
      <attributes />
      <edge toID="0.4" type="Terminal">
        <attributes />
        <category tag="Terminal" />
      </edge>
    </node>
    <node ID="1.7" type="FN">
      <attributes />
      <edge toID="0.5" type="Terminal">
        <attributes />
        <category tag="Terminal" />
      </edge>
    </node>
    <node ID="1.8" type="FN">
      <attributes />
      <edge toID="0.6" type="Terminal">
        <attributes />
        <category tag="Terminal" />
      </edge>
    </node>
    <node ID="1.9" type="FN">
      <attributes />
      <edge toID="1.10" type="head">
        <attributes />
        <category tag="head" />
      </edge>
      <edge toID="1.13" type="dobj">
        <attributes />
        <category tag="dobj" />
      </edge>
    </node>
    <node ID="1.10" type="FN">
      <attributes />
      <edge toID="0.7" type="Terminal">
        <attributes />
        <category tag="Terminal" />
      </edge>
    </node>
    <node ID="1.11" type="FN">
      <attributes />
      <edge toID="0.12" type="Terminal">
        <attributes />
        <category tag="Terminal" />
      </edge>
    </node>
    <node ID="1.12" type="FN">
      <attributes />
      <edge toID="0.1" type="Terminal">
        <attributes />
        <category tag="Terminal" />
      </edge>
    </node>
    <node ID="1.13" type="FN">
      <attributes />
      <edge toID="1.14" type="head">
        <attributes />
        <category tag="head" />
      </edge>
      <edge toID="1.15" type="det">
        <attributes />
        <category tag="det" />
      </edge>
      <edge toID="1.16" type="amod">
        <attributes />
        <category tag="amod" />
      </edge>
      <edge toID="1.17" type="amod">
        <attributes />
        <category tag="amod" />
      </edge>
    </node>
    <node ID="1.14" type="FN">
      <attributes />
      <edge toID="0.11" type="Terminal">
        <attributes />
        <category tag="Terminal" />
      </edge>
    </node>
    <node ID="1.15" type="FN">
      <attributes />
      <edge toID="0.8" type="Terminal">
        <attributes />
        <category tag="Terminal" />
      </edge>
    </node>
    <node ID="1.16" type="FN">
      <attributes />
      <edge toID="0.9" type="Terminal">
        <attributes />
        <category tag="Terminal" />
      </edge>
    </node>
    <node ID="1.17" type="FN">
      <attributes />
      <edge toID="0.10" type="Terminal">
        <attributes />
        <category tag="Terminal" />
      </edge>
    </node>
  </layer>
</root>
