<root annotationID="0" passageID="37000">
  <attributes />
  <extra format="conllu" />
  <layer layerID="0">
    <attributes />
    <node ID="0.1" type="Word">
      <attributes paragraph="1" paragraph_position="1" text="In" />
      <extra enhanced="_" features="_" frame="_" lemma="_" pos="IN" tag="IN" />
    </node>
    <node ID="0.2" type="Word">
      <attributes paragraph="1" paragraph_position="2" text="essence" />
      <extra enhanced="_" features="_" frame="_" lemma="_" pos="NN" tag="NN" />
    </node>
    <node ID="0.3" type="Word">
      <attributes paragraph="1" paragraph_position="3" text="," />
      <extra enhanced="_" features="_" frame="_" lemma="_" pos="," tag="," />
    </node>
    <node ID="0.4" type="Word">
      <attributes paragraph="1" paragraph_position="4" text="over" />
      <extra enhanced="_" features="_" frame="_" lemma="_" pos="IN" tag="IN" />
    </node>
    <node ID="0.5" type="Word">
      <attributes paragraph="1" paragraph_position="5" text="a" />
      <extra enhanced="_" features="_" frame="_" lemma="_" pos="DT" tag="DT" />
    </node>
    <node ID="0.6" type="Word">
      <attributes paragraph="1" paragraph_position="6" text="period" />
      <extra enhanced="_" features="_" frame="_" lemma="_" pos="NN" tag="NN" />
    </node>
    <node ID="0.7" type="Word">
      <attributes paragraph="1" paragraph_position="7" text="of" />
      <extra enhanced="_" features="_" frame="_" lemma="_" pos="IN" tag="IN" />
    </node>
    <node ID="0.8" type="Word">
      <attributes paragraph="1" paragraph_position="8" text="time" />
      <extra enhanced="_" features="_" frame="_" lemma="_" pos="NN" tag="NN" />
    </node>
    <node ID="0.9" type="Word">
      <attributes paragraph="1" paragraph_position="9" text="several" />
      <extra enhanced="_" features="_" frame="_" lemma="_" pos="JJ" tag="JJ" />
    </node>
    <node ID="0.10" type="Word">
      <attributes paragraph="1" paragraph_position="10" text="ships" />
      <extra enhanced="_" features="_" frame="_" lemma="_" pos="NNS" tag="NNS" />
    </node>
    <node ID="0.11" type="Word">
      <attributes paragraph="1" paragraph_position="11" text="had" />
      <extra enhanced="_" features="_" frame="_" lemma="_" pos="VBD" tag="VBD" />
    </node>
    <node ID="0.12" type="Word">
      <attributes paragraph="1" paragraph_position="12" text="encountered" />
      <extra enhanced="_" features="_" frame="_" lemma="_" pos="VBN" tag="VBN" />
    </node>
    <node ID="0.13" type="Word">
      <attributes paragraph="1" paragraph_position="13" text="&quot;" />
      <extra enhanced="_" features="_" frame="_" lemma="_" pos="``" tag="``" />
    </node>
    <node ID="0.14" type="Word">
      <attributes paragraph="1" paragraph_position="14" text="an" />
      <extra enhanced="_" features="_" frame="_" lemma="_" pos="DT" tag="DT" />
    </node>
    <node ID="0.15" type="Word">
      <attributes paragraph="1" paragraph_position="15" text="enormous" />
      <extra enhanced="_" features="_" frame="_" lemma="_" pos="JJ" tag="JJ" />
    </node>
    <node ID="0.16" type="Word">
      <attributes paragraph="1" paragraph_position="16" text="thing" />
      <extra enhanced="_" features="_" frame="_" lemma="_" pos="NN" tag="NN" />
    </node>
    <node ID="0.17" type="Word">
      <attributes paragraph="1" paragraph_position="17" text="&quot;" />
      <extra enhanced="_" features="_" frame="_" lemma="_" pos="''" tag="''" />
    </node>
    <node ID="0.18" type="Word">
      <attributes paragraph="1" paragraph_position="18" text="at" />
      <extra enhanced="_" features="_" frame="_" lemma="_" pos="IN" tag="IN" />
    </node>
    <node ID="0.19" type="Word">
      <attributes paragraph="1" paragraph_position="19" text="sea" />
      <extra enhanced="_" features="_" frame="_" lemma="_" pos="NN" tag="NN" />
    </node>
    <node ID="0.20" type="Word">
      <attributes paragraph="1" paragraph_position="20" text="," />
      <extra enhanced="_" features="_" frame="_" lemma="_" pos="," tag="," />
    </node>
    <node ID="0.21" type="Word">
      <attributes paragraph="1" paragraph_position="21" text="a" />
      <extra enhanced="_" features="_" frame="_" lemma="_" pos="DT" tag="DT" />
    </node>
    <node ID="0.22" type="Word">
      <attributes paragraph="1" paragraph_position="22" text="long" />
      <extra enhanced="_" features="_" frame="_" lemma="_" pos="JJ" tag="JJ" />
    </node>
    <node ID="0.23" type="Word">
      <attributes paragraph="1" paragraph_position="23" text="spindle" />
      <extra enhanced="_" features="_" frame="_" lemma="_" pos="NN" tag="NN" />
    </node>
    <node ID="0.24" type="Word">
      <attributes paragraph="1" paragraph_position="24" text="-" />
      <extra enhanced="_" features="_" frame="_" lemma="_" pos=":" tag=":" />
    </node>
    <node ID="0.25" type="Word">
      <attributes paragraph="1" paragraph_position="25" text="shaped" />
      <extra enhanced="_" features="_" frame="_" lemma="_" pos="JJ" tag="JJ" />
    </node>
    <node ID="0.26" type="Word">
      <attributes paragraph="1" paragraph_position="26" text="object" />
      <extra enhanced="_" features="_" frame="_" lemma="_" pos="NN" tag="NN" />
    </node>
    <node ID="0.27" type="Word">
      <attributes paragraph="1" paragraph_position="27" text="," />
      <extra enhanced="_" features="_" frame="_" lemma="_" pos="," tag="," />
    </node>
    <node ID="0.28" type="Word">
      <attributes paragraph="1" paragraph_position="28" text="sometimes" />
      <extra enhanced="_" features="_" frame="_" lemma="_" pos="RB" tag="RB" />
    </node>
    <node ID="0.29" type="Word">
      <attributes paragraph="1" paragraph_position="29" text="giving" />
      <extra enhanced="_" features="_" frame="_" lemma="_" pos="VBG" tag="VBG" />
    </node>
    <node ID="0.30" type="Word">
      <attributes paragraph="1" paragraph_position="30" text="off" />
      <extra enhanced="_" features="_" frame="_" lemma="_" pos="RP" tag="RP" />
    </node>
    <node ID="0.31" type="Word">
      <attributes paragraph="1" paragraph_position="31" text="a" />
      <extra enhanced="_" features="_" frame="_" lemma="_" pos="DT" tag="DT" />
    </node>
    <node ID="0.32" type="Word">
      <attributes paragraph="1" paragraph_position="32" text="phosphorescent" />
      <extra enhanced="_" features="_" frame="_" lemma="_" pos="JJ" tag="JJ" />
    </node>
    <node ID="0.33" type="Word">
      <attributes paragraph="1" paragraph_position="33" text="glow" />
      <extra enhanced="_" features="_" frame="_" lemma="_" pos="NN" tag="NN" />
    </node>
    <node ID="0.34" type="Word">
      <attributes paragraph="1" paragraph_position="34" text="," />
      <extra enhanced="_" features="_" frame="_" lemma="_" pos="," tag="," />
    </node>
    <node ID="0.35" type="Word">
      <attributes paragraph="1" paragraph_position="35" text="infinitely" />
      <extra enhanced="_" features="_" frame="_" lemma="_" pos="RB" tag="RB" />
    </node>
    <node ID="0.36" type="Word">
      <attributes paragraph="1" paragraph_position="36" text="bigger" />
      <extra enhanced="_" features="_" frame="_" lemma="_" pos="JJR" tag="JJR" />
    </node>
    <node ID="0.37" type="Word">
      <attributes paragraph="1" paragraph_position="37" text="and" />
      <extra enhanced="_" features="_" frame="_" lemma="_" pos="CC" tag="CC" />
    </node>
    <node ID="0.38" type="Word">
      <attributes paragraph="1" paragraph_position="38" text="faster" />
      <extra enhanced="_" features="_" frame="_" lemma="_" pos="RBR" tag="RBR" />
    </node>
    <node ID="0.39" type="Word">
      <attributes paragraph="1" paragraph_position="39" text="than" />
      <extra enhanced="_" features="_" frame="_" lemma="_" pos="IN" tag="IN" />
    </node>
    <node ID="0.40" type="Word">
      <attributes paragraph="1" paragraph_position="40" text="any" />
      <extra enhanced="_" features="_" frame="_" lemma="_" pos="DT" tag="DT" />
    </node>
    <node ID="0.41" type="Word">
      <attributes paragraph="1" paragraph_position="41" text="whale" />
      <extra enhanced="_" features="_" frame="_" lemma="_" pos="NN" tag="NN" />
    </node>
    <node ID="0.42" type="Word">
      <attributes paragraph="1" paragraph_position="42" text="." />
      <extra enhanced="_" features="_" frame="_" lemma="_" pos="." tag="." />
    </node>
  </layer>
  <layer layerID="1">
    <attributes />
    <node ID="1.1" type="FN">
      <attributes />
      <edge toID="1.2" type="head">
        <attributes />
        <category tag="head" />
      </edge>
    </node>
    <node ID="1.2" type="FN">
      <attributes />
      <edge toID="1.3" type="head">
        <attributes />
        <category tag="head" />
      </edge>
      <edge toID="1.4" type="prep">
        <attributes />
        <category tag="prep" />
      </edge>
      <edge toID="1.6" type="U">
        <attributes />
        <category tag="U" />
      </edge>
      <edge toID="1.7" type="prep">
        <attributes />
        <category tag="prep" />
      </edge>
      <edge toID="1.9" type="nsubj">
        <attributes />
        <category tag="nsubj" />
      </edge>
      <edge toID="1.11" type="aux">
        <attributes />
        <category tag="aux" />
      </edge>
      <edge toID="1.12" type="U">
        <attributes />
        <category tag="U" />
      </edge>
      <edge toID="1.13" type="dobj">
        <attributes />
        <category tag="dobj" />
      </edge>
      <edge toID="1.15" type="U">
        <attributes />
        <category tag="U" />
      </edge>
      <edge toID="1.16" type="prep">
        <attributes />
        <category tag="prep" />
      </edge>
      <edge toID="1.18" type="U">
        <attributes />
        <category tag="U" />
      </edge>
      <edge toID="1.19" type="dobj">
        <attributes />
        <category tag="dobj" />
      </edge>
      <edge toID="1.21" type="U">
        <attributes />
        <category tag="U" />
      </edge>
    </node>
    <node ID="1.3" type="FN">
      <attributes />
      <edge toID="0.12" type="Terminal">
        <attributes />
        <category tag="Terminal" />
      </edge>
    </node>
    <node ID="1.4" type="FN">
      <attributes />
      <edge toID="1.5" type="head">
        <attributes />
        <category tag="head" />
      </edge>
      <edge toID="1.22" type="pobj">
        <attributes />
        <category tag="pobj" />
      </edge>
    </node>
    <node ID="1.5" type="FN">
      <attributes />
      <edge toID="0.1" type="Terminal">
        <attributes />
        <category tag="Terminal" />
      </edge>
    </node>
    <node ID="1.6" type="FN">
      <attributes />
      <edge toID="0.3" type="Terminal">
        <attributes />
        <category tag="Terminal" />
      </edge>
    </node>
    <node ID="1.7" type="FN">
      <attributes />
      <edge toID="1.8" type="head">
        <attributes />
        <category tag="head" />
      </edge>
      <edge toID="1.23" type="pobj">
        <attributes />
        <category tag="pobj" />
      </edge>
    </node>
    <node ID="1.8" type="FN">
      <attributes />
      <edge toID="0.4" type="Terminal">
        <attributes />
        <category tag="Terminal" />
      </edge>
    </node>
    <node ID="1.9" type="FN">
      <attributes />
      <edge toID="1.10" type="head">
        <attributes />
        <category tag="head" />
      </edge>
      <edge toID="1.25" type="amod">
        <attributes />
        <category tag="amod" />
      </edge>
    </node>
    <node ID="1.10" type="FN">
      <attributes />
      <edge toID="0.10" type="Terminal">
        <attributes />
        <category tag="Terminal" />
      </edge>
    </node>
    <node ID="1.11" type="FN">
      <attributes />
      <edge toID="0.11" type="Terminal">
        <attributes />
        <category tag="Terminal" />
      </edge>
    </node>
    <node ID="1.12" type="FN">
      <attributes />
      <edge toID="0.13" type="Terminal">
        <attributes />
        <category tag="Terminal" />
      </edge>
    </node>
    <node ID="1.13" type="FN">
      <attributes />
      <edge toID="1.14" type="head">
        <attributes />
        <category tag="head" />
      </edge>
      <edge toID="1.26" type="det">
        <attributes />
        <category tag="det" />
      </edge>
      <edge toID="1.27" type="amod">
        <attributes />
        <category tag="amod" />
      </edge>
    </node>
    <node ID="1.14" type="FN">
      <attributes />
      <edge toID="0.16" type="Terminal">
        <attributes />
        <category tag="Terminal" />
      </edge>
    </node>
    <node ID="1.15" type="FN">
      <attributes />
      <edge toID="0.17" type="Terminal">
        <attributes />
        <category tag="Terminal" />
      </edge>
    </node>
    <node ID="1.16" type="FN">
      <attributes />
      <edge toID="1.17" type="head">
        <attributes />
        <category tag="head" />
      </edge>
      <edge toID="1.28" type="pobj">
        <attributes />
        <category tag="pobj" />
      </edge>
    </node>
    <node ID="1.17" type="FN">
      <attributes />
      <edge toID="0.18" type="Terminal">
        <attributes />
        <category tag="Terminal" />
      </edge>
    </node>
    <node ID="1.18" type="FN">
      <attributes />
      <edge toID="0.20" type="Terminal">
        <attributes />
        <category tag="Terminal" />
      </edge>
    </node>
    <node ID="1.19" type="FN">
      <attributes />
      <edge toID="1.20" type="head">
        <attributes />
        <category tag="head" />
      </edge>
      <edge toID="1.29" type="det">
        <attributes />
        <category tag="det" />
      </edge>
      <edge toID="1.30" type="amod">
        <attributes />
        <category tag="amod" />
      </edge>
      <edge toID="1.31" type="nn">
        <attributes />
        <category tag="nn" />
      </edge>
      <edge toID="1.32" type="U">
        <attributes />
        <category tag="U" />
      </edge>
      <edge toID="1.33" type="amod">
        <attributes />
        <category tag="amod" />
      </edge>
      <edge toID="1.34" type="U">
        <attributes />
        <category tag="U" />
      </edge>
      <edge toID="1.35" type="dep">
        <attributes />
        <category tag="dep" />
      </edge>
    </node>
    <node ID="1.20" type="FN">
      <attributes />
      <edge toID="0.26" type="Terminal">
        <attributes />
        <category tag="Terminal" />
      </edge>
    </node>
    <node ID="1.21" type="FN">
      <attributes />
      <edge toID="0.42" type="Terminal">
        <attributes />
        <category tag="Terminal" />
      </edge>
    </node>
    <node ID="1.22" type="FN">
      <attributes />
      <edge toID="0.2" type="Terminal">
        <attributes />
        <category tag="Terminal" />
      </edge>
    </node>
    <node ID="1.23" type="FN">
      <attributes />
      <edge toID="1.24" type="head">
        <attributes />
        <category tag="head" />
      </edge>
      <edge toID="1.37" type="det">
        <attributes />
        <category tag="det" />
      </edge>
      <edge toID="1.38" type="prep">
        <attributes />
        <category tag="prep" />
      </edge>
    </node>
    <node ID="1.24" type="FN">
      <attributes />
      <edge toID="0.6" type="Terminal">
        <attributes />
        <category tag="Terminal" />
      </edge>
    </node>
    <node ID="1.25" type="FN">
      <attributes />
      <edge toID="0.9" type="Terminal">
        <attributes />
        <category tag="Terminal" />
      </edge>
    </node>
    <node ID="1.26" type="FN">
      <attributes />
      <edge toID="0.14" type="Terminal">
        <attributes />
        <category tag="Terminal" />
      </edge>
    </node>
    <node ID="1.27" type="FN">
      <attributes />
      <edge toID="0.15" type="Terminal">
        <attributes />
        <category tag="Terminal" />
      </edge>
    </node>
    <node ID="1.28" type="FN">
      <attributes />
      <edge toID="0.19" type="Terminal">
        <attributes />
        <category tag="Terminal" />
      </edge>
    </node>
    <node ID="1.29" type="FN">
      <attributes />
      <edge toID="0.21" type="Terminal">
        <attributes />
        <category tag="Terminal" />
      </edge>
    </node>
    <node ID="1.30" type="FN">
      <attributes />
      <edge toID="0.22" type="Terminal">
        <attributes />
        <category tag="Terminal" />
      </edge>
    </node>
    <node ID="1.31" type="FN">
      <attributes />
      <edge toID="0.23" type="Terminal">
        <attributes />
        <category tag="Terminal" />
      </edge>
    </node>
    <node ID="1.32" type="FN">
      <attributes />
      <edge toID="0.24" type="Terminal">
        <attributes />
        <category tag="Terminal" />
      </edge>
    </node>
    <node ID="1.33" type="FN">
      <attributes />
      <edge toID="0.25" type="Terminal">
        <attributes />
        <category tag="Terminal" />
      </edge>
    </node>
    <node ID="1.34" type="FN">
      <attributes />
      <edge toID="0.27" type="Terminal">
        <attributes />
        <category tag="Terminal" />
      </edge>
    </node>
    <node ID="1.35" type="FN">
      <attributes />
      <edge toID="1.36" type="head">
        <attributes />
        <category tag="head" />
      </edge>
      <edge toID="1.40" type="advmod">
        <attributes />
        <category tag="advmod" />
      </edge>
      <edge toID="1.41" type="prt">
        <attributes />
        <category tag="prt" />
      </edge>
      <edge toID="1.42" type="dobj">
        <attributes />
        <category tag="dobj" />
      </edge>
    </node>
    <node ID="1.36" type="FN">
      <attributes />
      <edge toID="0.29" type="Terminal">
        <attributes />
        <category tag="Terminal" />
      </edge>
    </node>
    <node ID="1.37" type="FN">
      <attributes />
      <edge toID="0.5" type="Terminal">
        <attributes />
        <category tag="Terminal" />
      </edge>
    </node>
    <node ID="1.38" type="FN">
      <attributes />
      <edge toID="1.39" type="head">
        <attributes />
        <category tag="head" />
      </edge>
      <edge toID="1.44" type="pobj">
        <attributes />
        <category tag="pobj" />
      </edge>
    </node>
    <node ID="1.39" type="FN">
      <attributes />
      <edge toID="0.7" type="Terminal">
        <attributes />
        <category tag="Terminal" />
      </edge>
    </node>
    <node ID="1.40" type="FN">
      <attributes />
      <edge toID="0.28" type="Terminal">
        <attributes />
        <category tag="Terminal" />
      </edge>
    </node>
    <node ID="1.41" type="FN">
      <attributes />
      <edge toID="0.30" type="Terminal">
        <attributes />
        <category tag="Terminal" />
      </edge>
    </node>
    <node ID="1.42" type="FN">
      <attributes />
      <edge toID="1.43" type="head">
        <attributes />
        <category tag="head" />
      </edge>
      <edge toID="1.45" type="det">
        <attributes />
        <category tag="det" />
      </edge>
      <edge toID="1.46" type="amod">
        <attributes />
        <category tag="amod" />
      </edge>
      <edge toID="1.47" type="U">
        <attributes />
        <category tag="U" />
      </edge>
      <edge toID="1.48" type="amod">
        <attributes />
        <category tag="amod" />
      </edge>
    </node>
    <node ID="1.43" type="FN">
      <attributes />
      <edge toID="0.33" type="Terminal">
        <attributes />
        <category tag="Terminal" />
      </edge>
    </node>
    <node ID="1.44" type="FN">
      <attributes />
      <edge toID="0.8" type="Terminal">
        <attributes />
        <category tag="Terminal" />
      </edge>
    </node>
    <node ID="1.45" type="FN">
      <attributes />
      <edge toID="0.31" type="Terminal">
        <attributes />
        <category tag="Terminal" />
      </edge>
    </node>
    <node ID="1.46" type="FN">
      <attributes />
      <edge toID="0.32" type="Terminal">
        <attributes />
        <category tag="Terminal" />
      </edge>
    </node>
    <node ID="1.47" type="FN">
      <attributes />
      <edge toID="0.34" type="Terminal">
        <attributes />
        <category tag="Terminal" />
      </edge>
    </node>
    <node ID="1.48" type="FN">
      <attributes />
      <edge toID="1.49" type="head">
        <attributes />
        <category tag="head" />
      </edge>
      <edge toID="1.50" type="advmod">
        <attributes />
        <category tag="advmod" />
      </edge>
      <edge toID="1.51" type="cc">
        <attributes />
        <category tag="cc" />
      </edge>
      <edge toID="1.52" type="advmod">
        <attributes />
        <category tag="advmod" />
      </edge>
      <edge toID="1.53" type="prep">
        <attributes />
        <category tag="prep" />
      </edge>
    </node>
    <node ID="1.49" type="FN">
      <attributes />
      <edge toID="0.36" type="Terminal">
        <attributes />
        <category tag="Terminal" />
      </edge>
    </node>
    <node ID="1.50" type="FN">
      <attributes />
      <edge toID="0.35" type="Terminal">
        <attributes />
        <category tag="Terminal" />
      </edge>
    </node>
    <node ID="1.51" type="FN">
      <attributes />
      <edge toID="0.37" type="Terminal">
        <attributes />
        <category tag="Terminal" />
      </edge>
    </node>
    <node ID="1.52" type="FN">
      <attributes />
      <edge toID="0.38" type="Terminal">
        <attributes />
        <category tag="Terminal" />
      </edge>
    </node>
    <node ID="1.53" type="FN">
      <attributes />
      <edge toID="1.54" type="head">
        <attributes />
        <category tag="head" />
      </edge>
      <edge toID="1.55" type="pobj">
        <attributes />
        <category tag="pobj" />
      </edge>
    </node>
    <node ID="1.54" type="FN">
      <attributes />
      <edge toID="0.39" type="Terminal">
        <attributes />
        <category tag="Terminal" />
      </edge>
    </node>
    <node ID="1.55" type="FN">
      <attributes />
      <edge toID="1.56" type="head">
        <attributes />
        <category tag="head" />
      </edge>
      <edge toID="1.57" type="det">
        <attributes />
        <category tag="det" />
      </edge>
    </node>
    <node ID="1.56" type="FN">
      <attributes />
      <edge toID="0.41" type="Terminal">
        <attributes />
        <category tag="Terminal" />
      </edge>
    </node>
    <node ID="1.57" type="FN">
      <attributes />
      <edge toID="0.40" type="Terminal">
        <attributes />
        <category tag="Terminal" />
      </edge>
    </node>
  </layer>
</root>
