<root annotationID="0" passageID="816000">
  <attributes />
  <extra format="conllu" />
  <layer layerID="0">
    <attributes />
    <node ID="0.1" type="Word">
      <attributes paragraph="1" paragraph_position="1" text="&quot;" />
      <extra enhanced="_" features="_" frame="_" lemma="_" pos="``" tag="``" />
    </node>
    <node ID="0.2" type="Word">
      <attributes paragraph="1" paragraph_position="2" text="Besides" />
      <extra enhanced="_" features="_" frame="_" lemma="_" pos="IN" tag="IN" />
    </node>
    <node ID="0.3" type="Word">
      <attributes paragraph="1" paragraph_position="3" text="," />
      <extra enhanced="_" features="_" frame="_" lemma="_" pos="," tag="," />
    </node>
    <node ID="0.4" type="Word">
      <attributes paragraph="1" paragraph_position="4" text="&quot;" />
      <extra enhanced="_" features="_" frame="_" lemma="_" pos="''" tag="''" />
    </node>
    <node ID="0.5" type="Word">
      <attributes paragraph="1" paragraph_position="5" text="I" />
      <extra enhanced="_" features="_" frame="_" lemma="_" pos="PRP" tag="PRP" />
    </node>
    <node ID="0.6" type="Word">
      <attributes paragraph="1" paragraph_position="6" text="mused" />
      <extra enhanced="_" features="_" frame="_" lemma="_" pos="VBD" tag="VBD" />
    </node>
    <node ID="0.7" type="Word">
      <attributes paragraph="1" paragraph_position="7" text="," />
      <extra enhanced="_" features="_" frame="_" lemma="_" pos="," tag="," />
    </node>
    <node ID="0.8" type="Word">
      <attributes paragraph="1" paragraph_position="8" text="&quot;" />
      <extra enhanced="_" features="_" frame="_" lemma="_" pos="``" tag="``" />
    </node>
    <node ID="0.9" type="Word">
      <attributes paragraph="1" paragraph_position="9" text="all" />
      <extra enhanced="_" features="_" frame="_" lemma="_" pos="DT" tag="DT" />
    </node>
    <node ID="0.10" type="Word">
      <attributes paragraph="1" paragraph_position="10" text="roads" />
      <extra enhanced="_" features="_" frame="_" lemma="_" pos="NNS" tag="NNS" />
    </node>
    <node ID="0.11" type="Word">
      <attributes paragraph="1" paragraph_position="11" text="lead" />
      <extra enhanced="_" features="_" frame="_" lemma="_" pos="VBP" tag="VBP" />
    </node>
    <node ID="0.12" type="Word">
      <attributes paragraph="1" paragraph_position="12" text="home" />
      <extra enhanced="_" features="_" frame="_" lemma="_" pos="NN" tag="NN" />
    </node>
    <node ID="0.13" type="Word">
      <attributes paragraph="1" paragraph_position="13" text="to" />
      <extra enhanced="_" features="_" frame="_" lemma="_" pos="TO" tag="TO" />
    </node>
    <node ID="0.14" type="Word">
      <attributes paragraph="1" paragraph_position="14" text="Europe" />
      <extra enhanced="_" features="_" frame="_" lemma="_" pos="NNP" tag="NNP" />
    </node>
    <node ID="0.15" type="Word">
      <attributes paragraph="1" paragraph_position="15" text="," />
      <extra enhanced="_" features="_" frame="_" lemma="_" pos="," tag="," />
    </node>
    <node ID="0.16" type="Word">
      <attributes paragraph="1" paragraph_position="16" text="and" />
      <extra enhanced="_" features="_" frame="_" lemma="_" pos="CC" tag="CC" />
    </node>
    <node ID="0.17" type="Word">
      <attributes paragraph="1" paragraph_position="17" text="our" />
      <extra enhanced="_" features="_" frame="_" lemma="_" pos="PRP$" tag="PRP$" />
    </node>
    <node ID="0.18" type="Word">
      <attributes paragraph="1" paragraph_position="18" text="unicorn" />
      <extra enhanced="_" features="_" frame="_" lemma="_" pos="NN" tag="NN" />
    </node>
    <node ID="0.19" type="Word">
      <attributes paragraph="1" paragraph_position="19" text="may" />
      <extra enhanced="_" features="_" frame="_" lemma="_" pos="MD" tag="MD" />
    </node>
    <node ID="0.20" type="Word">
      <attributes paragraph="1" paragraph_position="20" text="be" />
      <extra enhanced="_" features="_" frame="_" lemma="_" pos="VB" tag="VB" />
    </node>
    <node ID="0.21" type="Word">
      <attributes paragraph="1" paragraph_position="21" text="gracious" />
      <extra enhanced="_" features="_" frame="_" lemma="_" pos="JJ" tag="JJ" />
    </node>
    <node ID="0.22" type="Word">
      <attributes paragraph="1" paragraph_position="22" text="enough" />
      <extra enhanced="_" features="_" frame="_" lemma="_" pos="RB" tag="RB" />
    </node>
    <node ID="0.23" type="Word">
      <attributes paragraph="1" paragraph_position="23" text="to" />
      <extra enhanced="_" features="_" frame="_" lemma="_" pos="TO" tag="TO" />
    </node>
    <node ID="0.24" type="Word">
      <attributes paragraph="1" paragraph_position="24" text="take" />
      <extra enhanced="_" features="_" frame="_" lemma="_" pos="VB" tag="VB" />
    </node>
    <node ID="0.25" type="Word">
      <attributes paragraph="1" paragraph_position="25" text="me" />
      <extra enhanced="_" features="_" frame="_" lemma="_" pos="PRP" tag="PRP" />
    </node>
    <node ID="0.26" type="Word">
      <attributes paragraph="1" paragraph_position="26" text="toward" />
      <extra enhanced="_" features="_" frame="_" lemma="_" pos="IN" tag="IN" />
    </node>
    <node ID="0.27" type="Word">
      <attributes paragraph="1" paragraph_position="27" text="the" />
      <extra enhanced="_" features="_" frame="_" lemma="_" pos="DT" tag="DT" />
    </node>
    <node ID="0.28" type="Word">
      <attributes paragraph="1" paragraph_position="28" text="coast" />
      <extra enhanced="_" features="_" frame="_" lemma="_" pos="NN" tag="NN" />
    </node>
    <node ID="0.29" type="Word">
      <attributes paragraph="1" paragraph_position="29" text="of" />
      <extra enhanced="_" features="_" frame="_" lemma="_" pos="IN" tag="IN" />
    </node>
    <node ID="0.30" type="Word">
      <attributes paragraph="1" paragraph_position="30" text="France" />
      <extra enhanced="_" features="_" frame="_" lemma="_" pos="NNP" tag="NNP" />
    </node>
    <node ID="0.31" type="Word">
      <attributes paragraph="1" paragraph_position="31" text="!" />
      <extra enhanced="_" features="_" frame="_" lemma="_" pos="." tag="." />
    </node>
    <node ID="0.32" type="Word">
      <attributes paragraph="1" paragraph_position="32" text="That" />
      <extra enhanced="_" features="_" frame="_" lemma="_" pos="DT" tag="DT" />
    </node>
    <node ID="0.33" type="Word">
      <attributes paragraph="1" paragraph_position="33" text="fine" />
      <extra enhanced="_" features="_" frame="_" lemma="_" pos="JJ" tag="JJ" />
    </node>
    <node ID="0.34" type="Word">
      <attributes paragraph="1" paragraph_position="34" text="animal" />
      <extra enhanced="_" features="_" frame="_" lemma="_" pos="NN" tag="NN" />
    </node>
    <node ID="0.35" type="Word">
      <attributes paragraph="1" paragraph_position="35" text="may" />
      <extra enhanced="_" features="_" frame="_" lemma="_" pos="MD" tag="MD" />
    </node>
    <node ID="0.36" type="Word">
      <attributes paragraph="1" paragraph_position="36" text="even" />
      <extra enhanced="_" features="_" frame="_" lemma="_" pos="RB" tag="RB" />
    </node>
    <node ID="0.37" type="Word">
      <attributes paragraph="1" paragraph_position="37" text="let" />
      <extra enhanced="_" features="_" frame="_" lemma="_" pos="VB" tag="VB" />
    </node>
    <node ID="0.38" type="Word">
      <attributes paragraph="1" paragraph_position="38" text="itself" />
      <extra enhanced="_" features="_" frame="_" lemma="_" pos="PRP" tag="PRP" />
    </node>
    <node ID="0.39" type="Word">
      <attributes paragraph="1" paragraph_position="39" text="be" />
      <extra enhanced="_" features="_" frame="_" lemma="_" pos="VB" tag="VB" />
    </node>
    <node ID="0.40" type="Word">
      <attributes paragraph="1" paragraph_position="40" text="captured" />
      <extra enhanced="_" features="_" frame="_" lemma="_" pos="VBN" tag="VBN" />
    </node>
    <node ID="0.41" type="Word">
      <attributes paragraph="1" paragraph_position="41" text="in" />
      <extra enhanced="_" features="_" frame="_" lemma="_" pos="IN" tag="IN" />
    </node>
    <node ID="0.42" type="Word">
      <attributes paragraph="1" paragraph_position="42" text="European" />
      <extra enhanced="_" features="_" frame="_" lemma="_" pos="JJ" tag="JJ" />
    </node>
    <node ID="0.43" type="Word">
      <attributes paragraph="1" paragraph_position="43" text="seas" />
      <extra enhanced="_" features="_" frame="_" lemma="_" pos="NNS" tag="NNS" />
    </node>
    <node ID="0.44" type="Word">
      <attributes paragraph="1" paragraph_position="44" text="-" />
      <extra enhanced="_" features="_" frame="_" lemma="_" pos=":" tag=":" />
    </node>
    <node ID="0.45" type="Word">
      <attributes paragraph="1" paragraph_position="45" text="as" />
      <extra enhanced="_" features="_" frame="_" lemma="_" pos="IN" tag="IN" />
    </node>
    <node ID="0.46" type="Word">
      <attributes paragraph="1" paragraph_position="46" text="a" />
      <extra enhanced="_" features="_" frame="_" lemma="_" pos="DT" tag="DT" />
    </node>
    <node ID="0.47" type="Word">
      <attributes paragraph="1" paragraph_position="47" text="personal" />
      <extra enhanced="_" features="_" frame="_" lemma="_" pos="JJ" tag="JJ" />
    </node>
    <node ID="0.48" type="Word">
      <attributes paragraph="1" paragraph_position="48" text="favor" />
      <extra enhanced="_" features="_" frame="_" lemma="_" pos="NN" tag="NN" />
    </node>
    <node ID="0.49" type="Word">
      <attributes paragraph="1" paragraph_position="49" text="to" />
      <extra enhanced="_" features="_" frame="_" lemma="_" pos="TO" tag="TO" />
    </node>
    <node ID="0.50" type="Word">
      <attributes paragraph="1" paragraph_position="50" text="me" />
      <extra enhanced="_" features="_" frame="_" lemma="_" pos="PRP" tag="PRP" />
    </node>
    <node ID="0.51" type="Word">
      <attributes paragraph="1" paragraph_position="51" text="-" />
      <extra enhanced="_" features="_" frame="_" lemma="_" pos=":" tag=":" />
    </node>
    <node ID="0.52" type="Word">
      <attributes paragraph="1" paragraph_position="52" text="and" />
      <extra enhanced="_" features="_" frame="_" lemma="_" pos="CC" tag="CC" />
    </node>
    <node ID="0.53" type="Word">
      <attributes paragraph="1" paragraph_position="53" text="I" />
      <extra enhanced="_" features="_" frame="_" lemma="_" pos="PRP" tag="PRP" />
    </node>
    <node ID="0.54" type="Word">
      <attributes paragraph="1" paragraph_position="54" text="'ll" />
      <extra enhanced="_" features="_" frame="_" lemma="_" pos="MD" tag="MD" />
    </node>
    <node ID="0.55" type="Word">
      <attributes paragraph="1" paragraph_position="55" text="bring" />
      <extra enhanced="_" features="_" frame="_" lemma="_" pos="VB" tag="VB" />
    </node>
    <node ID="0.56" type="Word">
      <attributes paragraph="1" paragraph_position="56" text="back" />
      <extra enhanced="_" features="_" frame="_" lemma="_" pos="RB" tag="RB" />
    </node>
    <node ID="0.57" type="Word">
      <attributes paragraph="1" paragraph_position="57" text="to" />
      <extra enhanced="_" features="_" frame="_" lemma="_" pos="TO" tag="TO" />
    </node>
    <node ID="0.58" type="Word">
      <attributes paragraph="1" paragraph_position="58" text="the" />
      <extra enhanced="_" features="_" frame="_" lemma="_" pos="DT" tag="DT" />
    </node>
    <node ID="0.59" type="Word">
      <attributes paragraph="1" paragraph_position="59" text="Museum" />
      <extra enhanced="_" features="_" frame="_" lemma="_" pos="NNP" tag="NNP" />
    </node>
    <node ID="0.60" type="Word">
      <attributes paragraph="1" paragraph_position="60" text="of" />
      <extra enhanced="_" features="_" frame="_" lemma="_" pos="IN" tag="IN" />
    </node>
    <node ID="0.61" type="Word">
      <attributes paragraph="1" paragraph_position="61" text="Natural" />
      <extra enhanced="_" features="_" frame="_" lemma="_" pos="NNP" tag="NNP" />
    </node>
    <node ID="0.62" type="Word">
      <attributes paragraph="1" paragraph_position="62" text="History" />
      <extra enhanced="_" features="_" frame="_" lemma="_" pos="NN" tag="NN" />
    </node>
    <node ID="0.63" type="Word">
      <attributes paragraph="1" paragraph_position="63" text="at" />
      <extra enhanced="_" features="_" frame="_" lemma="_" pos="IN" tag="IN" />
    </node>
    <node ID="0.64" type="Word">
      <attributes paragraph="1" paragraph_position="64" text="least" />
      <extra enhanced="_" features="_" frame="_" lemma="_" pos="JJS" tag="JJS" />
    </node>
    <node ID="0.65" type="Word">
      <attributes paragraph="1" paragraph_position="65" text="half" />
      <extra enhanced="_" features="_" frame="_" lemma="_" pos="PDT" tag="PDT" />
    </node>
    <node ID="0.66" type="Word">
      <attributes paragraph="1" paragraph_position="66" text="a" />
      <extra enhanced="_" features="_" frame="_" lemma="_" pos="DT" tag="DT" />
    </node>
    <node ID="0.67" type="Word">
      <attributes paragraph="1" paragraph_position="67" text="meter" />
      <extra enhanced="_" features="_" frame="_" lemma="_" pos="NN" tag="NN" />
    </node>
    <node ID="0.68" type="Word">
      <attributes paragraph="1" paragraph_position="68" text="of" />
      <extra enhanced="_" features="_" frame="_" lemma="_" pos="IN" tag="IN" />
    </node>
    <node ID="0.69" type="Word">
      <attributes paragraph="1" paragraph_position="69" text="its" />
      <extra enhanced="_" features="_" frame="_" lemma="_" pos="PRP$" tag="PRP$" />
    </node>
    <node ID="0.70" type="Word">
      <attributes paragraph="1" paragraph_position="70" text="ivory" />
      <extra enhanced="_" features="_" frame="_" lemma="_" pos="JJ" tag="JJ" />
    </node>
    <node ID="0.71" type="Word">
      <attributes paragraph="1" paragraph_position="71" text="lance" />
      <extra enhanced="_" features="_" frame="_" lemma="_" pos="NN" tag="NN" />
    </node>
    <node ID="0.72" type="Word">
      <attributes paragraph="1" paragraph_position="72" text="!" />
      <extra enhanced="_" features="_" frame="_" lemma="_" pos="." tag="." />
    </node>
    <node ID="0.73" type="Word">
      <attributes paragraph="1" paragraph_position="73" text="&quot;" />
      <extra enhanced="_" features="_" frame="_" lemma="_" pos="''" tag="''" />
    </node>
  </layer>
  <layer layerID="1">
    <attributes />
    <node ID="1.1" type="FN">
      <attributes />
      <edge toID="1.2" type="head">
        <attributes />
        <category tag="head" />
      </edge>
      <edge toID="1.4" type="conj">
        <attributes />
        <category tag="conj" />
      </edge>
    </node>
    <node ID="1.2" type="FN">
      <attributes />
      <edge toID="1.3" type="head">
        <attributes />
        <category tag="head" />
      </edge>
      <edge toID="1.6" type="U">
        <attributes />
        <category tag="U" />
      </edge>
      <edge toID="1.7" type="advmod">
        <attributes />
        <category tag="advmod" />
      </edge>
      <edge toID="1.8" type="dep">
        <attributes />
        <category tag="dep" />
      </edge>
      <edge toID="1.10" type="U">
        <attributes />
        <category tag="U" />
      </edge>
      <edge toID="1.11" type="nsubj">
        <attributes />
        <category tag="nsubj" />
      </edge>
      <edge toID="1.13" type="advmod">
        <attributes />
        <category tag="advmod" />
      </edge>
      <edge toID="1.14" type="prep">
        <attributes />
        <category tag="prep" />
      </edge>
      <edge toID="1.16" type="U">
        <attributes />
        <category tag="U" />
      </edge>
      <edge toID="1.17" type="cc">
        <attributes />
        <category tag="cc" />
      </edge>
      <edge toID="1.25" type="U">
        <attributes />
        <category tag="U" />
      </edge>
      <edge toID="1.26" type="dep">
        <attributes />
        <category tag="dep" />
      </edge>
    </node>
    <node ID="1.3" type="FN">
      <attributes />
      <edge toID="0.11" type="Terminal">
        <attributes />
        <category tag="Terminal" />
      </edge>
    </node>
    <node ID="1.4" type="FN">
      <attributes />
      <edge toID="1.5" type="head">
        <attributes />
        <category tag="head" />
      </edge>
      <edge toID="1.18" type="nsubj">
        <attributes />
        <category tag="nsubj" />
      </edge>
      <edge toID="1.20" type="aux">
        <attributes />
        <category tag="aux" />
      </edge>
      <edge toID="1.21" type="cop">
        <attributes />
        <category tag="cop" />
      </edge>
      <edge toID="1.22" type="advmod">
        <attributes />
        <category tag="advmod" />
      </edge>
      <edge toID="1.23" type="xcomp">
        <attributes />
        <category tag="xcomp" />
      </edge>
    </node>
    <node ID="1.5" type="FN">
      <attributes />
      <edge toID="0.21" type="Terminal">
        <attributes />
        <category tag="Terminal" />
      </edge>
    </node>
    <node ID="1.6" type="FN">
      <attributes />
      <edge toID="0.1" type="Terminal">
        <attributes />
        <category tag="Terminal" />
      </edge>
    </node>
    <node ID="1.7" type="FN">
      <attributes />
      <edge toID="0.2" type="Terminal">
        <attributes />
        <category tag="Terminal" />
      </edge>
    </node>
    <node ID="1.8" type="FN">
      <attributes />
      <edge toID="1.9" type="head">
        <attributes />
        <category tag="head" />
      </edge>
      <edge toID="1.28" type="U">
        <attributes />
        <category tag="U" />
      </edge>
      <edge toID="1.29" type="U">
        <attributes />
        <category tag="U" />
      </edge>
      <edge toID="1.30" type="nsubj">
        <attributes />
        <category tag="nsubj" />
      </edge>
      <edge toID="1.31" type="U">
        <attributes />
        <category tag="U" />
      </edge>
    </node>
    <node ID="1.9" type="FN">
      <attributes />
      <edge toID="0.6" type="Terminal">
        <attributes />
        <category tag="Terminal" />
      </edge>
    </node>
    <node ID="1.10" type="FN">
      <attributes />
      <edge toID="0.8" type="Terminal">
        <attributes />
        <category tag="Terminal" />
      </edge>
    </node>
    <node ID="1.11" type="FN">
      <attributes />
      <edge toID="1.12" type="head">
        <attributes />
        <category tag="head" />
      </edge>
      <edge toID="1.32" type="det">
        <attributes />
        <category tag="det" />
      </edge>
    </node>
    <node ID="1.12" type="FN">
      <attributes />
      <edge toID="0.10" type="Terminal">
        <attributes />
        <category tag="Terminal" />
      </edge>
    </node>
    <node ID="1.13" type="FN">
      <attributes />
      <edge toID="0.12" type="Terminal">
        <attributes />
        <category tag="Terminal" />
      </edge>
    </node>
    <node ID="1.14" type="FN">
      <attributes />
      <edge toID="1.15" type="head">
        <attributes />
        <category tag="head" />
      </edge>
      <edge toID="1.33" type="pobj">
        <attributes />
        <category tag="pobj" />
      </edge>
    </node>
    <node ID="1.15" type="FN">
      <attributes />
      <edge toID="0.13" type="Terminal">
        <attributes />
        <category tag="Terminal" />
      </edge>
    </node>
    <node ID="1.16" type="FN">
      <attributes />
      <edge toID="0.15" type="Terminal">
        <attributes />
        <category tag="Terminal" />
      </edge>
    </node>
    <node ID="1.17" type="FN">
      <attributes />
      <edge toID="0.16" type="Terminal">
        <attributes />
        <category tag="Terminal" />
      </edge>
    </node>
    <node ID="1.18" type="FN">
      <attributes />
      <edge toID="1.19" type="head">
        <attributes />
        <category tag="head" />
      </edge>
      <edge toID="1.34" type="poss">
        <attributes />
        <category tag="poss" />
      </edge>
    </node>
    <node ID="1.19" type="FN">
      <attributes />
      <edge toID="0.18" type="Terminal">
        <attributes />
        <category tag="Terminal" />
      </edge>
    </node>
    <node ID="1.20" type="FN">
      <attributes />
      <edge toID="0.19" type="Terminal">
        <attributes />
        <category tag="Terminal" />
      </edge>
    </node>
    <node ID="1.21" type="FN">
      <attributes />
      <edge toID="0.20" type="Terminal">
        <attributes />
        <category tag="Terminal" />
      </edge>
    </node>
    <node ID="1.22" type="FN">
      <attributes />
      <edge toID="0.22" type="Terminal">
        <attributes />
        <category tag="Terminal" />
      </edge>
    </node>
    <node ID="1.23" type="FN">
      <attributes />
      <edge toID="1.24" type="head">
        <attributes />
        <category tag="head" />
      </edge>
      <edge toID="1.35" type="aux">
        <attributes />
        <category tag="aux" />
      </edge>
      <edge toID="1.36" type="dobj">
        <attributes />
        <category tag="dobj" />
      </edge>
      <edge toID="1.37" type="prep">
        <attributes />
        <category tag="prep" />
      </edge>
    </node>
    <node ID="1.24" type="FN">
      <attributes />
      <edge toID="0.24" type="Terminal">
        <attributes />
        <category tag="Terminal" />
      </edge>
    </node>
    <node ID="1.25" type="FN">
      <attributes />
      <edge toID="0.31" type="Terminal">
        <attributes />
        <category tag="Terminal" />
      </edge>
    </node>
    <node ID="1.26" type="FN">
      <attributes />
      <edge toID="1.27" type="head">
        <attributes />
        <category tag="head" />
      </edge>
      <edge toID="1.39" type="nsubj">
        <attributes />
        <category tag="nsubj" />
      </edge>
      <edge toID="1.41" type="aux">
        <attributes />
        <category tag="aux" />
      </edge>
      <edge toID="1.42" type="advmod">
        <attributes />
        <category tag="advmod" />
      </edge>
      <edge toID="1.43" type="ccomp">
        <attributes />
        <category tag="ccomp" />
      </edge>
      <edge toID="1.45" type="dep">
        <attributes />
        <category tag="dep" />
      </edge>
      <edge toID="1.47" type="cc">
        <attributes />
        <category tag="cc" />
      </edge>
      <edge toID="1.48" type="conj">
        <attributes />
        <category tag="conj" />
      </edge>
      <edge toID="1.50" type="U">
        <attributes />
        <category tag="U" />
      </edge>
      <edge toID="1.51" type="U">
        <attributes />
        <category tag="U" />
      </edge>
    </node>
    <node ID="1.27" type="FN">
      <attributes />
      <edge toID="0.37" type="Terminal">
        <attributes />
        <category tag="Terminal" />
      </edge>
    </node>
    <node ID="1.28" type="FN">
      <attributes />
      <edge toID="0.3" type="Terminal">
        <attributes />
        <category tag="Terminal" />
      </edge>
    </node>
    <node ID="1.29" type="FN">
      <attributes />
      <edge toID="0.4" type="Terminal">
        <attributes />
        <category tag="Terminal" />
      </edge>
    </node>
    <node ID="1.30" type="FN">
      <attributes />
      <edge toID="0.5" type="Terminal">
        <attributes />
        <category tag="Terminal" />
      </edge>
    </node>
    <node ID="1.31" type="FN">
      <attributes />
      <edge toID="0.7" type="Terminal">
        <attributes />
        <category tag="Terminal" />
      </edge>
    </node>
    <node ID="1.32" type="FN">
      <attributes />
      <edge toID="0.9" type="Terminal">
        <attributes />
        <category tag="Terminal" />
      </edge>
    </node>
    <node ID="1.33" type="FN">
      <attributes />
      <edge toID="0.14" type="Terminal">
        <attributes />
        <category tag="Terminal" />
      </edge>
    </node>
    <node ID="1.34" type="FN">
      <attributes />
      <edge toID="0.17" type="Terminal">
        <attributes />
        <category tag="Terminal" />
      </edge>
    </node>
    <node ID="1.35" type="FN">
      <attributes />
      <edge toID="0.23" type="Terminal">
        <attributes />
        <category tag="Terminal" />
      </edge>
    </node>
    <node ID="1.36" type="FN">
      <attributes />
      <edge toID="0.25" type="Terminal">
        <attributes />
        <category tag="Terminal" />
      </edge>
    </node>
    <node ID="1.37" type="FN">
      <attributes />
      <edge toID="1.38" type="head">
        <attributes />
        <category tag="head" />
      </edge>
      <edge toID="1.52" type="pobj">
        <attributes />
        <category tag="pobj" />
      </edge>
    </node>
    <node ID="1.38" type="FN">
      <attributes />
      <edge toID="0.26" type="Terminal">
        <attributes />
        <category tag="Terminal" />
      </edge>
    </node>
    <node ID="1.39" type="FN">
      <attributes />
      <edge toID="1.40" type="head">
        <attributes />
        <category tag="head" />
      </edge>
      <edge toID="1.54" type="det">
        <attributes />
        <category tag="det" />
      </edge>
      <edge toID="1.55" type="amod">
        <attributes />
        <category tag="amod" />
      </edge>
    </node>
    <node ID="1.40" type="FN">
      <attributes />
      <edge toID="0.34" type="Terminal">
        <attributes />
        <category tag="Terminal" />
      </edge>
    </node>
    <node ID="1.41" type="FN">
      <attributes />
      <edge toID="0.35" type="Terminal">
        <attributes />
        <category tag="Terminal" />
      </edge>
    </node>
    <node ID="1.42" type="FN">
      <attributes />
      <edge toID="0.36" type="Terminal">
        <attributes />
        <category tag="Terminal" />
      </edge>
    </node>
    <node ID="1.43" type="FN">
      <attributes />
      <edge toID="1.44" type="head">
        <attributes />
        <category tag="head" />
      </edge>
      <edge toID="1.56" type="nsubjpass">
        <attributes />
        <category tag="nsubjpass" />
      </edge>
      <edge toID="1.57" type="auxpass">
        <attributes />
        <category tag="auxpass" />
      </edge>
      <edge toID="1.58" type="prep">
        <attributes />
        <category tag="prep" />
      </edge>
    </node>
    <node ID="1.44" type="FN">
      <attributes />
      <edge toID="0.40" type="Terminal">
        <attributes />
        <category tag="Terminal" />
      </edge>
    </node>
    <node ID="1.45" type="FN">
      <attributes />
      <edge toID="1.46" type="head">
        <attributes />
        <category tag="head" />
      </edge>
      <edge toID="1.60" type="U">
        <attributes />
        <category tag="U" />
      </edge>
      <edge toID="1.61" type="pobj">
        <attributes />
        <category tag="pobj" />
      </edge>
      <edge toID="1.63" type="U">
        <attributes />
        <category tag="U" />
      </edge>
    </node>
    <node ID="1.46" type="FN">
      <attributes />
      <edge toID="0.45" type="Terminal">
        <attributes />
        <category tag="Terminal" />
      </edge>
    </node>
    <node ID="1.47" type="FN">
      <attributes />
      <edge toID="0.52" type="Terminal">
        <attributes />
        <category tag="Terminal" />
      </edge>
    </node>
    <node ID="1.48" type="FN">
      <attributes />
      <edge toID="1.49" type="head">
        <attributes />
        <category tag="head" />
      </edge>
      <edge toID="1.64" type="nsubj">
        <attributes />
        <category tag="nsubj" />
      </edge>
      <edge toID="1.65" type="aux">
        <attributes />
        <category tag="aux" />
      </edge>
      <edge toID="1.66" type="advmod">
        <attributes />
        <category tag="advmod" />
      </edge>
      <edge toID="1.68" type="dobj">
        <attributes />
        <category tag="dobj" />
      </edge>
    </node>
    <node ID="1.49" type="FN">
      <attributes />
      <edge toID="0.55" type="Terminal">
        <attributes />
        <category tag="Terminal" />
      </edge>
    </node>
    <node ID="1.50" type="FN">
      <attributes />
      <edge toID="0.72" type="Terminal">
        <attributes />
        <category tag="Terminal" />
      </edge>
    </node>
    <node ID="1.51" type="FN">
      <attributes />
      <edge toID="0.73" type="Terminal">
        <attributes />
        <category tag="Terminal" />
      </edge>
    </node>
    <node ID="1.52" type="FN">
      <attributes />
      <edge toID="1.53" type="head">
        <attributes />
        <category tag="head" />
      </edge>
      <edge toID="1.70" type="det">
        <attributes />
        <category tag="det" />
      </edge>
      <edge toID="1.71" type="prep">
        <attributes />
        <category tag="prep" />
      </edge>
    </node>
    <node ID="1.53" type="FN">
      <attributes />
      <edge toID="0.28" type="Terminal">
        <attributes />
        <category tag="Terminal" />
      </edge>
    </node>
    <node ID="1.54" type="FN">
      <attributes />
      <edge toID="0.32" type="Terminal">
        <attributes />
        <category tag="Terminal" />
      </edge>
    </node>
    <node ID="1.55" type="FN">
      <attributes />
      <edge toID="0.33" type="Terminal">
        <attributes />
        <category tag="Terminal" />
      </edge>
    </node>
    <node ID="1.56" type="FN">
      <attributes />
      <edge toID="0.38" type="Terminal">
        <attributes />
        <category tag="Terminal" />
      </edge>
    </node>
    <node ID="1.57" type="FN">
      <attributes />
      <edge toID="0.39" type="Terminal">
        <attributes />
        <category tag="Terminal" />
      </edge>
    </node>
    <node ID="1.58" type="FN">
      <attributes />
      <edge toID="1.59" type="head">
        <attributes />
        <category tag="head" />
      </edge>
      <edge toID="1.73" type="pobj">
        <attributes />
        <category tag="pobj" />
      </edge>
    </node>
    <node ID="1.59" type="FN">
      <attributes />
      <edge toID="0.41" type="Terminal">
        <attributes />
        <category tag="Terminal" />
      </edge>
    </node>
    <node ID="1.60" type="FN">
      <attributes />
      <edge toID="0.44" type="Terminal">
        <attributes />
        <category tag="Terminal" />
      </edge>
    </node>
    <node ID="1.61" type="FN">
      <attributes />
      <edge toID="1.62" type="head">
        <attributes />
        <category tag="head" />
      </edge>
      <edge toID="1.75" type="det">
        <attributes />
        <category tag="det" />
      </edge>
      <edge toID="1.76" type="amod">
        <attributes />
        <category tag="amod" />
      </edge>
      <edge toID="1.77" type="prep">
        <attributes />
        <category tag="prep" />
      </edge>
    </node>
    <node ID="1.62" type="FN">
      <attributes />
      <edge toID="0.48" type="Terminal">
        <attributes />
        <category tag="Terminal" />
      </edge>
    </node>
    <node ID="1.63" type="FN">
      <attributes />
      <edge toID="0.51" type="Terminal">
        <attributes />
        <category tag="Terminal" />
      </edge>
    </node>
    <node ID="1.64" type="FN">
      <attributes />
      <edge toID="0.53" type="Terminal">
        <attributes />
        <category tag="Terminal" />
      </edge>
    </node>
    <node ID="1.65" type="FN">
      <attributes />
      <edge toID="0.54" type="Terminal">
        <attributes />
        <category tag="Terminal" />
      </edge>
    </node>
    <node ID="1.66" type="FN">
      <attributes />
      <edge toID="1.67" type="head">
        <attributes />
        <category tag="head" />
      </edge>
      <edge toID="1.79" type="prep">
        <attributes />
        <category tag="prep" />
      </edge>
    </node>
    <node ID="1.67" type="FN">
      <attributes />
      <edge toID="0.56" type="Terminal">
        <attributes />
        <category tag="Terminal" />
      </edge>
    </node>
    <node ID="1.68" type="FN">
      <attributes />
      <edge toID="1.69" type="head">
        <attributes />
        <category tag="head" />
      </edge>
      <edge toID="1.81" type="amod">
        <attributes />
        <category tag="amod" />
      </edge>
      <edge toID="1.82" type="amod">
        <attributes />
        <category tag="amod" />
      </edge>
      <edge toID="1.83" type="predet">
        <attributes />
        <category tag="predet" />
      </edge>
      <edge toID="1.84" type="det">
        <attributes />
        <category tag="det" />
      </edge>
      <edge toID="1.85" type="prep">
        <attributes />
        <category tag="prep" />
      </edge>
    </node>
    <node ID="1.69" type="FN">
      <attributes />
      <edge toID="0.67" type="Terminal">
        <attributes />
        <category tag="Terminal" />
      </edge>
    </node>
    <node ID="1.70" type="FN">
      <attributes />
      <edge toID="0.27" type="Terminal">
        <attributes />
        <category tag="Terminal" />
      </edge>
    </node>
    <node ID="1.71" type="FN">
      <attributes />
      <edge toID="1.72" type="head">
        <attributes />
        <category tag="head" />
      </edge>
      <edge toID="1.87" type="pobj">
        <attributes />
        <category tag="pobj" />
      </edge>
    </node>
    <node ID="1.72" type="FN">
      <attributes />
      <edge toID="0.29" type="Terminal">
        <attributes />
        <category tag="Terminal" />
      </edge>
    </node>
    <node ID="1.73" type="FN">
      <attributes />
      <edge toID="1.74" type="head">
        <attributes />
        <category tag="head" />
      </edge>
      <edge toID="1.88" type="amod">
        <attributes />
        <category tag="amod" />
      </edge>
    </node>
    <node ID="1.74" type="FN">
      <attributes />
      <edge toID="0.43" type="Terminal">
        <attributes />
        <category tag="Terminal" />
      </edge>
    </node>
    <node ID="1.75" type="FN">
      <attributes />
      <edge toID="0.46" type="Terminal">
        <attributes />
        <category tag="Terminal" />
      </edge>
    </node>
    <node ID="1.76" type="FN">
      <attributes />
      <edge toID="0.47" type="Terminal">
        <attributes />
        <category tag="Terminal" />
      </edge>
    </node>
    <node ID="1.77" type="FN">
      <attributes />
      <edge toID="1.78" type="head">
        <attributes />
        <category tag="head" />
      </edge>
      <edge toID="1.89" type="pobj">
        <attributes />
        <category tag="pobj" />
      </edge>
    </node>
    <node ID="1.78" type="FN">
      <attributes />
      <edge toID="0.49" type="Terminal">
        <attributes />
        <category tag="Terminal" />
      </edge>
    </node>
    <node ID="1.79" type="FN">
      <attributes />
      <edge toID="1.80" type="head">
        <attributes />
        <category tag="head" />
      </edge>
      <edge toID="1.90" type="pobj">
        <attributes />
        <category tag="pobj" />
      </edge>
    </node>
    <node ID="1.80" type="FN">
      <attributes />
      <edge toID="0.57" type="Terminal">
        <attributes />
        <category tag="Terminal" />
      </edge>
    </node>
    <node ID="1.81" type="FN">
      <attributes />
      <edge toID="0.63" type="Terminal">
        <attributes />
        <category tag="Terminal" />
      </edge>
    </node>
    <node ID="1.82" type="FN">
      <attributes />
      <edge toID="0.64" type="Terminal">
        <attributes />
        <category tag="Terminal" />
      </edge>
    </node>
    <node ID="1.83" type="FN">
      <attributes />
      <edge toID="0.65" type="Terminal">
        <attributes />
        <category tag="Terminal" />
      </edge>
    </node>
    <node ID="1.84" type="FN">
      <attributes />
      <edge toID="0.66" type="Terminal">
        <attributes />
        <category tag="Terminal" />
      </edge>
    </node>
    <node ID="1.85" type="FN">
      <attributes />
      <edge toID="1.86" type="head">
        <attributes />
        <category tag="head" />
      </edge>
      <edge toID="1.92" type="pobj">
        <attributes />
        <category tag="pobj" />
      </edge>
    </node>
    <node ID="1.86" type="FN">
      <attributes />
      <edge toID="0.68" type="Terminal">
        <attributes />
        <category tag="Terminal" />
      </edge>
    </node>
    <node ID="1.87" type="FN">
      <attributes />
      <edge toID="0.30" type="Terminal">
        <attributes />
        <category tag="Terminal" />
      </edge>
    </node>
    <node ID="1.88" type="FN">
      <attributes />
      <edge toID="0.42" type="Terminal">
        <attributes />
        <category tag="Terminal" />
      </edge>
    </node>
    <node ID="1.89" type="FN">
      <attributes />
      <edge toID="0.50" type="Terminal">
        <attributes />
        <category tag="Terminal" />
      </edge>
    </node>
    <node ID="1.90" type="FN">
      <attributes />
      <edge toID="1.91" type="head">
        <attributes />
        <category tag="head" />
      </edge>
      <edge toID="1.94" type="det">
        <attributes />
        <category tag="det" />
      </edge>
      <edge toID="1.95" type="prep">
        <attributes />
        <category tag="prep" />
      </edge>
    </node>
    <node ID="1.91" type="FN">
      <attributes />
      <edge toID="0.59" type="Terminal">
        <attributes />
        <category tag="Terminal" />
      </edge>
    </node>
    <node ID="1.92" type="FN">
      <attributes />
      <edge toID="1.93" type="head">
        <attributes />
        <category tag="head" />
      </edge>
      <edge toID="1.97" type="poss">
        <attributes />
        <category tag="poss" />
      </edge>
      <edge toID="1.98" type="amod">
        <attributes />
        <category tag="amod" />
      </edge>
    </node>
    <node ID="1.93" type="FN">
      <attributes />
      <edge toID="0.71" type="Terminal">
        <attributes />
        <category tag="Terminal" />
      </edge>
    </node>
    <node ID="1.94" type="FN">
      <attributes />
      <edge toID="0.58" type="Terminal">
        <attributes />
        <category tag="Terminal" />
      </edge>
    </node>
    <node ID="1.95" type="FN">
      <attributes />
      <edge toID="1.96" type="head">
        <attributes />
        <category tag="head" />
      </edge>
      <edge toID="1.99" type="pobj">
        <attributes />
        <category tag="pobj" />
      </edge>
    </node>
    <node ID="1.96" type="FN">
      <attributes />
      <edge toID="0.60" type="Terminal">
        <attributes />
        <category tag="Terminal" />
      </edge>
    </node>
    <node ID="1.97" type="FN">
      <attributes />
      <edge toID="0.69" type="Terminal">
        <attributes />
        <category tag="Terminal" />
      </edge>
    </node>
    <node ID="1.98" type="FN">
      <attributes />
      <edge toID="0.70" type="Terminal">
        <attributes />
        <category tag="Terminal" />
      </edge>
    </node>
    <node ID="1.99" type="FN">
      <attributes />
      <edge toID="1.100" type="head">
        <attributes />
        <category tag="head" />
      </edge>
      <edge toID="1.101" type="nn">
        <attributes />
        <category tag="nn" />
      </edge>
    </node>
    <node ID="1.100" type="FN">
      <attributes />
      <edge toID="0.62" type="Terminal">
        <attributes />
        <category tag="Terminal" />
      </edge>
    </node>
    <node ID="1.101" type="FN">
      <attributes />
      <edge toID="0.61" type="Terminal">
        <attributes />
        <category tag="Terminal" />
      </edge>
    </node>
  </layer>
</root>
