<root annotationID="0" passageID="839001">
  <attributes />
  <extra format="conllu" />
  <layer layerID="0">
    <attributes />
    <node ID="0.1" type="Word">
      <attributes paragraph="1" paragraph_position="1" text="And" />
      <extra enhanced="_" features="_" frame="_" lemma="_" pos="CC" tag="CC" />
    </node>
    <node ID="0.2" type="Word">
      <attributes paragraph="1" paragraph_position="2" text="so" />
      <extra enhanced="_" features="_" frame="_" lemma="_" pos="RB" tag="RB" />
    </node>
    <node ID="0.3" type="Word">
      <attributes paragraph="1" paragraph_position="3" text="if" />
      <extra enhanced="_" features="_" frame="_" lemma="_" pos="IN" tag="IN" />
    </node>
    <node ID="0.4" type="Word">
      <attributes paragraph="1" paragraph_position="4" text="I" />
      <extra enhanced="_" features="_" frame="_" lemma="_" pos="PRP" tag="PRP" />
    </node>
    <node ID="0.5" type="Word">
      <attributes paragraph="1" paragraph_position="5" text="'d" />
      <extra enhanced="_" features="_" frame="_" lemma="_" pos="VBD" tag="VBD" />
    </node>
    <node ID="0.6" type="Word">
      <attributes paragraph="1" paragraph_position="6" text="been" />
      <extra enhanced="_" features="_" frame="_" lemma="_" pos="VBN" tag="VBN" />
    </node>
    <node ID="0.7" type="Word">
      <attributes paragraph="1" paragraph_position="7" text="delayed" />
      <extra enhanced="_" features="_" frame="_" lemma="_" pos="VBN" tag="VBN" />
    </node>
    <node ID="0.8" type="Word">
      <attributes paragraph="1" paragraph_position="8" text="by" />
      <extra enhanced="_" features="_" frame="_" lemma="_" pos="IN" tag="IN" />
    </node>
    <node ID="0.9" type="Word">
      <attributes paragraph="1" paragraph_position="9" text="a" />
      <extra enhanced="_" features="_" frame="_" lemma="_" pos="DT" tag="DT" />
    </node>
    <node ID="0.10" type="Word">
      <attributes paragraph="1" paragraph_position="10" text="quarter" />
      <extra enhanced="_" features="_" frame="_" lemma="_" pos="NN" tag="NN" />
    </node>
    <node ID="0.11" type="Word">
      <attributes paragraph="1" paragraph_position="11" text="of" />
      <extra enhanced="_" features="_" frame="_" lemma="_" pos="IN" tag="IN" />
    </node>
    <node ID="0.12" type="Word">
      <attributes paragraph="1" paragraph_position="12" text="an" />
      <extra enhanced="_" features="_" frame="_" lemma="_" pos="DT" tag="DT" />
    </node>
    <node ID="0.13" type="Word">
      <attributes paragraph="1" paragraph_position="13" text="hour" />
      <extra enhanced="_" features="_" frame="_" lemma="_" pos="NN" tag="NN" />
    </node>
    <node ID="0.14" type="Word">
      <attributes paragraph="1" paragraph_position="14" text="or" />
      <extra enhanced="_" features="_" frame="_" lemma="_" pos="CC" tag="CC" />
    </node>
    <node ID="0.15" type="Word">
      <attributes paragraph="1" paragraph_position="15" text="even" />
      <extra enhanced="_" features="_" frame="_" lemma="_" pos="RB" tag="RB" />
    </node>
    <node ID="0.16" type="Word">
      <attributes paragraph="1" paragraph_position="16" text="less" />
      <extra enhanced="_" features="_" frame="_" lemma="_" pos="JJR" tag="JJR" />
    </node>
    <node ID="0.17" type="Word">
      <attributes paragraph="1" paragraph_position="17" text="," />
      <extra enhanced="_" features="_" frame="_" lemma="_" pos="," tag="," />
    </node>
    <node ID="0.18" type="Word">
      <attributes paragraph="1" paragraph_position="18" text="the" />
      <extra enhanced="_" features="_" frame="_" lemma="_" pos="DT" tag="DT" />
    </node>
    <node ID="0.19" type="Word">
      <attributes paragraph="1" paragraph_position="19" text="frigate" />
      <extra enhanced="_" features="_" frame="_" lemma="_" pos="NN" tag="NN" />
    </node>
    <node ID="0.20" type="Word">
      <attributes paragraph="1" paragraph_position="20" text="would" />
      <extra enhanced="_" features="_" frame="_" lemma="_" pos="MD" tag="MD" />
    </node>
    <node ID="0.21" type="Word">
      <attributes paragraph="1" paragraph_position="21" text="have" />
      <extra enhanced="_" features="_" frame="_" lemma="_" pos="VB" tag="VB" />
    </node>
    <node ID="0.22" type="Word">
      <attributes paragraph="1" paragraph_position="22" text="gone" />
      <extra enhanced="_" features="_" frame="_" lemma="_" pos="VBN" tag="VBN" />
    </node>
    <node ID="0.23" type="Word">
      <attributes paragraph="1" paragraph_position="23" text="without" />
      <extra enhanced="_" features="_" frame="_" lemma="_" pos="IN" tag="IN" />
    </node>
    <node ID="0.24" type="Word">
      <attributes paragraph="1" paragraph_position="24" text="me" />
      <extra enhanced="_" features="_" frame="_" lemma="_" pos="PRP" tag="PRP" />
    </node>
    <node ID="0.25" type="Word">
      <attributes paragraph="1" paragraph_position="25" text="," />
      <extra enhanced="_" features="_" frame="_" lemma="_" pos="," tag="," />
    </node>
    <node ID="0.26" type="Word">
      <attributes paragraph="1" paragraph_position="26" text="and" />
      <extra enhanced="_" features="_" frame="_" lemma="_" pos="CC" tag="CC" />
    </node>
    <node ID="0.27" type="Word">
      <attributes paragraph="1" paragraph_position="27" text="I" />
      <extra enhanced="_" features="_" frame="_" lemma="_" pos="PRP" tag="PRP" />
    </node>
    <node ID="0.28" type="Word">
      <attributes paragraph="1" paragraph_position="28" text="would" />
      <extra enhanced="_" features="_" frame="_" lemma="_" pos="MD" tag="MD" />
    </node>
    <node ID="0.29" type="Word">
      <attributes paragraph="1" paragraph_position="29" text="have" />
      <extra enhanced="_" features="_" frame="_" lemma="_" pos="VB" tag="VB" />
    </node>
    <node ID="0.30" type="Word">
      <attributes paragraph="1" paragraph_position="30" text="missed" />
      <extra enhanced="_" features="_" frame="_" lemma="_" pos="VBN" tag="VBN" />
    </node>
    <node ID="0.31" type="Word">
      <attributes paragraph="1" paragraph_position="31" text="out" />
      <extra enhanced="_" features="_" frame="_" lemma="_" pos="RP" tag="RP" />
    </node>
    <node ID="0.32" type="Word">
      <attributes paragraph="1" paragraph_position="32" text="on" />
      <extra enhanced="_" features="_" frame="_" lemma="_" pos="IN" tag="IN" />
    </node>
    <node ID="0.33" type="Word">
      <attributes paragraph="1" paragraph_position="33" text="this" />
      <extra enhanced="_" features="_" frame="_" lemma="_" pos="DT" tag="DT" />
    </node>
    <node ID="0.34" type="Word">
      <attributes paragraph="1" paragraph_position="34" text="unearthly" />
      <extra enhanced="_" features="_" frame="_" lemma="_" pos="JJ" tag="JJ" />
    </node>
    <node ID="0.35" type="Word">
      <attributes paragraph="1" paragraph_position="35" text="," />
      <extra enhanced="_" features="_" frame="_" lemma="_" pos="," tag="," />
    </node>
    <node ID="0.36" type="Word">
      <attributes paragraph="1" paragraph_position="36" text="extraordinary" />
      <extra enhanced="_" features="_" frame="_" lemma="_" pos="JJ" tag="JJ" />
    </node>
    <node ID="0.37" type="Word">
      <attributes paragraph="1" paragraph_position="37" text="," />
      <extra enhanced="_" features="_" frame="_" lemma="_" pos="," tag="," />
    </node>
    <node ID="0.38" type="Word">
      <attributes paragraph="1" paragraph_position="38" text="and" />
      <extra enhanced="_" features="_" frame="_" lemma="_" pos="CC" tag="CC" />
    </node>
    <node ID="0.39" type="Word">
      <attributes paragraph="1" paragraph_position="39" text="inconceivable" />
      <extra enhanced="_" features="_" frame="_" lemma="_" pos="JJ" tag="JJ" />
    </node>
    <node ID="0.40" type="Word">
      <attributes paragraph="1" paragraph_position="40" text="expedition" />
      <extra enhanced="_" features="_" frame="_" lemma="_" pos="NN" tag="NN" />
    </node>
    <node ID="0.41" type="Word">
      <attributes paragraph="1" paragraph_position="41" text="," />
      <extra enhanced="_" features="_" frame="_" lemma="_" pos="," tag="," />
    </node>
    <node ID="0.42" type="Word">
      <attributes paragraph="1" paragraph_position="42" text="whose" />
      <extra enhanced="_" features="_" frame="_" lemma="_" pos="WP$" tag="WP$" />
    </node>
    <node ID="0.43" type="Word">
      <attributes paragraph="1" paragraph_position="43" text="true" />
      <extra enhanced="_" features="_" frame="_" lemma="_" pos="JJ" tag="JJ" />
    </node>
    <node ID="0.44" type="Word">
      <attributes paragraph="1" paragraph_position="44" text="story" />
      <extra enhanced="_" features="_" frame="_" lemma="_" pos="NN" tag="NN" />
    </node>
    <node ID="0.45" type="Word">
      <attributes paragraph="1" paragraph_position="45" text="might" />
      <extra enhanced="_" features="_" frame="_" lemma="_" pos="MD" tag="MD" />
    </node>
    <node ID="0.46" type="Word">
      <attributes paragraph="1" paragraph_position="46" text="well" />
      <extra enhanced="_" features="_" frame="_" lemma="_" pos="RB" tag="RB" />
    </node>
    <node ID="0.47" type="Word">
      <attributes paragraph="1" paragraph_position="47" text="meet" />
      <extra enhanced="_" features="_" frame="_" lemma="_" pos="VB" tag="VB" />
    </node>
    <node ID="0.48" type="Word">
      <attributes paragraph="1" paragraph_position="48" text="with" />
      <extra enhanced="_" features="_" frame="_" lemma="_" pos="IN" tag="IN" />
    </node>
    <node ID="0.49" type="Word">
      <attributes paragraph="1" paragraph_position="49" text="some" />
      <extra enhanced="_" features="_" frame="_" lemma="_" pos="DT" tag="DT" />
    </node>
    <node ID="0.50" type="Word">
      <attributes paragraph="1" paragraph_position="50" text="skepticism" />
      <extra enhanced="_" features="_" frame="_" lemma="_" pos="NN" tag="NN" />
    </node>
    <node ID="0.51" type="Word">
      <attributes paragraph="1" paragraph_position="51" text="." />
      <extra enhanced="_" features="_" frame="_" lemma="_" pos="." tag="." />
    </node>
  </layer>
  <layer layerID="1">
    <attributes />
    <node ID="1.1" type="FN">
      <attributes />
      <edge toID="1.2" type="cc">
        <attributes />
        <category tag="cc" />
      </edge>
      <edge toID="1.3" type="mark">
        <attributes />
        <category tag="mark" />
      </edge>
      <edge toID="1.4" type="advcl">
        <attributes />
        <category tag="advcl" />
      </edge>
      <edge toID="1.6" type="head">
        <attributes />
        <category tag="head" />
      </edge>
      <edge toID="1.8" type="conj">
        <attributes />
        <category tag="conj" />
      </edge>
    </node>
    <node ID="1.2" type="FN">
      <attributes />
      <edge toID="0.1" type="Terminal">
        <attributes />
        <category tag="Terminal" />
      </edge>
    </node>
    <node ID="1.3" type="FN">
      <attributes />
      <edge toID="0.3" type="Terminal">
        <attributes />
        <category tag="Terminal" />
      </edge>
    </node>
    <node ID="1.4" type="FN">
      <attributes />
      <edge toID="1.5" type="head">
        <attributes />
        <category tag="head" />
      </edge>
      <edge toID="1.11" type="nsubjpass">
        <attributes />
        <category tag="nsubjpass" />
      </edge>
      <edge toID="1.12" type="aux">
        <attributes />
        <category tag="aux" />
      </edge>
      <edge toID="1.13" type="auxpass">
        <attributes />
        <category tag="auxpass" />
      </edge>
      <edge toID="1.14" type="prep">
        <attributes />
        <category tag="prep" />
      </edge>
    </node>
    <node ID="1.5" type="FN">
      <attributes />
      <edge toID="0.7" type="Terminal">
        <attributes />
        <category tag="Terminal" />
      </edge>
    </node>
    <node ID="1.6" type="FN">
      <attributes />
      <edge toID="1.7" type="head">
        <attributes />
        <category tag="head" />
      </edge>
      <edge toID="1.10" type="advmod">
        <attributes />
        <category tag="advmod" />
      </edge>
      <edge toID="1.16" type="U">
        <attributes />
        <category tag="U" />
      </edge>
      <edge toID="1.17" type="nsubj">
        <attributes />
        <category tag="nsubj" />
      </edge>
      <edge toID="1.19" type="aux">
        <attributes />
        <category tag="aux" />
      </edge>
      <edge toID="1.20" type="aux">
        <attributes />
        <category tag="aux" />
      </edge>
      <edge toID="1.21" type="prep">
        <attributes />
        <category tag="prep" />
      </edge>
      <edge toID="1.23" type="U">
        <attributes />
        <category tag="U" />
      </edge>
      <edge toID="1.24" type="cc">
        <attributes />
        <category tag="cc" />
      </edge>
      <edge toID="1.31" type="U">
        <attributes />
        <category tag="U" />
      </edge>
    </node>
    <node ID="1.7" type="FN">
      <attributes />
      <edge toID="0.22" type="Terminal">
        <attributes />
        <category tag="Terminal" />
      </edge>
    </node>
    <node ID="1.8" type="FN">
      <attributes />
      <edge toID="1.9" type="head">
        <attributes />
        <category tag="head" />
      </edge>
      <edge toID="1.25" type="nsubj">
        <attributes />
        <category tag="nsubj" />
      </edge>
      <edge toID="1.26" type="aux">
        <attributes />
        <category tag="aux" />
      </edge>
      <edge toID="1.27" type="aux">
        <attributes />
        <category tag="aux" />
      </edge>
      <edge toID="1.28" type="prt">
        <attributes />
        <category tag="prt" />
      </edge>
      <edge toID="1.29" type="prep">
        <attributes />
        <category tag="prep" />
      </edge>
    </node>
    <node ID="1.9" type="FN">
      <attributes />
      <edge toID="0.30" type="Terminal">
        <attributes />
        <category tag="Terminal" />
      </edge>
    </node>
    <node ID="1.10" type="FN">
      <attributes />
      <edge toID="0.2" type="Terminal">
        <attributes />
        <category tag="Terminal" />
      </edge>
    </node>
    <node ID="1.11" type="FN">
      <attributes />
      <edge toID="0.4" type="Terminal">
        <attributes />
        <category tag="Terminal" />
      </edge>
    </node>
    <node ID="1.12" type="FN">
      <attributes />
      <edge toID="0.5" type="Terminal">
        <attributes />
        <category tag="Terminal" />
      </edge>
    </node>
    <node ID="1.13" type="FN">
      <attributes />
      <edge toID="0.6" type="Terminal">
        <attributes />
        <category tag="Terminal" />
      </edge>
    </node>
    <node ID="1.14" type="FN">
      <attributes />
      <edge toID="1.15" type="head">
        <attributes />
        <category tag="head" />
      </edge>
      <edge toID="1.32" type="pobj">
        <attributes />
        <category tag="pobj" />
      </edge>
    </node>
    <node ID="1.15" type="FN">
      <attributes />
      <edge toID="0.8" type="Terminal">
        <attributes />
        <category tag="Terminal" />
      </edge>
    </node>
    <node ID="1.16" type="FN">
      <attributes />
      <edge toID="0.17" type="Terminal">
        <attributes />
        <category tag="Terminal" />
      </edge>
    </node>
    <node ID="1.17" type="FN">
      <attributes />
      <edge toID="1.18" type="head">
        <attributes />
        <category tag="head" />
      </edge>
      <edge toID="1.34" type="det">
        <attributes />
        <category tag="det" />
      </edge>
    </node>
    <node ID="1.18" type="FN">
      <attributes />
      <edge toID="0.19" type="Terminal">
        <attributes />
        <category tag="Terminal" />
      </edge>
    </node>
    <node ID="1.19" type="FN">
      <attributes />
      <edge toID="0.20" type="Terminal">
        <attributes />
        <category tag="Terminal" />
      </edge>
    </node>
    <node ID="1.20" type="FN">
      <attributes />
      <edge toID="0.21" type="Terminal">
        <attributes />
        <category tag="Terminal" />
      </edge>
    </node>
    <node ID="1.21" type="FN">
      <attributes />
      <edge toID="1.22" type="head">
        <attributes />
        <category tag="head" />
      </edge>
      <edge toID="1.35" type="pobj">
        <attributes />
        <category tag="pobj" />
      </edge>
    </node>
    <node ID="1.22" type="FN">
      <attributes />
      <edge toID="0.23" type="Terminal">
        <attributes />
        <category tag="Terminal" />
      </edge>
    </node>
    <node ID="1.23" type="FN">
      <attributes />
      <edge toID="0.25" type="Terminal">
        <attributes />
        <category tag="Terminal" />
      </edge>
    </node>
    <node ID="1.24" type="FN">
      <attributes />
      <edge toID="0.26" type="Terminal">
        <attributes />
        <category tag="Terminal" />
      </edge>
    </node>
    <node ID="1.25" type="FN">
      <attributes />
      <edge toID="0.27" type="Terminal">
        <attributes />
        <category tag="Terminal" />
      </edge>
    </node>
    <node ID="1.26" type="FN">
      <attributes />
      <edge toID="0.28" type="Terminal">
        <attributes />
        <category tag="Terminal" />
      </edge>
    </node>
    <node ID="1.27" type="FN">
      <attributes />
      <edge toID="0.29" type="Terminal">
        <attributes />
        <category tag="Terminal" />
      </edge>
    </node>
    <node ID="1.28" type="FN">
      <attributes />
      <edge toID="0.31" type="Terminal">
        <attributes />
        <category tag="Terminal" />
      </edge>
    </node>
    <node ID="1.29" type="FN">
      <attributes />
      <edge toID="1.30" type="head">
        <attributes />
        <category tag="head" />
      </edge>
      <edge toID="1.36" type="pobj">
        <attributes />
        <category tag="pobj" />
      </edge>
    </node>
    <node ID="1.30" type="FN">
      <attributes />
      <edge toID="0.32" type="Terminal">
        <attributes />
        <category tag="Terminal" />
      </edge>
    </node>
    <node ID="1.31" type="FN">
      <attributes />
      <edge toID="0.51" type="Terminal">
        <attributes />
        <category tag="Terminal" />
      </edge>
    </node>
    <node ID="1.32" type="FN">
      <attributes />
      <edge toID="1.33" type="head">
        <attributes />
        <category tag="head" />
      </edge>
      <edge toID="1.38" type="det">
        <attributes />
        <category tag="det" />
      </edge>
      <edge toID="1.39" type="prep">
        <attributes />
        <category tag="prep" />
      </edge>
    </node>
    <node ID="1.33" type="FN">
      <attributes />
      <edge toID="0.10" type="Terminal">
        <attributes />
        <category tag="Terminal" />
      </edge>
    </node>
    <node ID="1.34" type="FN">
      <attributes />
      <edge toID="0.18" type="Terminal">
        <attributes />
        <category tag="Terminal" />
      </edge>
    </node>
    <node ID="1.35" type="FN">
      <attributes />
      <edge toID="0.24" type="Terminal">
        <attributes />
        <category tag="Terminal" />
      </edge>
    </node>
    <node ID="1.36" type="FN">
      <attributes />
      <edge toID="1.37" type="head">
        <attributes />
        <category tag="head" />
      </edge>
      <edge toID="1.41" type="det">
        <attributes />
        <category tag="det" />
      </edge>
      <edge toID="1.42" type="amod">
        <attributes />
        <category tag="amod" />
      </edge>
      <edge toID="1.44" type="U">
        <attributes />
        <category tag="U" />
      </edge>
      <edge toID="1.45" type="rcmod">
        <attributes />
        <category tag="rcmod" />
      </edge>
    </node>
    <node ID="1.37" type="FN">
      <attributes />
      <edge toID="0.40" type="Terminal">
        <attributes />
        <category tag="Terminal" />
      </edge>
    </node>
    <node ID="1.38" type="FN">
      <attributes />
      <edge toID="0.9" type="Terminal">
        <attributes />
        <category tag="Terminal" />
      </edge>
    </node>
    <node ID="1.39" type="FN">
      <attributes />
      <edge toID="1.40" type="head">
        <attributes />
        <category tag="head" />
      </edge>
      <edge toID="1.47" type="pobj">
        <attributes />
        <category tag="pobj" />
      </edge>
    </node>
    <node ID="1.40" type="FN">
      <attributes />
      <edge toID="0.11" type="Terminal">
        <attributes />
        <category tag="Terminal" />
      </edge>
    </node>
    <node ID="1.41" type="FN">
      <attributes />
      <edge toID="0.33" type="Terminal">
        <attributes />
        <category tag="Terminal" />
      </edge>
    </node>
    <node ID="1.42" type="FN">
      <attributes />
      <edge toID="1.43" type="head">
        <attributes />
        <category tag="head" />
      </edge>
      <edge toID="1.49" type="U">
        <attributes />
        <category tag="U" />
      </edge>
      <edge toID="1.50" type="conj">
        <attributes />
        <category tag="conj" />
      </edge>
      <edge toID="1.51" type="U">
        <attributes />
        <category tag="U" />
      </edge>
      <edge toID="1.52" type="cc">
        <attributes />
        <category tag="cc" />
      </edge>
      <edge toID="1.53" type="conj">
        <attributes />
        <category tag="conj" />
      </edge>
    </node>
    <node ID="1.43" type="FN">
      <attributes />
      <edge toID="0.34" type="Terminal">
        <attributes />
        <category tag="Terminal" />
      </edge>
    </node>
    <node ID="1.44" type="FN">
      <attributes />
      <edge toID="0.41" type="Terminal">
        <attributes />
        <category tag="Terminal" />
      </edge>
    </node>
    <node ID="1.45" type="FN">
      <attributes />
      <edge toID="1.46" type="head">
        <attributes />
        <category tag="head" />
      </edge>
      <edge toID="1.54" type="nsubj">
        <attributes />
        <category tag="nsubj" />
      </edge>
      <edge toID="1.56" type="aux">
        <attributes />
        <category tag="aux" />
      </edge>
      <edge toID="1.57" type="advmod">
        <attributes />
        <category tag="advmod" />
      </edge>
      <edge toID="1.58" type="prep">
        <attributes />
        <category tag="prep" />
      </edge>
    </node>
    <node ID="1.46" type="FN">
      <attributes />
      <edge toID="0.47" type="Terminal">
        <attributes />
        <category tag="Terminal" />
      </edge>
    </node>
    <node ID="1.47" type="FN">
      <attributes />
      <edge toID="1.48" type="head">
        <attributes />
        <category tag="head" />
      </edge>
      <edge toID="1.60" type="det">
        <attributes />
        <category tag="det" />
      </edge>
      <edge toID="1.61" type="cc">
        <attributes />
        <category tag="cc" />
      </edge>
      <edge toID="1.62" type="advmod">
        <attributes />
        <category tag="advmod" />
      </edge>
    </node>
    <node ID="1.48" type="FN">
      <attributes />
      <edge toID="0.13" type="Terminal">
        <attributes />
        <category tag="Terminal" />
      </edge>
    </node>
    <node ID="1.49" type="FN">
      <attributes />
      <edge toID="0.35" type="Terminal">
        <attributes />
        <category tag="Terminal" />
      </edge>
    </node>
    <node ID="1.50" type="FN">
      <attributes />
      <edge toID="0.36" type="Terminal">
        <attributes />
        <category tag="Terminal" />
      </edge>
    </node>
    <node ID="1.51" type="FN">
      <attributes />
      <edge toID="0.37" type="Terminal">
        <attributes />
        <category tag="Terminal" />
      </edge>
    </node>
    <node ID="1.52" type="FN">
      <attributes />
      <edge toID="0.38" type="Terminal">
        <attributes />
        <category tag="Terminal" />
      </edge>
    </node>
    <node ID="1.53" type="FN">
      <attributes />
      <edge toID="0.39" type="Terminal">
        <attributes />
        <category tag="Terminal" />
      </edge>
    </node>
    <node ID="1.54" type="FN">
      <attributes />
      <edge toID="1.55" type="head">
        <attributes />
        <category tag="head" />
      </edge>
      <edge toID="1.64" type="poss">
        <attributes />
        <category tag="poss" />
      </edge>
      <edge toID="1.65" type="amod">
        <attributes />
        <category tag="amod" />
      </edge>
    </node>
    <node ID="1.55" type="FN">
      <attributes />
      <edge toID="0.44" type="Terminal">
        <attributes />
        <category tag="Terminal" />
      </edge>
    </node>
    <node ID="1.56" type="FN">
      <attributes />
      <edge toID="0.45" type="Terminal">
        <attributes />
        <category tag="Terminal" />
      </edge>
    </node>
    <node ID="1.57" type="FN">
      <attributes />
      <edge toID="0.46" type="Terminal">
        <attributes />
        <category tag="Terminal" />
      </edge>
    </node>
    <node ID="1.58" type="FN">
      <attributes />
      <edge toID="1.59" type="head">
        <attributes />
        <category tag="head" />
      </edge>
      <edge toID="1.66" type="pobj">
        <attributes />
        <category tag="pobj" />
      </edge>
    </node>
    <node ID="1.59" type="FN">
      <attributes />
      <edge toID="0.48" type="Terminal">
        <attributes />
        <category tag="Terminal" />
      </edge>
    </node>
    <node ID="1.60" type="FN">
      <attributes />
      <edge toID="0.12" type="Terminal">
        <attributes />
        <category tag="Terminal" />
      </edge>
    </node>
    <node ID="1.61" type="FN">
      <attributes />
      <edge toID="0.14" type="Terminal">
        <attributes />
        <category tag="Terminal" />
      </edge>
    </node>
    <node ID="1.62" type="FN">
      <attributes />
      <edge toID="1.63" type="head">
        <attributes />
        <category tag="head" />
      </edge>
      <edge toID="1.68" type="advmod">
        <attributes />
        <category tag="advmod" />
      </edge>
    </node>
    <node ID="1.63" type="FN">
      <attributes />
      <edge toID="0.16" type="Terminal">
        <attributes />
        <category tag="Terminal" />
      </edge>
    </node>
    <node ID="1.64" type="FN">
      <attributes />
      <edge toID="0.42" type="Terminal">
        <attributes />
        <category tag="Terminal" />
      </edge>
    </node>
    <node ID="1.65" type="FN">
      <attributes />
      <edge toID="0.43" type="Terminal">
        <attributes />
        <category tag="Terminal" />
      </edge>
    </node>
    <node ID="1.66" type="FN">
      <attributes />
      <edge toID="1.67" type="head">
        <attributes />
        <category tag="head" />
      </edge>
      <edge toID="1.69" type="det">
        <attributes />
        <category tag="det" />
      </edge>
    </node>
    <node ID="1.67" type="FN">
      <attributes />
      <edge toID="0.50" type="Terminal">
        <attributes />
        <category tag="Terminal" />
      </edge>
    </node>
    <node ID="1.68" type="FN">
      <attributes />
      <edge toID="0.15" type="Terminal">
        <attributes />
        <category tag="Terminal" />
      </edge>
    </node>
    <node ID="1.69" type="FN">
      <attributes />
      <edge toID="0.49" type="Terminal">
        <attributes />
        <category tag="Terminal" />
      </edge>
    </node>
  </layer>
</root>
