<root annotationID="0" passageID="887000">
  <attributes />
  <extra format="conllu" />
  <layer layerID="0">
    <attributes />
    <node ID="0.1" type="Word">
      <attributes paragraph="1" paragraph_position="1" text="Ned" />
      <extra enhanced="_" features="_" frame="_" lemma="_" pos="NNP" tag="NNP" />
    </node>
    <node ID="0.2" type="Word">
      <attributes paragraph="1" paragraph_position="2" text="Land" />
      <extra enhanced="_" features="_" frame="_" lemma="_" pos="NNP" tag="NNP" />
    </node>
    <node ID="0.3" type="Word">
      <attributes paragraph="1" paragraph_position="3" text="was" />
      <extra enhanced="_" features="_" frame="_" lemma="_" pos="VBD" tag="VBD" />
    </node>
    <node ID="0.4" type="Word">
      <attributes paragraph="1" paragraph_position="4" text="about" />
      <extra enhanced="_" features="_" frame="_" lemma="_" pos="RB" tag="RB" />
    </node>
    <node ID="0.5" type="Word">
      <attributes paragraph="1" paragraph_position="5" text="forty" />
      <extra enhanced="_" features="_" frame="_" lemma="_" pos="CD" tag="CD" />
    </node>
    <node ID="0.6" type="Word">
      <attributes paragraph="1" paragraph_position="6" text="years" />
      <extra enhanced="_" features="_" frame="_" lemma="_" pos="NNS" tag="NNS" />
    </node>
    <node ID="0.7" type="Word">
      <attributes paragraph="1" paragraph_position="7" text="old" />
      <extra enhanced="_" features="_" frame="_" lemma="_" pos="JJ" tag="JJ" />
    </node>
    <node ID="0.8" type="Word">
      <attributes paragraph="1" paragraph_position="8" text="." />
      <extra enhanced="_" features="_" frame="_" lemma="_" pos="." tag="." />
    </node>
  </layer>
  <layer layerID="1">
    <attributes />
    <node ID="1.1" type="FN">
      <attributes />
      <edge toID="1.2" type="head">
        <attributes />
        <category tag="head" />
      </edge>
    </node>
    <node ID="1.2" type="FN">
      <attributes />
      <edge toID="1.3" type="head">
        <attributes />
        <category tag="head" />
      </edge>
      <edge toID="1.4" type="nsubj">
        <attributes />
        <category tag="nsubj" />
      </edge>
      <edge toID="1.6" type="cop">
        <attributes />
        <category tag="cop" />
      </edge>
      <edge toID="1.7" type="npadvmod">
        <attributes />
        <category tag="npadvmod" />
      </edge>
      <edge toID="1.9" type="U">
        <attributes />
        <category tag="U" />
      </edge>
    </node>
    <node ID="1.3" type="FN">
      <attributes />
      <edge toID="0.7" type="Terminal">
        <attributes />
        <category tag="Terminal" />
      </edge>
    </node>
    <node ID="1.4" type="FN">
      <attributes />
      <edge toID="1.5" type="head">
        <attributes />
        <category tag="head" />
      </edge>
      <edge toID="1.10" type="nn">
        <attributes />
        <category tag="nn" />
      </edge>
    </node>
    <node ID="1.5" type="FN">
      <attributes />
      <edge toID="0.2" type="Terminal">
        <attributes />
        <category tag="Terminal" />
      </edge>
    </node>
    <node ID="1.6" type="FN">
      <attributes />
      <edge toID="0.3" type="Terminal">
        <attributes />
        <category tag="Terminal" />
      </edge>
    </node>
    <node ID="1.7" type="FN">
      <attributes />
      <edge toID="1.8" type="head">
        <attributes />
        <category tag="head" />
      </edge>
      <edge toID="1.11" type="num">
        <attributes />
        <category tag="num" />
      </edge>
    </node>
    <node ID="1.8" type="FN">
      <attributes />
      <edge toID="0.6" type="Terminal">
        <attributes />
        <category tag="Terminal" />
      </edge>
    </node>
    <node ID="1.9" type="FN">
      <attributes />
      <edge toID="0.8" type="Terminal">
        <attributes />
        <category tag="Terminal" />
      </edge>
    </node>
    <node ID="1.10" type="FN">
      <attributes />
      <edge toID="0.1" type="Terminal">
        <attributes />
        <category tag="Terminal" />
      </edge>
    </node>
    <node ID="1.11" type="FN">
      <attributes />
      <edge toID="1.12" type="head">
        <attributes />
        <category tag="head" />
      </edge>
      <edge toID="1.13" type="quantmod">
        <attributes />
        <category tag="quantmod" />
      </edge>
    </node>
    <node ID="1.12" type="FN">
      <attributes />
      <edge toID="0.5" type="Terminal">
        <attributes />
        <category tag="Terminal" />
      </edge>
    </node>
    <node ID="1.13" type="FN">
      <attributes />
      <edge toID="0.4" type="Terminal">
        <attributes />
        <category tag="Terminal" />
      </edge>
    </node>
  </layer>
</root>
