<root annotationID="0" passageID="983000">
  <attributes />
  <extra format="conllu" />
  <layer layerID="0">
    <attributes />
    <node ID="0.1" type="Word">
      <attributes paragraph="1" paragraph_position="1" text="We" />
      <extra enhanced="_" features="_" frame="_" lemma="_" pos="PRP" tag="PRP" />
    </node>
    <node ID="0.2" type="Word">
      <attributes paragraph="1" paragraph_position="2" text="were" />
      <extra enhanced="_" features="_" frame="_" lemma="_" pos="VBD" tag="VBD" />
    </node>
    <node ID="0.3" type="Word">
      <attributes paragraph="1" paragraph_position="3" text="finally" />
      <extra enhanced="_" features="_" frame="_" lemma="_" pos="RB" tag="RB" />
    </node>
    <node ID="0.4" type="Word">
      <attributes paragraph="1" paragraph_position="4" text="in" />
      <extra enhanced="_" features="_" frame="_" lemma="_" pos="IN" tag="IN" />
    </node>
    <node ID="0.5" type="Word">
      <attributes paragraph="1" paragraph_position="5" text="the" />
      <extra enhanced="_" features="_" frame="_" lemma="_" pos="DT" tag="DT" />
    </node>
    <node ID="0.6" type="Word">
      <attributes paragraph="1" paragraph_position="6" text="area" />
      <extra enhanced="_" features="_" frame="_" lemma="_" pos="NN" tag="NN" />
    </node>
    <node ID="0.7" type="Word">
      <attributes paragraph="1" paragraph_position="7" text="of" />
      <extra enhanced="_" features="_" frame="_" lemma="_" pos="IN" tag="IN" />
    </node>
    <node ID="0.8" type="Word">
      <attributes paragraph="1" paragraph_position="8" text="the" />
      <extra enhanced="_" features="_" frame="_" lemma="_" pos="DT" tag="DT" />
    </node>
    <node ID="0.9" type="Word">
      <attributes paragraph="1" paragraph_position="9" text="monster" />
      <extra enhanced="_" features="_" frame="_" lemma="_" pos="NN" tag="NN" />
    </node>
    <node ID="0.10" type="Word">
      <attributes paragraph="1" paragraph_position="10" text="'s" />
      <extra enhanced="_" features="_" frame="_" lemma="_" pos="POS" tag="POS" />
    </node>
    <node ID="0.11" type="Word">
      <attributes paragraph="1" paragraph_position="11" text="latest" />
      <extra enhanced="_" features="_" frame="_" lemma="_" pos="JJS" tag="JJS" />
    </node>
    <node ID="0.12" type="Word">
      <attributes paragraph="1" paragraph_position="12" text="antics" />
      <extra enhanced="_" features="_" frame="_" lemma="_" pos="NNS" tag="NNS" />
    </node>
    <node ID="0.13" type="Word">
      <attributes paragraph="1" paragraph_position="13" text="!" />
      <extra enhanced="_" features="_" frame="_" lemma="_" pos="." tag="." />
    </node>
  </layer>
  <layer layerID="1">
    <attributes />
    <node ID="1.1" type="FN">
      <attributes />
      <edge toID="1.2" type="head">
        <attributes />
        <category tag="head" />
      </edge>
    </node>
    <node ID="1.2" type="FN">
      <attributes />
      <edge toID="1.3" type="head">
        <attributes />
        <category tag="head" />
      </edge>
      <edge toID="1.4" type="nsubj">
        <attributes />
        <category tag="nsubj" />
      </edge>
      <edge toID="1.5" type="advmod">
        <attributes />
        <category tag="advmod" />
      </edge>
      <edge toID="1.6" type="prep">
        <attributes />
        <category tag="prep" />
      </edge>
      <edge toID="1.8" type="U">
        <attributes />
        <category tag="U" />
      </edge>
    </node>
    <node ID="1.3" type="FN">
      <attributes />
      <edge toID="0.2" type="Terminal">
        <attributes />
        <category tag="Terminal" />
      </edge>
    </node>
    <node ID="1.4" type="FN">
      <attributes />
      <edge toID="0.1" type="Terminal">
        <attributes />
        <category tag="Terminal" />
      </edge>
    </node>
    <node ID="1.5" type="FN">
      <attributes />
      <edge toID="0.3" type="Terminal">
        <attributes />
        <category tag="Terminal" />
      </edge>
    </node>
    <node ID="1.6" type="FN">
      <attributes />
      <edge toID="1.7" type="head">
        <attributes />
        <category tag="head" />
      </edge>
      <edge toID="1.9" type="pobj">
        <attributes />
        <category tag="pobj" />
      </edge>
    </node>
    <node ID="1.7" type="FN">
      <attributes />
      <edge toID="0.4" type="Terminal">
        <attributes />
        <category tag="Terminal" />
      </edge>
    </node>
    <node ID="1.8" type="FN">
      <attributes />
      <edge toID="0.13" type="Terminal">
        <attributes />
        <category tag="Terminal" />
      </edge>
    </node>
    <node ID="1.9" type="FN">
      <attributes />
      <edge toID="1.10" type="head">
        <attributes />
        <category tag="head" />
      </edge>
      <edge toID="1.11" type="det">
        <attributes />
        <category tag="det" />
      </edge>
      <edge toID="1.12" type="prep">
        <attributes />
        <category tag="prep" />
      </edge>
    </node>
    <node ID="1.10" type="FN">
      <attributes />
      <edge toID="0.6" type="Terminal">
        <attributes />
        <category tag="Terminal" />
      </edge>
    </node>
    <node ID="1.11" type="FN">
      <attributes />
      <edge toID="0.5" type="Terminal">
        <attributes />
        <category tag="Terminal" />
      </edge>
    </node>
    <node ID="1.12" type="FN">
      <attributes />
      <edge toID="1.13" type="head">
        <attributes />
        <category tag="head" />
      </edge>
      <edge toID="1.14" type="pobj">
        <attributes />
        <category tag="pobj" />
      </edge>
    </node>
    <node ID="1.13" type="FN">
      <attributes />
      <edge toID="0.7" type="Terminal">
        <attributes />
        <category tag="Terminal" />
      </edge>
    </node>
    <node ID="1.14" type="FN">
      <attributes />
      <edge toID="1.15" type="head">
        <attributes />
        <category tag="head" />
      </edge>
      <edge toID="1.16" type="poss">
        <attributes />
        <category tag="poss" />
      </edge>
      <edge toID="1.18" type="amod">
        <attributes />
        <category tag="amod" />
      </edge>
    </node>
    <node ID="1.15" type="FN">
      <attributes />
      <edge toID="0.12" type="Terminal">
        <attributes />
        <category tag="Terminal" />
      </edge>
    </node>
    <node ID="1.16" type="FN">
      <attributes />
      <edge toID="1.17" type="head">
        <attributes />
        <category tag="head" />
      </edge>
      <edge toID="1.19" type="det">
        <attributes />
        <category tag="det" />
      </edge>
      <edge toID="1.20" type="possessive">
        <attributes />
        <category tag="possessive" />
      </edge>
    </node>
    <node ID="1.17" type="FN">
      <attributes />
      <edge toID="0.9" type="Terminal">
        <attributes />
        <category tag="Terminal" />
      </edge>
    </node>
    <node ID="1.18" type="FN">
      <attributes />
      <edge toID="0.11" type="Terminal">
        <attributes />
        <category tag="Terminal" />
      </edge>
    </node>
    <node ID="1.19" type="FN">
      <attributes />
      <edge toID="0.8" type="Terminal">
        <attributes />
        <category tag="Terminal" />
      </edge>
    </node>
    <node ID="1.20" type="FN">
      <attributes />
      <edge toID="0.10" type="Terminal">
        <attributes />
        <category tag="Terminal" />
      </edge>
    </node>
  </layer>
</root>
