<root annotationID="0" passageID="302000">
	<attributes/>
	<layer layerID="0">
		<attributes/>
		<node ID="0.1" type="Punctuation">
			<attributes paragraph="1" paragraph_position="1" text='"'/>
		</node>
		<node ID="0.2" type="Word">
			<attributes paragraph="1" paragraph_position="2" text="If"/>
		</node>
		<node ID="0.3" type="Word">
			<attributes paragraph="1" paragraph_position="3" text="we"/>
		</node>
		<node ID="0.4" type="Word">
			<attributes paragraph="1" paragraph_position="4" text="do"/>
		</node>
		<node ID="0.5" type="Word">
			<attributes paragraph="1" paragraph_position="5" text="not"/>
		</node>
		<node ID="0.6" type="Word">
			<attributes paragraph="1" paragraph_position="6" text="know"/>
		</node>
		<node ID="0.7" type="Word">
			<attributes paragraph="1" paragraph_position="7" text="every"/>
		</node>
		<node ID="0.8" type="Word">
			<attributes paragraph="1" paragraph_position="8" text="one"/>
		</node>
		<node ID="0.9" type="Word">
			<attributes paragraph="1" paragraph_position="9" text="of"/>
		</node>
		<node ID="0.10" type="Word">
			<attributes paragraph="1" paragraph_position="10" text="them"/>
		</node>
		<node ID="0.11" type="Punctuation">
			<attributes paragraph="1" paragraph_position="11" text=","/>
		</node>
		<node ID="0.12" type="Word">
			<attributes paragraph="1" paragraph_position="12" text="if"/>
		</node>
		<node ID="0.13" type="Word">
			<attributes paragraph="1" paragraph_position="13" text="nature"/>
		</node>
		<node ID="0.14" type="Word">
			<attributes paragraph="1" paragraph_position="14" text="still"/>
		</node>
		<node ID="0.15" type="Word">
			<attributes paragraph="1" paragraph_position="15" text="keeps"/>
		</node>
		<node ID="0.16" type="Word">
			<attributes paragraph="1" paragraph_position="16" text="ichthyological"/>
		</node>
		<node ID="0.17" type="Word">
			<attributes paragraph="1" paragraph_position="17" text="secrets"/>
		</node>
		<node ID="0.18" type="Word">
			<attributes paragraph="1" paragraph_position="18" text="from"/>
		</node>
		<node ID="0.19" type="Word">
			<attributes paragraph="1" paragraph_position="19" text="us"/>
		</node>
		<node ID="0.20" type="Punctuation">
			<attributes paragraph="1" paragraph_position="20" text=","/>
		</node>
		<node ID="0.21" type="Word">
			<attributes paragraph="1" paragraph_position="21" text="nothing"/>
		</node>
		<node ID="0.22" type="Word">
			<attributes paragraph="1" paragraph_position="22" text="is"/>
		</node>
		<node ID="0.23" type="Word">
			<attributes paragraph="1" paragraph_position="23" text="more"/>
		</node>
		<node ID="0.24" type="Word">
			<attributes paragraph="1" paragraph_position="24" text="admissible"/>
		</node>
		<node ID="0.25" type="Word">
			<attributes paragraph="1" paragraph_position="25" text="than"/>
		</node>
		<node ID="0.26" type="Word">
			<attributes paragraph="1" paragraph_position="26" text="to"/>
		</node>
		<node ID="0.27" type="Word">
			<attributes paragraph="1" paragraph_position="27" text="accept"/>
		</node>
		<node ID="0.28" type="Word">
			<attributes paragraph="1" paragraph_position="28" text="the"/>
		</node>
		<node ID="0.29" type="Word">
			<attributes paragraph="1" paragraph_position="29" text="existence"/>
		</node>
		<node ID="0.30" type="Word">
			<attributes paragraph="1" paragraph_position="30" text="of"/>
		</node>
		<node ID="0.31" type="Word">
			<attributes paragraph="1" paragraph_position="31" text="fish"/>
		</node>
		<node ID="0.32" type="Word">
			<attributes paragraph="1" paragraph_position="32" text="or"/>
		</node>
		<node ID="0.33" type="Word">
			<attributes paragraph="1" paragraph_position="33" text="cetaceans"/>
		</node>
		<node ID="0.34" type="Word">
			<attributes paragraph="1" paragraph_position="34" text="of"/>
		</node>
		<node ID="0.35" type="Word">
			<attributes paragraph="1" paragraph_position="35" text="new"/>
		</node>
		<node ID="0.36" type="Word">
			<attributes paragraph="1" paragraph_position="36" text="species"/>
		</node>
		<node ID="0.37" type="Word">
			<attributes paragraph="1" paragraph_position="37" text="or"/>
		</node>
		<node ID="0.38" type="Word">
			<attributes paragraph="1" paragraph_position="38" text="even"/>
		</node>
		<node ID="0.39" type="Word">
			<attributes paragraph="1" paragraph_position="39" text="new"/>
		</node>
		<node ID="0.40" type="Word">
			<attributes paragraph="1" paragraph_position="40" text="genera"/>
		</node>
		<node ID="0.41" type="Punctuation">
			<attributes paragraph="1" paragraph_position="41" text=","/>
		</node>
		<node ID="0.42" type="Word">
			<attributes paragraph="1" paragraph_position="42" text="animals"/>
		</node>
		<node ID="0.43" type="Word">
			<attributes paragraph="1" paragraph_position="43" text="with"/>
		</node>
		<node ID="0.44" type="Word">
			<attributes paragraph="1" paragraph_position="44" text="a"/>
		</node>
		<node ID="0.45" type="Word">
			<attributes paragraph="1" paragraph_position="45" text="basically"/>
		</node>
		<node ID="0.46" type="Punctuation">
			<attributes paragraph="1" paragraph_position="46" text="'"/>
		</node>
		<node ID="0.47" type="Word">
			<attributes paragraph="1" paragraph_position="47" text="cast"/>
		</node>
		<node ID="0.48" type="Punctuation">
			<attributes paragraph="1" paragraph_position="48" text="-"/>
		</node>
		<node ID="0.49" type="Word">
			<attributes paragraph="1" paragraph_position="49" text="iron"/>
		</node>
		<node ID="0.50" type="Punctuation">
			<attributes paragraph="1" paragraph_position="50" text="'"/>
		</node>
		<node ID="0.51" type="Word">
			<attributes paragraph="1" paragraph_position="51" text="constitution"/>
		</node>
		<node ID="0.52" type="Word">
			<attributes paragraph="1" paragraph_position="52" text="that"/>
		</node>
		<node ID="0.53" type="Word">
			<attributes paragraph="1" paragraph_position="53" text="inhabit"/>
		</node>
		<node ID="0.54" type="Word">
			<attributes paragraph="1" paragraph_position="54" text="strata"/>
		</node>
		<node ID="0.55" type="Word">
			<attributes paragraph="1" paragraph_position="55" text="beyond"/>
		</node>
		<node ID="0.56" type="Word">
			<attributes paragraph="1" paragraph_position="56" text="the"/>
		</node>
		<node ID="0.57" type="Word">
			<attributes paragraph="1" paragraph_position="57" text="reach"/>
		</node>
		<node ID="0.58" type="Word">
			<attributes paragraph="1" paragraph_position="58" text="of"/>
		</node>
		<node ID="0.59" type="Word">
			<attributes paragraph="1" paragraph_position="59" text="our"/>
		</node>
		<node ID="0.60" type="Word">
			<attributes paragraph="1" paragraph_position="60" text="soundings"/>
		</node>
		<node ID="0.61" type="Punctuation">
			<attributes paragraph="1" paragraph_position="61" text=","/>
		</node>
		<node ID="0.62" type="Word">
			<attributes paragraph="1" paragraph_position="62" text="and"/>
		</node>
		<node ID="0.63" type="Word">
			<attributes paragraph="1" paragraph_position="63" text="which"/>
		</node>
		<node ID="0.64" type="Word">
			<attributes paragraph="1" paragraph_position="64" text="some"/>
		</node>
		<node ID="0.65" type="Word">
			<attributes paragraph="1" paragraph_position="65" text="development"/>
		</node>
		<node ID="0.66" type="Word">
			<attributes paragraph="1" paragraph_position="66" text="or"/>
		</node>
		<node ID="0.67" type="Word">
			<attributes paragraph="1" paragraph_position="67" text="other"/>
		</node>
		<node ID="0.68" type="Punctuation">
			<attributes paragraph="1" paragraph_position="68" text=","/>
		</node>
		<node ID="0.69" type="Word">
			<attributes paragraph="1" paragraph_position="69" text="an"/>
		</node>
		<node ID="0.70" type="Word">
			<attributes paragraph="1" paragraph_position="70" text="urge"/>
		</node>
		<node ID="0.71" type="Word">
			<attributes paragraph="1" paragraph_position="71" text="or"/>
		</node>
		<node ID="0.72" type="Word">
			<attributes paragraph="1" paragraph_position="72" text="a"/>
		</node>
		<node ID="0.73" type="Word">
			<attributes paragraph="1" paragraph_position="73" text="whim"/>
		</node>
		<node ID="0.74" type="Word">
			<attributes paragraph="1" paragraph_position="74" text="if"/>
		</node>
		<node ID="0.75" type="Word">
			<attributes paragraph="1" paragraph_position="75" text="you"/>
		</node>
		<node ID="0.76" type="Word">
			<attributes paragraph="1" paragraph_position="76" text="prefer"/>
		</node>
		<node ID="0.77" type="Punctuation">
			<attributes paragraph="1" paragraph_position="77" text=","/>
		</node>
		<node ID="0.78" type="Word">
			<attributes paragraph="1" paragraph_position="78" text="can"/>
		</node>
		<node ID="0.79" type="Word">
			<attributes paragraph="1" paragraph_position="79" text="bring"/>
		</node>
		<node ID="0.80" type="Word">
			<attributes paragraph="1" paragraph_position="80" text="to"/>
		</node>
		<node ID="0.81" type="Word">
			<attributes paragraph="1" paragraph_position="81" text="the"/>
		</node>
		<node ID="0.82" type="Word">
			<attributes paragraph="1" paragraph_position="82" text="upper"/>
		</node>
		<node ID="0.83" type="Word">
			<attributes paragraph="1" paragraph_position="83" text="level"/>
		</node>
		<node ID="0.84" type="Word">
			<attributes paragraph="1" paragraph_position="84" text="of"/>
		</node>
		<node ID="0.85" type="Word">
			<attributes paragraph="1" paragraph_position="85" text="the"/>
		</node>
		<node ID="0.86" type="Word">
			<attributes paragraph="1" paragraph_position="86" text="ocean"/>
		</node>
		<node ID="0.87" type="Word">
			<attributes paragraph="1" paragraph_position="87" text="for"/>
		</node>
		<node ID="0.88" type="Word">
			<attributes paragraph="1" paragraph_position="88" text="long"/>
		</node>
		<node ID="0.89" type="Word">
			<attributes paragraph="1" paragraph_position="89" text="intervals"/>
		</node>
		<node ID="0.90" type="Punctuation">
			<attributes paragraph="1" paragraph_position="90" text="."/>
		</node>
	</layer>
	<layer layerID="1">
		<attributes/>
		<node ID="1.1" type="FN">
			<attributes/>
			<edge toID="1.2" type="U">
				<attributes/>
			</edge>
			<edge toID="1.4" type="L">
				<attributes/>
			</edge>
			<edge toID="1.6" type="H">
				<attributes/>
			</edge>
			<edge toID="1.25" type="U">
				<attributes/>
			</edge>
			<edge toID="1.27" type="L">
				<attributes/>
			</edge>
			<edge toID="1.29" type="H">
				<attributes/>
			</edge>
			<edge toID="1.46" type="U">
				<attributes/>
			</edge>
			<edge toID="1.48" type="H">
				<attributes/>
			</edge>
			<edge toID="1.87" type="L">
				<attributes/>
			</edge>
			<edge toID="1.89" type="H">
				<attributes/>
			</edge>
			<edge toID="1.97" type="U">
				<attributes/>
			</edge>
			<edge toID="1.99" type="H">
				<attributes/>
			</edge>
			<edge toID="1.144" type="U">
				<attributes/>
			</edge>
			<edge toID="1.146" type="L">
				<attributes/>
			</edge>
			<edge toID="1.148" type="H">
				<attributes/>
			</edge>
		</node>
		<node ID="1.2" type="FN">
			<attributes/>
			<edge toID="0.1" type="Terminal">
				<attributes/>
			</edge>
		</node>
		<node ID="1.4" type="FN">
			<attributes/>
			<edge toID="0.2" type="Terminal">
				<attributes/>
			</edge>
		</node>
		<node ID="1.6" type="FN">
			<attributes/>
			<edge toID="1.7" type="A">
				<attributes/>
			</edge>
			<edge toID="1.9" type="F">
				<attributes/>
			</edge>
			<edge toID="1.11" type="D">
				<attributes/>
			</edge>
			<edge toID="1.13" type="P">
				<attributes/>
			</edge>
			<edge toID="1.15" type="A">
				<attributes/>
			</edge>
		</node>
		<node ID="1.25" type="FN">
			<attributes/>
			<edge toID="0.11" type="Terminal">
				<attributes/>
			</edge>
		</node>
		<node ID="1.27" type="FN">
			<attributes/>
			<edge toID="0.12" type="Terminal">
				<attributes/>
			</edge>
		</node>
		<node ID="1.29" type="FN">
			<attributes/>
			<edge toID="1.30" type="A">
				<attributes/>
			</edge>
			<edge toID="1.32" type="D">
				<attributes/>
			</edge>
			<edge toID="1.34" type="P">
				<attributes/>
			</edge>
			<edge toID="1.36" type="A">
				<attributes/>
			</edge>
			<edge toID="1.41" type="A">
				<attributes/>
			</edge>
		</node>
		<node ID="1.46" type="FN">
			<attributes/>
			<edge toID="0.20" type="Terminal">
				<attributes/>
			</edge>
		</node>
		<node ID="1.48" type="FN">
			<attributes/>
			<edge toID="1.49" type="A">
				<attributes/>
			</edge>
			<edge toID="1.51" type="F">
				<attributes/>
			</edge>
			<edge toID="1.53" type="D">
				<attributes/>
			</edge>
			<edge toID="1.55" type="S">
				<attributes/>
			</edge>
			<edge toID="1.57" type="A">
				<attributes/>
			</edge>
		</node>
		<node ID="1.87" type="FN">
			<attributes/>
			<edge toID="0.37" type="Terminal">
				<attributes/>
			</edge>
		</node>
		<node ID="1.89" type="FN">
			<attributes/>
			<edge toID="1.90" type="A">
				<attributes/>
			</edge>
		</node>
		<node ID="1.97" type="FN">
			<attributes/>
			<edge toID="0.41" type="Terminal">
				<attributes/>
			</edge>
		</node>
		<node ID="1.99" type="FN">
			<attributes/>
			<edge toID="1.100" type="P">
				<attributes/>
			</edge>
			<edge toID="1.102" type="A">
				<attributes/>
			</edge>
		</node>
		<node ID="1.144" type="FN">
			<attributes/>
			<edge toID="0.61" type="Terminal">
				<attributes/>
			</edge>
		</node>
		<node ID="1.146" type="FN">
			<attributes/>
			<edge toID="0.62" type="Terminal">
				<attributes/>
			</edge>
		</node>
		<node ID="1.148" type="FN">
			<attributes/>
			<edge toID="1.149" type="F">
				<attributes/>
			</edge>
			<edge toID="1.151" type="A">
				<attributes/>
			</edge>
			<edge toID="1.183" type="U">
				<attributes/>
			</edge>
			<edge toID="1.185" type="D">
				<attributes/>
			</edge>
			<edge toID="1.187" type="P">
				<attributes/>
			</edge>
			<edge toID="1.189" type="A">
				<attributes/>
			</edge>
			<edge toID="1.205" type="A">
				<attributes/>
			</edge>
		</node>
		<node ID="1.7" type="FN">
			<attributes/>
			<edge toID="0.3" type="Terminal">
				<attributes/>
			</edge>
		</node>
		<node ID="1.9" type="FN">
			<attributes/>
			<edge toID="0.4" type="Terminal">
				<attributes/>
			</edge>
		</node>
		<node ID="1.11" type="FN">
			<attributes/>
			<edge toID="0.5" type="Terminal">
				<attributes/>
			</edge>
		</node>
		<node ID="1.13" type="FN">
			<attributes/>
			<edge toID="0.6" type="Terminal">
				<attributes/>
			</edge>
		</node>
		<node ID="1.15" type="FN">
			<attributes/>
			<edge toID="1.16" type="E">
				<attributes/>
			</edge>
			<edge toID="1.18" type="E">
				<attributes/>
			</edge>
			<edge toID="1.23" type="C">
				<attributes/>
			</edge>
		</node>
		<node ID="1.30" type="FN">
			<attributes/>
			<edge toID="0.13" type="Terminal">
				<attributes/>
			</edge>
		</node>
		<node ID="1.32" type="FN">
			<attributes/>
			<edge toID="0.14" type="Terminal">
				<attributes/>
			</edge>
		</node>
		<node ID="1.34" type="FN">
			<attributes/>
			<edge toID="0.15" type="Terminal">
				<attributes/>
			</edge>
		</node>
		<node ID="1.36" type="FN">
			<attributes/>
			<edge toID="1.37" type="E">
				<attributes/>
			</edge>
			<edge toID="1.39" type="C">
				<attributes/>
			</edge>
		</node>
		<node ID="1.41" type="FN">
			<attributes/>
			<edge toID="1.42" type="R">
				<attributes/>
			</edge>
			<edge toID="1.44" type="C">
				<attributes/>
			</edge>
		</node>
		<node ID="1.49" type="FN">
			<attributes/>
			<edge toID="0.21" type="Terminal">
				<attributes/>
			</edge>
		</node>
		<node ID="1.51" type="FN">
			<attributes/>
			<edge toID="0.22" type="Terminal">
				<attributes/>
			</edge>
		</node>
		<node ID="1.53" type="FN">
			<attributes/>
			<edge toID="0.23" type="Terminal">
				<attributes/>
			</edge>
		</node>
		<node ID="1.55" type="FN">
			<attributes/>
			<edge toID="0.24" type="Terminal">
				<attributes/>
			</edge>
		</node>
		<node ID="1.57" type="FN">
			<attributes/>
			<edge toID="1.49" type="A">
				<attributes remote="True"/>
			</edge>
			<edge toID="1.59" type="F">
				<attributes/>
			</edge>
			<edge toID="1.61" type="F">
				<attributes/>
			</edge>
			<edge toID="1.63" type="P">
				<attributes/>
			</edge>
			<edge toID="1.65" type="A">
				<attributes/>
			</edge>
		</node>
		<node ID="1.90" type="FN">
			<attributes/>
			<edge toID="1.91" type="E">
				<attributes/>
			</edge>
			<edge toID="1.93" type="E">
				<attributes/>
			</edge>
			<edge toID="1.95" type="C">
				<attributes/>
			</edge>
		</node>
		<node ID="1.100" type="FN">
			<attributes/>
			<edge toID="0.42" type="Terminal">
				<attributes/>
			</edge>
		</node>
		<node ID="1.102" type="FN">
			<attributes/>
			<edge toID="1.103" type="R">
				<attributes/>
			</edge>
			<edge toID="1.105" type="E">
				<attributes/>
			</edge>
			<edge toID="1.107" type="E">
				<attributes/>
			</edge>
			<edge toID="1.109" type="U">
				<attributes/>
			</edge>
			<edge toID="1.111" type="E">
				<attributes/>
			</edge>
			<edge toID="1.118" type="U">
				<attributes/>
			</edge>
			<edge toID="1.120" type="C">
				<attributes/>
			</edge>
			<edge toID="1.122" type="E">
				<attributes/>
			</edge>
		</node>
		<node ID="1.149" type="FN">
			<attributes/>
			<edge toID="0.63" type="Terminal">
				<attributes/>
			</edge>
		</node>
		<node ID="1.151" type="FN">
			<attributes/>
			<edge toID="1.152" type="C">
				<attributes/>
			</edge>
			<edge toID="1.157" type="N">
				<attributes/>
			</edge>
			<edge toID="1.159" type="C">
				<attributes/>
			</edge>
			<edge toID="1.161" type="U">
				<attributes/>
			</edge>
			<edge toID="1.163" type="C">
				<attributes/>
			</edge>
			<edge toID="1.176" type="E">
				<attributes/>
			</edge>
		</node>
		<node ID="1.183" type="FN">
			<attributes/>
			<edge toID="0.77" type="Terminal">
				<attributes/>
			</edge>
		</node>
		<node ID="1.185" type="FN">
			<attributes/>
			<edge toID="0.78" type="Terminal">
				<attributes/>
			</edge>
		</node>
		<node ID="1.187" type="FN">
			<attributes/>
			<edge toID="0.79" type="Terminal">
				<attributes/>
			</edge>
		</node>
		<node ID="1.189" type="FN">
			<attributes/>
			<edge toID="1.190" type="R">
				<attributes/>
			</edge>
			<edge toID="1.192" type="E">
				<attributes/>
			</edge>
			<edge toID="1.194" type="E">
				<attributes/>
			</edge>
			<edge toID="1.196" type="C">
				<attributes/>
			</edge>
			<edge toID="1.198" type="E">
				<attributes/>
			</edge>
		</node>
		<node ID="1.205" type="FN">
			<attributes/>
			<edge toID="1.206" type="R">
				<attributes/>
			</edge>
			<edge toID="1.208" type="E">
				<attributes/>
			</edge>
			<edge toID="1.210" type="C">
				<attributes/>
			</edge>
			<edge toID="1.212" type="U">
				<attributes/>
			</edge>
		</node>
		<node ID="1.16" type="FN">
			<attributes/>
			<edge toID="0.7" type="Terminal">
				<attributes/>
			</edge>
		</node>
		<node ID="1.18" type="FN">
			<attributes/>
			<edge toID="1.19" type="C">
				<attributes/>
			</edge>
			<edge toID="1.21" type="R">
				<attributes/>
			</edge>
		</node>
		<node ID="1.23" type="FN">
			<attributes/>
			<edge toID="0.10" type="Terminal">
				<attributes/>
			</edge>
		</node>
		<node ID="1.37" type="FN">
			<attributes/>
			<edge toID="0.16" type="Terminal">
				<attributes/>
			</edge>
		</node>
		<node ID="1.39" type="FN">
			<attributes/>
			<edge toID="0.17" type="Terminal">
				<attributes/>
			</edge>
		</node>
		<node ID="1.42" type="FN">
			<attributes/>
			<edge toID="0.18" type="Terminal">
				<attributes/>
			</edge>
		</node>
		<node ID="1.44" type="FN">
			<attributes/>
			<edge toID="0.19" type="Terminal">
				<attributes/>
			</edge>
		</node>
		<node ID="1.59" type="FN">
			<attributes/>
			<edge toID="0.25" type="Terminal">
				<attributes/>
			</edge>
		</node>
		<node ID="1.61" type="FN">
			<attributes/>
			<edge toID="0.26" type="Terminal">
				<attributes/>
			</edge>
		</node>
		<node ID="1.63" type="FN">
			<attributes/>
			<edge toID="0.27" type="Terminal">
				<attributes/>
			</edge>
		</node>
		<node ID="1.65" type="FN">
			<attributes/>
			<edge toID="1.66" type="E">
				<attributes/>
			</edge>
			<edge toID="1.68" type="C">
				<attributes/>
			</edge>
			<edge toID="1.70" type="E">
				<attributes/>
			</edge>
		</node>
		<node ID="1.91" type="FN">
			<attributes/>
			<edge toID="0.38" type="Terminal">
				<attributes/>
			</edge>
		</node>
		<node ID="1.93" type="FN">
			<attributes/>
			<edge toID="0.39" type="Terminal">
				<attributes/>
			</edge>
		</node>
		<node ID="1.95" type="FN">
			<attributes/>
			<edge toID="0.40" type="Terminal">
				<attributes/>
			</edge>
		</node>
		<node ID="1.103" type="FN">
			<attributes/>
			<edge toID="0.43" type="Terminal">
				<attributes/>
			</edge>
		</node>
		<node ID="1.105" type="FN">
			<attributes/>
			<edge toID="0.44" type="Terminal">
				<attributes/>
			</edge>
		</node>
		<node ID="1.107" type="FN">
			<attributes/>
			<edge toID="0.45" type="Terminal">
				<attributes/>
			</edge>
		</node>
		<node ID="1.109" type="FN">
			<attributes/>
			<edge toID="0.46" type="Terminal">
				<attributes/>
			</edge>
		</node>
		<node ID="1.111" type="FN">
			<attributes/>
			<edge toID="1.112" type="C">
				<attributes/>
			</edge>
			<edge toID="1.114" type="U">
				<attributes/>
			</edge>
			<edge toID="1.116" type="C">
				<attributes/>
			</edge>
		</node>
		<node ID="1.118" type="FN">
			<attributes/>
			<edge toID="0.50" type="Terminal">
				<attributes/>
			</edge>
		</node>
		<node ID="1.120" type="FN">
			<attributes/>
			<edge toID="0.51" type="Terminal">
				<attributes/>
			</edge>
		</node>
		<node ID="1.122" type="FN">
			<attributes/>
			<edge toID="1.120" type="A">
				<attributes remote="True"/>
			</edge>
			<edge toID="1.124" type="F">
				<attributes/>
			</edge>
			<edge toID="1.126" type="P">
				<attributes/>
			</edge>
			<edge toID="1.128" type="A">
				<attributes/>
			</edge>
			<edge toID="1.130" type="A">
				<attributes/>
			</edge>
		</node>
		<node ID="1.152" type="FN">
			<attributes/>
			<edge toID="1.153" type="E">
				<attributes/>
			</edge>
			<edge toID="1.155" type="C">
				<attributes/>
			</edge>
		</node>
		<node ID="1.157" type="FN">
			<attributes/>
			<edge toID="0.66" type="Terminal">
				<attributes/>
			</edge>
		</node>
		<node ID="1.159" type="FN">
			<attributes/>
			<edge toID="0.67" type="Terminal">
				<attributes/>
			</edge>
		</node>
		<node ID="1.161" type="FN">
			<attributes/>
			<edge toID="0.68" type="Terminal">
				<attributes/>
			</edge>
		</node>
		<node ID="1.163" type="FN">
			<attributes/>
			<edge toID="1.164" type="E">
				<attributes/>
			</edge>
			<edge toID="1.166" type="C">
				<attributes/>
			</edge>
		</node>
		<node ID="1.176" type="FN">
			<attributes/>
			<edge toID="1.177" type="R">
				<attributes/>
			</edge>
			<edge toID="1.179" type="A">
				<attributes/>
			</edge>
			<edge toID="1.181" type="P">
				<attributes/>
			</edge>
		</node>
		<node ID="1.190" type="FN">
			<attributes/>
			<edge toID="0.80" type="Terminal">
				<attributes/>
			</edge>
		</node>
		<node ID="1.192" type="FN">
			<attributes/>
			<edge toID="0.81" type="Terminal">
				<attributes/>
			</edge>
		</node>
		<node ID="1.194" type="FN">
			<attributes/>
			<edge toID="0.82" type="Terminal">
				<attributes/>
			</edge>
		</node>
		<node ID="1.196" type="FN">
			<attributes/>
			<edge toID="0.83" type="Terminal">
				<attributes/>
			</edge>
		</node>
		<node ID="1.198" type="FN">
			<attributes/>
			<edge toID="1.199" type="R">
				<attributes/>
			</edge>
			<edge toID="1.201" type="E">
				<attributes/>
			</edge>
			<edge toID="1.203" type="C">
				<attributes/>
			</edge>
		</node>
		<node ID="1.206" type="FN">
			<attributes/>
			<edge toID="0.87" type="Terminal">
				<attributes/>
			</edge>
		</node>
		<node ID="1.208" type="FN">
			<attributes/>
			<edge toID="0.88" type="Terminal">
				<attributes/>
			</edge>
		</node>
		<node ID="1.210" type="FN">
			<attributes/>
			<edge toID="0.89" type="Terminal">
				<attributes/>
			</edge>
		</node>
		<node ID="1.212" type="FN">
			<attributes/>
			<edge toID="0.90" type="Terminal">
				<attributes/>
			</edge>
		</node>
		<node ID="1.19" type="FN">
			<attributes/>
			<edge toID="0.8" type="Terminal">
				<attributes/>
			</edge>
		</node>
		<node ID="1.21" type="FN">
			<attributes/>
			<edge toID="0.9" type="Terminal">
				<attributes/>
			</edge>
		</node>
		<node ID="1.66" type="FN">
			<attributes/>
			<edge toID="0.28" type="Terminal">
				<attributes/>
			</edge>
		</node>
		<node ID="1.68" type="FN">
			<attributes/>
			<edge toID="0.29" type="Terminal">
				<attributes/>
			</edge>
		</node>
		<node ID="1.70" type="FN">
			<attributes/>
			<edge toID="1.71" type="R">
				<attributes/>
			</edge>
			<edge toID="1.73" type="C">
				<attributes/>
			</edge>
		</node>
		<node ID="1.112" type="FN">
			<attributes/>
			<edge toID="0.47" type="Terminal">
				<attributes/>
			</edge>
		</node>
		<node ID="1.114" type="FN">
			<attributes/>
			<edge toID="0.48" type="Terminal">
				<attributes/>
			</edge>
		</node>
		<node ID="1.116" type="FN">
			<attributes/>
			<edge toID="0.49" type="Terminal">
				<attributes/>
			</edge>
		</node>
		<node ID="1.124" type="FN">
			<attributes/>
			<edge toID="0.52" type="Terminal">
				<attributes/>
			</edge>
		</node>
		<node ID="1.126" type="FN">
			<attributes/>
			<edge toID="0.53" type="Terminal">
				<attributes/>
			</edge>
		</node>
		<node ID="1.128" type="FN">
			<attributes/>
			<edge toID="0.54" type="Terminal">
				<attributes/>
			</edge>
		</node>
		<node ID="1.130" type="FN">
			<attributes/>
			<edge toID="1.131" type="R">
				<attributes/>
			</edge>
			<edge toID="1.133" type="E">
				<attributes/>
			</edge>
			<edge toID="1.135" type="C">
				<attributes/>
			</edge>
			<edge toID="1.137" type="E">
				<attributes/>
			</edge>
		</node>
		<node ID="1.153" type="FN">
			<attributes/>
			<edge toID="0.64" type="Terminal">
				<attributes/>
			</edge>
		</node>
		<node ID="1.155" type="FN">
			<attributes/>
			<edge toID="0.65" type="Terminal">
				<attributes/>
			</edge>
		</node>
		<node ID="1.164" type="FN">
			<attributes/>
			<edge toID="0.69" type="Terminal">
				<attributes/>
			</edge>
		</node>
		<node ID="1.166" type="FN">
			<attributes/>
			<edge toID="1.167" type="C">
				<attributes/>
			</edge>
			<edge toID="1.169" type="N">
				<attributes/>
			</edge>
			<edge toID="1.171" type="C">
				<attributes/>
			</edge>
		</node>
		<node ID="1.177" type="FN">
			<attributes/>
			<edge toID="0.74" type="Terminal">
				<attributes/>
			</edge>
		</node>
		<node ID="1.179" type="FN">
			<attributes/>
			<edge toID="0.75" type="Terminal">
				<attributes/>
			</edge>
		</node>
		<node ID="1.181" type="FN">
			<attributes/>
			<edge toID="0.76" type="Terminal">
				<attributes/>
			</edge>
		</node>
		<node ID="1.199" type="FN">
			<attributes/>
			<edge toID="0.84" type="Terminal">
				<attributes/>
			</edge>
		</node>
		<node ID="1.201" type="FN">
			<attributes/>
			<edge toID="0.85" type="Terminal">
				<attributes/>
			</edge>
		</node>
		<node ID="1.203" type="FN">
			<attributes/>
			<edge toID="0.86" type="Terminal">
				<attributes/>
			</edge>
		</node>
		<node ID="1.71" type="FN">
			<attributes/>
			<edge toID="0.30" type="Terminal">
				<attributes/>
			</edge>
		</node>
		<node ID="1.73" type="FN">
			<attributes/>
			<edge toID="1.74" type="C">
				<attributes/>
			</edge>
			<edge toID="1.76" type="N">
				<attributes/>
			</edge>
			<edge toID="1.78" type="C">
				<attributes/>
			</edge>
			<edge toID="1.80" type="E">
				<attributes/>
			</edge>
		</node>
		<node ID="1.131" type="FN">
			<attributes/>
			<edge toID="0.55" type="Terminal">
				<attributes/>
			</edge>
		</node>
		<node ID="1.133" type="FN">
			<attributes/>
			<edge toID="0.56" type="Terminal">
				<attributes/>
			</edge>
		</node>
		<node ID="1.135" type="FN">
			<attributes/>
			<edge toID="0.57" type="Terminal">
				<attributes/>
			</edge>
		</node>
		<node ID="1.137" type="FN">
			<attributes/>
			<edge toID="1.138" type="R">
				<attributes/>
			</edge>
			<edge toID="1.140" type="E">
				<attributes/>
			</edge>
			<edge toID="1.142" type="C">
				<attributes/>
			</edge>
		</node>
		<node ID="1.167" type="FN">
			<attributes/>
			<edge toID="0.70" type="Terminal">
				<attributes/>
			</edge>
		</node>
		<node ID="1.169" type="FN">
			<attributes/>
			<edge toID="0.71" type="Terminal">
				<attributes/>
			</edge>
		</node>
		<node ID="1.171" type="FN">
			<attributes/>
			<edge toID="1.172" type="E">
				<attributes/>
			</edge>
			<edge toID="1.174" type="C">
				<attributes/>
			</edge>
		</node>
		<node ID="1.74" type="FN">
			<attributes/>
			<edge toID="0.31" type="Terminal">
				<attributes/>
			</edge>
		</node>
		<node ID="1.76" type="FN">
			<attributes/>
			<edge toID="0.32" type="Terminal">
				<attributes/>
			</edge>
		</node>
		<node ID="1.78" type="FN">
			<attributes/>
			<edge toID="0.33" type="Terminal">
				<attributes/>
			</edge>
		</node>
		<node ID="1.80" type="FN">
			<attributes/>
			<edge toID="1.81" type="R">
				<attributes/>
			</edge>
			<edge toID="1.83" type="E">
				<attributes/>
			</edge>
			<edge toID="1.85" type="C">
				<attributes/>
			</edge>
		</node>
		<node ID="1.138" type="FN">
			<attributes/>
			<edge toID="0.58" type="Terminal">
				<attributes/>
			</edge>
		</node>
		<node ID="1.140" type="FN">
			<attributes/>
			<edge toID="0.59" type="Terminal">
				<attributes/>
			</edge>
		</node>
		<node ID="1.142" type="FN">
			<attributes/>
			<edge toID="0.60" type="Terminal">
				<attributes/>
			</edge>
		</node>
		<node ID="1.172" type="FN">
			<attributes/>
			<edge toID="0.72" type="Terminal">
				<attributes/>
			</edge>
		</node>
		<node ID="1.174" type="FN">
			<attributes/>
			<edge toID="0.73" type="Terminal">
				<attributes/>
			</edge>
		</node>
		<node ID="1.81" type="FN">
			<attributes/>
			<edge toID="0.34" type="Terminal">
				<attributes/>
			</edge>
		</node>
		<node ID="1.83" type="FN">
			<attributes/>
			<edge toID="0.35" type="Terminal">
				<attributes/>
			</edge>
		</node>
		<node ID="1.85" type="FN">
			<attributes/>
			<edge toID="0.36" type="Terminal">
				<attributes/>
			</edge>
		</node>
	</layer>
</root>

