<root annotationID="0" passageID="305000">
	<attributes/>
	<layer layerID="0">
		<attributes/>
		<node ID="0.1" type="Punctuation">
			<attributes paragraph="1" paragraph_position="1" text='"'/>
		</node>
		<node ID="0.2" type="Word">
			<attributes paragraph="1" paragraph_position="2" text="In"/>
		</node>
		<node ID="0.3" type="Word">
			<attributes paragraph="1" paragraph_position="3" text="essence"/>
		</node>
		<node ID="0.4" type="Punctuation">
			<attributes paragraph="1" paragraph_position="4" text=","/>
		</node>
		<node ID="0.5" type="Word">
			<attributes paragraph="1" paragraph_position="5" text="the"/>
		</node>
		<node ID="0.6" type="Word">
			<attributes paragraph="1" paragraph_position="6" text="narwhale"/>
		</node>
		<node ID="0.7" type="Word">
			<attributes paragraph="1" paragraph_position="7" text="is"/>
		</node>
		<node ID="0.8" type="Word">
			<attributes paragraph="1" paragraph_position="8" text="armed"/>
		</node>
		<node ID="0.9" type="Word">
			<attributes paragraph="1" paragraph_position="9" text="with"/>
		</node>
		<node ID="0.10" type="Word">
			<attributes paragraph="1" paragraph_position="10" text="a"/>
		</node>
		<node ID="0.11" type="Word">
			<attributes paragraph="1" paragraph_position="11" text="sort"/>
		</node>
		<node ID="0.12" type="Word">
			<attributes paragraph="1" paragraph_position="12" text="of"/>
		</node>
		<node ID="0.13" type="Word">
			<attributes paragraph="1" paragraph_position="13" text="ivory"/>
		</node>
		<node ID="0.14" type="Word">
			<attributes paragraph="1" paragraph_position="14" text="sword"/>
		</node>
		<node ID="0.15" type="Punctuation">
			<attributes paragraph="1" paragraph_position="15" text=","/>
		</node>
		<node ID="0.16" type="Word">
			<attributes paragraph="1" paragraph_position="16" text="or"/>
		</node>
		<node ID="0.17" type="Word">
			<attributes paragraph="1" paragraph_position="17" text="lance"/>
		</node>
		<node ID="0.18" type="Punctuation">
			<attributes paragraph="1" paragraph_position="18" text=","/>
		</node>
		<node ID="0.19" type="Word">
			<attributes paragraph="1" paragraph_position="19" text="as"/>
		</node>
		<node ID="0.20" type="Word">
			<attributes paragraph="1" paragraph_position="20" text="certain"/>
		</node>
		<node ID="0.21" type="Word">
			<attributes paragraph="1" paragraph_position="21" text="naturalists"/>
		</node>
		<node ID="0.22" type="Word">
			<attributes paragraph="1" paragraph_position="22" text="have"/>
		</node>
		<node ID="0.23" type="Word">
			<attributes paragraph="1" paragraph_position="23" text="expressed"/>
		</node>
		<node ID="0.24" type="Word">
			<attributes paragraph="1" paragraph_position="24" text="it"/>
		</node>
		<node ID="0.25" type="Punctuation">
			<attributes paragraph="1" paragraph_position="25" text="."/>
		</node>
		<node ID="0.26" type="Word">
			<attributes paragraph="1" paragraph_position="26" text="It"/>
		</node>
		<node ID="0.27" type="Word">
			<attributes paragraph="1" paragraph_position="27" text="'s"/>
		</node>
		<node ID="0.28" type="Word">
			<attributes paragraph="1" paragraph_position="28" text="a"/>
		</node>
		<node ID="0.29" type="Word">
			<attributes paragraph="1" paragraph_position="29" text="king"/>
		</node>
		<node ID="0.30" type="Punctuation">
			<attributes paragraph="1" paragraph_position="30" text="-"/>
		</node>
		<node ID="0.31" type="Word">
			<attributes paragraph="1" paragraph_position="31" text="sized"/>
		</node>
		<node ID="0.32" type="Word">
			<attributes paragraph="1" paragraph_position="32" text="tooth"/>
		</node>
		<node ID="0.33" type="Word">
			<attributes paragraph="1" paragraph_position="33" text="as"/>
		</node>
		<node ID="0.34" type="Word">
			<attributes paragraph="1" paragraph_position="34" text="hard"/>
		</node>
		<node ID="0.35" type="Word">
			<attributes paragraph="1" paragraph_position="35" text="as"/>
		</node>
		<node ID="0.36" type="Word">
			<attributes paragraph="1" paragraph_position="36" text="steel"/>
		</node>
		<node ID="0.37" type="Punctuation">
			<attributes paragraph="1" paragraph_position="37" text="."/>
		</node>
		<node ID="0.38" type="Word">
			<attributes paragraph="1" paragraph_position="38" text="Some"/>
		</node>
		<node ID="0.39" type="Word">
			<attributes paragraph="1" paragraph_position="39" text="of"/>
		</node>
		<node ID="0.40" type="Word">
			<attributes paragraph="1" paragraph_position="40" text="these"/>
		</node>
		<node ID="0.41" type="Word">
			<attributes paragraph="1" paragraph_position="41" text="teeth"/>
		</node>
		<node ID="0.42" type="Word">
			<attributes paragraph="1" paragraph_position="42" text="have"/>
		</node>
		<node ID="0.43" type="Word">
			<attributes paragraph="1" paragraph_position="43" text="been"/>
		</node>
		<node ID="0.44" type="Word">
			<attributes paragraph="1" paragraph_position="44" text="found"/>
		</node>
		<node ID="0.45" type="Word">
			<attributes paragraph="1" paragraph_position="45" text="buried"/>
		</node>
		<node ID="0.46" type="Word">
			<attributes paragraph="1" paragraph_position="46" text="in"/>
		</node>
		<node ID="0.47" type="Word">
			<attributes paragraph="1" paragraph_position="47" text="the"/>
		</node>
		<node ID="0.48" type="Word">
			<attributes paragraph="1" paragraph_position="48" text="bodies"/>
		</node>
		<node ID="0.49" type="Word">
			<attributes paragraph="1" paragraph_position="49" text="of"/>
		</node>
		<node ID="0.50" type="Word">
			<attributes paragraph="1" paragraph_position="50" text="baleen"/>
		</node>
		<node ID="0.51" type="Word">
			<attributes paragraph="1" paragraph_position="51" text="whales"/>
		</node>
		<node ID="0.52" type="Punctuation">
			<attributes paragraph="1" paragraph_position="52" text=","/>
		</node>
		<node ID="0.53" type="Word">
			<attributes paragraph="1" paragraph_position="53" text="which"/>
		</node>
		<node ID="0.54" type="Word">
			<attributes paragraph="1" paragraph_position="54" text="the"/>
		</node>
		<node ID="0.55" type="Word">
			<attributes paragraph="1" paragraph_position="55" text="narwhale"/>
		</node>
		<node ID="0.56" type="Word">
			<attributes paragraph="1" paragraph_position="56" text="attacks"/>
		</node>
		<node ID="0.57" type="Word">
			<attributes paragraph="1" paragraph_position="57" text="with"/>
		</node>
		<node ID="0.58" type="Word">
			<attributes paragraph="1" paragraph_position="58" text="invariable"/>
		</node>
		<node ID="0.59" type="Word">
			<attributes paragraph="1" paragraph_position="59" text="success"/>
		</node>
		<node ID="0.60" type="Punctuation">
			<attributes paragraph="1" paragraph_position="60" text="."/>
		</node>
		<node ID="0.61" type="Word">
			<attributes paragraph="1" paragraph_position="61" text="Others"/>
		</node>
		<node ID="0.62" type="Word">
			<attributes paragraph="1" paragraph_position="62" text="have"/>
		</node>
		<node ID="0.63" type="Word">
			<attributes paragraph="1" paragraph_position="63" text="been"/>
		</node>
		<node ID="0.64" type="Word">
			<attributes paragraph="1" paragraph_position="64" text="wrenched"/>
		</node>
		<node ID="0.65" type="Punctuation">
			<attributes paragraph="1" paragraph_position="65" text=","/>
		</node>
		<node ID="0.66" type="Word">
			<attributes paragraph="1" paragraph_position="66" text="not"/>
		</node>
		<node ID="0.67" type="Word">
			<attributes paragraph="1" paragraph_position="67" text="without"/>
		</node>
		<node ID="0.68" type="Word">
			<attributes paragraph="1" paragraph_position="68" text="difficulty"/>
		</node>
		<node ID="0.69" type="Punctuation">
			<attributes paragraph="1" paragraph_position="69" text=","/>
		</node>
		<node ID="0.70" type="Word">
			<attributes paragraph="1" paragraph_position="70" text="from"/>
		</node>
		<node ID="0.71" type="Word">
			<attributes paragraph="1" paragraph_position="71" text="the"/>
		</node>
		<node ID="0.72" type="Word">
			<attributes paragraph="1" paragraph_position="72" text="undersides"/>
		</node>
		<node ID="0.73" type="Word">
			<attributes paragraph="1" paragraph_position="73" text="of"/>
		</node>
		<node ID="0.74" type="Word">
			<attributes paragraph="1" paragraph_position="74" text="vessels"/>
		</node>
		<node ID="0.75" type="Word">
			<attributes paragraph="1" paragraph_position="75" text="that"/>
		</node>
		<node ID="0.76" type="Word">
			<attributes paragraph="1" paragraph_position="76" text="narwhales"/>
		</node>
		<node ID="0.77" type="Word">
			<attributes paragraph="1" paragraph_position="77" text="have"/>
		</node>
		<node ID="0.78" type="Word">
			<attributes paragraph="1" paragraph_position="78" text="pierced"/>
		</node>
		<node ID="0.79" type="Word">
			<attributes paragraph="1" paragraph_position="79" text="clean"/>
		</node>
		<node ID="0.80" type="Word">
			<attributes paragraph="1" paragraph_position="80" text="through"/>
		</node>
		<node ID="0.81" type="Punctuation">
			<attributes paragraph="1" paragraph_position="81" text=","/>
		</node>
		<node ID="0.82" type="Word">
			<attributes paragraph="1" paragraph_position="82" text="as"/>
		</node>
		<node ID="0.83" type="Word">
			<attributes paragraph="1" paragraph_position="83" text="a"/>
		</node>
		<node ID="0.84" type="Word">
			<attributes paragraph="1" paragraph_position="84" text="gimlet"/>
		</node>
		<node ID="0.85" type="Word">
			<attributes paragraph="1" paragraph_position="85" text="pierces"/>
		</node>
		<node ID="0.86" type="Word">
			<attributes paragraph="1" paragraph_position="86" text="a"/>
		</node>
		<node ID="0.87" type="Word">
			<attributes paragraph="1" paragraph_position="87" text="wine"/>
		</node>
		<node ID="0.88" type="Word">
			<attributes paragraph="1" paragraph_position="88" text="barrel"/>
		</node>
		<node ID="0.89" type="Punctuation">
			<attributes paragraph="1" paragraph_position="89" text="."/>
		</node>
		<node ID="0.90" type="Word">
			<attributes paragraph="1" paragraph_position="90" text="The"/>
		</node>
		<node ID="0.91" type="Word">
			<attributes paragraph="1" paragraph_position="91" text="museum"/>
		</node>
		<node ID="0.92" type="Word">
			<attributes paragraph="1" paragraph_position="92" text="at"/>
		</node>
		<node ID="0.93" type="Word">
			<attributes paragraph="1" paragraph_position="93" text="the"/>
		</node>
		<node ID="0.94" type="Word">
			<attributes paragraph="1" paragraph_position="94" text="Faculty"/>
		</node>
		<node ID="0.95" type="Word">
			<attributes paragraph="1" paragraph_position="95" text="of"/>
		</node>
		<node ID="0.96" type="Word">
			<attributes paragraph="1" paragraph_position="96" text="Medicine"/>
		</node>
		<node ID="0.97" type="Word">
			<attributes paragraph="1" paragraph_position="97" text="in"/>
		</node>
		<node ID="0.98" type="Word">
			<attributes paragraph="1" paragraph_position="98" text="Paris"/>
		</node>
		<node ID="0.99" type="Word">
			<attributes paragraph="1" paragraph_position="99" text="owns"/>
		</node>
		<node ID="0.100" type="Word">
			<attributes paragraph="1" paragraph_position="100" text="one"/>
		</node>
		<node ID="0.101" type="Word">
			<attributes paragraph="1" paragraph_position="101" text="of"/>
		</node>
		<node ID="0.102" type="Word">
			<attributes paragraph="1" paragraph_position="102" text="these"/>
		</node>
		<node ID="0.103" type="Word">
			<attributes paragraph="1" paragraph_position="103" text="tusks"/>
		</node>
		<node ID="0.104" type="Word">
			<attributes paragraph="1" paragraph_position="104" text="with"/>
		</node>
		<node ID="0.105" type="Word">
			<attributes paragraph="1" paragraph_position="105" text="a"/>
		</node>
		<node ID="0.106" type="Word">
			<attributes paragraph="1" paragraph_position="106" text="length"/>
		</node>
		<node ID="0.107" type="Word">
			<attributes paragraph="1" paragraph_position="107" text="of"/>
		</node>
		<node ID="0.108" type="Word">
			<attributes paragraph="1" paragraph_position="108" text="2.25"/>
		</node>
		<node ID="0.109" type="Word">
			<attributes paragraph="1" paragraph_position="109" text="meters"/>
		</node>
		<node ID="0.110" type="Word">
			<attributes paragraph="1" paragraph_position="110" text="and"/>
		</node>
		<node ID="0.111" type="Word">
			<attributes paragraph="1" paragraph_position="111" text="a"/>
		</node>
		<node ID="0.112" type="Word">
			<attributes paragraph="1" paragraph_position="112" text="width"/>
		</node>
		<node ID="0.113" type="Word">
			<attributes paragraph="1" paragraph_position="113" text="at"/>
		</node>
		<node ID="0.114" type="Word">
			<attributes paragraph="1" paragraph_position="114" text="its"/>
		</node>
		<node ID="0.115" type="Word">
			<attributes paragraph="1" paragraph_position="115" text="base"/>
		</node>
		<node ID="0.116" type="Word">
			<attributes paragraph="1" paragraph_position="116" text="of"/>
		</node>
		<node ID="0.117" type="Word">
			<attributes paragraph="1" paragraph_position="117" text="forty"/>
		</node>
		<node ID="0.118" type="Punctuation">
			<attributes paragraph="1" paragraph_position="118" text="-"/>
		</node>
		<node ID="0.119" type="Word">
			<attributes paragraph="1" paragraph_position="119" text="eight"/>
		</node>
		<node ID="0.120" type="Word">
			<attributes paragraph="1" paragraph_position="120" text="centimeters"/>
		</node>
		<node ID="0.121" type="Punctuation">
			<attributes paragraph="1" paragraph_position="121" text="!"/>
		</node>
	</layer>
	<layer layerID="1">
		<attributes/>
		<node ID="1.1" type="FN">
			<attributes/>
			<edge toID="1.2" type="U">
				<attributes/>
			</edge>
			<edge toID="1.4" type="H">
				<attributes/>
			</edge>
			<edge toID="1.36" type="U">
				<attributes/>
			</edge>
			<edge toID="1.38" type="L">
				<attributes/>
			</edge>
			<edge toID="1.40" type="H">
				<attributes/>
			</edge>
			<edge toID="1.58" type="U">
				<attributes/>
			</edge>
			<edge toID="1.60" type="H">
				<attributes/>
			</edge>
			<edge toID="1.87" type="U">
				<attributes/>
			</edge>
			<edge toID="1.89" type="H">
				<attributes/>
			</edge>
		</node>
		<node ID="1.2" type="FN">
			<attributes/>
			<edge toID="0.1" type="Terminal">
				<attributes/>
			</edge>
		</node>
		<node ID="1.4" type="FN">
			<attributes/>
			<edge toID="1.5" type="A">
				<attributes/>
			</edge>
			<edge toID="1.10" type="U">
				<attributes/>
			</edge>
			<edge toID="1.12" type="A">
				<attributes/>
			</edge>
			<edge toID="1.17" type="F">
				<attributes/>
			</edge>
			<edge toID="1.19" type="P">
				<attributes/>
			</edge>
			<edge toID="1.21" type="A">
				<attributes/>
			</edge>
		</node>
		<node ID="1.36" type="FN">
			<attributes/>
			<edge toID="0.15" type="Terminal">
				<attributes/>
			</edge>
		</node>
		<node ID="1.38" type="FN">
			<attributes/>
			<edge toID="0.16" type="Terminal">
				<attributes/>
			</edge>
		</node>
		<node ID="1.40" type="FN">
			<attributes/>
			<edge toID="1.41" type="P">
				<attributes/>
			</edge>
			<edge toID="1.43" type="U">
				<attributes/>
			</edge>
			<edge toID="1.45" type="A">
				<attributes/>
			</edge>
			<edge toID="1.52" type="F">
				<attributes/>
			</edge>
			<edge toID="1.54" type="D">
				<attributes/>
			</edge>
			<edge toID="1.56" type="A">
				<attributes/>
			</edge>
		</node>
		<node ID="1.58" type="FN">
			<attributes/>
			<edge toID="0.25" type="Terminal">
				<attributes/>
			</edge>
		</node>
		<node ID="1.60" type="FN">
			<attributes/>
			<edge toID="1.61" type="A">
				<attributes/>
			</edge>
			<edge toID="1.63" type="F">
				<attributes/>
			</edge>
			<edge toID="1.65" type="S">
				<attributes/>
			</edge>
			<edge toID="1.77" type="D">
				<attributes/>
			</edge>
			<edge toID="1.82" type="A">
				<attributes/>
			</edge>
		</node>
		<node ID="1.87" type="FN">
			<attributes/>
			<edge toID="0.37" type="Terminal">
				<attributes/>
			</edge>
		</node>
		<node ID="1.89" type="FN">
			<attributes/>
			<edge toID="1.90" type="A">
				<attributes/>
			</edge>
			<edge toID="1.100" type="F">
				<attributes/>
			</edge>
			<edge toID="1.102" type="F">
				<attributes/>
			</edge>
			<edge toID="1.104" type="D">
				<attributes/>
			</edge>
			<edge toID="1.106" type="P">
				<attributes/>
			</edge>
			<edge toID="1.108" type="A">
				<attributes/>
			</edge>
		</node>
		<node ID="1.5" type="FN">
			<attributes/>
			<edge toID="1.6" type="R">
				<attributes/>
			</edge>
			<edge toID="1.8" type="C">
				<attributes/>
			</edge>
		</node>
		<node ID="1.10" type="FN">
			<attributes/>
			<edge toID="0.4" type="Terminal">
				<attributes/>
			</edge>
		</node>
		<node ID="1.12" type="FN">
			<attributes/>
			<edge toID="1.13" type="E">
				<attributes/>
			</edge>
			<edge toID="1.15" type="C">
				<attributes/>
			</edge>
		</node>
		<node ID="1.17" type="FN">
			<attributes/>
			<edge toID="0.7" type="Terminal">
				<attributes/>
			</edge>
		</node>
		<node ID="1.19" type="FN">
			<attributes/>
			<edge toID="0.8" type="Terminal">
				<attributes/>
			</edge>
		</node>
		<node ID="1.21" type="FN">
			<attributes/>
			<edge toID="1.22" type="R">
				<attributes/>
			</edge>
			<edge toID="1.24" type="E">
				<attributes/>
			</edge>
		</node>
		<node ID="1.41" type="FN">
			<attributes/>
			<edge toID="0.17" type="Terminal">
				<attributes/>
			</edge>
		</node>
		<node ID="1.43" type="FN">
			<attributes/>
			<edge toID="0.18" type="Terminal">
				<attributes/>
			</edge>
		</node>
		<node ID="1.45" type="FN">
			<attributes/>
			<edge toID="1.46" type="R">
				<attributes/>
			</edge>
			<edge toID="1.48" type="E">
				<attributes/>
			</edge>
			<edge toID="1.50" type="C">
				<attributes/>
			</edge>
		</node>
		<node ID="1.52" type="FN">
			<attributes/>
			<edge toID="0.22" type="Terminal">
				<attributes/>
			</edge>
		</node>
		<node ID="1.54" type="FN">
			<attributes/>
			<edge toID="0.23" type="Terminal">
				<attributes/>
			</edge>
		</node>
		<node ID="1.56" type="FN">
			<attributes/>
			<edge toID="0.24" type="Terminal">
				<attributes/>
			</edge>
		</node>
		<node ID="1.61" type="FN">
			<attributes/>
			<edge toID="0.26" type="Terminal">
				<attributes/>
			</edge>
		</node>
		<node ID="1.63" type="FN">
			<attributes/>
			<edge toID="0.27" type="Terminal">
				<attributes/>
			</edge>
		</node>
		<node ID="1.65" type="FN">
			<attributes/>
			<edge toID="1.66" type="E">
				<attributes/>
			</edge>
			<edge toID="1.68" type="E">
				<attributes/>
			</edge>
			<edge toID="1.75" type="C">
				<attributes/>
			</edge>
		</node>
		<node ID="1.77" type="FN">
			<attributes/>
			<edge toID="1.78" type="R">
				<attributes/>
			</edge>
			<edge toID="1.80" type="C">
				<attributes/>
			</edge>
		</node>
		<node ID="1.82" type="FN">
			<attributes/>
			<edge toID="1.83" type="R">
				<attributes/>
			</edge>
			<edge toID="1.85" type="C">
				<attributes/>
			</edge>
		</node>
		<node ID="1.90" type="FN">
			<attributes/>
			<edge toID="1.91" type="E">
				<attributes/>
			</edge>
			<edge toID="1.96" type="E">
				<attributes/>
			</edge>
			<edge toID="1.98" type="C">
				<attributes/>
			</edge>
		</node>
		<node ID="1.100" type="FN">
			<attributes/>
			<edge toID="0.42" type="Terminal">
				<attributes/>
			</edge>
		</node>
		<node ID="1.102" type="FN">
			<attributes/>
			<edge toID="0.43" type="Terminal">
				<attributes/>
			</edge>
		</node>
		<node ID="1.104" type="FN">
			<attributes/>
			<edge toID="0.44" type="Terminal">
				<attributes/>
			</edge>
		</node>
		<node ID="1.106" type="FN">
			<attributes/>
			<edge toID="0.45" type="Terminal">
				<attributes/>
			</edge>
		</node>
		<node ID="1.108" type="FN">
			<attributes/>
			<edge toID="1.109" type="R">
				<attributes/>
			</edge>
			<edge toID="1.111" type="E">
				<attributes/>
			</edge>
			<edge toID="1.118" type="E">
				<attributes/>
			</edge>
			<edge toID="1.120" type="C">
				<attributes/>
			</edge>
			<edge toID="1.122" type="U">
				<attributes/>
			</edge>
			<edge toID="1.124" type="E">
				<attributes/>
			</edge>
		</node>
		<node ID="1.6" type="FN">
			<attributes/>
			<edge toID="0.2" type="Terminal">
				<attributes/>
			</edge>
		</node>
		<node ID="1.8" type="FN">
			<attributes/>
			<edge toID="0.3" type="Terminal">
				<attributes/>
			</edge>
		</node>
		<node ID="1.13" type="FN">
			<attributes/>
			<edge toID="0.5" type="Terminal">
				<attributes/>
			</edge>
		</node>
		<node ID="1.15" type="FN">
			<attributes/>
			<edge toID="0.6" type="Terminal">
				<attributes/>
			</edge>
		</node>
		<node ID="1.22" type="FN">
			<attributes/>
			<edge toID="0.9" type="Terminal">
				<attributes/>
			</edge>
		</node>
		<node ID="1.24" type="FN">
			<attributes/>
			<edge toID="1.25" type="E">
				<attributes/>
			</edge>
			<edge toID="1.27" type="E">
				<attributes/>
			</edge>
			<edge toID="1.32" type="E">
				<attributes/>
			</edge>
			<edge toID="1.34" type="C">
				<attributes/>
			</edge>
		</node>
		<node ID="1.46" type="FN">
			<attributes/>
			<edge toID="0.19" type="Terminal">
				<attributes/>
			</edge>
		</node>
		<node ID="1.48" type="FN">
			<attributes/>
			<edge toID="0.20" type="Terminal">
				<attributes/>
			</edge>
		</node>
		<node ID="1.50" type="FN">
			<attributes/>
			<edge toID="0.21" type="Terminal">
				<attributes/>
			</edge>
		</node>
		<node ID="1.66" type="FN">
			<attributes/>
			<edge toID="0.28" type="Terminal">
				<attributes/>
			</edge>
		</node>
		<node ID="1.68" type="FN">
			<attributes/>
			<edge toID="1.69" type="E">
				<attributes/>
			</edge>
			<edge toID="1.71" type="U">
				<attributes/>
			</edge>
			<edge toID="1.73" type="C">
				<attributes/>
			</edge>
		</node>
		<node ID="1.75" type="FN">
			<attributes/>
			<edge toID="0.32" type="Terminal">
				<attributes/>
			</edge>
		</node>
		<node ID="1.78" type="FN">
			<attributes/>
			<edge toID="0.33" type="Terminal">
				<attributes/>
			</edge>
		</node>
		<node ID="1.80" type="FN">
			<attributes/>
			<edge toID="0.34" type="Terminal">
				<attributes/>
			</edge>
		</node>
		<node ID="1.83" type="FN">
			<attributes/>
			<edge toID="0.35" type="Terminal">
				<attributes/>
			</edge>
		</node>
		<node ID="1.85" type="FN">
			<attributes/>
			<edge toID="0.36" type="Terminal">
				<attributes/>
			</edge>
		</node>
		<node ID="1.91" type="FN">
			<attributes/>
			<edge toID="1.92" type="C">
				<attributes/>
			</edge>
			<edge toID="1.94" type="R">
				<attributes/>
			</edge>
		</node>
		<node ID="1.96" type="FN">
			<attributes/>
			<edge toID="0.40" type="Terminal">
				<attributes/>
			</edge>
		</node>
		<node ID="1.98" type="FN">
			<attributes/>
			<edge toID="0.41" type="Terminal">
				<attributes/>
			</edge>
		</node>
		<node ID="1.109" type="FN">
			<attributes/>
			<edge toID="0.46" type="Terminal">
				<attributes/>
			</edge>
		</node>
		<node ID="1.111" type="FN">
			<attributes/>
			<edge toID="1.112" type="E">
				<attributes/>
			</edge>
			<edge toID="1.114" type="C">
				<attributes/>
			</edge>
			<edge toID="1.116" type="R">
				<attributes/>
			</edge>
		</node>
		<node ID="1.118" type="FN">
			<attributes/>
			<edge toID="0.50" type="Terminal">
				<attributes/>
			</edge>
		</node>
		<node ID="1.120" type="FN">
			<attributes/>
			<edge toID="0.51" type="Terminal">
				<attributes/>
			</edge>
		</node>
		<node ID="1.122" type="FN">
			<attributes/>
			<edge toID="0.52" type="Terminal">
				<attributes/>
			</edge>
		</node>
		<node ID="1.124" type="FN">
			<attributes/>
			<edge toID="1.127" type="H">
				<attributes/>
			</edge>
			<edge toID="1.145" type="U">
				<attributes/>
			</edge>
			<edge toID="1.147" type="H">
				<attributes/>
			</edge>
			<edge toID="1.165" type="U">
				<attributes/>
			</edge>
			<edge toID="1.167" type="H">
				<attributes/>
			</edge>
		</node>
		<node ID="1.25" type="FN">
			<attributes/>
			<edge toID="0.10" type="Terminal">
				<attributes/>
			</edge>
		</node>
		<node ID="1.27" type="FN">
			<attributes/>
			<edge toID="1.28" type="C">
				<attributes/>
			</edge>
			<edge toID="1.30" type="R">
				<attributes/>
			</edge>
		</node>
		<node ID="1.32" type="FN">
			<attributes/>
			<edge toID="0.13" type="Terminal">
				<attributes/>
			</edge>
		</node>
		<node ID="1.34" type="FN">
			<attributes/>
			<edge toID="0.14" type="Terminal">
				<attributes/>
			</edge>
		</node>
		<node ID="1.69" type="FN">
			<attributes/>
			<edge toID="0.29" type="Terminal">
				<attributes/>
			</edge>
		</node>
		<node ID="1.71" type="FN">
			<attributes/>
			<edge toID="0.30" type="Terminal">
				<attributes/>
			</edge>
		</node>
		<node ID="1.73" type="FN">
			<attributes/>
			<edge toID="0.31" type="Terminal">
				<attributes/>
			</edge>
		</node>
		<node ID="1.92" type="FN">
			<attributes/>
			<edge toID="0.38" type="Terminal">
				<attributes/>
			</edge>
		</node>
		<node ID="1.94" type="FN">
			<attributes/>
			<edge toID="0.39" type="Terminal">
				<attributes/>
			</edge>
		</node>
		<node ID="1.112" type="FN">
			<attributes/>
			<edge toID="0.47" type="Terminal">
				<attributes/>
			</edge>
		</node>
		<node ID="1.114" type="FN">
			<attributes/>
			<edge toID="0.48" type="Terminal">
				<attributes/>
			</edge>
		</node>
		<node ID="1.116" type="FN">
			<attributes/>
			<edge toID="0.49" type="Terminal">
				<attributes/>
			</edge>
		</node>
		<node ID="1.127" type="FN">
			<attributes/>
			<edge toID="1.120" type="A">
				<attributes remote="True"/>
			</edge>
			<edge toID="1.129" type="F">
				<attributes/>
			</edge>
			<edge toID="1.131" type="A">
				<attributes/>
			</edge>
			<edge toID="1.138" type="A">
				<attributes/>
			</edge>
		</node>
		<node ID="1.145" type="FN">
			<attributes/>
			<edge toID="0.60" type="Terminal">
				<attributes/>
			</edge>
		</node>
		<node ID="1.147" type="FN">
			<attributes/>
			<edge toID="1.148" type="A">
				<attributes/>
			</edge>
			<edge toID="1.150" type="F">
				<attributes/>
			</edge>
			<edge toID="1.152" type="F">
				<attributes/>
			</edge>
			<edge toID="1.154" type="P">
				<attributes/>
			</edge>
			<edge toID="1.156" type="U">
				<attributes/>
			</edge>
			<edge toID="1.158" type="D">
				<attributes/>
			</edge>
			<edge toID="1.160" type="A">
				<attributes/>
			</edge>
		</node>
		<node ID="1.165" type="FN">
			<attributes/>
			<edge toID="0.69" type="Terminal">
				<attributes/>
			</edge>
		</node>
		<node ID="1.167" type="FN">
			<attributes/>
			<edge toID="1.168" type="A">
				<attributes/>
			</edge>
			<edge toID="1.175" type="A">
				<attributes/>
			</edge>
			<edge toID="1.212" type="U">
				<attributes/>
			</edge>
			<edge toID="1.214" type="A">
				<attributes/>
			</edge>
			<edge toID="1.219" type="A">
				<attributes/>
			</edge>
			<edge toID="1.231" type="H">
				<attributes/>
			</edge>
			<edge toID="1.262" type="L">
				<attributes/>
			</edge>
			<edge toID="1.264" type="H">
				<attributes/>
			</edge>
		</node>
		<node ID="1.28" type="FN">
			<attributes/>
			<edge toID="0.11" type="Terminal">
				<attributes/>
			</edge>
		</node>
		<node ID="1.30" type="FN">
			<attributes/>
			<edge toID="0.12" type="Terminal">
				<attributes/>
			</edge>
		</node>
		<node ID="1.129" type="FN">
			<attributes/>
			<edge toID="0.53" type="Terminal">
				<attributes/>
			</edge>
		</node>
		<node ID="1.131" type="FN">
			<attributes/>
			<edge toID="1.132" type="E">
				<attributes/>
			</edge>
			<edge toID="1.134" type="E">
				<attributes/>
			</edge>
			<edge toID="1.136" type="C">
				<attributes/>
			</edge>
		</node>
		<node ID="1.138" type="FN">
			<attributes/>
			<edge toID="1.139" type="R">
				<attributes/>
			</edge>
			<edge toID="1.141" type="E">
				<attributes/>
			</edge>
			<edge toID="1.143" type="C">
				<attributes/>
			</edge>
		</node>
		<node ID="1.148" type="FN">
			<attributes/>
			<edge toID="0.61" type="Terminal">
				<attributes/>
			</edge>
		</node>
		<node ID="1.150" type="FN">
			<attributes/>
			<edge toID="0.62" type="Terminal">
				<attributes/>
			</edge>
		</node>
		<node ID="1.152" type="FN">
			<attributes/>
			<edge toID="0.63" type="Terminal">
				<attributes/>
			</edge>
		</node>
		<node ID="1.154" type="FN">
			<attributes/>
			<edge toID="0.64" type="Terminal">
				<attributes/>
			</edge>
		</node>
		<node ID="1.156" type="FN">
			<attributes/>
			<edge toID="0.65" type="Terminal">
				<attributes/>
			</edge>
		</node>
		<node ID="1.158" type="FN">
			<attributes/>
			<edge toID="0.66" type="Terminal">
				<attributes/>
			</edge>
		</node>
		<node ID="1.160" type="FN">
			<attributes/>
			<edge toID="1.161" type="R">
				<attributes/>
			</edge>
			<edge toID="1.163" type="C">
				<attributes/>
			</edge>
		</node>
		<node ID="1.168" type="FN">
			<attributes/>
			<edge toID="1.169" type="R">
				<attributes/>
			</edge>
			<edge toID="1.171" type="E">
				<attributes/>
			</edge>
			<edge toID="1.173" type="C">
				<attributes/>
			</edge>
		</node>
		<node ID="1.175" type="FN">
			<attributes/>
			<edge toID="1.176" type="R">
				<attributes/>
			</edge>
			<edge toID="1.178" type="P">
				<attributes/>
			</edge>
			<edge toID="1.180" type="A">
				<attributes/>
			</edge>
		</node>
		<node ID="1.212" type="FN">
			<attributes/>
			<edge toID="0.89" type="Terminal">
				<attributes/>
			</edge>
		</node>
		<node ID="1.214" type="FN">
			<attributes/>
			<edge toID="1.215" type="E">
				<attributes/>
			</edge>
			<edge toID="1.217" type="C">
				<attributes/>
			</edge>
		</node>
		<node ID="1.219" type="FN">
			<attributes/>
			<edge toID="1.220" type="R">
				<attributes/>
			</edge>
			<edge toID="1.222" type="E">
				<attributes/>
			</edge>
			<edge toID="1.224" type="C">
				<attributes/>
			</edge>
			<edge toID="1.226" type="E">
				<attributes/>
			</edge>
		</node>
		<node ID="1.231" type="FN">
			<attributes/>
			<edge toID="1.232" type="R">
				<attributes/>
			</edge>
			<edge toID="1.234" type="E">
				<attributes/>
			</edge>
			<edge toID="1.236" type="C">
				<attributes/>
			</edge>
			<edge toID="1.238" type="E">
				<attributes/>
			</edge>
		</node>
		<node ID="1.262" type="FN">
			<attributes/>
			<edge toID="0.110" type="Terminal">
				<attributes/>
			</edge>
		</node>
		<node ID="1.264" type="FN">
			<attributes/>
			<edge toID="1.265" type="A">
				<attributes/>
			</edge>
			<edge toID="1.266" type="P">
				<attributes/>
			</edge>
			<edge toID="1.271" type="A">
				<attributes/>
			</edge>
			<edge toID="1.288" type="U">
				<attributes/>
			</edge>
		</node>
		<node ID="1.132" type="FN">
			<attributes/>
			<edge toID="0.54" type="Terminal">
				<attributes/>
			</edge>
		</node>
		<node ID="1.134" type="FN">
			<attributes/>
			<edge toID="0.55" type="Terminal">
				<attributes/>
			</edge>
		</node>
		<node ID="1.136" type="FN">
			<attributes/>
			<edge toID="0.56" type="Terminal">
				<attributes/>
			</edge>
		</node>
		<node ID="1.139" type="FN">
			<attributes/>
			<edge toID="0.57" type="Terminal">
				<attributes/>
			</edge>
		</node>
		<node ID="1.141" type="FN">
			<attributes/>
			<edge toID="0.58" type="Terminal">
				<attributes/>
			</edge>
		</node>
		<node ID="1.143" type="FN">
			<attributes/>
			<edge toID="0.59" type="Terminal">
				<attributes/>
			</edge>
		</node>
		<node ID="1.161" type="FN">
			<attributes/>
			<edge toID="0.67" type="Terminal">
				<attributes/>
			</edge>
		</node>
		<node ID="1.163" type="FN">
			<attributes/>
			<edge toID="0.68" type="Terminal">
				<attributes/>
			</edge>
		</node>
		<node ID="1.169" type="FN">
			<attributes/>
			<edge toID="0.70" type="Terminal">
				<attributes/>
			</edge>
		</node>
		<node ID="1.171" type="FN">
			<attributes/>
			<edge toID="0.71" type="Terminal">
				<attributes/>
			</edge>
		</node>
		<node ID="1.173" type="FN">
			<attributes/>
			<edge toID="0.72" type="Terminal">
				<attributes/>
			</edge>
		</node>
		<node ID="1.176" type="FN">
			<attributes/>
			<edge toID="0.73" type="Terminal">
				<attributes/>
			</edge>
		</node>
		<node ID="1.178" type="FN">
			<attributes/>
			<edge toID="0.74" type="Terminal">
				<attributes/>
			</edge>
		</node>
		<node ID="1.180" type="FN">
			<attributes/>
			<edge toID="1.181" type="F">
				<attributes/>
			</edge>
			<edge toID="1.183" type="A">
				<attributes/>
			</edge>
			<edge toID="1.185" type="F">
				<attributes/>
			</edge>
			<edge toID="1.187" type="P">
				<attributes/>
			</edge>
			<edge toID="1.189" type="A">
				<attributes/>
			</edge>
		</node>
		<node ID="1.215" type="FN">
			<attributes/>
			<edge toID="0.90" type="Terminal">
				<attributes/>
			</edge>
		</node>
		<node ID="1.217" type="FN">
			<attributes/>
			<edge toID="0.91" type="Terminal">
				<attributes/>
			</edge>
		</node>
		<node ID="1.220" type="FN">
			<attributes/>
			<edge toID="0.92" type="Terminal">
				<attributes/>
			</edge>
		</node>
		<node ID="1.222" type="FN">
			<attributes/>
			<edge toID="0.93" type="Terminal">
				<attributes/>
			</edge>
		</node>
		<node ID="1.224" type="FN">
			<attributes/>
			<edge toID="0.94" type="Terminal">
				<attributes/>
			</edge>
		</node>
		<node ID="1.226" type="FN">
			<attributes/>
			<edge toID="1.227" type="R">
				<attributes/>
			</edge>
			<edge toID="1.229" type="C">
				<attributes/>
			</edge>
		</node>
		<node ID="1.232" type="FN">
			<attributes/>
			<edge toID="0.97" type="Terminal">
				<attributes/>
			</edge>
		</node>
		<node ID="1.234" type="FN">
			<attributes/>
			<edge toID="0.98" type="Terminal">
				<attributes/>
			</edge>
		</node>
		<node ID="1.236" type="FN">
			<attributes/>
			<edge toID="0.99" type="Terminal">
				<attributes/>
			</edge>
		</node>
		<node ID="1.238" type="FN">
			<attributes/>
			<edge toID="1.239" type="E">
				<attributes/>
			</edge>
			<edge toID="1.244" type="E">
				<attributes/>
			</edge>
			<edge toID="1.246" type="C">
				<attributes/>
			</edge>
			<edge toID="1.248" type="E">
				<attributes/>
			</edge>
		</node>
		<node ID="1.265" type="FN">
			<attributes implicit="True"/>
		</node>
		<node ID="1.266" type="FN">
			<attributes/>
			<edge toID="1.267" type="E">
				<attributes/>
			</edge>
			<edge toID="1.269" type="C">
				<attributes/>
			</edge>
		</node>
		<node ID="1.271" type="FN">
			<attributes/>
			<edge toID="1.272" type="R">
				<attributes/>
			</edge>
			<edge toID="1.274" type="E">
				<attributes/>
			</edge>
			<edge toID="1.276" type="E">
				<attributes/>
			</edge>
			<edge toID="1.281" type="E">
				<attributes/>
			</edge>
			<edge toID="1.286" type="C">
				<attributes/>
			</edge>
		</node>
		<node ID="1.288" type="FN">
			<attributes/>
			<edge toID="0.121" type="Terminal">
				<attributes/>
			</edge>
		</node>
		<node ID="1.181" type="FN">
			<attributes/>
			<edge toID="0.75" type="Terminal">
				<attributes/>
			</edge>
		</node>
		<node ID="1.183" type="FN">
			<attributes/>
			<edge toID="0.76" type="Terminal">
				<attributes/>
			</edge>
		</node>
		<node ID="1.185" type="FN">
			<attributes/>
			<edge toID="0.77" type="Terminal">
				<attributes/>
			</edge>
		</node>
		<node ID="1.187" type="FN">
			<attributes/>
			<edge toID="0.78" type="Terminal">
				<attributes/>
			</edge>
		</node>
		<node ID="1.189" type="FN">
			<attributes/>
			<edge toID="1.190" type="C">
				<attributes/>
			</edge>
			<edge toID="1.192" type="E">
				<attributes/>
			</edge>
		</node>
		<node ID="1.227" type="FN">
			<attributes/>
			<edge toID="0.95" type="Terminal">
				<attributes/>
			</edge>
		</node>
		<node ID="1.229" type="FN">
			<attributes/>
			<edge toID="0.96" type="Terminal">
				<attributes/>
			</edge>
		</node>
		<node ID="1.239" type="FN">
			<attributes/>
			<edge toID="1.240" type="C">
				<attributes/>
			</edge>
			<edge toID="1.242" type="R">
				<attributes/>
			</edge>
		</node>
		<node ID="1.244" type="FN">
			<attributes/>
			<edge toID="0.102" type="Terminal">
				<attributes/>
			</edge>
		</node>
		<node ID="1.246" type="FN">
			<attributes/>
			<edge toID="0.103" type="Terminal">
				<attributes/>
			</edge>
		</node>
		<node ID="1.248" type="FN">
			<attributes/>
			<edge toID="1.249" type="R">
				<attributes/>
			</edge>
			<edge toID="1.251" type="E">
				<attributes/>
			</edge>
			<edge toID="1.253" type="C">
				<attributes/>
			</edge>
			<edge toID="1.255" type="E">
				<attributes/>
			</edge>
		</node>
		<node ID="1.267" type="FN">
			<attributes/>
			<edge toID="0.111" type="Terminal">
				<attributes/>
			</edge>
		</node>
		<node ID="1.269" type="FN">
			<attributes/>
			<edge toID="0.112" type="Terminal">
				<attributes/>
			</edge>
		</node>
		<node ID="1.272" type="FN">
			<attributes/>
			<edge toID="0.113" type="Terminal">
				<attributes/>
			</edge>
		</node>
		<node ID="1.274" type="FN">
			<attributes/>
			<edge toID="0.114" type="Terminal">
				<attributes/>
			</edge>
		</node>
		<node ID="1.276" type="FN">
			<attributes/>
			<edge toID="1.277" type="C">
				<attributes/>
			</edge>
			<edge toID="1.279" type="R">
				<attributes/>
			</edge>
		</node>
		<node ID="1.281" type="FN">
			<attributes/>
			<edge toID="0.117" type="Terminal">
				<attributes/>
			</edge>
			<edge toID="1.283" type="U">
				<attributes/>
			</edge>
			<edge toID="0.119" type="Terminal">
				<attributes/>
			</edge>
		</node>
		<node ID="1.286" type="FN">
			<attributes/>
			<edge toID="0.120" type="Terminal">
				<attributes/>
			</edge>
		</node>
		<node ID="1.190" type="FN">
			<attributes/>
			<edge toID="0.79" type="Terminal">
				<attributes/>
			</edge>
		</node>
		<node ID="1.192" type="FN">
			<attributes/>
			<edge toID="1.193" type="R">
				<attributes/>
			</edge>
			<edge toID="1.195" type="U">
				<attributes/>
			</edge>
			<edge toID="1.197" type="E">
				<attributes/>
			</edge>
			<edge toID="1.206" type="E">
				<attributes/>
			</edge>
			<edge toID="1.208" type="E">
				<attributes/>
			</edge>
			<edge toID="1.210" type="C">
				<attributes/>
			</edge>
		</node>
		<node ID="1.240" type="FN">
			<attributes/>
			<edge toID="0.100" type="Terminal">
				<attributes/>
			</edge>
		</node>
		<node ID="1.242" type="FN">
			<attributes/>
			<edge toID="0.101" type="Terminal">
				<attributes/>
			</edge>
		</node>
		<node ID="1.249" type="FN">
			<attributes/>
			<edge toID="0.104" type="Terminal">
				<attributes/>
			</edge>
		</node>
		<node ID="1.251" type="FN">
			<attributes/>
			<edge toID="0.105" type="Terminal">
				<attributes/>
			</edge>
		</node>
		<node ID="1.253" type="FN">
			<attributes/>
			<edge toID="0.106" type="Terminal">
				<attributes/>
			</edge>
		</node>
		<node ID="1.255" type="FN">
			<attributes/>
			<edge toID="1.256" type="R">
				<attributes/>
			</edge>
			<edge toID="1.258" type="E">
				<attributes/>
			</edge>
			<edge toID="1.260" type="C">
				<attributes/>
			</edge>
		</node>
		<node ID="1.277" type="FN">
			<attributes/>
			<edge toID="0.115" type="Terminal">
				<attributes/>
			</edge>
		</node>
		<node ID="1.279" type="FN">
			<attributes/>
			<edge toID="0.116" type="Terminal">
				<attributes/>
			</edge>
		</node>
		<node ID="1.283" type="FN">
			<attributes/>
			<edge toID="0.118" type="Terminal">
				<attributes/>
			</edge>
		</node>
		<node ID="1.193" type="FN">
			<attributes/>
			<edge toID="0.80" type="Terminal">
				<attributes/>
			</edge>
		</node>
		<node ID="1.195" type="FN">
			<attributes/>
			<edge toID="0.81" type="Terminal">
				<attributes/>
			</edge>
		</node>
		<node ID="1.197" type="FN">
			<attributes/>
			<edge toID="1.198" type="R">
				<attributes/>
			</edge>
			<edge toID="1.200" type="E">
				<attributes/>
			</edge>
			<edge toID="1.202" type="E">
				<attributes/>
			</edge>
			<edge toID="1.204" type="C">
				<attributes/>
			</edge>
		</node>
		<node ID="1.206" type="FN">
			<attributes/>
			<edge toID="0.86" type="Terminal">
				<attributes/>
			</edge>
		</node>
		<node ID="1.208" type="FN">
			<attributes/>
			<edge toID="0.87" type="Terminal">
				<attributes/>
			</edge>
		</node>
		<node ID="1.210" type="FN">
			<attributes/>
			<edge toID="0.88" type="Terminal">
				<attributes/>
			</edge>
		</node>
		<node ID="1.256" type="FN">
			<attributes/>
			<edge toID="0.107" type="Terminal">
				<attributes/>
			</edge>
		</node>
		<node ID="1.258" type="FN">
			<attributes/>
			<edge toID="0.108" type="Terminal">
				<attributes/>
			</edge>
		</node>
		<node ID="1.260" type="FN">
			<attributes/>
			<edge toID="0.109" type="Terminal">
				<attributes/>
			</edge>
		</node>
		<node ID="1.198" type="FN">
			<attributes/>
			<edge toID="0.82" type="Terminal">
				<attributes/>
			</edge>
		</node>
		<node ID="1.200" type="FN">
			<attributes/>
			<edge toID="0.83" type="Terminal">
				<attributes/>
			</edge>
		</node>
		<node ID="1.202" type="FN">
			<attributes/>
			<edge toID="0.84" type="Terminal">
				<attributes/>
			</edge>
		</node>
		<node ID="1.204" type="FN">
			<attributes/>
			<edge toID="0.85" type="Terminal">
				<attributes/>
			</edge>
		</node>
	</layer>
</root>

