<root annotationID="0" passageID="309000">
	<attributes/>
	<layer layerID="0">
		<attributes/>
		<node ID="0.1" type="Word">
			<attributes paragraph="1" paragraph_position="1" text="These"/>
		</node>
		<node ID="0.2" type="Word">
			<attributes paragraph="1" paragraph_position="2" text="last"/>
		</node>
		<node ID="0.3" type="Word">
			<attributes paragraph="1" paragraph_position="3" text="words"/>
		</node>
		<node ID="0.4" type="Word">
			<attributes paragraph="1" paragraph_position="4" text="were"/>
		</node>
		<node ID="0.5" type="Word">
			<attributes paragraph="1" paragraph_position="5" text="cowardly"/>
		</node>
		<node ID="0.6" type="Word">
			<attributes paragraph="1" paragraph_position="6" text="of"/>
		</node>
		<node ID="0.7" type="Word">
			<attributes paragraph="1" paragraph_position="7" text="me"/>
		</node>
		<node ID="0.8" type="Punctuation">
			<attributes paragraph="1" paragraph_position="8" text=";"/>
		</node>
		<node ID="0.9" type="Word">
			<attributes paragraph="1" paragraph_position="9" text="but"/>
		</node>
		<node ID="0.10" type="Word">
			<attributes paragraph="1" paragraph_position="10" text="as"/>
		</node>
		<node ID="0.11" type="Word">
			<attributes paragraph="1" paragraph_position="11" text="far"/>
		</node>
		<node ID="0.12" type="Word">
			<attributes paragraph="1" paragraph_position="12" text="as"/>
		</node>
		<node ID="0.13" type="Word">
			<attributes paragraph="1" paragraph_position="13" text="I"/>
		</node>
		<node ID="0.14" type="Word">
			<attributes paragraph="1" paragraph_position="14" text="could"/>
		</node>
		<node ID="0.15" type="Punctuation">
			<attributes paragraph="1" paragraph_position="15" text=","/>
		</node>
		<node ID="0.16" type="Word">
			<attributes paragraph="1" paragraph_position="16" text="I"/>
		</node>
		<node ID="0.17" type="Word">
			<attributes paragraph="1" paragraph_position="17" text="wanted"/>
		</node>
		<node ID="0.18" type="Word">
			<attributes paragraph="1" paragraph_position="18" text="to"/>
		</node>
		<node ID="0.19" type="Word">
			<attributes paragraph="1" paragraph_position="19" text="protect"/>
		</node>
		<node ID="0.20" type="Word">
			<attributes paragraph="1" paragraph_position="20" text="my"/>
		</node>
		<node ID="0.21" type="Word">
			<attributes paragraph="1" paragraph_position="21" text="professorial"/>
		</node>
		<node ID="0.22" type="Word">
			<attributes paragraph="1" paragraph_position="22" text="dignity"/>
		</node>
		<node ID="0.23" type="Word">
			<attributes paragraph="1" paragraph_position="23" text="and"/>
		</node>
		<node ID="0.24" type="Word">
			<attributes paragraph="1" paragraph_position="24" text="not"/>
		</node>
		<node ID="0.25" type="Word">
			<attributes paragraph="1" paragraph_position="25" text="lay"/>
		</node>
		<node ID="0.26" type="Word">
			<attributes paragraph="1" paragraph_position="26" text="myself"/>
		</node>
		<node ID="0.27" type="Word">
			<attributes paragraph="1" paragraph_position="27" text="open"/>
		</node>
		<node ID="0.28" type="Word">
			<attributes paragraph="1" paragraph_position="28" text="to"/>
		</node>
		<node ID="0.29" type="Word">
			<attributes paragraph="1" paragraph_position="29" text="laughter"/>
		</node>
		<node ID="0.30" type="Word">
			<attributes paragraph="1" paragraph_position="30" text="from"/>
		</node>
		<node ID="0.31" type="Word">
			<attributes paragraph="1" paragraph_position="31" text="the"/>
		</node>
		<node ID="0.32" type="Word">
			<attributes paragraph="1" paragraph_position="32" text="Americans"/>
		</node>
		<node ID="0.33" type="Punctuation">
			<attributes paragraph="1" paragraph_position="33" text=","/>
		</node>
		<node ID="0.34" type="Word">
			<attributes paragraph="1" paragraph_position="34" text="who"/>
		</node>
		<node ID="0.35" type="Word">
			<attributes paragraph="1" paragraph_position="35" text="when"/>
		</node>
		<node ID="0.36" type="Word">
			<attributes paragraph="1" paragraph_position="36" text="they"/>
		</node>
		<node ID="0.37" type="Word">
			<attributes paragraph="1" paragraph_position="37" text="do"/>
		</node>
		<node ID="0.38" type="Word">
			<attributes paragraph="1" paragraph_position="38" text="laugh"/>
		</node>
		<node ID="0.39" type="Punctuation">
			<attributes paragraph="1" paragraph_position="39" text=","/>
		</node>
		<node ID="0.40" type="Word">
			<attributes paragraph="1" paragraph_position="40" text="laugh"/>
		</node>
		<node ID="0.41" type="Word">
			<attributes paragraph="1" paragraph_position="41" text="raucously"/>
		</node>
		<node ID="0.42" type="Punctuation">
			<attributes paragraph="1" paragraph_position="42" text="."/>
		</node>
	</layer>
	<layer layerID="1">
		<attributes/>
		<node ID="1.1" type="FN">
			<attributes/>
			<edge toID="1.2" type="H">
				<attributes/>
			</edge>
			<edge toID="1.19" type="U">
				<attributes/>
			</edge>
			<edge toID="1.21" type="L">
				<attributes/>
			</edge>
			<edge toID="1.23" type="H">
				<attributes/>
			</edge>
			<edge toID="1.33" type="U">
				<attributes/>
			</edge>
			<edge toID="1.35" type="H">
				<attributes/>
			</edge>
			<edge toID="1.51" type="L">
				<attributes/>
			</edge>
			<edge toID="1.53" type="H">
				<attributes/>
			</edge>
			<edge toID="1.77" type="U">
				<attributes/>
			</edge>
			<edge toID="1.79" type="L">
				<attributes/>
			</edge>
			<edge toID="1.82" type="H">
				<attributes/>
			</edge>
			<edge toID="1.89" type="U">
				<attributes/>
			</edge>
			<edge toID="1.91" type="H">
				<attributes/>
			</edge>
		</node>
		<node ID="1.2" type="FN">
			<attributes/>
			<edge toID="1.3" type="A">
				<attributes/>
			</edge>
			<edge toID="1.10" type="F">
				<attributes/>
			</edge>
			<edge toID="1.12" type="S">
				<attributes/>
			</edge>
			<edge toID="1.14" type="A">
				<attributes/>
			</edge>
		</node>
		<node ID="1.19" type="FN">
			<attributes/>
			<edge toID="0.8" type="Terminal">
				<attributes/>
			</edge>
		</node>
		<node ID="1.21" type="FN">
			<attributes/>
			<edge toID="0.9" type="Terminal">
				<attributes/>
			</edge>
		</node>
		<node ID="1.23" type="FN">
			<attributes/>
			<edge toID="1.24" type="R">
				<attributes/>
			</edge>
			<edge toID="1.26" type="S">
				<attributes/>
			</edge>
			<edge toID="1.29" type="A">
				<attributes/>
			</edge>
			<edge toID="1.31" type="D">
				<attributes/>
			</edge>
		</node>
		<node ID="1.33" type="FN">
			<attributes/>
			<edge toID="0.15" type="Terminal">
				<attributes/>
			</edge>
		</node>
		<node ID="1.35" type="FN">
			<attributes/>
			<edge toID="1.36" type="A">
				<attributes/>
			</edge>
			<edge toID="1.38" type="D">
				<attributes/>
			</edge>
			<edge toID="1.40" type="F">
				<attributes/>
			</edge>
			<edge toID="1.42" type="P">
				<attributes/>
			</edge>
			<edge toID="1.44" type="A">
				<attributes/>
			</edge>
		</node>
		<node ID="1.51" type="FN">
			<attributes/>
			<edge toID="0.23" type="Terminal">
				<attributes/>
			</edge>
		</node>
		<node ID="1.53" type="FN">
			<attributes/>
			<edge toID="1.36" type="A">
				<attributes remote="True"/>
			</edge>
			<edge toID="1.55" type="D">
				<attributes/>
			</edge>
			<edge toID="1.57" type="P">
				<attributes/>
			</edge>
			<edge toID="1.59" type="A">
				<attributes/>
			</edge>
			<edge toID="1.64" type="A">
				<attributes/>
			</edge>
		</node>
		<node ID="1.77" type="FN">
			<attributes/>
			<edge toID="0.33" type="Terminal">
				<attributes/>
			</edge>
		</node>
		<node ID="1.79" type="FN">
			<attributes/>
			<edge toID="0.34" type="Terminal">
				<attributes/>
			</edge>
			<edge toID="0.35" type="Terminal">
				<attributes/>
			</edge>
		</node>
		<node ID="1.82" type="FN">
			<attributes/>
			<edge toID="1.83" type="A">
				<attributes/>
			</edge>
			<edge toID="1.85" type="F">
				<attributes/>
			</edge>
			<edge toID="1.87" type="P">
				<attributes/>
			</edge>
		</node>
		<node ID="1.89" type="FN">
			<attributes/>
			<edge toID="0.39" type="Terminal">
				<attributes/>
			</edge>
		</node>
		<node ID="1.91" type="FN">
			<attributes/>
			<edge toID="1.92" type="P">
				<attributes/>
			</edge>
			<edge toID="1.94" type="E">
				<attributes/>
			</edge>
			<edge toID="1.96" type="U">
				<attributes/>
			</edge>
		</node>
		<node ID="1.3" type="FN">
			<attributes/>
			<edge toID="1.4" type="E">
				<attributes/>
			</edge>
			<edge toID="1.6" type="E">
				<attributes/>
			</edge>
			<edge toID="1.8" type="C">
				<attributes/>
			</edge>
		</node>
		<node ID="1.10" type="FN">
			<attributes/>
			<edge toID="0.4" type="Terminal">
				<attributes/>
			</edge>
		</node>
		<node ID="1.12" type="FN">
			<attributes/>
			<edge toID="0.5" type="Terminal">
				<attributes/>
			</edge>
		</node>
		<node ID="1.14" type="FN">
			<attributes/>
			<edge toID="1.15" type="R">
				<attributes/>
			</edge>
			<edge toID="1.17" type="C">
				<attributes/>
			</edge>
		</node>
		<node ID="1.24" type="FN">
			<attributes/>
			<edge toID="0.10" type="Terminal">
				<attributes/>
			</edge>
		</node>
		<node ID="1.26" type="FN">
			<attributes/>
			<edge toID="0.11" type="Terminal">
				<attributes/>
			</edge>
			<edge toID="0.12" type="Terminal">
				<attributes/>
			</edge>
		</node>
		<node ID="1.29" type="FN">
			<attributes/>
			<edge toID="0.13" type="Terminal">
				<attributes/>
			</edge>
		</node>
		<node ID="1.31" type="FN">
			<attributes/>
			<edge toID="0.14" type="Terminal">
				<attributes/>
			</edge>
		</node>
		<node ID="1.36" type="FN">
			<attributes/>
			<edge toID="0.16" type="Terminal">
				<attributes/>
			</edge>
		</node>
		<node ID="1.38" type="FN">
			<attributes/>
			<edge toID="0.17" type="Terminal">
				<attributes/>
			</edge>
		</node>
		<node ID="1.40" type="FN">
			<attributes/>
			<edge toID="0.18" type="Terminal">
				<attributes/>
			</edge>
		</node>
		<node ID="1.42" type="FN">
			<attributes/>
			<edge toID="0.19" type="Terminal">
				<attributes/>
			</edge>
		</node>
		<node ID="1.44" type="FN">
			<attributes/>
			<edge toID="1.45" type="E">
				<attributes/>
			</edge>
			<edge toID="1.47" type="E">
				<attributes/>
			</edge>
			<edge toID="1.49" type="C">
				<attributes/>
			</edge>
		</node>
		<node ID="1.55" type="FN">
			<attributes/>
			<edge toID="0.24" type="Terminal">
				<attributes/>
			</edge>
		</node>
		<node ID="1.57" type="FN">
			<attributes/>
			<edge toID="0.25" type="Terminal">
				<attributes/>
			</edge>
		</node>
		<node ID="1.59" type="FN">
			<attributes/>
			<edge toID="1.60" type="E">
				<attributes/>
			</edge>
			<edge toID="1.62" type="C">
				<attributes/>
			</edge>
		</node>
		<node ID="1.64" type="FN">
			<attributes/>
			<edge toID="1.59" type="A">
				<attributes remote="True"/>
			</edge>
			<edge toID="1.66" type="F">
				<attributes/>
			</edge>
			<edge toID="1.68" type="P">
				<attributes/>
			</edge>
			<edge toID="1.70" type="A">
				<attributes/>
			</edge>
		</node>
		<node ID="1.83" type="FN">
			<attributes/>
			<edge toID="0.36" type="Terminal">
				<attributes/>
			</edge>
		</node>
		<node ID="1.85" type="FN">
			<attributes/>
			<edge toID="0.37" type="Terminal">
				<attributes/>
			</edge>
		</node>
		<node ID="1.87" type="FN">
			<attributes/>
			<edge toID="0.38" type="Terminal">
				<attributes/>
			</edge>
		</node>
		<node ID="1.92" type="FN">
			<attributes/>
			<edge toID="0.40" type="Terminal">
				<attributes/>
			</edge>
		</node>
		<node ID="1.94" type="FN">
			<attributes/>
			<edge toID="0.41" type="Terminal">
				<attributes/>
			</edge>
		</node>
		<node ID="1.96" type="FN">
			<attributes/>
			<edge toID="0.42" type="Terminal">
				<attributes/>
			</edge>
		</node>
		<node ID="1.4" type="FN">
			<attributes/>
			<edge toID="0.1" type="Terminal">
				<attributes/>
			</edge>
		</node>
		<node ID="1.6" type="FN">
			<attributes/>
			<edge toID="0.2" type="Terminal">
				<attributes/>
			</edge>
		</node>
		<node ID="1.8" type="FN">
			<attributes/>
			<edge toID="0.3" type="Terminal">
				<attributes/>
			</edge>
		</node>
		<node ID="1.15" type="FN">
			<attributes/>
			<edge toID="0.6" type="Terminal">
				<attributes/>
			</edge>
		</node>
		<node ID="1.17" type="FN">
			<attributes/>
			<edge toID="0.7" type="Terminal">
				<attributes/>
			</edge>
		</node>
		<node ID="1.45" type="FN">
			<attributes/>
			<edge toID="0.20" type="Terminal">
				<attributes/>
			</edge>
		</node>
		<node ID="1.47" type="FN">
			<attributes/>
			<edge toID="0.21" type="Terminal">
				<attributes/>
			</edge>
		</node>
		<node ID="1.49" type="FN">
			<attributes/>
			<edge toID="0.22" type="Terminal">
				<attributes/>
			</edge>
		</node>
		<node ID="1.60" type="FN">
			<attributes/>
			<edge toID="0.26" type="Terminal">
				<attributes/>
			</edge>
		</node>
		<node ID="1.62" type="FN">
			<attributes/>
			<edge toID="0.27" type="Terminal">
				<attributes/>
			</edge>
		</node>
		<node ID="1.66" type="FN">
			<attributes/>
			<edge toID="0.28" type="Terminal">
				<attributes/>
			</edge>
		</node>
		<node ID="1.68" type="FN">
			<attributes/>
			<edge toID="0.29" type="Terminal">
				<attributes/>
			</edge>
		</node>
		<node ID="1.70" type="FN">
			<attributes/>
			<edge toID="1.71" type="R">
				<attributes/>
			</edge>
			<edge toID="1.73" type="E">
				<attributes/>
			</edge>
			<edge toID="1.75" type="C">
				<attributes/>
			</edge>
		</node>
		<node ID="1.71" type="FN">
			<attributes/>
			<edge toID="0.30" type="Terminal">
				<attributes/>
			</edge>
		</node>
		<node ID="1.73" type="FN">
			<attributes/>
			<edge toID="0.31" type="Terminal">
				<attributes/>
			</edge>
		</node>
		<node ID="1.75" type="FN">
			<attributes/>
			<edge toID="0.32" type="Terminal">
				<attributes/>
			</edge>
		</node>
	</layer>
</root>

