<root annotationID="0" passageID="47003">
	<attributes/>
	<layer layerID="0">
		<attributes/>
		<node ID="0.1" type="Word">
			<attributes paragraph="1" paragraph_position="1" text="Finally"/>
		</node>
		<node ID="0.2" type="Punctuation">
			<attributes paragraph="1" paragraph_position="2" text=","/>
		</node>
		<node ID="0.3" type="Word">
			<attributes paragraph="1" paragraph_position="3" text="in"/>
		</node>
		<node ID="0.4" type="Word">
			<attributes paragraph="1" paragraph_position="4" text="a"/>
		</node>
		<node ID="0.5" type="Word">
			<attributes paragraph="1" paragraph_position="5" text="much"/>
		</node>
		<node ID="0.6" type="Punctuation">
			<attributes paragraph="1" paragraph_position="6" text="-"/>
		</node>
		<node ID="0.7" type="Word">
			<attributes paragraph="1" paragraph_position="7" text="feared"/>
		</node>
		<node ID="0.8" type="Word">
			<attributes paragraph="1" paragraph_position="8" text="satirical"/>
		</node>
		<node ID="0.9" type="Word">
			<attributes paragraph="1" paragraph_position="9" text="journal"/>
		</node>
		<node ID="0.10" type="Punctuation">
			<attributes paragraph="1" paragraph_position="10" text=","/>
		</node>
		<node ID="0.11" type="Word">
			<attributes paragraph="1" paragraph_position="11" text="an"/>
		</node>
		<node ID="0.12" type="Word">
			<attributes paragraph="1" paragraph_position="12" text="article"/>
		</node>
		<node ID="0.13" type="Word">
			<attributes paragraph="1" paragraph_position="13" text="by"/>
		</node>
		<node ID="0.14" type="Word">
			<attributes paragraph="1" paragraph_position="14" text="its"/>
		</node>
		<node ID="0.15" type="Word">
			<attributes paragraph="1" paragraph_position="15" text="most"/>
		</node>
		<node ID="0.16" type="Word">
			<attributes paragraph="1" paragraph_position="16" text="popular"/>
		</node>
		<node ID="0.17" type="Word">
			<attributes paragraph="1" paragraph_position="17" text="columnist"/>
		</node>
		<node ID="0.18" type="Word">
			<attributes paragraph="1" paragraph_position="18" text="finished"/>
		</node>
		<node ID="0.19" type="Word">
			<attributes paragraph="1" paragraph_position="19" text="off"/>
		</node>
		<node ID="0.20" type="Word">
			<attributes paragraph="1" paragraph_position="20" text="the"/>
		</node>
		<node ID="0.21" type="Word">
			<attributes paragraph="1" paragraph_position="21" text="monster"/>
		</node>
		<node ID="0.22" type="Word">
			<attributes paragraph="1" paragraph_position="22" text="for"/>
		</node>
		<node ID="0.23" type="Word">
			<attributes paragraph="1" paragraph_position="23" text="good"/>
		</node>
		<node ID="0.24" type="Punctuation">
			<attributes paragraph="1" paragraph_position="24" text=","/>
		</node>
		<node ID="0.25" type="Word">
			<attributes paragraph="1" paragraph_position="25" text="spurning"/>
		</node>
		<node ID="0.26" type="Word">
			<attributes paragraph="1" paragraph_position="26" text="it"/>
		</node>
		<node ID="0.27" type="Word">
			<attributes paragraph="1" paragraph_position="27" text="in"/>
		</node>
		<node ID="0.28" type="Word">
			<attributes paragraph="1" paragraph_position="28" text="the"/>
		</node>
		<node ID="0.29" type="Word">
			<attributes paragraph="1" paragraph_position="29" text="style"/>
		</node>
		<node ID="0.30" type="Word">
			<attributes paragraph="1" paragraph_position="30" text="of"/>
		</node>
		<node ID="0.31" type="Word">
			<attributes paragraph="1" paragraph_position="31" text="Hippolytus"/>
		</node>
		<node ID="0.32" type="Word">
			<attributes paragraph="1" paragraph_position="32" text="repulsing"/>
		</node>
		<node ID="0.33" type="Word">
			<attributes paragraph="1" paragraph_position="33" text="the"/>
		</node>
		<node ID="0.34" type="Word">
			<attributes paragraph="1" paragraph_position="34" text="amorous"/>
		</node>
		<node ID="0.35" type="Word">
			<attributes paragraph="1" paragraph_position="35" text="advances"/>
		</node>
		<node ID="0.36" type="Word">
			<attributes paragraph="1" paragraph_position="36" text="of"/>
		</node>
		<node ID="0.37" type="Word">
			<attributes paragraph="1" paragraph_position="37" text="his"/>
		</node>
		<node ID="0.38" type="Word">
			<attributes paragraph="1" paragraph_position="38" text="stepmother"/>
		</node>
		<node ID="0.39" type="Word">
			<attributes paragraph="1" paragraph_position="39" text="Phaedra"/>
		</node>
		<node ID="0.40" type="Punctuation">
			<attributes paragraph="1" paragraph_position="40" text=","/>
		</node>
		<node ID="0.41" type="Word">
			<attributes paragraph="1" paragraph_position="41" text="and"/>
		</node>
		<node ID="0.42" type="Word">
			<attributes paragraph="1" paragraph_position="42" text="giving"/>
		</node>
		<node ID="0.43" type="Word">
			<attributes paragraph="1" paragraph_position="43" text="the"/>
		</node>
		<node ID="0.44" type="Word">
			<attributes paragraph="1" paragraph_position="44" text="creature"/>
		</node>
		<node ID="0.45" type="Word">
			<attributes paragraph="1" paragraph_position="45" text="its"/>
		</node>
		<node ID="0.46" type="Word">
			<attributes paragraph="1" paragraph_position="46" text="quietus"/>
		</node>
		<node ID="0.47" type="Word">
			<attributes paragraph="1" paragraph_position="47" text="amid"/>
		</node>
		<node ID="0.48" type="Word">
			<attributes paragraph="1" paragraph_position="48" text="a"/>
		</node>
		<node ID="0.49" type="Word">
			<attributes paragraph="1" paragraph_position="49" text="universal"/>
		</node>
		<node ID="0.50" type="Word">
			<attributes paragraph="1" paragraph_position="50" text="burst"/>
		</node>
		<node ID="0.51" type="Word">
			<attributes paragraph="1" paragraph_position="51" text="of"/>
		</node>
		<node ID="0.52" type="Word">
			<attributes paragraph="1" paragraph_position="52" text="laughter"/>
		</node>
		<node ID="0.53" type="Punctuation">
			<attributes paragraph="1" paragraph_position="53" text="."/>
		</node>
	</layer>
	<layer layerID="1">
		<attributes/>
		<node ID="1.1" type="FN">
			<attributes/>
			<edge toID="1.2" type="L">
				<attributes/>
			</edge>
			<edge toID="1.4" type="U">
				<attributes/>
			</edge>
			<edge toID="1.6" type="H">
				<attributes/>
			</edge>
			<edge toID="1.55" type="U">
				<attributes/>
			</edge>
			<edge toID="1.57" type="H">
				<attributes/>
			</edge>
			<edge toID="1.93" type="U">
				<attributes/>
			</edge>
			<edge toID="1.95" type="L">
				<attributes/>
			</edge>
			<edge toID="1.97" type="H">
				<attributes/>
			</edge>
		</node>
		<node ID="1.2" type="FN">
			<attributes/>
			<edge toID="0.1" type="Terminal">
				<attributes/>
			</edge>
		</node>
		<node ID="1.4" type="FN">
			<attributes/>
			<edge toID="0.2" type="Terminal">
				<attributes/>
			</edge>
		</node>
		<node ID="1.6" type="FN">
			<attributes/>
			<edge toID="1.7" type="A">
				<attributes/>
			</edge>
			<edge toID="1.23" type="U">
				<attributes/>
			</edge>
			<edge toID="1.25" type="A">
				<attributes/>
			</edge>
		</node>
		<node ID="1.55" type="FN">
			<attributes/>
			<edge toID="0.24" type="Terminal">
				<attributes/>
			</edge>
		</node>
		<node ID="1.57" type="FN">
			<attributes/>
			<edge toID="1.58" type="P">
				<attributes/>
			</edge>
			<edge toID="1.60" type="A">
				<attributes/>
			</edge>
			<edge toID="1.62" type="A">
				<attributes/>
			</edge>
			<edge toID="1.74" type="A">
				<attributes/>
			</edge>
		</node>
		<node ID="1.93" type="FN">
			<attributes/>
			<edge toID="0.40" type="Terminal">
				<attributes/>
			</edge>
		</node>
		<node ID="1.95" type="FN">
			<attributes/>
			<edge toID="0.41" type="Terminal">
				<attributes/>
			</edge>
		</node>
		<node ID="1.97" type="FN">
			<attributes/>
			<edge toID="1.98" type="P">
				<attributes/>
			</edge>
			<edge toID="1.100" type="A">
				<attributes/>
			</edge>
			<edge toID="1.105" type="A">
				<attributes/>
			</edge>
		</node>
		<node ID="1.7" type="FN">
			<attributes/>
			<edge toID="1.8" type="R">
				<attributes/>
			</edge>
			<edge toID="1.10" type="E">
				<attributes/>
			</edge>
			<edge toID="1.12" type="E">
				<attributes/>
			</edge>
			<edge toID="1.19" type="E">
				<attributes/>
			</edge>
			<edge toID="1.21" type="C">
				<attributes/>
			</edge>
		</node>
		<node ID="1.23" type="FN">
			<attributes/>
			<edge toID="0.10" type="Terminal">
				<attributes/>
			</edge>
		</node>
		<node ID="1.25" type="FN">
			<attributes/>
			<edge toID="1.26" type="E">
				<attributes/>
			</edge>
			<edge toID="1.28" type="C">
				<attributes/>
			</edge>
			<edge toID="1.30" type="E">
				<attributes/>
			</edge>
		</node>
		<node ID="1.58" type="FN">
			<attributes/>
			<edge toID="0.25" type="Terminal">
				<attributes/>
			</edge>
		</node>
		<node ID="1.60" type="FN">
			<attributes/>
			<edge toID="0.26" type="Terminal">
				<attributes/>
			</edge>
		</node>
		<node ID="1.62" type="FN">
			<attributes/>
			<edge toID="1.63" type="R">
				<attributes/>
			</edge>
			<edge toID="1.65" type="E">
				<attributes/>
			</edge>
			<edge toID="1.67" type="C">
				<attributes/>
			</edge>
			<edge toID="1.69" type="E">
				<attributes/>
			</edge>
		</node>
		<node ID="1.74" type="FN">
			<attributes/>
			<edge toID="1.75" type="P">
				<attributes/>
			</edge>
			<edge toID="1.77" type="A">
				<attributes/>
			</edge>
		</node>
		<node ID="1.98" type="FN">
			<attributes/>
			<edge toID="0.42" type="Terminal">
				<attributes/>
			</edge>
		</node>
		<node ID="1.100" type="FN">
			<attributes/>
			<edge toID="1.101" type="E">
				<attributes/>
			</edge>
			<edge toID="1.103" type="C">
				<attributes/>
			</edge>
		</node>
		<node ID="1.105" type="FN">
			<attributes/>
			<edge toID="1.106" type="A">
				<attributes/>
			</edge>
			<edge toID="1.108" type="P">
				<attributes/>
			</edge>
			<edge toID="1.110" type="A">
				<attributes/>
			</edge>
		</node>
		<node ID="1.8" type="FN">
			<attributes/>
			<edge toID="0.3" type="Terminal">
				<attributes/>
			</edge>
		</node>
		<node ID="1.10" type="FN">
			<attributes/>
			<edge toID="0.4" type="Terminal">
				<attributes/>
			</edge>
		</node>
		<node ID="1.12" type="FN">
			<attributes/>
			<edge toID="1.13" type="E">
				<attributes/>
			</edge>
			<edge toID="1.15" type="U">
				<attributes/>
			</edge>
			<edge toID="1.17" type="C">
				<attributes/>
			</edge>
		</node>
		<node ID="1.19" type="FN">
			<attributes/>
			<edge toID="0.8" type="Terminal">
				<attributes/>
			</edge>
		</node>
		<node ID="1.21" type="FN">
			<attributes/>
			<edge toID="0.9" type="Terminal">
				<attributes/>
			</edge>
		</node>
		<node ID="1.26" type="FN">
			<attributes/>
			<edge toID="0.11" type="Terminal">
				<attributes/>
			</edge>
		</node>
		<node ID="1.28" type="FN">
			<attributes/>
			<edge toID="0.12" type="Terminal">
				<attributes/>
			</edge>
		</node>
		<node ID="1.30" type="FN">
			<attributes/>
			<edge toID="1.31" type="R">
				<attributes/>
			</edge>
			<edge toID="1.33" type="A">
				<attributes/>
			</edge>
			<edge toID="1.35" type="A">
				<attributes/>
			</edge>
			<edge toID="1.42" type="P">
				<attributes/>
			</edge>
			<edge toID="1.45" type="A">
				<attributes/>
			</edge>
			<edge toID="1.50" type="A">
				<attributes/>
			</edge>
		</node>
		<node ID="1.63" type="FN">
			<attributes/>
			<edge toID="0.27" type="Terminal">
				<attributes/>
			</edge>
		</node>
		<node ID="1.65" type="FN">
			<attributes/>
			<edge toID="0.28" type="Terminal">
				<attributes/>
			</edge>
		</node>
		<node ID="1.67" type="FN">
			<attributes/>
			<edge toID="0.29" type="Terminal">
				<attributes/>
			</edge>
		</node>
		<node ID="1.69" type="FN">
			<attributes/>
			<edge toID="1.70" type="R">
				<attributes/>
			</edge>
			<edge toID="1.72" type="C">
				<attributes/>
			</edge>
		</node>
		<node ID="1.75" type="FN">
			<attributes/>
			<edge toID="0.32" type="Terminal">
				<attributes/>
			</edge>
		</node>
		<node ID="1.77" type="FN">
			<attributes/>
			<edge toID="1.78" type="E">
				<attributes/>
			</edge>
			<edge toID="1.80" type="E">
				<attributes/>
			</edge>
			<edge toID="1.82" type="C">
				<attributes/>
			</edge>
			<edge toID="1.84" type="E">
				<attributes/>
			</edge>
		</node>
		<node ID="1.101" type="FN">
			<attributes/>
			<edge toID="0.43" type="Terminal">
				<attributes/>
			</edge>
		</node>
		<node ID="1.103" type="FN">
			<attributes/>
			<edge toID="0.44" type="Terminal">
				<attributes/>
			</edge>
		</node>
		<node ID="1.106" type="FN">
			<attributes/>
			<edge toID="0.45" type="Terminal">
				<attributes/>
			</edge>
		</node>
		<node ID="1.108" type="FN">
			<attributes/>
			<edge toID="0.46" type="Terminal">
				<attributes/>
			</edge>
		</node>
		<node ID="1.110" type="FN">
			<attributes/>
			<edge toID="1.111" type="R">
				<attributes/>
			</edge>
			<edge toID="1.113" type="E">
				<attributes/>
			</edge>
			<edge toID="1.115" type="E">
				<attributes/>
			</edge>
			<edge toID="1.117" type="C">
				<attributes/>
			</edge>
			<edge toID="1.119" type="E">
				<attributes/>
			</edge>
		</node>
		<node ID="1.13" type="FN">
			<attributes/>
			<edge toID="0.5" type="Terminal">
				<attributes/>
			</edge>
		</node>
		<node ID="1.15" type="FN">
			<attributes/>
			<edge toID="0.6" type="Terminal">
				<attributes/>
			</edge>
		</node>
		<node ID="1.17" type="FN">
			<attributes/>
			<edge toID="0.7" type="Terminal">
				<attributes/>
			</edge>
		</node>
		<node ID="1.31" type="FN">
			<attributes/>
			<edge toID="0.13" type="Terminal">
				<attributes/>
			</edge>
		</node>
		<node ID="1.33" type="FN">
			<attributes/>
			<edge toID="0.14" type="Terminal">
				<attributes/>
			</edge>
		</node>
		<node ID="1.35" type="FN">
			<attributes/>
			<edge toID="1.36" type="E">
				<attributes/>
			</edge>
			<edge toID="1.38" type="E">
				<attributes/>
			</edge>
			<edge toID="1.40" type="C">
				<attributes/>
			</edge>
		</node>
		<node ID="1.42" type="FN">
			<attributes/>
			<edge toID="0.18" type="Terminal">
				<attributes/>
			</edge>
			<edge toID="0.19" type="Terminal">
				<attributes/>
			</edge>
		</node>
		<node ID="1.45" type="FN">
			<attributes/>
			<edge toID="1.46" type="E">
				<attributes/>
			</edge>
			<edge toID="1.48" type="C">
				<attributes/>
			</edge>
		</node>
		<node ID="1.50" type="FN">
			<attributes/>
			<edge toID="1.51" type="R">
				<attributes/>
			</edge>
			<edge toID="1.53" type="C">
				<attributes/>
			</edge>
		</node>
		<node ID="1.70" type="FN">
			<attributes/>
			<edge toID="0.30" type="Terminal">
				<attributes/>
			</edge>
		</node>
		<node ID="1.72" type="FN">
			<attributes/>
			<edge toID="0.31" type="Terminal">
				<attributes/>
			</edge>
		</node>
		<node ID="1.78" type="FN">
			<attributes/>
			<edge toID="0.33" type="Terminal">
				<attributes/>
			</edge>
		</node>
		<node ID="1.80" type="FN">
			<attributes/>
			<edge toID="0.34" type="Terminal">
				<attributes/>
			</edge>
		</node>
		<node ID="1.82" type="FN">
			<attributes/>
			<edge toID="0.35" type="Terminal">
				<attributes/>
			</edge>
		</node>
		<node ID="1.84" type="FN">
			<attributes/>
			<edge toID="1.85" type="R">
				<attributes/>
			</edge>
			<edge toID="1.87" type="E">
				<attributes/>
			</edge>
			<edge toID="1.89" type="E">
				<attributes/>
			</edge>
			<edge toID="1.91" type="C">
				<attributes/>
			</edge>
		</node>
		<node ID="1.111" type="FN">
			<attributes/>
			<edge toID="0.47" type="Terminal">
				<attributes/>
			</edge>
		</node>
		<node ID="1.113" type="FN">
			<attributes/>
			<edge toID="0.48" type="Terminal">
				<attributes/>
			</edge>
		</node>
		<node ID="1.115" type="FN">
			<attributes/>
			<edge toID="0.49" type="Terminal">
				<attributes/>
			</edge>
		</node>
		<node ID="1.117" type="FN">
			<attributes/>
			<edge toID="0.50" type="Terminal">
				<attributes/>
			</edge>
		</node>
		<node ID="1.119" type="FN">
			<attributes/>
			<edge toID="1.120" type="R">
				<attributes/>
			</edge>
			<edge toID="1.122" type="C">
				<attributes/>
			</edge>
			<edge toID="1.124" type="U">
				<attributes/>
			</edge>
		</node>
		<node ID="1.36" type="FN">
			<attributes/>
			<edge toID="0.15" type="Terminal">
				<attributes/>
			</edge>
		</node>
		<node ID="1.38" type="FN">
			<attributes/>
			<edge toID="0.16" type="Terminal">
				<attributes/>
			</edge>
		</node>
		<node ID="1.40" type="FN">
			<attributes/>
			<edge toID="0.17" type="Terminal">
				<attributes/>
			</edge>
		</node>
		<node ID="1.46" type="FN">
			<attributes/>
			<edge toID="0.20" type="Terminal">
				<attributes/>
			</edge>
		</node>
		<node ID="1.48" type="FN">
			<attributes/>
			<edge toID="0.21" type="Terminal">
				<attributes/>
			</edge>
		</node>
		<node ID="1.51" type="FN">
			<attributes/>
			<edge toID="0.22" type="Terminal">
				<attributes/>
			</edge>
		</node>
		<node ID="1.53" type="FN">
			<attributes/>
			<edge toID="0.23" type="Terminal">
				<attributes/>
			</edge>
		</node>
		<node ID="1.85" type="FN">
			<attributes/>
			<edge toID="0.36" type="Terminal">
				<attributes/>
			</edge>
		</node>
		<node ID="1.87" type="FN">
			<attributes/>
			<edge toID="0.37" type="Terminal">
				<attributes/>
			</edge>
		</node>
		<node ID="1.89" type="FN">
			<attributes/>
			<edge toID="0.38" type="Terminal">
				<attributes/>
			</edge>
		</node>
		<node ID="1.91" type="FN">
			<attributes/>
			<edge toID="0.39" type="Terminal">
				<attributes/>
			</edge>
		</node>
		<node ID="1.120" type="FN">
			<attributes/>
			<edge toID="0.51" type="Terminal">
				<attributes/>
			</edge>
		</node>
		<node ID="1.122" type="FN">
			<attributes/>
			<edge toID="0.52" type="Terminal">
				<attributes/>
			</edge>
		</node>
		<node ID="1.124" type="FN">
			<attributes/>
			<edge toID="0.53" type="Terminal">
				<attributes/>
			</edge>
		</node>
	</layer>
</root>

