<root annotationID="0" passageID="53003">
	<attributes/>
	<layer layerID="0">
		<attributes/>
		<node ID="0.1" type="Word">
			<attributes paragraph="1" paragraph_position="1" text="Accordingly"/>
		</node>
		<node ID="0.2" type="Punctuation">
			<attributes paragraph="1" paragraph_position="2" text=","/>
		</node>
		<node ID="0.3" type="Word">
			<attributes paragraph="1" paragraph_position="3" text="despite"/>
		</node>
		<node ID="0.4" type="Word">
			<attributes paragraph="1" paragraph_position="4" text="strong"/>
		</node>
		<node ID="0.5" type="Word">
			<attributes paragraph="1" paragraph_position="5" text="competition"/>
		</node>
		<node ID="0.6" type="Word">
			<attributes paragraph="1" paragraph_position="6" text="from"/>
		</node>
		<node ID="0.7" type="Word">
			<attributes paragraph="1" paragraph_position="7" text="France"/>
		</node>
		<node ID="0.8" type="Punctuation">
			<attributes paragraph="1" paragraph_position="8" text=","/>
		</node>
		<node ID="0.9" type="Word">
			<attributes paragraph="1" paragraph_position="9" text="passengers"/>
		</node>
		<node ID="0.10" type="Word">
			<attributes paragraph="1" paragraph_position="10" text="still"/>
		</node>
		<node ID="0.11" type="Word">
			<attributes paragraph="1" paragraph_position="11" text="choose"/>
		</node>
		<node ID="0.12" type="Word">
			<attributes paragraph="1" paragraph_position="12" text="the"/>
		</node>
		<node ID="0.13" type="Word">
			<attributes paragraph="1" paragraph_position="13" text="Cunard"/>
		</node>
		<node ID="0.14" type="Word">
			<attributes paragraph="1" paragraph_position="14" text="line"/>
		</node>
		<node ID="0.15" type="Word">
			<attributes paragraph="1" paragraph_position="15" text="in"/>
		</node>
		<node ID="0.16" type="Word">
			<attributes paragraph="1" paragraph_position="16" text="preference"/>
		</node>
		<node ID="0.17" type="Word">
			<attributes paragraph="1" paragraph_position="17" text="to"/>
		</node>
		<node ID="0.18" type="Word">
			<attributes paragraph="1" paragraph_position="18" text="all"/>
		</node>
		<node ID="0.19" type="Word">
			<attributes paragraph="1" paragraph_position="19" text="others"/>
		</node>
		<node ID="0.20" type="Punctuation">
			<attributes paragraph="1" paragraph_position="20" text=","/>
		</node>
		<node ID="0.21" type="Word">
			<attributes paragraph="1" paragraph_position="21" text="as"/>
		</node>
		<node ID="0.22" type="Word">
			<attributes paragraph="1" paragraph_position="22" text="can"/>
		</node>
		<node ID="0.23" type="Word">
			<attributes paragraph="1" paragraph_position="23" text="be"/>
		</node>
		<node ID="0.24" type="Word">
			<attributes paragraph="1" paragraph_position="24" text="seen"/>
		</node>
		<node ID="0.25" type="Word">
			<attributes paragraph="1" paragraph_position="25" text="in"/>
		</node>
		<node ID="0.26" type="Word">
			<attributes paragraph="1" paragraph_position="26" text="a"/>
		</node>
		<node ID="0.27" type="Word">
			<attributes paragraph="1" paragraph_position="27" text="recent"/>
		</node>
		<node ID="0.28" type="Word">
			<attributes paragraph="1" paragraph_position="28" text="survey"/>
		</node>
		<node ID="0.29" type="Word">
			<attributes paragraph="1" paragraph_position="29" text="of"/>
		</node>
		<node ID="0.30" type="Word">
			<attributes paragraph="1" paragraph_position="30" text="official"/>
		</node>
		<node ID="0.31" type="Word">
			<attributes paragraph="1" paragraph_position="31" text="documents"/>
		</node>
		<node ID="0.32" type="Punctuation">
			<attributes paragraph="1" paragraph_position="32" text="."/>
		</node>
	</layer>
	<layer layerID="1">
		<attributes/>
		<node ID="1.1" type="FN">
			<attributes/>
			<edge toID="1.2" type="H">
				<attributes/>
			</edge>
			<edge toID="1.19" type="U">
				<attributes/>
			</edge>
			<edge toID="1.21" type="H">
				<attributes/>
			</edge>
			<edge toID="1.47" type="U">
				<attributes/>
			</edge>
			<edge toID="1.49" type="L">
				<attributes/>
			</edge>
			<edge toID="1.51" type="H">
				<attributes/>
			</edge>
		</node>
		<node ID="1.2" type="FN">
			<attributes/>
			<edge toID="1.3" type="D">
				<attributes/>
			</edge>
			<edge toID="1.5" type="U">
				<attributes/>
			</edge>
			<edge toID="1.7" type="P">
				<attributes/>
			</edge>
			<edge toID="1.14" type="A">
				<attributes/>
			</edge>
		</node>
		<node ID="1.19" type="FN">
			<attributes/>
			<edge toID="0.8" type="Terminal">
				<attributes/>
			</edge>
		</node>
		<node ID="1.21" type="FN">
			<attributes/>
			<edge toID="1.22" type="A">
				<attributes/>
			</edge>
			<edge toID="1.24" type="D">
				<attributes/>
			</edge>
			<edge toID="1.26" type="P">
				<attributes/>
			</edge>
			<edge toID="1.28" type="A">
				<attributes/>
			</edge>
			<edge toID="1.35" type="A">
				<attributes/>
			</edge>
			<edge toID="1.40" type="A">
				<attributes/>
			</edge>
		</node>
		<node ID="1.47" type="FN">
			<attributes/>
			<edge toID="0.20" type="Terminal">
				<attributes/>
			</edge>
		</node>
		<node ID="1.49" type="FN">
			<attributes/>
			<edge toID="0.21" type="Terminal">
				<attributes/>
			</edge>
		</node>
		<node ID="1.51" type="FN">
			<attributes/>
			<edge toID="1.52" type="D">
				<attributes/>
			</edge>
			<edge toID="1.54" type="F">
				<attributes/>
			</edge>
			<edge toID="1.56" type="P">
				<attributes/>
			</edge>
			<edge toID="1.58" type="A">
				<attributes/>
			</edge>
		</node>
		<node ID="1.3" type="FN">
			<attributes/>
			<edge toID="0.1" type="Terminal">
				<attributes/>
			</edge>
		</node>
		<node ID="1.5" type="FN">
			<attributes/>
			<edge toID="0.2" type="Terminal">
				<attributes/>
			</edge>
		</node>
		<node ID="1.7" type="FN">
			<attributes/>
			<edge toID="1.8" type="R">
				<attributes/>
			</edge>
			<edge toID="1.10" type="E">
				<attributes/>
			</edge>
			<edge toID="1.12" type="C">
				<attributes/>
			</edge>
		</node>
		<node ID="1.14" type="FN">
			<attributes/>
			<edge toID="1.15" type="R">
				<attributes/>
			</edge>
			<edge toID="1.17" type="C">
				<attributes/>
			</edge>
		</node>
		<node ID="1.22" type="FN">
			<attributes/>
			<edge toID="0.9" type="Terminal">
				<attributes/>
			</edge>
		</node>
		<node ID="1.24" type="FN">
			<attributes/>
			<edge toID="0.10" type="Terminal">
				<attributes/>
			</edge>
		</node>
		<node ID="1.26" type="FN">
			<attributes/>
			<edge toID="0.11" type="Terminal">
				<attributes/>
			</edge>
		</node>
		<node ID="1.28" type="FN">
			<attributes/>
			<edge toID="1.29" type="E">
				<attributes/>
			</edge>
			<edge toID="1.31" type="E">
				<attributes/>
			</edge>
			<edge toID="1.33" type="C">
				<attributes/>
			</edge>
		</node>
		<node ID="1.35" type="FN">
			<attributes/>
			<edge toID="1.36" type="R">
				<attributes/>
			</edge>
			<edge toID="1.38" type="C">
				<attributes/>
			</edge>
		</node>
		<node ID="1.40" type="FN">
			<attributes/>
			<edge toID="1.41" type="R">
				<attributes/>
			</edge>
			<edge toID="1.43" type="E">
				<attributes/>
			</edge>
			<edge toID="1.45" type="C">
				<attributes/>
			</edge>
		</node>
		<node ID="1.52" type="FN">
			<attributes/>
			<edge toID="0.22" type="Terminal">
				<attributes/>
			</edge>
		</node>
		<node ID="1.54" type="FN">
			<attributes/>
			<edge toID="0.23" type="Terminal">
				<attributes/>
			</edge>
		</node>
		<node ID="1.56" type="FN">
			<attributes/>
			<edge toID="0.24" type="Terminal">
				<attributes/>
			</edge>
		</node>
		<node ID="1.58" type="FN">
			<attributes/>
			<edge toID="1.59" type="R">
				<attributes/>
			</edge>
			<edge toID="1.61" type="E">
				<attributes/>
			</edge>
			<edge toID="1.63" type="E">
				<attributes/>
			</edge>
			<edge toID="1.65" type="C">
				<attributes/>
			</edge>
			<edge toID="1.67" type="E">
				<attributes/>
			</edge>
		</node>
		<node ID="1.8" type="FN">
			<attributes/>
			<edge toID="0.3" type="Terminal">
				<attributes/>
			</edge>
		</node>
		<node ID="1.10" type="FN">
			<attributes/>
			<edge toID="0.4" type="Terminal">
				<attributes/>
			</edge>
		</node>
		<node ID="1.12" type="FN">
			<attributes/>
			<edge toID="0.5" type="Terminal">
				<attributes/>
			</edge>
		</node>
		<node ID="1.15" type="FN">
			<attributes/>
			<edge toID="0.6" type="Terminal">
				<attributes/>
			</edge>
		</node>
		<node ID="1.17" type="FN">
			<attributes/>
			<edge toID="0.7" type="Terminal">
				<attributes/>
			</edge>
		</node>
		<node ID="1.29" type="FN">
			<attributes/>
			<edge toID="0.12" type="Terminal">
				<attributes/>
			</edge>
		</node>
		<node ID="1.31" type="FN">
			<attributes/>
			<edge toID="0.13" type="Terminal">
				<attributes/>
			</edge>
		</node>
		<node ID="1.33" type="FN">
			<attributes/>
			<edge toID="0.14" type="Terminal">
				<attributes/>
			</edge>
		</node>
		<node ID="1.36" type="FN">
			<attributes/>
			<edge toID="0.15" type="Terminal">
				<attributes/>
			</edge>
		</node>
		<node ID="1.38" type="FN">
			<attributes/>
			<edge toID="0.16" type="Terminal">
				<attributes/>
			</edge>
		</node>
		<node ID="1.41" type="FN">
			<attributes/>
			<edge toID="0.17" type="Terminal">
				<attributes/>
			</edge>
		</node>
		<node ID="1.43" type="FN">
			<attributes/>
			<edge toID="0.18" type="Terminal">
				<attributes/>
			</edge>
		</node>
		<node ID="1.45" type="FN">
			<attributes/>
			<edge toID="0.19" type="Terminal">
				<attributes/>
			</edge>
		</node>
		<node ID="1.59" type="FN">
			<attributes/>
			<edge toID="0.25" type="Terminal">
				<attributes/>
			</edge>
		</node>
		<node ID="1.61" type="FN">
			<attributes/>
			<edge toID="0.26" type="Terminal">
				<attributes/>
			</edge>
		</node>
		<node ID="1.63" type="FN">
			<attributes/>
			<edge toID="0.27" type="Terminal">
				<attributes/>
			</edge>
		</node>
		<node ID="1.65" type="FN">
			<attributes/>
			<edge toID="0.28" type="Terminal">
				<attributes/>
			</edge>
		</node>
		<node ID="1.67" type="FN">
			<attributes/>
			<edge toID="1.68" type="R">
				<attributes/>
			</edge>
			<edge toID="1.70" type="E">
				<attributes/>
			</edge>
			<edge toID="1.72" type="C">
				<attributes/>
			</edge>
			<edge toID="1.74" type="U">
				<attributes/>
			</edge>
		</node>
		<node ID="1.68" type="FN">
			<attributes/>
			<edge toID="0.29" type="Terminal">
				<attributes/>
			</edge>
		</node>
		<node ID="1.70" type="FN">
			<attributes/>
			<edge toID="0.30" type="Terminal">
				<attributes/>
			</edge>
		</node>
		<node ID="1.72" type="FN">
			<attributes/>
			<edge toID="0.31" type="Terminal">
				<attributes/>
			</edge>
		</node>
		<node ID="1.74" type="FN">
			<attributes/>
			<edge toID="0.32" type="Terminal">
				<attributes/>
			</edge>
		</node>
	</layer>
</root>

