<root annotationID="0" passageID="55000">
	<attributes/>
	<layer layerID="0">
		<attributes/>
		<node ID="0.1" type="Word">
			<attributes paragraph="1" paragraph_position="1" text="At"/>
		</node>
		<node ID="0.2" type="Word">
			<attributes paragraph="1" paragraph_position="2" text="4"/>
		</node>
		<node ID="0.3" type="Punctuation">
			<attributes paragraph="1" paragraph_position="3" text=":"/>
		</node>
		<node ID="0.4" type="Word">
			<attributes paragraph="1" paragraph_position="4" text="17"/>
		</node>
		<node ID="0.5" type="Word">
			<attributes paragraph="1" paragraph_position="5" text="in"/>
		</node>
		<node ID="0.6" type="Word">
			<attributes paragraph="1" paragraph_position="6" text="the"/>
		</node>
		<node ID="0.7" type="Word">
			<attributes paragraph="1" paragraph_position="7" text="afternoon"/>
		</node>
		<node ID="0.8" type="Punctuation">
			<attributes paragraph="1" paragraph_position="8" text=","/>
		</node>
		<node ID="0.9" type="Word">
			<attributes paragraph="1" paragraph_position="9" text="during"/>
		</node>
		<node ID="0.10" type="Word">
			<attributes paragraph="1" paragraph_position="10" text="a"/>
		</node>
		<node ID="0.11" type="Word">
			<attributes paragraph="1" paragraph_position="11" text="high"/>
		</node>
		<node ID="0.12" type="Word">
			<attributes paragraph="1" paragraph_position="12" text="tea"/>
		</node>
		<node ID="0.13" type="Word">
			<attributes paragraph="1" paragraph_position="13" text="for"/>
		</node>
		<node ID="0.14" type="Word">
			<attributes paragraph="1" paragraph_position="14" text="passengers"/>
		</node>
		<node ID="0.15" type="Word">
			<attributes paragraph="1" paragraph_position="15" text="gathered"/>
		</node>
		<node ID="0.16" type="Word">
			<attributes paragraph="1" paragraph_position="16" text="in"/>
		</node>
		<node ID="0.17" type="Word">
			<attributes paragraph="1" paragraph_position="17" text="the"/>
		</node>
		<node ID="0.18" type="Word">
			<attributes paragraph="1" paragraph_position="18" text="main"/>
		</node>
		<node ID="0.19" type="Word">
			<attributes paragraph="1" paragraph_position="19" text="lounge"/>
		</node>
		<node ID="0.20" type="Punctuation">
			<attributes paragraph="1" paragraph_position="20" text=","/>
		</node>
		<node ID="0.21" type="Word">
			<attributes paragraph="1" paragraph_position="21" text="a"/>
		</node>
		<node ID="0.22" type="Word">
			<attributes paragraph="1" paragraph_position="22" text="collision"/>
		</node>
		<node ID="0.23" type="Word">
			<attributes paragraph="1" paragraph_position="23" text="occurred"/>
		</node>
		<node ID="0.24" type="Punctuation">
			<attributes paragraph="1" paragraph_position="24" text=","/>
		</node>
		<node ID="0.25" type="Word">
			<attributes paragraph="1" paragraph_position="25" text="scarcely"/>
		</node>
		<node ID="0.26" type="Word">
			<attributes paragraph="1" paragraph_position="26" text="noticeable"/>
		</node>
		<node ID="0.27" type="Word">
			<attributes paragraph="1" paragraph_position="27" text="on"/>
		</node>
		<node ID="0.28" type="Word">
			<attributes paragraph="1" paragraph_position="28" text="the"/>
		</node>
		<node ID="0.29" type="Word">
			<attributes paragraph="1" paragraph_position="29" text="whole"/>
		</node>
		<node ID="0.30" type="Punctuation">
			<attributes paragraph="1" paragraph_position="30" text=","/>
		</node>
		<node ID="0.31" type="Word">
			<attributes paragraph="1" paragraph_position="31" text="affecting"/>
		</node>
		<node ID="0.32" type="Word">
			<attributes paragraph="1" paragraph_position="32" text="the"/>
		</node>
		<node ID="0.33" type="Word">
			<attributes paragraph="1" paragraph_position="33" text="Scotia"/>
		</node>
		<node ID="0.34" type="Word">
			<attributes paragraph="1" paragraph_position="34" text="'s"/>
		</node>
		<node ID="0.35" type="Word">
			<attributes paragraph="1" paragraph_position="35" text="hull"/>
		</node>
		<node ID="0.36" type="Word">
			<attributes paragraph="1" paragraph_position="36" text="in"/>
		</node>
		<node ID="0.37" type="Word">
			<attributes paragraph="1" paragraph_position="37" text="that"/>
		</node>
		<node ID="0.38" type="Word">
			<attributes paragraph="1" paragraph_position="38" text="quarter"/>
		</node>
		<node ID="0.39" type="Word">
			<attributes paragraph="1" paragraph_position="39" text="a"/>
		</node>
		<node ID="0.40" type="Word">
			<attributes paragraph="1" paragraph_position="40" text="little"/>
		</node>
		<node ID="0.41" type="Word">
			<attributes paragraph="1" paragraph_position="41" text="astern"/>
		</node>
		<node ID="0.42" type="Word">
			<attributes paragraph="1" paragraph_position="42" text="of"/>
		</node>
		<node ID="0.43" type="Word">
			<attributes paragraph="1" paragraph_position="43" text="its"/>
		</node>
		<node ID="0.44" type="Word">
			<attributes paragraph="1" paragraph_position="44" text="port"/>
		</node>
		<node ID="0.45" type="Word">
			<attributes paragraph="1" paragraph_position="45" text="paddle"/>
		</node>
		<node ID="0.46" type="Word">
			<attributes paragraph="1" paragraph_position="46" text="wheel"/>
		</node>
		<node ID="0.47" type="Punctuation">
			<attributes paragraph="1" paragraph_position="47" text="."/>
		</node>
	</layer>
	<layer layerID="1">
		<attributes/>
		<node ID="1.1" type="FN">
			<attributes/>
			<edge toID="1.2" type="H">
				<attributes/>
			</edge>
			<edge toID="1.18" type="U">
				<attributes/>
			</edge>
			<edge toID="1.20" type="L">
				<attributes/>
			</edge>
			<edge toID="1.22" type="H">
				<attributes/>
			</edge>
			<edge toID="1.46" type="U">
				<attributes/>
			</edge>
			<edge toID="1.48" type="H">
				<attributes/>
			</edge>
			<edge toID="1.70" type="U">
				<attributes/>
			</edge>
			<edge toID="1.72" type="H">
				<attributes/>
			</edge>
		</node>
		<node ID="1.2" type="FN">
			<attributes/>
			<edge toID="1.3" type="A">
				<attributes/>
			</edge>
			<edge toID="1.11" type="A">
				<attributes/>
			</edge>
		</node>
		<node ID="1.18" type="FN">
			<attributes/>
			<edge toID="0.8" type="Terminal">
				<attributes/>
			</edge>
		</node>
		<node ID="1.20" type="FN">
			<attributes/>
			<edge toID="0.9" type="Terminal">
				<attributes/>
			</edge>
		</node>
		<node ID="1.22" type="FN">
			<attributes/>
			<edge toID="1.23" type="A">
				<attributes/>
			</edge>
			<edge toID="1.30" type="A">
				<attributes/>
			</edge>
			<edge toID="1.35" type="P">
				<attributes/>
			</edge>
			<edge toID="1.37" type="A">
				<attributes/>
			</edge>
		</node>
		<node ID="1.46" type="FN">
			<attributes/>
			<edge toID="0.20" type="Terminal">
				<attributes/>
			</edge>
		</node>
		<node ID="1.48" type="FN">
			<attributes/>
			<edge toID="1.49" type="A">
				<attributes/>
			</edge>
			<edge toID="1.54" type="P">
				<attributes/>
			</edge>
			<edge toID="1.56" type="U">
				<attributes/>
			</edge>
			<edge toID="1.58" type="D">
				<attributes/>
			</edge>
			<edge toID="1.60" type="A">
				<attributes/>
			</edge>
		</node>
		<node ID="1.70" type="FN">
			<attributes/>
			<edge toID="0.30" type="Terminal">
				<attributes/>
			</edge>
		</node>
		<node ID="1.72" type="FN">
			<attributes/>
			<edge toID="1.49" type="A">
				<attributes remote="True"/>
			</edge>
			<edge toID="1.74" type="P">
				<attributes/>
			</edge>
			<edge toID="1.76" type="A">
				<attributes/>
			</edge>
			<edge toID="1.86" type="A">
				<attributes/>
			</edge>
		</node>
		<node ID="1.3" type="FN">
			<attributes/>
			<edge toID="1.4" type="R">
				<attributes/>
			</edge>
			<edge toID="1.6" type="C">
				<attributes/>
			</edge>
		</node>
		<node ID="1.11" type="FN">
			<attributes/>
			<edge toID="1.12" type="R">
				<attributes/>
			</edge>
			<edge toID="1.14" type="E">
				<attributes/>
			</edge>
			<edge toID="1.16" type="C">
				<attributes/>
			</edge>
		</node>
		<node ID="1.23" type="FN">
			<attributes/>
			<edge toID="1.24" type="E">
				<attributes/>
			</edge>
			<edge toID="1.26" type="E">
				<attributes/>
			</edge>
			<edge toID="1.28" type="C">
				<attributes/>
			</edge>
		</node>
		<node ID="1.30" type="FN">
			<attributes/>
			<edge toID="1.31" type="R">
				<attributes/>
			</edge>
			<edge toID="1.33" type="C">
				<attributes/>
			</edge>
		</node>
		<node ID="1.35" type="FN">
			<attributes/>
			<edge toID="0.15" type="Terminal">
				<attributes/>
			</edge>
		</node>
		<node ID="1.37" type="FN">
			<attributes/>
			<edge toID="1.38" type="R">
				<attributes/>
			</edge>
			<edge toID="1.40" type="E">
				<attributes/>
			</edge>
			<edge toID="1.42" type="E">
				<attributes/>
			</edge>
			<edge toID="1.44" type="C">
				<attributes/>
			</edge>
		</node>
		<node ID="1.49" type="FN">
			<attributes/>
			<edge toID="1.50" type="E">
				<attributes/>
			</edge>
			<edge toID="1.52" type="C">
				<attributes/>
			</edge>
		</node>
		<node ID="1.54" type="FN">
			<attributes/>
			<edge toID="0.23" type="Terminal">
				<attributes/>
			</edge>
		</node>
		<node ID="1.56" type="FN">
			<attributes/>
			<edge toID="0.24" type="Terminal">
				<attributes/>
			</edge>
		</node>
		<node ID="1.58" type="FN">
			<attributes/>
			<edge toID="0.25" type="Terminal">
				<attributes/>
			</edge>
		</node>
		<node ID="1.60" type="FN">
			<attributes/>
			<edge toID="1.61" type="C">
				<attributes/>
			</edge>
			<edge toID="1.63" type="E">
				<attributes/>
			</edge>
		</node>
		<node ID="1.74" type="FN">
			<attributes/>
			<edge toID="0.31" type="Terminal">
				<attributes/>
			</edge>
		</node>
		<node ID="1.76" type="FN">
			<attributes/>
			<edge toID="1.77" type="E">
				<attributes/>
			</edge>
			<edge toID="1.84" type="C">
				<attributes/>
			</edge>
		</node>
		<node ID="1.86" type="FN">
			<attributes/>
			<edge toID="1.87" type="R">
				<attributes/>
			</edge>
			<edge toID="1.89" type="E">
				<attributes/>
			</edge>
			<edge toID="1.91" type="E">
				<attributes/>
			</edge>
			<edge toID="1.93" type="E">
				<attributes/>
			</edge>
			<edge toID="1.95" type="E">
				<attributes/>
			</edge>
			<edge toID="1.97" type="C">
				<attributes/>
			</edge>
			<edge toID="1.99" type="E">
				<attributes/>
			</edge>
		</node>
		<node ID="1.4" type="FN">
			<attributes/>
			<edge toID="0.1" type="Terminal">
				<attributes/>
			</edge>
		</node>
		<node ID="1.6" type="FN">
			<attributes/>
			<edge toID="0.2" type="Terminal">
				<attributes/>
			</edge>
			<edge toID="1.8" type="U">
				<attributes/>
			</edge>
			<edge toID="0.4" type="Terminal">
				<attributes/>
			</edge>
		</node>
		<node ID="1.12" type="FN">
			<attributes/>
			<edge toID="0.5" type="Terminal">
				<attributes/>
			</edge>
		</node>
		<node ID="1.14" type="FN">
			<attributes/>
			<edge toID="0.6" type="Terminal">
				<attributes/>
			</edge>
		</node>
		<node ID="1.16" type="FN">
			<attributes/>
			<edge toID="0.7" type="Terminal">
				<attributes/>
			</edge>
		</node>
		<node ID="1.24" type="FN">
			<attributes/>
			<edge toID="0.10" type="Terminal">
				<attributes/>
			</edge>
		</node>
		<node ID="1.26" type="FN">
			<attributes/>
			<edge toID="0.11" type="Terminal">
				<attributes/>
			</edge>
		</node>
		<node ID="1.28" type="FN">
			<attributes/>
			<edge toID="0.12" type="Terminal">
				<attributes/>
			</edge>
		</node>
		<node ID="1.31" type="FN">
			<attributes/>
			<edge toID="0.13" type="Terminal">
				<attributes/>
			</edge>
		</node>
		<node ID="1.33" type="FN">
			<attributes/>
			<edge toID="0.14" type="Terminal">
				<attributes/>
			</edge>
		</node>
		<node ID="1.38" type="FN">
			<attributes/>
			<edge toID="0.16" type="Terminal">
				<attributes/>
			</edge>
		</node>
		<node ID="1.40" type="FN">
			<attributes/>
			<edge toID="0.17" type="Terminal">
				<attributes/>
			</edge>
		</node>
		<node ID="1.42" type="FN">
			<attributes/>
			<edge toID="0.18" type="Terminal">
				<attributes/>
			</edge>
		</node>
		<node ID="1.44" type="FN">
			<attributes/>
			<edge toID="0.19" type="Terminal">
				<attributes/>
			</edge>
		</node>
		<node ID="1.50" type="FN">
			<attributes/>
			<edge toID="0.21" type="Terminal">
				<attributes/>
			</edge>
		</node>
		<node ID="1.52" type="FN">
			<attributes/>
			<edge toID="0.22" type="Terminal">
				<attributes/>
			</edge>
		</node>
		<node ID="1.61" type="FN">
			<attributes/>
			<edge toID="0.26" type="Terminal">
				<attributes/>
			</edge>
		</node>
		<node ID="1.63" type="FN">
			<attributes/>
			<edge toID="1.64" type="R">
				<attributes/>
			</edge>
			<edge toID="1.66" type="E">
				<attributes/>
			</edge>
			<edge toID="1.68" type="C">
				<attributes/>
			</edge>
		</node>
		<node ID="1.77" type="FN">
			<attributes/>
			<edge toID="1.78" type="E">
				<attributes/>
			</edge>
			<edge toID="1.80" type="C">
				<attributes/>
			</edge>
			<edge toID="1.82" type="R">
				<attributes/>
			</edge>
		</node>
		<node ID="1.84" type="FN">
			<attributes/>
			<edge toID="0.35" type="Terminal">
				<attributes/>
			</edge>
		</node>
		<node ID="1.87" type="FN">
			<attributes/>
			<edge toID="0.36" type="Terminal">
				<attributes/>
			</edge>
		</node>
		<node ID="1.89" type="FN">
			<attributes/>
			<edge toID="0.37" type="Terminal">
				<attributes/>
			</edge>
		</node>
		<node ID="1.91" type="FN">
			<attributes/>
			<edge toID="0.38" type="Terminal">
				<attributes/>
			</edge>
		</node>
		<node ID="1.93" type="FN">
			<attributes/>
			<edge toID="0.39" type="Terminal">
				<attributes/>
			</edge>
		</node>
		<node ID="1.95" type="FN">
			<attributes/>
			<edge toID="0.40" type="Terminal">
				<attributes/>
			</edge>
		</node>
		<node ID="1.97" type="FN">
			<attributes/>
			<edge toID="0.41" type="Terminal">
				<attributes/>
			</edge>
		</node>
		<node ID="1.99" type="FN">
			<attributes/>
			<edge toID="1.100" type="R">
				<attributes/>
			</edge>
			<edge toID="1.102" type="E">
				<attributes/>
			</edge>
			<edge toID="1.104" type="E">
				<attributes/>
			</edge>
			<edge toID="1.106" type="E">
				<attributes/>
			</edge>
			<edge toID="1.108" type="C">
				<attributes/>
			</edge>
			<edge toID="1.110" type="U">
				<attributes/>
			</edge>
		</node>
		<node ID="1.8" type="FN">
			<attributes/>
			<edge toID="0.3" type="Terminal">
				<attributes/>
			</edge>
		</node>
		<node ID="1.64" type="FN">
			<attributes/>
			<edge toID="0.27" type="Terminal">
				<attributes/>
			</edge>
		</node>
		<node ID="1.66" type="FN">
			<attributes/>
			<edge toID="0.28" type="Terminal">
				<attributes/>
			</edge>
		</node>
		<node ID="1.68" type="FN">
			<attributes/>
			<edge toID="0.29" type="Terminal">
				<attributes/>
			</edge>
		</node>
		<node ID="1.78" type="FN">
			<attributes/>
			<edge toID="0.32" type="Terminal">
				<attributes/>
			</edge>
		</node>
		<node ID="1.80" type="FN">
			<attributes/>
			<edge toID="0.33" type="Terminal">
				<attributes/>
			</edge>
		</node>
		<node ID="1.82" type="FN">
			<attributes/>
			<edge toID="0.34" type="Terminal">
				<attributes/>
			</edge>
		</node>
		<node ID="1.100" type="FN">
			<attributes/>
			<edge toID="0.42" type="Terminal">
				<attributes/>
			</edge>
		</node>
		<node ID="1.102" type="FN">
			<attributes/>
			<edge toID="0.43" type="Terminal">
				<attributes/>
			</edge>
		</node>
		<node ID="1.104" type="FN">
			<attributes/>
			<edge toID="0.44" type="Terminal">
				<attributes/>
			</edge>
		</node>
		<node ID="1.106" type="FN">
			<attributes/>
			<edge toID="0.45" type="Terminal">
				<attributes/>
			</edge>
		</node>
		<node ID="1.108" type="FN">
			<attributes/>
			<edge toID="0.46" type="Terminal">
				<attributes/>
			</edge>
		</node>
		<node ID="1.110" type="FN">
			<attributes/>
			<edge toID="0.47" type="Terminal">
				<attributes/>
			</edge>
		</node>
	</layer>
</root>

