<root annotationID="0" passageID="826010">
	<attributes/>
	<layer layerID="0">
		<attributes/>
		<node ID="0.1" type="Punctuation">
			<attributes paragraph="1" paragraph_position="1" text='"'/>
		</node>
		<node ID="0.2" type="Punctuation">
			<attributes paragraph="1" paragraph_position="2" text='"'/>
		</node>
		<node ID="0.3" type="Word">
			<attributes paragraph="1" paragraph_position="3" text="They"/>
		</node>
		<node ID="0.4" type="Word">
			<attributes paragraph="1" paragraph_position="4" text="'ll"/>
		</node>
		<node ID="0.5" type="Word">
			<attributes paragraph="1" paragraph_position="5" text="feed"/>
		</node>
		<node ID="0.6" type="Word">
			<attributes paragraph="1" paragraph_position="6" text="it"/>
		</node>
		<node ID="0.7" type="Word">
			<attributes paragraph="1" paragraph_position="7" text="during"/>
		</node>
		<node ID="0.8" type="Word">
			<attributes paragraph="1" paragraph_position="8" text="our"/>
		</node>
		<node ID="0.9" type="Word">
			<attributes paragraph="1" paragraph_position="9" text="absence"/>
		</node>
		<node ID="0.10" type="Punctuation">
			<attributes paragraph="1" paragraph_position="10" text="."/>
		</node>
		<node ID="0.11" type="Word">
			<attributes paragraph="1" paragraph_position="11" text="Anyhow"/>
		</node>
		<node ID="0.12" type="Punctuation">
			<attributes paragraph="1" paragraph_position="12" text=","/>
		</node>
		<node ID="0.13" type="Word">
			<attributes paragraph="1" paragraph_position="13" text="we"/>
		</node>
		<node ID="0.14" type="Word">
			<attributes paragraph="1" paragraph_position="14" text="'ll"/>
		</node>
		<node ID="0.15" type="Word">
			<attributes paragraph="1" paragraph_position="15" text="leave"/>
		</node>
		<node ID="0.16" type="Word">
			<attributes paragraph="1" paragraph_position="16" text="instructions"/>
		</node>
		<node ID="0.17" type="Word">
			<attributes paragraph="1" paragraph_position="17" text="to"/>
		</node>
		<node ID="0.18" type="Word">
			<attributes paragraph="1" paragraph_position="18" text="ship"/>
		</node>
		<node ID="0.19" type="Word">
			<attributes paragraph="1" paragraph_position="19" text="the"/>
		</node>
		<node ID="0.20" type="Word">
			<attributes paragraph="1" paragraph_position="20" text="whole"/>
		</node>
		<node ID="0.21" type="Word">
			<attributes paragraph="1" paragraph_position="21" text="menagerie"/>
		</node>
		<node ID="0.22" type="Word">
			<attributes paragraph="1" paragraph_position="22" text="to"/>
		</node>
		<node ID="0.23" type="Word">
			<attributes paragraph="1" paragraph_position="23" text="France"/>
		</node>
		<node ID="0.24" type="Punctuation">
			<attributes paragraph="1" paragraph_position="24" text="."/>
		</node>
	</layer>
	<layer layerID="1">
		<attributes/>
		<node ID="1.1" type="FN">
			<attributes/>
			<edge toID="1.2" type="U">
				<attributes/>
			</edge>
			<edge toID="1.4" type="U">
				<attributes/>
			</edge>
			<edge toID="1.6" type="H">
				<attributes/>
			</edge>
			<edge toID="1.15" type="L">
				<attributes/>
			</edge>
			<edge toID="1.17" type="H">
				<attributes/>
			</edge>
			<edge toID="1.23" type="U">
				<attributes/>
			</edge>
			<edge toID="1.25" type="A">
				<attributes/>
			</edge>
		</node>
		<node ID="1.2" type="FN">
			<attributes/>
			<edge toID="0.1" type="Terminal">
				<attributes/>
			</edge>
		</node>
		<node ID="1.4" type="FN">
			<attributes/>
			<edge toID="0.2" type="Terminal">
				<attributes/>
			</edge>
		</node>
		<node ID="1.6" type="FN">
			<attributes/>
			<edge toID="1.7" type="A">
				<attributes/>
			</edge>
			<edge toID="1.9" type="F">
				<attributes/>
			</edge>
			<edge toID="1.11" type="P">
				<attributes/>
			</edge>
			<edge toID="1.13" type="A">
				<attributes/>
			</edge>
		</node>
		<node ID="1.15" type="FN">
			<attributes/>
			<edge toID="0.7" type="Terminal">
				<attributes/>
			</edge>
		</node>
		<node ID="1.17" type="FN">
			<attributes/>
			<edge toID="1.18" type="A">
				<attributes/>
			</edge>
		</node>
		<node ID="1.23" type="FN">
			<attributes/>
			<edge toID="0.10" type="Terminal">
				<attributes/>
			</edge>
		</node>
		<node ID="1.25" type="FN">
			<attributes/>
			<edge toID="1.26" type="C">
				<attributes/>
			</edge>
			<edge toID="1.28" type="U">
				<attributes/>
			</edge>
			<edge toID="1.30" type="E">
				<attributes/>
			</edge>
		</node>
		<node ID="1.7" type="FN">
			<attributes/>
			<edge toID="0.3" type="Terminal">
				<attributes/>
			</edge>
		</node>
		<node ID="1.9" type="FN">
			<attributes/>
			<edge toID="0.4" type="Terminal">
				<attributes/>
			</edge>
		</node>
		<node ID="1.11" type="FN">
			<attributes/>
			<edge toID="0.5" type="Terminal">
				<attributes/>
			</edge>
		</node>
		<node ID="1.13" type="FN">
			<attributes/>
			<edge toID="0.6" type="Terminal">
				<attributes/>
			</edge>
		</node>
		<node ID="1.18" type="FN">
			<attributes/>
			<edge toID="1.19" type="E">
				<attributes/>
			</edge>
			<edge toID="1.21" type="C">
				<attributes/>
			</edge>
		</node>
		<node ID="1.26" type="FN">
			<attributes/>
			<edge toID="0.11" type="Terminal">
				<attributes/>
			</edge>
		</node>
		<node ID="1.28" type="FN">
			<attributes/>
			<edge toID="0.12" type="Terminal">
				<attributes/>
			</edge>
		</node>
		<node ID="1.30" type="FN">
			<attributes/>
			<edge toID="1.31" type="A">
				<attributes/>
			</edge>
			<edge toID="1.33" type="F">
				<attributes/>
			</edge>
			<edge toID="1.35" type="P">
				<attributes/>
			</edge>
			<edge toID="1.37" type="A">
				<attributes/>
			</edge>
			<edge toID="1.39" type="F">
				<attributes/>
			</edge>
			<edge toID="1.41" type="A">
				<attributes/>
			</edge>
		</node>
		<node ID="1.19" type="FN">
			<attributes/>
			<edge toID="0.8" type="Terminal">
				<attributes/>
			</edge>
		</node>
		<node ID="1.21" type="FN">
			<attributes/>
			<edge toID="0.9" type="Terminal">
				<attributes/>
			</edge>
		</node>
		<node ID="1.31" type="FN">
			<attributes/>
			<edge toID="0.13" type="Terminal">
				<attributes/>
			</edge>
		</node>
		<node ID="1.33" type="FN">
			<attributes/>
			<edge toID="0.14" type="Terminal">
				<attributes/>
			</edge>
		</node>
		<node ID="1.35" type="FN">
			<attributes/>
			<edge toID="0.15" type="Terminal">
				<attributes/>
			</edge>
		</node>
		<node ID="1.37" type="FN">
			<attributes/>
			<edge toID="0.16" type="Terminal">
				<attributes/>
			</edge>
		</node>
		<node ID="1.39" type="FN">
			<attributes/>
			<edge toID="0.17" type="Terminal">
				<attributes/>
			</edge>
		</node>
		<node ID="1.41" type="FN">
			<attributes/>
			<edge toID="1.42" type="P">
				<attributes/>
			</edge>
			<edge toID="1.44" type="A">
				<attributes/>
			</edge>
			<edge toID="1.51" type="A">
				<attributes/>
			</edge>
		</node>
		<node ID="1.42" type="FN">
			<attributes/>
			<edge toID="0.18" type="Terminal">
				<attributes/>
			</edge>
		</node>
		<node ID="1.44" type="FN">
			<attributes/>
			<edge toID="1.45" type="E">
				<attributes/>
			</edge>
			<edge toID="1.47" type="E">
				<attributes/>
			</edge>
			<edge toID="1.49" type="C">
				<attributes/>
			</edge>
		</node>
		<node ID="1.51" type="FN">
			<attributes/>
			<edge toID="1.52" type="R">
				<attributes/>
			</edge>
			<edge toID="1.54" type="C">
				<attributes/>
			</edge>
			<edge toID="1.56" type="U">
				<attributes/>
			</edge>
		</node>
		<node ID="1.45" type="FN">
			<attributes/>
			<edge toID="0.19" type="Terminal">
				<attributes/>
			</edge>
		</node>
		<node ID="1.47" type="FN">
			<attributes/>
			<edge toID="0.20" type="Terminal">
				<attributes/>
			</edge>
		</node>
		<node ID="1.49" type="FN">
			<attributes/>
			<edge toID="0.21" type="Terminal">
				<attributes/>
			</edge>
		</node>
		<node ID="1.52" type="FN">
			<attributes/>
			<edge toID="0.22" type="Terminal">
				<attributes/>
			</edge>
		</node>
		<node ID="1.54" type="FN">
			<attributes/>
			<edge toID="0.23" type="Terminal">
				<attributes/>
			</edge>
		</node>
		<node ID="1.56" type="FN">
			<attributes/>
			<edge toID="0.24" type="Terminal">
				<attributes/>
			</edge>
		</node>
	</layer>
</root>

