<root annotationID="0" passageID="828000">
	<attributes/>
	<layer layerID="0">
		<attributes/>
		<node ID="0.1" type="Punctuation">
			<attributes paragraph="1" paragraph_position="1" text='"'/>
		</node>
		<node ID="0.2" type="Word">
			<attributes paragraph="1" paragraph_position="2" text="What"/>
		</node>
		<node ID="0.3" type="Word">
			<attributes paragraph="1" paragraph_position="3" text="master"/>
		</node>
		<node ID="0.4" type="Word">
			<attributes paragraph="1" paragraph_position="4" text="does"/>
		</node>
		<node ID="0.5" type="Punctuation">
			<attributes paragraph="1" paragraph_position="5" text=","/>
		</node>
		<node ID="0.6" type="Word">
			<attributes paragraph="1" paragraph_position="6" text="I"/>
		</node>
		<node ID="0.7" type="Word">
			<attributes paragraph="1" paragraph_position="7" text="'ll"/>
		</node>
		<node ID="0.8" type="Word">
			<attributes paragraph="1" paragraph_position="8" text="do"/>
		</node>
		<node ID="0.9" type="Punctuation">
			<attributes paragraph="1" paragraph_position="9" text=","/>
		</node>
		<node ID="0.10" type="Punctuation">
			<attributes paragraph="1" paragraph_position="10" text='"'/>
		</node>
		<node ID="0.11" type="Word">
			<attributes paragraph="1" paragraph_position="11" text="Conseil"/>
		</node>
		<node ID="0.12" type="Word">
			<attributes paragraph="1" paragraph_position="12" text="replied"/>
		</node>
		<node ID="0.13" type="Punctuation">
			<attributes paragraph="1" paragraph_position="13" text="."/>
		</node>
	</layer>
	<layer layerID="1">
		<attributes/>
		<node ID="1.1" type="FN">
			<attributes/>
			<edge toID="1.2" type="H">
				<attributes/>
			</edge>
		</node>
		<node ID="1.2" type="FN">
			<attributes/>
			<edge toID="1.3" type="U">
				<attributes/>
			</edge>
			<edge toID="1.5" type="A">
				<attributes/>
			</edge>
			<edge toID="1.10" type="P">
				<attributes/>
			</edge>
			<edge toID="1.12" type="U">
				<attributes/>
			</edge>
			<edge toID="1.14" type="H">
				<attributes/>
			</edge>
			<edge toID="1.21" type="U">
				<attributes/>
			</edge>
			<edge toID="1.23" type="U">
				<attributes/>
			</edge>
			<edge toID="1.25" type="E">
				<attributes/>
			</edge>
		</node>
		<node ID="1.3" type="FN">
			<attributes/>
			<edge toID="0.1" type="Terminal">
				<attributes/>
			</edge>
		</node>
		<node ID="1.5" type="FN">
			<attributes/>
			<edge toID="1.6" type="E">
				<attributes/>
			</edge>
			<edge toID="1.8" type="C">
				<attributes/>
			</edge>
		</node>
		<node ID="1.10" type="FN">
			<attributes/>
			<edge toID="0.4" type="Terminal">
				<attributes/>
			</edge>
		</node>
		<node ID="1.12" type="FN">
			<attributes/>
			<edge toID="0.5" type="Terminal">
				<attributes/>
			</edge>
		</node>
		<node ID="1.14" type="FN">
			<attributes/>
			<edge toID="1.15" type="A">
				<attributes/>
			</edge>
			<edge toID="1.17" type="F">
				<attributes/>
			</edge>
			<edge toID="1.19" type="P">
				<attributes/>
			</edge>
		</node>
		<node ID="1.21" type="FN">
			<attributes/>
			<edge toID="0.9" type="Terminal">
				<attributes/>
			</edge>
		</node>
		<node ID="1.23" type="FN">
			<attributes/>
			<edge toID="0.10" type="Terminal">
				<attributes/>
			</edge>
		</node>
		<node ID="1.25" type="FN">
			<attributes/>
			<edge toID="1.26" type="A">
				<attributes/>
			</edge>
			<edge toID="1.28" type="P">
				<attributes/>
			</edge>
			<edge toID="1.30" type="U">
				<attributes/>
			</edge>
		</node>
		<node ID="1.6" type="FN">
			<attributes/>
			<edge toID="0.2" type="Terminal">
				<attributes/>
			</edge>
		</node>
		<node ID="1.8" type="FN">
			<attributes/>
			<edge toID="0.3" type="Terminal">
				<attributes/>
			</edge>
		</node>
		<node ID="1.15" type="FN">
			<attributes/>
			<edge toID="0.6" type="Terminal">
				<attributes/>
			</edge>
		</node>
		<node ID="1.17" type="FN">
			<attributes/>
			<edge toID="0.7" type="Terminal">
				<attributes/>
			</edge>
		</node>
		<node ID="1.19" type="FN">
			<attributes/>
			<edge toID="0.8" type="Terminal">
				<attributes/>
			</edge>
		</node>
		<node ID="1.26" type="FN">
			<attributes/>
			<edge toID="0.11" type="Terminal">
				<attributes/>
			</edge>
		</node>
		<node ID="1.28" type="FN">
			<attributes/>
			<edge toID="0.12" type="Terminal">
				<attributes/>
			</edge>
		</node>
		<node ID="1.30" type="FN">
			<attributes/>
			<edge toID="0.13" type="Terminal">
				<attributes/>
			</edge>
		</node>
	</layer>
</root>

