<root annotationID="0" passageID="844001">
	<attributes/>
	<layer layerID="0">
		<attributes/>
		<node ID="0.1" type="Word">
			<attributes paragraph="1" paragraph_position="1" text="The"/>
		</node>
		<node ID="0.2" type="Word">
			<attributes paragraph="1" paragraph_position="2" text="Abraham"/>
		</node>
		<node ID="0.3" type="Word">
			<attributes paragraph="1" paragraph_position="3" text="Lincoln"/>
		</node>
		<node ID="0.4" type="Word">
			<attributes paragraph="1" paragraph_position="4" text="replied"/>
		</node>
		<node ID="0.5" type="Word">
			<attributes paragraph="1" paragraph_position="5" text="by"/>
		</node>
		<node ID="0.6" type="Word">
			<attributes paragraph="1" paragraph_position="6" text="three"/>
		</node>
		<node ID="0.7" type="Word">
			<attributes paragraph="1" paragraph_position="7" text="times"/>
		</node>
		<node ID="0.8" type="Word">
			<attributes paragraph="1" paragraph_position="8" text="lowering"/>
		</node>
		<node ID="0.9" type="Word">
			<attributes paragraph="1" paragraph_position="9" text="and"/>
		</node>
		<node ID="0.10" type="Word">
			<attributes paragraph="1" paragraph_position="10" text="hoisting"/>
		</node>
		<node ID="0.11" type="Word">
			<attributes paragraph="1" paragraph_position="11" text="the"/>
		</node>
		<node ID="0.12" type="Word">
			<attributes paragraph="1" paragraph_position="12" text="American"/>
		</node>
		<node ID="0.13" type="Word">
			<attributes paragraph="1" paragraph_position="13" text="flag"/>
		</node>
		<node ID="0.14" type="Punctuation">
			<attributes paragraph="1" paragraph_position="14" text=","/>
		</node>
		<node ID="0.15" type="Word">
			<attributes paragraph="1" paragraph_position="15" text="whose"/>
		</node>
		<node ID="0.16" type="Word">
			<attributes paragraph="1" paragraph_position="16" text="thirty"/>
		</node>
		<node ID="0.17" type="Punctuation">
			<attributes paragraph="1" paragraph_position="17" text="-"/>
		</node>
		<node ID="0.18" type="Word">
			<attributes paragraph="1" paragraph_position="18" text="nine"/>
		</node>
		<node ID="0.19" type="Word">
			<attributes paragraph="1" paragraph_position="19" text="stars"/>
		</node>
		<node ID="0.20" type="Word">
			<attributes paragraph="1" paragraph_position="20" text="gleamed"/>
		</node>
		<node ID="0.21" type="Word">
			<attributes paragraph="1" paragraph_position="21" text="from"/>
		</node>
		<node ID="0.22" type="Word">
			<attributes paragraph="1" paragraph_position="22" text="the"/>
		</node>
		<node ID="0.23" type="Word">
			<attributes paragraph="1" paragraph_position="23" text="gaff"/>
		</node>
		<node ID="0.24" type="Word">
			<attributes paragraph="1" paragraph_position="24" text="of"/>
		</node>
		<node ID="0.25" type="Word">
			<attributes paragraph="1" paragraph_position="25" text="the"/>
		</node>
		<node ID="0.26" type="Word">
			<attributes paragraph="1" paragraph_position="26" text="mizzen"/>
		</node>
		<node ID="0.27" type="Word">
			<attributes paragraph="1" paragraph_position="27" text="sail"/>
		</node>
		<node ID="0.28" type="Punctuation">
			<attributes paragraph="1" paragraph_position="28" text=";"/>
		</node>
		<node ID="0.29" type="Word">
			<attributes paragraph="1" paragraph_position="29" text="then"/>
		</node>
		<node ID="0.30" type="Punctuation">
			<attributes paragraph="1" paragraph_position="30" text=","/>
		</node>
		<node ID="0.31" type="Word">
			<attributes paragraph="1" paragraph_position="31" text="changing"/>
		</node>
		<node ID="0.32" type="Word">
			<attributes paragraph="1" paragraph_position="32" text="speed"/>
		</node>
		<node ID="0.33" type="Word">
			<attributes paragraph="1" paragraph_position="33" text="to"/>
		</node>
		<node ID="0.34" type="Word">
			<attributes paragraph="1" paragraph_position="34" text="take"/>
		</node>
		<node ID="0.35" type="Word">
			<attributes paragraph="1" paragraph_position="35" text="the"/>
		</node>
		<node ID="0.36" type="Word">
			<attributes paragraph="1" paragraph_position="36" text="buoy"/>
		</node>
		<node ID="0.37" type="Punctuation">
			<attributes paragraph="1" paragraph_position="37" text="-"/>
		</node>
		<node ID="0.38" type="Word">
			<attributes paragraph="1" paragraph_position="38" text="marked"/>
		</node>
		<node ID="0.39" type="Word">
			<attributes paragraph="1" paragraph_position="39" text="channel"/>
		</node>
		<node ID="0.40" type="Word">
			<attributes paragraph="1" paragraph_position="40" text="that"/>
		</node>
		<node ID="0.41" type="Word">
			<attributes paragraph="1" paragraph_position="41" text="curved"/>
		</node>
		<node ID="0.42" type="Word">
			<attributes paragraph="1" paragraph_position="42" text="into"/>
		</node>
		<node ID="0.43" type="Word">
			<attributes paragraph="1" paragraph_position="43" text="the"/>
		</node>
		<node ID="0.44" type="Word">
			<attributes paragraph="1" paragraph_position="44" text="inner"/>
		</node>
		<node ID="0.45" type="Word">
			<attributes paragraph="1" paragraph_position="45" text="bay"/>
		</node>
		<node ID="0.46" type="Word">
			<attributes paragraph="1" paragraph_position="46" text="formed"/>
		</node>
		<node ID="0.47" type="Word">
			<attributes paragraph="1" paragraph_position="47" text="by"/>
		</node>
		<node ID="0.48" type="Word">
			<attributes paragraph="1" paragraph_position="48" text="the"/>
		</node>
		<node ID="0.49" type="Word">
			<attributes paragraph="1" paragraph_position="49" text="spit"/>
		</node>
		<node ID="0.50" type="Word">
			<attributes paragraph="1" paragraph_position="50" text="of"/>
		</node>
		<node ID="0.51" type="Word">
			<attributes paragraph="1" paragraph_position="51" text="Sandy"/>
		</node>
		<node ID="0.52" type="Word">
			<attributes paragraph="1" paragraph_position="52" text="Hook"/>
		</node>
		<node ID="0.53" type="Punctuation">
			<attributes paragraph="1" paragraph_position="53" text=","/>
		</node>
		<node ID="0.54" type="Word">
			<attributes paragraph="1" paragraph_position="54" text="it"/>
		</node>
		<node ID="0.55" type="Word">
			<attributes paragraph="1" paragraph_position="55" text="hugged"/>
		</node>
		<node ID="0.56" type="Word">
			<attributes paragraph="1" paragraph_position="56" text="this"/>
		</node>
		<node ID="0.57" type="Word">
			<attributes paragraph="1" paragraph_position="57" text="sand"/>
		</node>
		<node ID="0.58" type="Punctuation">
			<attributes paragraph="1" paragraph_position="58" text="-"/>
		</node>
		<node ID="0.59" type="Word">
			<attributes paragraph="1" paragraph_position="59" text="covered"/>
		</node>
		<node ID="0.60" type="Word">
			<attributes paragraph="1" paragraph_position="60" text="strip"/>
		</node>
		<node ID="0.61" type="Word">
			<attributes paragraph="1" paragraph_position="61" text="of"/>
		</node>
		<node ID="0.62" type="Word">
			<attributes paragraph="1" paragraph_position="62" text="land"/>
		</node>
		<node ID="0.63" type="Word">
			<attributes paragraph="1" paragraph_position="63" text="where"/>
		</node>
		<node ID="0.64" type="Word">
			<attributes paragraph="1" paragraph_position="64" text="thousands"/>
		</node>
		<node ID="0.65" type="Word">
			<attributes paragraph="1" paragraph_position="65" text="of"/>
		</node>
		<node ID="0.66" type="Word">
			<attributes paragraph="1" paragraph_position="66" text="spectators"/>
		</node>
		<node ID="0.67" type="Word">
			<attributes paragraph="1" paragraph_position="67" text="acclaimed"/>
		</node>
		<node ID="0.68" type="Word">
			<attributes paragraph="1" paragraph_position="68" text="us"/>
		</node>
		<node ID="0.69" type="Word">
			<attributes paragraph="1" paragraph_position="69" text="one"/>
		</node>
		<node ID="0.70" type="Word">
			<attributes paragraph="1" paragraph_position="70" text="more"/>
		</node>
		<node ID="0.71" type="Word">
			<attributes paragraph="1" paragraph_position="71" text="time"/>
		</node>
		<node ID="0.72" type="Punctuation">
			<attributes paragraph="1" paragraph_position="72" text="."/>
		</node>
	</layer>
	<layer layerID="1">
		<attributes/>
		<node ID="1.1" type="FN">
			<attributes/>
			<edge toID="1.2" type="H">
				<attributes/>
			</edge>
			<edge toID="1.22" type="L">
				<attributes/>
			</edge>
			<edge toID="1.24" type="H">
				<attributes/>
			</edge>
			<edge toID="1.69" type="D">
				<attributes/>
			</edge>
			<edge toID="1.71" type="U">
				<attributes/>
			</edge>
			<edge toID="1.73" type="P">
				<attributes/>
			</edge>
			<edge toID="1.75" type="A">
				<attributes/>
			</edge>
			<edge toID="1.77" type="H">
				<attributes/>
			</edge>
			<edge toID="1.127" type="U">
				<attributes/>
			</edge>
			<edge toID="1.129" type="H">
				<attributes/>
			</edge>
			<edge toID="1.152" type="L">
				<attributes/>
			</edge>
			<edge toID="1.154" type="H">
				<attributes/>
			</edge>
		</node>
		<node ID="1.2" type="FN">
			<attributes/>
			<edge toID="1.3" type="A">
				<attributes/>
			</edge>
			<edge toID="1.9" type="P">
				<attributes/>
			</edge>
			<edge toID="1.11" type="D">
				<attributes/>
			</edge>
			<edge toID="1.18" type="A">
				<attributes/>
			</edge>
		</node>
		<node ID="1.22" type="FN">
			<attributes/>
			<edge toID="0.9" type="Terminal">
				<attributes/>
			</edge>
		</node>
		<node ID="1.24" type="FN">
			<attributes/>
			<edge toID="1.6" type="A">
				<attributes remote="True"/>
			</edge>
			<edge toID="1.26" type="P">
				<attributes/>
			</edge>
			<edge toID="1.28" type="A">
				<attributes/>
			</edge>
		</node>
		<node ID="1.69" type="FN">
			<attributes/>
			<edge toID="0.29" type="Terminal">
				<attributes/>
			</edge>
		</node>
		<node ID="1.71" type="FN">
			<attributes/>
			<edge toID="0.30" type="Terminal">
				<attributes/>
			</edge>
		</node>
		<node ID="1.73" type="FN">
			<attributes/>
			<edge toID="0.31" type="Terminal">
				<attributes/>
			</edge>
		</node>
		<node ID="1.75" type="FN">
			<attributes/>
			<edge toID="0.32" type="Terminal">
				<attributes/>
			</edge>
		</node>
		<node ID="1.77" type="FN">
			<attributes/>
			<edge toID="1.33" type="A">
				<attributes remote="True"/>
			</edge>
			<edge toID="1.79" type="F">
				<attributes/>
			</edge>
			<edge toID="1.81" type="P">
				<attributes/>
			</edge>
			<edge toID="1.83" type="A">
				<attributes/>
			</edge>
		</node>
		<node ID="1.127" type="FN">
			<attributes/>
			<edge toID="0.53" type="Terminal">
				<attributes/>
			</edge>
		</node>
		<node ID="1.129" type="FN">
			<attributes/>
			<edge toID="1.130" type="A">
				<attributes/>
			</edge>
			<edge toID="1.132" type="P">
				<attributes/>
			</edge>
			<edge toID="1.134" type="A">
				<attributes/>
			</edge>
		</node>
		<node ID="1.152" type="FN">
			<attributes/>
			<edge toID="0.63" type="Terminal">
				<attributes/>
			</edge>
		</node>
		<node ID="1.154" type="FN">
			<attributes/>
			<edge toID="1.155" type="A">
				<attributes/>
			</edge>
			<edge toID="1.165" type="A">
				<attributes/>
			</edge>
			<edge toID="1.167" type="D">
				<attributes/>
			</edge>
		</node>
		<node ID="1.3" type="FN">
			<attributes/>
			<edge toID="1.4" type="E">
				<attributes/>
			</edge>
			<edge toID="1.6" type="C">
				<attributes/>
			</edge>
		</node>
		<node ID="1.9" type="FN">
			<attributes/>
			<edge toID="0.4" type="Terminal">
				<attributes/>
			</edge>
		</node>
		<node ID="1.11" type="FN">
			<attributes/>
			<edge toID="1.12" type="R">
				<attributes/>
			</edge>
			<edge toID="1.14" type="E">
				<attributes/>
			</edge>
			<edge toID="1.16" type="C">
				<attributes/>
			</edge>
		</node>
		<node ID="1.18" type="FN">
			<attributes/>
			<edge toID="1.6" type="A">
				<attributes remote="True"/>
			</edge>
			<edge toID="1.20" type="P">
				<attributes/>
			</edge>
		</node>
		<node ID="1.26" type="FN">
			<attributes/>
			<edge toID="0.10" type="Terminal">
				<attributes/>
			</edge>
		</node>
		<node ID="1.28" type="FN">
			<attributes/>
			<edge toID="1.29" type="E">
				<attributes/>
			</edge>
			<edge toID="1.31" type="E">
				<attributes/>
			</edge>
			<edge toID="1.33" type="C">
				<attributes/>
			</edge>
			<edge toID="1.35" type="U">
				<attributes/>
			</edge>
			<edge toID="1.37" type="E">
				<attributes/>
			</edge>
			<edge toID="1.67" type="U">
				<attributes/>
			</edge>
		</node>
		<node ID="1.79" type="FN">
			<attributes/>
			<edge toID="0.33" type="Terminal">
				<attributes/>
			</edge>
		</node>
		<node ID="1.81" type="FN">
			<attributes/>
			<edge toID="0.34" type="Terminal">
				<attributes/>
			</edge>
		</node>
		<node ID="1.83" type="FN">
			<attributes/>
			<edge toID="1.84" type="E">
				<attributes/>
			</edge>
			<edge toID="1.86" type="E">
				<attributes/>
			</edge>
			<edge toID="1.93" type="C">
				<attributes/>
			</edge>
			<edge toID="1.95" type="E">
				<attributes/>
			</edge>
		</node>
		<node ID="1.130" type="FN">
			<attributes/>
			<edge toID="0.54" type="Terminal">
				<attributes/>
			</edge>
		</node>
		<node ID="1.132" type="FN">
			<attributes/>
			<edge toID="0.55" type="Terminal">
				<attributes/>
			</edge>
		</node>
		<node ID="1.134" type="FN">
			<attributes/>
			<edge toID="1.135" type="E">
				<attributes/>
			</edge>
			<edge toID="1.137" type="E">
				<attributes/>
			</edge>
		</node>
		<node ID="1.155" type="FN">
			<attributes/>
			<edge toID="1.156" type="E">
				<attributes/>
			</edge>
			<edge toID="1.161" type="E">
				<attributes/>
			</edge>
			<edge toID="1.163" type="C">
				<attributes/>
			</edge>
		</node>
		<node ID="1.165" type="FN">
			<attributes/>
			<edge toID="0.68" type="Terminal">
				<attributes/>
			</edge>
		</node>
		<node ID="1.167" type="FN">
			<attributes/>
			<edge toID="1.168" type="E">
				<attributes/>
			</edge>
			<edge toID="1.170" type="E">
				<attributes/>
			</edge>
			<edge toID="1.172" type="C">
				<attributes/>
			</edge>
			<edge toID="1.174" type="U">
				<attributes/>
			</edge>
		</node>
		<node ID="1.4" type="FN">
			<attributes/>
			<edge toID="0.1" type="Terminal">
				<attributes/>
			</edge>
		</node>
		<node ID="1.6" type="FN">
			<attributes/>
			<edge toID="0.2" type="Terminal">
				<attributes/>
			</edge>
			<edge toID="0.3" type="Terminal">
				<attributes/>
			</edge>
		</node>
		<node ID="1.12" type="FN">
			<attributes/>
			<edge toID="0.5" type="Terminal">
				<attributes/>
			</edge>
		</node>
		<node ID="1.14" type="FN">
			<attributes/>
			<edge toID="0.6" type="Terminal">
				<attributes/>
			</edge>
		</node>
		<node ID="1.16" type="FN">
			<attributes/>
			<edge toID="0.7" type="Terminal">
				<attributes/>
			</edge>
		</node>
		<node ID="1.20" type="FN">
			<attributes/>
			<edge toID="0.8" type="Terminal">
				<attributes/>
			</edge>
		</node>
		<node ID="1.29" type="FN">
			<attributes/>
			<edge toID="0.11" type="Terminal">
				<attributes/>
			</edge>
		</node>
		<node ID="1.31" type="FN">
			<attributes/>
			<edge toID="0.12" type="Terminal">
				<attributes/>
			</edge>
		</node>
		<node ID="1.33" type="FN">
			<attributes/>
			<edge toID="0.13" type="Terminal">
				<attributes/>
			</edge>
		</node>
		<node ID="1.35" type="FN">
			<attributes/>
			<edge toID="0.14" type="Terminal">
				<attributes/>
			</edge>
		</node>
		<node ID="1.37" type="FN">
			<attributes/>
			<edge toID="1.38" type="F">
				<attributes/>
			</edge>
			<edge toID="1.40" type="A">
				<attributes/>
			</edge>
			<edge toID="1.47" type="U">
				<attributes/>
			</edge>
			<edge toID="1.49" type="P">
				<attributes/>
			</edge>
			<edge toID="1.51" type="A">
				<attributes/>
			</edge>
		</node>
		<node ID="1.67" type="FN">
			<attributes/>
			<edge toID="0.28" type="Terminal">
				<attributes/>
			</edge>
		</node>
		<node ID="1.84" type="FN">
			<attributes/>
			<edge toID="0.35" type="Terminal">
				<attributes/>
			</edge>
		</node>
		<node ID="1.86" type="FN">
			<attributes/>
			<edge toID="1.87" type="E">
				<attributes/>
			</edge>
			<edge toID="1.89" type="U">
				<attributes/>
			</edge>
			<edge toID="1.91" type="C">
				<attributes/>
			</edge>
		</node>
		<node ID="1.93" type="FN">
			<attributes/>
			<edge toID="0.39" type="Terminal">
				<attributes/>
			</edge>
		</node>
		<node ID="1.95" type="FN">
			<attributes/>
			<edge toID="1.93" type="A">
				<attributes remote="True"/>
			</edge>
			<edge toID="1.97" type="F">
				<attributes/>
			</edge>
			<edge toID="1.99" type="P">
				<attributes/>
			</edge>
			<edge toID="1.101" type="A">
				<attributes/>
			</edge>
		</node>
		<node ID="1.135" type="FN">
			<attributes/>
			<edge toID="0.56" type="Terminal">
				<attributes/>
			</edge>
		</node>
		<node ID="1.137" type="FN">
			<attributes/>
			<edge toID="1.138" type="C">
				<attributes/>
			</edge>
			<edge toID="1.140" type="U">
				<attributes/>
			</edge>
			<edge toID="1.142" type="E">
				<attributes/>
			</edge>
		</node>
		<node ID="1.156" type="FN">
			<attributes/>
			<edge toID="1.157" type="C">
				<attributes/>
			</edge>
			<edge toID="1.159" type="R">
				<attributes/>
			</edge>
		</node>
		<node ID="1.161" type="FN">
			<attributes/>
			<edge toID="0.66" type="Terminal">
				<attributes/>
			</edge>
		</node>
		<node ID="1.163" type="FN">
			<attributes/>
			<edge toID="0.67" type="Terminal">
				<attributes/>
			</edge>
		</node>
		<node ID="1.168" type="FN">
			<attributes/>
			<edge toID="0.69" type="Terminal">
				<attributes/>
			</edge>
		</node>
		<node ID="1.170" type="FN">
			<attributes/>
			<edge toID="0.70" type="Terminal">
				<attributes/>
			</edge>
		</node>
		<node ID="1.172" type="FN">
			<attributes/>
			<edge toID="0.71" type="Terminal">
				<attributes/>
			</edge>
		</node>
		<node ID="1.174" type="FN">
			<attributes/>
			<edge toID="0.72" type="Terminal">
				<attributes/>
			</edge>
		</node>
		<node ID="1.38" type="FN">
			<attributes/>
			<edge toID="0.15" type="Terminal">
				<attributes/>
			</edge>
		</node>
		<node ID="1.40" type="FN">
			<attributes/>
			<edge toID="1.41" type="E">
				<attributes/>
			</edge>
			<edge toID="1.43" type="U">
				<attributes/>
			</edge>
			<edge toID="1.45" type="C">
				<attributes/>
			</edge>
		</node>
		<node ID="1.47" type="FN">
			<attributes/>
			<edge toID="0.19" type="Terminal">
				<attributes/>
			</edge>
		</node>
		<node ID="1.49" type="FN">
			<attributes/>
			<edge toID="0.20" type="Terminal">
				<attributes/>
			</edge>
		</node>
		<node ID="1.51" type="FN">
			<attributes/>
			<edge toID="1.52" type="R">
				<attributes/>
			</edge>
			<edge toID="1.54" type="E">
				<attributes/>
			</edge>
			<edge toID="1.56" type="C">
				<attributes/>
			</edge>
			<edge toID="1.58" type="E">
				<attributes/>
			</edge>
		</node>
		<node ID="1.87" type="FN">
			<attributes/>
			<edge toID="0.36" type="Terminal">
				<attributes/>
			</edge>
		</node>
		<node ID="1.89" type="FN">
			<attributes/>
			<edge toID="0.37" type="Terminal">
				<attributes/>
			</edge>
		</node>
		<node ID="1.91" type="FN">
			<attributes/>
			<edge toID="0.38" type="Terminal">
				<attributes/>
			</edge>
		</node>
		<node ID="1.97" type="FN">
			<attributes/>
			<edge toID="0.40" type="Terminal">
				<attributes/>
			</edge>
		</node>
		<node ID="1.99" type="FN">
			<attributes/>
			<edge toID="0.41" type="Terminal">
				<attributes/>
			</edge>
		</node>
		<node ID="1.101" type="FN">
			<attributes/>
			<edge toID="1.102" type="R">
				<attributes/>
			</edge>
			<edge toID="1.104" type="E">
				<attributes/>
			</edge>
			<edge toID="1.106" type="E">
				<attributes/>
			</edge>
			<edge toID="1.108" type="C">
				<attributes/>
			</edge>
			<edge toID="1.110" type="E">
				<attributes/>
			</edge>
		</node>
		<node ID="1.138" type="FN">
			<attributes/>
			<edge toID="0.57" type="Terminal">
				<attributes/>
			</edge>
		</node>
		<node ID="1.140" type="FN">
			<attributes/>
			<edge toID="0.58" type="Terminal">
				<attributes/>
			</edge>
		</node>
		<node ID="1.142" type="FN">
			<attributes/>
			<edge toID="1.143" type="D">
				<attributes/>
			</edge>
			<edge toID="1.145" type="P">
				<attributes/>
			</edge>
			<edge toID="1.147" type="A">
				<attributes/>
			</edge>
		</node>
		<node ID="1.157" type="FN">
			<attributes/>
			<edge toID="0.64" type="Terminal">
				<attributes/>
			</edge>
		</node>
		<node ID="1.159" type="FN">
			<attributes/>
			<edge toID="0.65" type="Terminal">
				<attributes/>
			</edge>
		</node>
		<node ID="1.41" type="FN">
			<attributes/>
			<edge toID="0.16" type="Terminal">
				<attributes/>
			</edge>
		</node>
		<node ID="1.43" type="FN">
			<attributes/>
			<edge toID="0.17" type="Terminal">
				<attributes/>
			</edge>
		</node>
		<node ID="1.45" type="FN">
			<attributes/>
			<edge toID="0.18" type="Terminal">
				<attributes/>
			</edge>
		</node>
		<node ID="1.52" type="FN">
			<attributes/>
			<edge toID="0.21" type="Terminal">
				<attributes/>
			</edge>
		</node>
		<node ID="1.54" type="FN">
			<attributes/>
			<edge toID="0.22" type="Terminal">
				<attributes/>
			</edge>
		</node>
		<node ID="1.56" type="FN">
			<attributes/>
			<edge toID="0.23" type="Terminal">
				<attributes/>
			</edge>
		</node>
		<node ID="1.58" type="FN">
			<attributes/>
			<edge toID="1.59" type="R">
				<attributes/>
			</edge>
			<edge toID="1.61" type="E">
				<attributes/>
			</edge>
			<edge toID="1.63" type="E">
				<attributes/>
			</edge>
			<edge toID="1.65" type="C">
				<attributes/>
			</edge>
		</node>
		<node ID="1.102" type="FN">
			<attributes/>
			<edge toID="0.42" type="Terminal">
				<attributes/>
			</edge>
		</node>
		<node ID="1.104" type="FN">
			<attributes/>
			<edge toID="0.43" type="Terminal">
				<attributes/>
			</edge>
		</node>
		<node ID="1.106" type="FN">
			<attributes/>
			<edge toID="0.44" type="Terminal">
				<attributes/>
			</edge>
		</node>
		<node ID="1.108" type="FN">
			<attributes/>
			<edge toID="0.45" type="Terminal">
				<attributes/>
			</edge>
		</node>
		<node ID="1.110" type="FN">
			<attributes/>
			<edge toID="1.108" type="A">
				<attributes remote="True"/>
			</edge>
			<edge toID="1.112" type="P">
				<attributes/>
			</edge>
			<edge toID="1.114" type="A">
				<attributes/>
			</edge>
		</node>
		<node ID="1.143" type="FN">
			<attributes/>
			<edge toID="0.59" type="Terminal">
				<attributes/>
			</edge>
		</node>
		<node ID="1.145" type="FN">
			<attributes/>
			<edge toID="0.60" type="Terminal">
				<attributes/>
			</edge>
		</node>
		<node ID="1.147" type="FN">
			<attributes/>
			<edge toID="1.148" type="R">
				<attributes/>
			</edge>
			<edge toID="1.150" type="C">
				<attributes/>
			</edge>
		</node>
		<node ID="1.59" type="FN">
			<attributes/>
			<edge toID="0.24" type="Terminal">
				<attributes/>
			</edge>
		</node>
		<node ID="1.61" type="FN">
			<attributes/>
			<edge toID="0.25" type="Terminal">
				<attributes/>
			</edge>
		</node>
		<node ID="1.63" type="FN">
			<attributes/>
			<edge toID="0.26" type="Terminal">
				<attributes/>
			</edge>
		</node>
		<node ID="1.65" type="FN">
			<attributes/>
			<edge toID="0.27" type="Terminal">
				<attributes/>
			</edge>
		</node>
		<node ID="1.112" type="FN">
			<attributes/>
			<edge toID="0.46" type="Terminal">
				<attributes/>
			</edge>
		</node>
		<node ID="1.114" type="FN">
			<attributes/>
			<edge toID="1.115" type="R">
				<attributes/>
			</edge>
			<edge toID="1.117" type="E">
				<attributes/>
			</edge>
			<edge toID="1.119" type="C">
				<attributes/>
			</edge>
			<edge toID="1.121" type="E">
				<attributes/>
			</edge>
		</node>
		<node ID="1.148" type="FN">
			<attributes/>
			<edge toID="0.61" type="Terminal">
				<attributes/>
			</edge>
		</node>
		<node ID="1.150" type="FN">
			<attributes/>
			<edge toID="0.62" type="Terminal">
				<attributes/>
			</edge>
		</node>
		<node ID="1.115" type="FN">
			<attributes/>
			<edge toID="0.47" type="Terminal">
				<attributes/>
			</edge>
		</node>
		<node ID="1.117" type="FN">
			<attributes/>
			<edge toID="0.48" type="Terminal">
				<attributes/>
			</edge>
		</node>
		<node ID="1.119" type="FN">
			<attributes/>
			<edge toID="0.49" type="Terminal">
				<attributes/>
			</edge>
		</node>
		<node ID="1.121" type="FN">
			<attributes/>
			<edge toID="1.122" type="R">
				<attributes/>
			</edge>
			<edge toID="1.124" type="C">
				<attributes/>
			</edge>
		</node>
		<node ID="1.122" type="FN">
			<attributes/>
			<edge toID="0.50" type="Terminal">
				<attributes/>
			</edge>
		</node>
		<node ID="1.124" type="FN">
			<attributes/>
			<edge toID="0.51" type="Terminal">
				<attributes/>
			</edge>
			<edge toID="0.52" type="Terminal">
				<attributes/>
			</edge>
		</node>
	</layer>
</root>

