<root annotationID="0" passageID="882002">
	<attributes/>
	<layer layerID="0">
		<attributes/>
		<node ID="0.1" type="Word">
			<attributes paragraph="1" paragraph_position="1" text="Besides"/>
		</node>
		<node ID="0.2" type="Punctuation">
			<attributes paragraph="1" paragraph_position="2" text=","/>
		</node>
		<node ID="0.3" type="Word">
			<attributes paragraph="1" paragraph_position="3" text="Commander"/>
		</node>
		<node ID="0.4" type="Word">
			<attributes paragraph="1" paragraph_position="4" text="Farragut"/>
		</node>
		<node ID="0.5" type="Word">
			<attributes paragraph="1" paragraph_position="5" text="had"/>
		</node>
		<node ID="0.6" type="Word">
			<attributes paragraph="1" paragraph_position="6" text="mentioned"/>
		</node>
		<node ID="0.7" type="Word">
			<attributes paragraph="1" paragraph_position="7" text="that"/>
		</node>
		<node ID="0.8" type="Word">
			<attributes paragraph="1" paragraph_position="8" text="a"/>
		</node>
		<node ID="0.9" type="Word">
			<attributes paragraph="1" paragraph_position="9" text="certain"/>
		</node>
		<node ID="0.10" type="Word">
			<attributes paragraph="1" paragraph_position="10" text="sum"/>
		</node>
		<node ID="0.11" type="Word">
			<attributes paragraph="1" paragraph_position="11" text="of"/>
		</node>
		<node ID="0.12" type="Punctuation">
			<attributes paragraph="1" paragraph_position="12" text="$"/>
		</node>
		<node ID="0.13" type="Word">
			<attributes paragraph="1" paragraph_position="13" text="2,000.00"/>
		</node>
		<node ID="0.14" type="Word">
			<attributes paragraph="1" paragraph_position="14" text="was"/>
		</node>
		<node ID="0.15" type="Word">
			<attributes paragraph="1" paragraph_position="15" text="waiting"/>
		</node>
		<node ID="0.16" type="Word">
			<attributes paragraph="1" paragraph_position="16" text="for"/>
		</node>
		<node ID="0.17" type="Word">
			<attributes paragraph="1" paragraph_position="17" text="the"/>
		</node>
		<node ID="0.18" type="Word">
			<attributes paragraph="1" paragraph_position="18" text="man"/>
		</node>
		<node ID="0.19" type="Word">
			<attributes paragraph="1" paragraph_position="19" text="who"/>
		</node>
		<node ID="0.20" type="Word">
			<attributes paragraph="1" paragraph_position="20" text="first"/>
		</node>
		<node ID="0.21" type="Word">
			<attributes paragraph="1" paragraph_position="21" text="sighted"/>
		</node>
		<node ID="0.22" type="Word">
			<attributes paragraph="1" paragraph_position="22" text="the"/>
		</node>
		<node ID="0.23" type="Word">
			<attributes paragraph="1" paragraph_position="23" text="animal"/>
		</node>
		<node ID="0.24" type="Punctuation">
			<attributes paragraph="1" paragraph_position="24" text=","/>
		</node>
		<node ID="0.25" type="Word">
			<attributes paragraph="1" paragraph_position="25" text="be"/>
		</node>
		<node ID="0.26" type="Word">
			<attributes paragraph="1" paragraph_position="26" text="he"/>
		</node>
		<node ID="0.27" type="Word">
			<attributes paragraph="1" paragraph_position="27" text="cabin"/>
		</node>
		<node ID="0.28" type="Word">
			<attributes paragraph="1" paragraph_position="28" text="boy"/>
		</node>
		<node ID="0.29" type="Word">
			<attributes paragraph="1" paragraph_position="29" text="or"/>
		</node>
		<node ID="0.30" type="Word">
			<attributes paragraph="1" paragraph_position="30" text="sailor"/>
		</node>
		<node ID="0.31" type="Punctuation">
			<attributes paragraph="1" paragraph_position="31" text=","/>
		</node>
		<node ID="0.32" type="Word">
			<attributes paragraph="1" paragraph_position="32" text="mate"/>
		</node>
		<node ID="0.33" type="Word">
			<attributes paragraph="1" paragraph_position="33" text="or"/>
		</node>
		<node ID="0.34" type="Word">
			<attributes paragraph="1" paragraph_position="34" text="officer"/>
		</node>
		<node ID="0.35" type="Punctuation">
			<attributes paragraph="1" paragraph_position="35" text="."/>
		</node>
	</layer>
	<layer layerID="1">
		<attributes/>
		<node ID="1.1" type="FN">
			<attributes/>
			<edge toID="1.2" type="L">
				<attributes/>
			</edge>
			<edge toID="1.4" type="U">
				<attributes/>
			</edge>
			<edge toID="1.6" type="H">
				<attributes/>
			</edge>
			<edge toID="1.55" type="U">
				<attributes/>
			</edge>
			<edge toID="1.57" type="L">
				<attributes/>
			</edge>
			<edge toID="1.59" type="H">
				<attributes/>
			</edge>
			<edge toID="1.72" type="U">
				<attributes/>
			</edge>
			<edge toID="1.74" type="C">
				<attributes/>
			</edge>
		</node>
		<node ID="1.2" type="FN">
			<attributes/>
			<edge toID="0.1" type="Terminal">
				<attributes/>
			</edge>
		</node>
		<node ID="1.4" type="FN">
			<attributes/>
			<edge toID="0.2" type="Terminal">
				<attributes/>
			</edge>
		</node>
		<node ID="1.6" type="FN">
			<attributes/>
			<edge toID="1.7" type="A">
				<attributes/>
			</edge>
			<edge toID="1.10" type="F">
				<attributes/>
			</edge>
			<edge toID="1.12" type="P">
				<attributes/>
			</edge>
			<edge toID="1.14" type="A">
				<attributes/>
			</edge>
		</node>
		<node ID="1.55" type="FN">
			<attributes/>
			<edge toID="0.24" type="Terminal">
				<attributes/>
			</edge>
		</node>
		<node ID="1.57" type="FN">
			<attributes/>
			<edge toID="0.25" type="Terminal">
				<attributes/>
			</edge>
		</node>
		<node ID="1.59" type="FN">
			<attributes/>
			<edge toID="1.60" type="A">
				<attributes/>
			</edge>
			<edge toID="1.62" type="P">
				<attributes/>
			</edge>
		</node>
		<node ID="1.72" type="FN">
			<attributes/>
			<edge toID="0.31" type="Terminal">
				<attributes/>
			</edge>
		</node>
		<node ID="1.74" type="FN">
			<attributes/>
			<edge toID="1.75" type="C">
				<attributes/>
			</edge>
			<edge toID="1.77" type="N">
				<attributes/>
			</edge>
			<edge toID="1.79" type="C">
				<attributes/>
			</edge>
			<edge toID="1.81" type="U">
				<attributes/>
			</edge>
		</node>
		<node ID="1.7" type="FN">
			<attributes/>
			<edge toID="0.3" type="Terminal">
				<attributes/>
			</edge>
			<edge toID="0.4" type="Terminal">
				<attributes/>
			</edge>
		</node>
		<node ID="1.10" type="FN">
			<attributes/>
			<edge toID="0.5" type="Terminal">
				<attributes/>
			</edge>
		</node>
		<node ID="1.12" type="FN">
			<attributes/>
			<edge toID="0.6" type="Terminal">
				<attributes/>
			</edge>
		</node>
		<node ID="1.14" type="FN">
			<attributes/>
			<edge toID="1.15" type="F">
				<attributes/>
			</edge>
			<edge toID="1.17" type="A">
				<attributes/>
			</edge>
			<edge toID="1.31" type="F">
				<attributes/>
			</edge>
			<edge toID="1.33" type="P">
				<attributes/>
			</edge>
			<edge toID="1.35" type="A">
				<attributes/>
			</edge>
		</node>
		<node ID="1.60" type="FN">
			<attributes/>
			<edge toID="0.26" type="Terminal">
				<attributes/>
			</edge>
		</node>
		<node ID="1.62" type="FN">
			<attributes/>
			<edge toID="1.63" type="E">
				<attributes/>
			</edge>
			<edge toID="1.65" type="C">
				<attributes/>
			</edge>
		</node>
		<node ID="1.75" type="FN">
			<attributes/>
			<edge toID="0.32" type="Terminal">
				<attributes/>
			</edge>
		</node>
		<node ID="1.77" type="FN">
			<attributes/>
			<edge toID="0.33" type="Terminal">
				<attributes/>
			</edge>
		</node>
		<node ID="1.79" type="FN">
			<attributes/>
			<edge toID="0.34" type="Terminal">
				<attributes/>
			</edge>
		</node>
		<node ID="1.81" type="FN">
			<attributes/>
			<edge toID="0.35" type="Terminal">
				<attributes/>
			</edge>
		</node>
		<node ID="1.15" type="FN">
			<attributes/>
			<edge toID="0.7" type="Terminal">
				<attributes/>
			</edge>
		</node>
		<node ID="1.17" type="FN">
			<attributes/>
			<edge toID="1.18" type="E">
				<attributes/>
			</edge>
			<edge toID="1.20" type="E">
				<attributes/>
			</edge>
			<edge toID="1.22" type="C">
				<attributes/>
			</edge>
			<edge toID="1.24" type="E">
				<attributes/>
			</edge>
		</node>
		<node ID="1.31" type="FN">
			<attributes/>
			<edge toID="0.14" type="Terminal">
				<attributes/>
			</edge>
		</node>
		<node ID="1.33" type="FN">
			<attributes/>
			<edge toID="0.15" type="Terminal">
				<attributes/>
			</edge>
		</node>
		<node ID="1.35" type="FN">
			<attributes/>
			<edge toID="1.36" type="R">
				<attributes/>
			</edge>
			<edge toID="1.38" type="E">
				<attributes/>
			</edge>
			<edge toID="1.40" type="C">
				<attributes/>
			</edge>
			<edge toID="1.42" type="E">
				<attributes/>
			</edge>
		</node>
		<node ID="1.63" type="FN">
			<attributes/>
			<edge toID="0.27" type="Terminal">
				<attributes/>
			</edge>
		</node>
		<node ID="1.65" type="FN">
			<attributes/>
			<edge toID="1.66" type="C">
				<attributes/>
			</edge>
			<edge toID="1.68" type="N">
				<attributes/>
			</edge>
			<edge toID="1.70" type="C">
				<attributes/>
			</edge>
		</node>
		<node ID="1.18" type="FN">
			<attributes/>
			<edge toID="0.8" type="Terminal">
				<attributes/>
			</edge>
		</node>
		<node ID="1.20" type="FN">
			<attributes/>
			<edge toID="0.9" type="Terminal">
				<attributes/>
			</edge>
		</node>
		<node ID="1.22" type="FN">
			<attributes/>
			<edge toID="0.10" type="Terminal">
				<attributes/>
			</edge>
		</node>
		<node ID="1.24" type="FN">
			<attributes/>
			<edge toID="1.25" type="R">
				<attributes/>
			</edge>
			<edge toID="1.27" type="U">
				<attributes/>
			</edge>
			<edge toID="1.29" type="C">
				<attributes/>
			</edge>
		</node>
		<node ID="1.36" type="FN">
			<attributes/>
			<edge toID="0.16" type="Terminal">
				<attributes/>
			</edge>
		</node>
		<node ID="1.38" type="FN">
			<attributes/>
			<edge toID="0.17" type="Terminal">
				<attributes/>
			</edge>
		</node>
		<node ID="1.40" type="FN">
			<attributes/>
			<edge toID="0.18" type="Terminal">
				<attributes/>
			</edge>
		</node>
		<node ID="1.42" type="FN">
			<attributes/>
			<edge toID="1.40" type="A">
				<attributes remote="True"/>
			</edge>
			<edge toID="1.44" type="F">
				<attributes/>
			</edge>
			<edge toID="1.46" type="D">
				<attributes/>
			</edge>
			<edge toID="1.48" type="P">
				<attributes/>
			</edge>
			<edge toID="1.50" type="A">
				<attributes/>
			</edge>
		</node>
		<node ID="1.66" type="FN">
			<attributes/>
			<edge toID="0.28" type="Terminal">
				<attributes/>
			</edge>
		</node>
		<node ID="1.68" type="FN">
			<attributes/>
			<edge toID="0.29" type="Terminal">
				<attributes/>
			</edge>
		</node>
		<node ID="1.70" type="FN">
			<attributes/>
			<edge toID="0.30" type="Terminal">
				<attributes/>
			</edge>
		</node>
		<node ID="1.25" type="FN">
			<attributes/>
			<edge toID="0.11" type="Terminal">
				<attributes/>
			</edge>
		</node>
		<node ID="1.27" type="FN">
			<attributes/>
			<edge toID="0.12" type="Terminal">
				<attributes/>
			</edge>
		</node>
		<node ID="1.29" type="FN">
			<attributes/>
			<edge toID="0.13" type="Terminal">
				<attributes/>
			</edge>
		</node>
		<node ID="1.44" type="FN">
			<attributes/>
			<edge toID="0.19" type="Terminal">
				<attributes/>
			</edge>
		</node>
		<node ID="1.46" type="FN">
			<attributes/>
			<edge toID="0.20" type="Terminal">
				<attributes/>
			</edge>
		</node>
		<node ID="1.48" type="FN">
			<attributes/>
			<edge toID="0.21" type="Terminal">
				<attributes/>
			</edge>
		</node>
		<node ID="1.50" type="FN">
			<attributes/>
			<edge toID="1.51" type="E">
				<attributes/>
			</edge>
			<edge toID="1.53" type="C">
				<attributes/>
			</edge>
		</node>
		<node ID="1.51" type="FN">
			<attributes/>
			<edge toID="0.22" type="Terminal">
				<attributes/>
			</edge>
		</node>
		<node ID="1.53" type="FN">
			<attributes/>
			<edge toID="0.23" type="Terminal">
				<attributes/>
			</edge>
		</node>
	</layer>
</root>

