<root annotationID="0" passageID="892002">
	<attributes/>
	<layer layerID="0">
		<attributes/>
		<node ID="0.1" type="Word">
			<attributes paragraph="1" paragraph_position="1" text="He"/>
		</node>
		<node ID="0.2" type="Word">
			<attributes paragraph="1" paragraph_position="2" text="avoided"/>
		</node>
		<node ID="0.3" type="Word">
			<attributes paragraph="1" paragraph_position="3" text="even"/>
		</node>
		<node ID="0.4" type="Word">
			<attributes paragraph="1" paragraph_position="4" text="dealing"/>
		</node>
		<node ID="0.5" type="Word">
			<attributes paragraph="1" paragraph_position="5" text="with"/>
		</node>
		<node ID="0.6" type="Word">
			<attributes paragraph="1" paragraph_position="6" text="the"/>
		</node>
		<node ID="0.7" type="Word">
			<attributes paragraph="1" paragraph_position="7" text="subject"/>
		</node>
		<node ID="0.8" type="Punctuation">
			<attributes paragraph="1" paragraph_position="8" text=","/>
		</node>
		<node ID="0.9" type="Word">
			<attributes paragraph="1" paragraph_position="9" text="for"/>
		</node>
		<node ID="0.10" type="Word">
			<attributes paragraph="1" paragraph_position="10" text="which"/>
		</node>
		<node ID="0.11" type="Word">
			<attributes paragraph="1" paragraph_position="11" text="one"/>
		</node>
		<node ID="0.12" type="Word">
			<attributes paragraph="1" paragraph_position="12" text="day"/>
		</node>
		<node ID="0.13" type="Word">
			<attributes paragraph="1" paragraph_position="13" text="I"/>
		</node>
		<node ID="0.14" type="Word">
			<attributes paragraph="1" paragraph_position="14" text="felt"/>
		</node>
		<node ID="0.15" type="Word">
			<attributes paragraph="1" paragraph_position="15" text="compelled"/>
		</node>
		<node ID="0.16" type="Word">
			<attributes paragraph="1" paragraph_position="16" text="to"/>
		</node>
		<node ID="0.17" type="Word">
			<attributes paragraph="1" paragraph_position="17" text="take"/>
		</node>
		<node ID="0.18" type="Word">
			<attributes paragraph="1" paragraph_position="18" text="him"/>
		</node>
		<node ID="0.19" type="Word">
			<attributes paragraph="1" paragraph_position="19" text="to"/>
		</node>
		<node ID="0.20" type="Word">
			<attributes paragraph="1" paragraph_position="20" text="task"/>
		</node>
		<node ID="0.21" type="Punctuation">
			<attributes paragraph="1" paragraph_position="21" text="."/>
		</node>
	</layer>
	<layer layerID="1">
		<attributes/>
		<node ID="1.1" type="FN">
			<attributes/>
			<edge toID="1.2" type="H">
				<attributes/>
			</edge>
			<edge toID="1.19" type="U">
				<attributes/>
			</edge>
			<edge toID="1.21" type="E">
				<attributes/>
			</edge>
			<edge toID="1.37" type="E">
				<attributes/>
			</edge>
		</node>
		<node ID="1.2" type="FN">
			<attributes/>
			<edge toID="1.3" type="A">
				<attributes/>
			</edge>
			<edge toID="1.5" type="D">
				<attributes/>
			</edge>
			<edge toID="1.7" type="D">
				<attributes/>
			</edge>
			<edge toID="1.9" type="A">
				<attributes/>
			</edge>
		</node>
		<node ID="1.19" type="FN">
			<attributes/>
			<edge toID="0.8" type="Terminal">
				<attributes/>
			</edge>
		</node>
		<node ID="1.21" type="FN">
			<attributes/>
			<edge toID="1.22" type="R">
				<attributes/>
			</edge>
			<edge toID="1.24" type="F">
				<attributes/>
			</edge>
			<edge toID="1.26" type="A">
				<attributes/>
			</edge>
			<edge toID="1.31" type="A">
				<attributes/>
			</edge>
			<edge toID="1.33" type="P">
				<attributes/>
			</edge>
			<edge toID="1.35" type="A">
				<attributes/>
			</edge>
		</node>
		<node ID="1.37" type="FN">
			<attributes/>
			<edge toID="1.31" type="A">
				<attributes remote="True"/>
			</edge>
			<edge toID="1.39" type="F">
				<attributes/>
			</edge>
			<edge toID="1.41" type="P">
				<attributes/>
			</edge>
			<edge toID="1.43" type="A">
				<attributes/>
			</edge>
			<edge toID="1.45" type="A">
				<attributes/>
			</edge>
		</node>
		<node ID="1.3" type="FN">
			<attributes/>
			<edge toID="0.1" type="Terminal">
				<attributes/>
			</edge>
		</node>
		<node ID="1.5" type="FN">
			<attributes/>
			<edge toID="0.2" type="Terminal">
				<attributes/>
			</edge>
		</node>
		<node ID="1.7" type="FN">
			<attributes/>
			<edge toID="0.3" type="Terminal">
				<attributes/>
			</edge>
		</node>
		<node ID="1.9" type="FN">
			<attributes/>
			<edge toID="1.10" type="P">
				<attributes/>
			</edge>
			<edge toID="1.12" type="A">
				<attributes/>
			</edge>
		</node>
		<node ID="1.22" type="FN">
			<attributes/>
			<edge toID="0.9" type="Terminal">
				<attributes/>
			</edge>
		</node>
		<node ID="1.24" type="FN">
			<attributes/>
			<edge toID="0.10" type="Terminal">
				<attributes/>
			</edge>
		</node>
		<node ID="1.26" type="FN">
			<attributes/>
			<edge toID="1.27" type="E">
				<attributes/>
			</edge>
			<edge toID="1.29" type="C">
				<attributes/>
			</edge>
		</node>
		<node ID="1.31" type="FN">
			<attributes/>
			<edge toID="0.13" type="Terminal">
				<attributes/>
			</edge>
		</node>
		<node ID="1.33" type="FN">
			<attributes/>
			<edge toID="0.14" type="Terminal">
				<attributes/>
			</edge>
		</node>
		<node ID="1.35" type="FN">
			<attributes/>
			<edge toID="0.15" type="Terminal">
				<attributes/>
			</edge>
		</node>
		<node ID="1.39" type="FN">
			<attributes/>
			<edge toID="0.16" type="Terminal">
				<attributes/>
			</edge>
		</node>
		<node ID="1.41" type="FN">
			<attributes/>
			<edge toID="0.17" type="Terminal">
				<attributes/>
			</edge>
		</node>
		<node ID="1.43" type="FN">
			<attributes/>
			<edge toID="0.18" type="Terminal">
				<attributes/>
			</edge>
		</node>
		<node ID="1.45" type="FN">
			<attributes/>
			<edge toID="1.46" type="R">
				<attributes/>
			</edge>
			<edge toID="1.48" type="C">
				<attributes/>
			</edge>
			<edge toID="1.50" type="U">
				<attributes/>
			</edge>
		</node>
		<node ID="1.10" type="FN">
			<attributes/>
			<edge toID="0.4" type="Terminal">
				<attributes/>
			</edge>
		</node>
		<node ID="1.12" type="FN">
			<attributes/>
			<edge toID="1.13" type="R">
				<attributes/>
			</edge>
			<edge toID="1.15" type="E">
				<attributes/>
			</edge>
			<edge toID="1.17" type="C">
				<attributes/>
			</edge>
		</node>
		<node ID="1.27" type="FN">
			<attributes/>
			<edge toID="0.11" type="Terminal">
				<attributes/>
			</edge>
		</node>
		<node ID="1.29" type="FN">
			<attributes/>
			<edge toID="0.12" type="Terminal">
				<attributes/>
			</edge>
		</node>
		<node ID="1.46" type="FN">
			<attributes/>
			<edge toID="0.19" type="Terminal">
				<attributes/>
			</edge>
		</node>
		<node ID="1.48" type="FN">
			<attributes/>
			<edge toID="0.20" type="Terminal">
				<attributes/>
			</edge>
		</node>
		<node ID="1.50" type="FN">
			<attributes/>
			<edge toID="0.21" type="Terminal">
				<attributes/>
			</edge>
		</node>
		<node ID="1.13" type="FN">
			<attributes/>
			<edge toID="0.5" type="Terminal">
				<attributes/>
			</edge>
		</node>
		<node ID="1.15" type="FN">
			<attributes/>
			<edge toID="0.6" type="Terminal">
				<attributes/>
			</edge>
		</node>
		<node ID="1.17" type="FN">
			<attributes/>
			<edge toID="0.7" type="Terminal">
				<attributes/>
			</edge>
		</node>
	</layer>
</root>

