<root annotationID="0" passageID="898000">
	<attributes/>
	<layer layerID="0">
		<attributes/>
		<node ID="0.1" type="Punctuation">
			<attributes paragraph="1" paragraph_position="1" text='"'/>
		</node>
		<node ID="0.2" type="Word">
			<attributes paragraph="1" paragraph_position="2" text="That"/>
		</node>
		<node ID="0.3" type="Word">
			<attributes paragraph="1" paragraph_position="3" text="'s"/>
		</node>
		<node ID="0.4" type="Word">
			<attributes paragraph="1" paragraph_position="4" text="just"/>
		</node>
		<node ID="0.5" type="Word">
			<attributes paragraph="1" paragraph_position="5" text="where"/>
		</node>
		<node ID="0.6" type="Word">
			<attributes paragraph="1" paragraph_position="6" text="you"/>
		</node>
		<node ID="0.7" type="Word">
			<attributes paragraph="1" paragraph_position="7" text="'re"/>
		</node>
		<node ID="0.8" type="Word">
			<attributes paragraph="1" paragraph_position="8" text="mistaken"/>
		</node>
		<node ID="0.9" type="Punctuation">
			<attributes paragraph="1" paragraph_position="9" text=","/>
		</node>
		<node ID="0.10" type="Word">
			<attributes paragraph="1" paragraph_position="10" text="professor"/>
		</node>
		<node ID="0.11" type="Punctuation">
			<attributes paragraph="1" paragraph_position="11" text=","/>
		</node>
		<node ID="0.12" type="Punctuation">
			<attributes paragraph="1" paragraph_position="12" text='"'/>
		</node>
		<node ID="0.13" type="Word">
			<attributes paragraph="1" paragraph_position="13" text="Ned"/>
		</node>
		<node ID="0.14" type="Word">
			<attributes paragraph="1" paragraph_position="14" text="replied"/>
		</node>
		<node ID="0.15" type="Punctuation">
			<attributes paragraph="1" paragraph_position="15" text="."/>
		</node>
		<node ID="0.16" type="Punctuation">
			<attributes paragraph="1" paragraph_position="16" text='"'/>
		</node>
		<node ID="0.17" type="Word">
			<attributes paragraph="1" paragraph_position="17" text="The"/>
		</node>
		<node ID="0.18" type="Word">
			<attributes paragraph="1" paragraph_position="18" text="common"/>
		</node>
		<node ID="0.19" type="Word">
			<attributes paragraph="1" paragraph_position="19" text="man"/>
		</node>
		<node ID="0.20" type="Word">
			<attributes paragraph="1" paragraph_position="20" text="may"/>
		</node>
		<node ID="0.21" type="Word">
			<attributes paragraph="1" paragraph_position="21" text="still"/>
		</node>
		<node ID="0.22" type="Word">
			<attributes paragraph="1" paragraph_position="22" text="believe"/>
		</node>
		<node ID="0.23" type="Word">
			<attributes paragraph="1" paragraph_position="23" text="in"/>
		</node>
		<node ID="0.24" type="Word">
			<attributes paragraph="1" paragraph_position="24" text="fabulous"/>
		</node>
		<node ID="0.25" type="Word">
			<attributes paragraph="1" paragraph_position="25" text="comets"/>
		</node>
		<node ID="0.26" type="Word">
			<attributes paragraph="1" paragraph_position="26" text="crossing"/>
		</node>
		<node ID="0.27" type="Word">
			<attributes paragraph="1" paragraph_position="27" text="outer"/>
		</node>
		<node ID="0.28" type="Word">
			<attributes paragraph="1" paragraph_position="28" text="space"/>
		</node>
		<node ID="0.29" type="Punctuation">
			<attributes paragraph="1" paragraph_position="29" text=","/>
		</node>
		<node ID="0.30" type="Word">
			<attributes paragraph="1" paragraph_position="30" text="or"/>
		</node>
		<node ID="0.31" type="Word">
			<attributes paragraph="1" paragraph_position="31" text="in"/>
		</node>
		<node ID="0.32" type="Word">
			<attributes paragraph="1" paragraph_position="32" text="prehistoric"/>
		</node>
		<node ID="0.33" type="Word">
			<attributes paragraph="1" paragraph_position="33" text="monsters"/>
		</node>
		<node ID="0.34" type="Word">
			<attributes paragraph="1" paragraph_position="34" text="living"/>
		</node>
		<node ID="0.35" type="Word">
			<attributes paragraph="1" paragraph_position="35" text="at"/>
		</node>
		<node ID="0.36" type="Word">
			<attributes paragraph="1" paragraph_position="36" text="the"/>
		</node>
		<node ID="0.37" type="Word">
			<attributes paragraph="1" paragraph_position="37" text="earth"/>
		</node>
		<node ID="0.38" type="Word">
			<attributes paragraph="1" paragraph_position="38" text="'s"/>
		</node>
		<node ID="0.39" type="Word">
			<attributes paragraph="1" paragraph_position="39" text="core"/>
		</node>
		<node ID="0.40" type="Punctuation">
			<attributes paragraph="1" paragraph_position="40" text=","/>
		</node>
		<node ID="0.41" type="Word">
			<attributes paragraph="1" paragraph_position="41" text="but"/>
		</node>
		<node ID="0.42" type="Word">
			<attributes paragraph="1" paragraph_position="42" text="astronomers"/>
		</node>
		<node ID="0.43" type="Word">
			<attributes paragraph="1" paragraph_position="43" text="and"/>
		</node>
		<node ID="0.44" type="Word">
			<attributes paragraph="1" paragraph_position="44" text="geologists"/>
		</node>
		<node ID="0.45" type="Word">
			<attributes paragraph="1" paragraph_position="45" text="do"/>
		</node>
		<node ID="0.46" type="Word">
			<attributes paragraph="1" paragraph_position="46" text="n't"/>
		</node>
		<node ID="0.47" type="Word">
			<attributes paragraph="1" paragraph_position="47" text="swallow"/>
		</node>
		<node ID="0.48" type="Word">
			<attributes paragraph="1" paragraph_position="48" text="such"/>
		</node>
		<node ID="0.49" type="Word">
			<attributes paragraph="1" paragraph_position="49" text="fairy"/>
		</node>
		<node ID="0.50" type="Word">
			<attributes paragraph="1" paragraph_position="50" text="tales"/>
		</node>
		<node ID="0.51" type="Punctuation">
			<attributes paragraph="1" paragraph_position="51" text="."/>
		</node>
		<node ID="0.52" type="Word">
			<attributes paragraph="1" paragraph_position="52" text="It"/>
		</node>
		<node ID="0.53" type="Word">
			<attributes paragraph="1" paragraph_position="53" text="'s"/>
		</node>
		<node ID="0.54" type="Word">
			<attributes paragraph="1" paragraph_position="54" text="the"/>
		</node>
		<node ID="0.55" type="Word">
			<attributes paragraph="1" paragraph_position="55" text="same"/>
		</node>
		<node ID="0.56" type="Word">
			<attributes paragraph="1" paragraph_position="56" text="with"/>
		</node>
		<node ID="0.57" type="Word">
			<attributes paragraph="1" paragraph_position="57" text="whalers"/>
		</node>
		<node ID="0.58" type="Punctuation">
			<attributes paragraph="1" paragraph_position="58" text="."/>
		</node>
		<node ID="0.59" type="Word">
			<attributes paragraph="1" paragraph_position="59" text="I"/>
		</node>
		<node ID="0.60" type="Word">
			<attributes paragraph="1" paragraph_position="60" text="'ve"/>
		</node>
		<node ID="0.61" type="Word">
			<attributes paragraph="1" paragraph_position="61" text="chased"/>
		</node>
		<node ID="0.62" type="Word">
			<attributes paragraph="1" paragraph_position="62" text="plenty"/>
		</node>
		<node ID="0.63" type="Word">
			<attributes paragraph="1" paragraph_position="63" text="of"/>
		</node>
		<node ID="0.64" type="Word">
			<attributes paragraph="1" paragraph_position="64" text="cetaceans"/>
		</node>
		<node ID="0.65" type="Punctuation">
			<attributes paragraph="1" paragraph_position="65" text=","/>
		</node>
		<node ID="0.66" type="Word">
			<attributes paragraph="1" paragraph_position="66" text="I"/>
		</node>
		<node ID="0.67" type="Word">
			<attributes paragraph="1" paragraph_position="67" text="'ve"/>
		</node>
		<node ID="0.68" type="Word">
			<attributes paragraph="1" paragraph_position="68" text="harpooned"/>
		</node>
		<node ID="0.69" type="Word">
			<attributes paragraph="1" paragraph_position="69" text="a"/>
		</node>
		<node ID="0.70" type="Word">
			<attributes paragraph="1" paragraph_position="70" text="good"/>
		</node>
		<node ID="0.71" type="Word">
			<attributes paragraph="1" paragraph_position="71" text="number"/>
		</node>
		<node ID="0.72" type="Punctuation">
			<attributes paragraph="1" paragraph_position="72" text=","/>
		</node>
		<node ID="0.73" type="Word">
			<attributes paragraph="1" paragraph_position="73" text="I"/>
		</node>
		<node ID="0.74" type="Word">
			<attributes paragraph="1" paragraph_position="74" text="'ve"/>
		</node>
		<node ID="0.75" type="Word">
			<attributes paragraph="1" paragraph_position="75" text="killed"/>
		</node>
		<node ID="0.76" type="Word">
			<attributes paragraph="1" paragraph_position="76" text="several"/>
		</node>
		<node ID="0.77" type="Punctuation">
			<attributes paragraph="1" paragraph_position="77" text="."/>
		</node>
		<node ID="0.78" type="Word">
			<attributes paragraph="1" paragraph_position="78" text="But"/>
		</node>
		<node ID="0.79" type="Word">
			<attributes paragraph="1" paragraph_position="79" text="no"/>
		</node>
		<node ID="0.80" type="Word">
			<attributes paragraph="1" paragraph_position="80" text="matter"/>
		</node>
		<node ID="0.81" type="Word">
			<attributes paragraph="1" paragraph_position="81" text="how"/>
		</node>
		<node ID="0.82" type="Word">
			<attributes paragraph="1" paragraph_position="82" text="powerful"/>
		</node>
		<node ID="0.83" type="Word">
			<attributes paragraph="1" paragraph_position="83" text="and"/>
		</node>
		<node ID="0.84" type="Word">
			<attributes paragraph="1" paragraph_position="84" text="well"/>
		</node>
		<node ID="0.85" type="Word">
			<attributes paragraph="1" paragraph_position="85" text="armed"/>
		</node>
		<node ID="0.86" type="Word">
			<attributes paragraph="1" paragraph_position="86" text="they"/>
		</node>
		<node ID="0.87" type="Word">
			<attributes paragraph="1" paragraph_position="87" text="were"/>
		</node>
		<node ID="0.88" type="Punctuation">
			<attributes paragraph="1" paragraph_position="88" text=","/>
		</node>
		<node ID="0.89" type="Word">
			<attributes paragraph="1" paragraph_position="89" text="neither"/>
		</node>
		<node ID="0.90" type="Word">
			<attributes paragraph="1" paragraph_position="90" text="their"/>
		</node>
		<node ID="0.91" type="Word">
			<attributes paragraph="1" paragraph_position="91" text="tails"/>
		</node>
		<node ID="0.92" type="Word">
			<attributes paragraph="1" paragraph_position="92" text="or"/>
		</node>
		<node ID="0.93" type="Word">
			<attributes paragraph="1" paragraph_position="93" text="their"/>
		</node>
		<node ID="0.94" type="Word">
			<attributes paragraph="1" paragraph_position="94" text="tusks"/>
		</node>
		<node ID="0.95" type="Word">
			<attributes paragraph="1" paragraph_position="95" text="could"/>
		</node>
		<node ID="0.96" type="Word">
			<attributes paragraph="1" paragraph_position="96" text="puncture"/>
		</node>
		<node ID="0.97" type="Word">
			<attributes paragraph="1" paragraph_position="97" text="the"/>
		</node>
		<node ID="0.98" type="Word">
			<attributes paragraph="1" paragraph_position="98" text="sheet"/>
		</node>
		<node ID="0.99" type="Punctuation">
			<attributes paragraph="1" paragraph_position="99" text="-"/>
		</node>
		<node ID="0.100" type="Word">
			<attributes paragraph="1" paragraph_position="100" text="iron"/>
		</node>
		<node ID="0.101" type="Word">
			<attributes paragraph="1" paragraph_position="101" text="plates"/>
		</node>
		<node ID="0.102" type="Word">
			<attributes paragraph="1" paragraph_position="102" text="of"/>
		</node>
		<node ID="0.103" type="Word">
			<attributes paragraph="1" paragraph_position="103" text="a"/>
		</node>
		<node ID="0.104" type="Word">
			<attributes paragraph="1" paragraph_position="104" text="steamer"/>
		</node>
		<node ID="0.105" type="Punctuation">
			<attributes paragraph="1" paragraph_position="105" text="."/>
		</node>
		<node ID="0.106" type="Punctuation">
			<attributes paragraph="1" paragraph_position="106" text='"'/>
		</node>
	</layer>
	<layer layerID="1">
		<attributes/>
		<node ID="1.1" type="FN">
			<attributes/>
			<edge toID="1.217" type="L">
				<attributes/>
			</edge>
			<edge toID="1.22" type="U">
				<attributes/>
			</edge>
			<edge toID="1.4" type="U">
				<attributes/>
			</edge>
			<edge toID="1.6" type="H">
				<attributes/>
			</edge>
			<edge toID="1.24" type="U">
				<attributes/>
			</edge>
			<edge toID="1.26" type="U">
				<attributes/>
			</edge>
			<edge toID="1.28" type="U">
				<attributes/>
			</edge>
			<edge toID="1.30" type="H">
				<attributes/>
			</edge>
			<edge toID="1.68" type="U">
				<attributes/>
			</edge>
			<edge toID="1.70" type="L">
				<attributes/>
			</edge>
			<edge toID="1.72" type="H">
				<attributes/>
			</edge>
			<edge toID="1.94" type="U">
				<attributes/>
			</edge>
			<edge toID="1.96" type="L">
				<attributes/>
			</edge>
			<edge toID="1.98" type="H">
				<attributes/>
			</edge>
			<edge toID="1.119" type="U">
				<attributes/>
			</edge>
			<edge toID="1.121" type="H">
				<attributes/>
			</edge>
			<edge toID="1.136" type="U">
				<attributes/>
			</edge>
			<edge toID="1.138" type="H">
				<attributes/>
			</edge>
			<edge toID="1.153" type="U">
				<attributes/>
			</edge>
			<edge toID="1.155" type="H">
				<attributes/>
			</edge>
			<edge toID="1.169" type="U">
				<attributes/>
			</edge>
			<edge toID="1.171" type="H">
				<attributes/>
			</edge>
			<edge toID="1.180" type="U">
				<attributes/>
			</edge>
			<edge toID="1.182" type="L">
				<attributes/>
			</edge>
			<edge toID="1.184" type="H">
				<attributes/>
			</edge>
			<edge toID="1.207" type="U">
				<attributes/>
			</edge>
			<edge toID="1.209" type="L">
				<attributes/>
			</edge>
			<edge toID="1.211" type="H">
				<attributes/>
			</edge>
		</node>
		<node ID="1.217" type="FN">
			<attributes/>
			<edge toID="0.92" type="Terminal">
				<attributes/>
			</edge>
		</node>
		<node ID="1.22" type="FN">
			<attributes/>
			<edge toID="0.9" type="Terminal">
				<attributes/>
			</edge>
		</node>
		<node ID="1.4" type="FN">
			<attributes/>
			<edge toID="0.1" type="Terminal">
				<attributes/>
			</edge>
		</node>
		<node ID="1.6" type="FN">
			<attributes/>
			<edge toID="1.7" type="A">
				<attributes/>
			</edge>
			<edge toID="1.9" type="S">
				<attributes/>
			</edge>
			<edge toID="1.11" type="D">
				<attributes/>
			</edge>
			<edge toID="1.13" type="A">
				<attributes/>
			</edge>
		</node>
		<node ID="1.24" type="FN">
			<attributes/>
			<edge toID="0.10" type="Terminal">
				<attributes/>
			</edge>
		</node>
		<node ID="1.26" type="FN">
			<attributes/>
			<edge toID="0.11" type="Terminal">
				<attributes/>
			</edge>
		</node>
		<node ID="1.28" type="FN">
			<attributes/>
			<edge toID="0.12" type="Terminal">
				<attributes/>
			</edge>
		</node>
		<node ID="1.30" type="FN">
			<attributes/>
			<edge toID="1.31" type="A">
				<attributes/>
			</edge>
			<edge toID="1.33" type="P">
				<attributes/>
			</edge>
			<edge toID="1.35" type="U">
				<attributes/>
			</edge>
			<edge toID="1.37" type="U">
				<attributes/>
			</edge>
			<edge toID="1.39" type="A">
				<attributes/>
			</edge>
			<edge toID="1.60" type="A">
				<attributes/>
			</edge>
		</node>
		<node ID="1.68" type="FN">
			<attributes/>
			<edge toID="0.29" type="Terminal">
				<attributes/>
			</edge>
		</node>
		<node ID="1.70" type="FN">
			<attributes/>
			<edge toID="0.30" type="Terminal">
				<attributes/>
			</edge>
		</node>
		<node ID="1.72" type="FN">
			<attributes/>
			<edge toID="1.73" type="A">
				<attributes/>
			</edge>
			<edge toID="1.80" type="P">
				<attributes/>
			</edge>
			<edge toID="1.82" type="A">
				<attributes/>
			</edge>
		</node>
		<node ID="1.94" type="FN">
			<attributes/>
			<edge toID="0.40" type="Terminal">
				<attributes/>
			</edge>
		</node>
		<node ID="1.96" type="FN">
			<attributes/>
			<edge toID="0.41" type="Terminal">
				<attributes/>
			</edge>
		</node>
		<node ID="1.98" type="FN">
			<attributes/>
			<edge toID="1.99" type="A">
				<attributes/>
			</edge>
			<edge toID="1.106" type="F">
				<attributes/>
			</edge>
			<edge toID="1.108" type="D">
				<attributes/>
			</edge>
			<edge toID="1.110" type="P">
				<attributes/>
			</edge>
			<edge toID="1.112" type="A">
				<attributes/>
			</edge>
		</node>
		<node ID="1.119" type="FN">
			<attributes/>
			<edge toID="0.51" type="Terminal">
				<attributes/>
			</edge>
		</node>
		<node ID="1.121" type="FN">
			<attributes/>
			<edge toID="1.122" type="A">
				<attributes/>
			</edge>
			<edge toID="1.124" type="S">
				<attributes/>
			</edge>
			<edge toID="1.126" type="D">
				<attributes/>
			</edge>
			<edge toID="1.131" type="A">
				<attributes/>
			</edge>
		</node>
		<node ID="1.136" type="FN">
			<attributes/>
			<edge toID="0.58" type="Terminal">
				<attributes/>
			</edge>
		</node>
		<node ID="1.138" type="FN">
			<attributes/>
			<edge toID="1.139" type="A">
				<attributes/>
			</edge>
			<edge toID="1.141" type="F">
				<attributes/>
			</edge>
			<edge toID="1.143" type="P">
				<attributes/>
			</edge>
			<edge toID="1.145" type="A">
				<attributes/>
			</edge>
		</node>
		<node ID="1.153" type="FN">
			<attributes/>
			<edge toID="0.65" type="Terminal">
				<attributes/>
			</edge>
		</node>
		<node ID="1.155" type="FN">
			<attributes/>
			<edge toID="1.156" type="A">
				<attributes/>
			</edge>
			<edge toID="1.158" type="F">
				<attributes/>
			</edge>
			<edge toID="1.160" type="P">
				<attributes/>
			</edge>
			<edge toID="1.162" type="A">
				<attributes/>
			</edge>
		</node>
		<node ID="1.169" type="FN">
			<attributes/>
			<edge toID="0.72" type="Terminal">
				<attributes/>
			</edge>
		</node>
		<node ID="1.171" type="FN">
			<attributes/>
			<edge toID="1.172" type="A">
				<attributes/>
			</edge>
			<edge toID="1.174" type="F">
				<attributes/>
			</edge>
			<edge toID="1.176" type="P">
				<attributes/>
			</edge>
			<edge toID="1.178" type="A">
				<attributes/>
			</edge>
		</node>
		<node ID="1.180" type="FN">
			<attributes/>
			<edge toID="0.77" type="Terminal">
				<attributes/>
			</edge>
		</node>
		<node ID="1.182" type="FN">
			<attributes/>
			<edge toID="0.78" type="Terminal">
				<attributes/>
			</edge>
		</node>
		<node ID="1.184" type="FN">
			<attributes/>
			<edge toID="1.185" type="D">
				<attributes/>
			</edge>
			<edge toID="1.187" type="P">
				<attributes/>
			</edge>
			<edge toID="1.189" type="A">
				<attributes/>
			</edge>
			<edge toID="1.199" type="A">
				<attributes/>
			</edge>
		</node>
		<node ID="1.207" type="FN">
			<attributes/>
			<edge toID="0.88" type="Terminal">
				<attributes/>
			</edge>
		</node>
		<node ID="1.209" type="FN">
			<attributes/>
			<edge toID="0.89" type="Terminal">
				<attributes/>
			</edge>
		</node>
		<node ID="1.211" type="FN">
			<attributes/>
			<edge toID="1.212" type="A">
				<attributes/>
			</edge>
			<edge toID="1.219" type="A">
				<attributes/>
			</edge>
			<edge toID="1.224" type="D">
				<attributes/>
			</edge>
			<edge toID="1.226" type="P">
				<attributes/>
			</edge>
			<edge toID="1.228" type="A">
				<attributes/>
			</edge>
		</node>
		<node ID="1.7" type="FN">
			<attributes/>
			<edge toID="0.2" type="Terminal">
				<attributes/>
			</edge>
		</node>
		<node ID="1.9" type="FN">
			<attributes/>
			<edge toID="0.3" type="Terminal">
				<attributes/>
			</edge>
		</node>
		<node ID="1.11" type="FN">
			<attributes/>
			<edge toID="0.4" type="Terminal">
				<attributes/>
			</edge>
		</node>
		<node ID="1.13" type="FN">
			<attributes/>
			<edge toID="1.14" type="F">
				<attributes/>
			</edge>
			<edge toID="1.16" type="A">
				<attributes/>
			</edge>
			<edge toID="1.18" type="F">
				<attributes/>
			</edge>
			<edge toID="1.20" type="S">
				<attributes/>
			</edge>
		</node>
		<node ID="1.31" type="FN">
			<attributes/>
			<edge toID="0.13" type="Terminal">
				<attributes/>
			</edge>
		</node>
		<node ID="1.33" type="FN">
			<attributes/>
			<edge toID="0.14" type="Terminal">
				<attributes/>
			</edge>
		</node>
		<node ID="1.35" type="FN">
			<attributes/>
			<edge toID="0.15" type="Terminal">
				<attributes/>
			</edge>
		</node>
		<node ID="1.37" type="FN">
			<attributes/>
			<edge toID="0.16" type="Terminal">
				<attributes/>
			</edge>
		</node>
		<node ID="1.39" type="FN">
			<attributes/>
			<edge toID="1.40" type="A">
				<attributes/>
			</edge>
			<edge toID="1.47" type="D">
				<attributes/>
			</edge>
			<edge toID="1.49" type="D">
				<attributes/>
			</edge>
			<edge toID="1.51" type="P">
				<attributes/>
			</edge>
			<edge toID="1.53" type="A">
				<attributes/>
			</edge>
		</node>
		<node ID="1.60" type="FN">
			<attributes/>
			<edge toID="1.61" type="P">
				<attributes/>
			</edge>
			<edge toID="1.63" type="A">
				<attributes/>
			</edge>
		</node>
		<node ID="1.73" type="FN">
			<attributes/>
			<edge toID="1.74" type="R">
				<attributes/>
			</edge>
			<edge toID="1.76" type="E">
				<attributes/>
			</edge>
			<edge toID="1.78" type="C">
				<attributes/>
			</edge>
		</node>
		<node ID="1.80" type="FN">
			<attributes/>
			<edge toID="0.34" type="Terminal">
				<attributes/>
			</edge>
		</node>
		<node ID="1.82" type="FN">
			<attributes/>
			<edge toID="1.83" type="R">
				<attributes/>
			</edge>
			<edge toID="1.85" type="E">
				<attributes/>
			</edge>
			<edge toID="1.87" type="E">
				<attributes/>
			</edge>
			<edge toID="1.92" type="C">
				<attributes/>
			</edge>
		</node>
		<node ID="1.99" type="FN">
			<attributes/>
			<edge toID="1.100" type="C">
				<attributes/>
			</edge>
			<edge toID="1.102" type="N">
				<attributes/>
			</edge>
			<edge toID="1.104" type="C">
				<attributes/>
			</edge>
		</node>
		<node ID="1.106" type="FN">
			<attributes/>
			<edge toID="0.45" type="Terminal">
				<attributes/>
			</edge>
		</node>
		<node ID="1.108" type="FN">
			<attributes/>
			<edge toID="0.46" type="Terminal">
				<attributes/>
			</edge>
		</node>
		<node ID="1.110" type="FN">
			<attributes/>
			<edge toID="0.47" type="Terminal">
				<attributes/>
			</edge>
		</node>
		<node ID="1.112" type="FN">
			<attributes/>
			<edge toID="1.113" type="R">
				<attributes/>
			</edge>
			<edge toID="1.115" type="E">
				<attributes/>
			</edge>
			<edge toID="1.117" type="C">
				<attributes/>
			</edge>
		</node>
		<node ID="1.122" type="FN">
			<attributes/>
			<edge toID="0.52" type="Terminal">
				<attributes/>
			</edge>
		</node>
		<node ID="1.124" type="FN">
			<attributes/>
			<edge toID="0.53" type="Terminal">
				<attributes/>
			</edge>
		</node>
		<node ID="1.126" type="FN">
			<attributes/>
			<edge toID="1.127" type="E">
				<attributes/>
			</edge>
			<edge toID="1.129" type="C">
				<attributes/>
			</edge>
		</node>
		<node ID="1.131" type="FN">
			<attributes/>
			<edge toID="1.132" type="R">
				<attributes/>
			</edge>
			<edge toID="1.134" type="C">
				<attributes/>
			</edge>
		</node>
		<node ID="1.139" type="FN">
			<attributes/>
			<edge toID="0.59" type="Terminal">
				<attributes/>
			</edge>
		</node>
		<node ID="1.141" type="FN">
			<attributes/>
			<edge toID="0.60" type="Terminal">
				<attributes/>
			</edge>
		</node>
		<node ID="1.143" type="FN">
			<attributes/>
			<edge toID="0.61" type="Terminal">
				<attributes/>
			</edge>
		</node>
		<node ID="1.145" type="FN">
			<attributes/>
			<edge toID="1.146" type="E">
				<attributes/>
			</edge>
			<edge toID="1.151" type="C">
				<attributes/>
			</edge>
		</node>
		<node ID="1.156" type="FN">
			<attributes/>
			<edge toID="0.66" type="Terminal">
				<attributes/>
			</edge>
		</node>
		<node ID="1.158" type="FN">
			<attributes/>
			<edge toID="0.67" type="Terminal">
				<attributes/>
			</edge>
		</node>
		<node ID="1.160" type="FN">
			<attributes/>
			<edge toID="0.68" type="Terminal">
				<attributes/>
			</edge>
		</node>
		<node ID="1.162" type="FN">
			<attributes/>
			<edge toID="1.163" type="E">
				<attributes/>
			</edge>
			<edge toID="1.165" type="E">
				<attributes/>
			</edge>
			<edge toID="1.167" type="C">
				<attributes/>
			</edge>
		</node>
		<node ID="1.172" type="FN">
			<attributes/>
			<edge toID="0.73" type="Terminal">
				<attributes/>
			</edge>
		</node>
		<node ID="1.174" type="FN">
			<attributes/>
			<edge toID="0.74" type="Terminal">
				<attributes/>
			</edge>
		</node>
		<node ID="1.176" type="FN">
			<attributes/>
			<edge toID="0.75" type="Terminal">
				<attributes/>
			</edge>
		</node>
		<node ID="1.178" type="FN">
			<attributes/>
			<edge toID="0.76" type="Terminal">
				<attributes/>
			</edge>
		</node>
		<node ID="1.185" type="FN">
			<attributes/>
			<edge toID="0.79" type="Terminal">
				<attributes/>
			</edge>
		</node>
		<node ID="1.187" type="FN">
			<attributes/>
			<edge toID="0.80" type="Terminal">
				<attributes/>
			</edge>
		</node>
		<node ID="1.189" type="FN">
			<attributes/>
			<edge toID="1.190" type="E">
				<attributes/>
			</edge>
			<edge toID="1.192" type="C">
				<attributes/>
			</edge>
		</node>
		<node ID="1.199" type="FN">
			<attributes/>
			<edge toID="1.200" type="C">
				<attributes/>
			</edge>
			<edge toID="1.202" type="E">
				<attributes/>
			</edge>
		</node>
		<node ID="1.212" type="FN">
			<attributes/>
			<edge toID="1.213" type="E">
				<attributes/>
			</edge>
			<edge toID="1.215" type="C">
				<attributes/>
			</edge>
		</node>
		<node ID="1.219" type="FN">
			<attributes/>
			<edge toID="1.220" type="E">
				<attributes/>
			</edge>
			<edge toID="1.222" type="C">
				<attributes/>
			</edge>
		</node>
		<node ID="1.224" type="FN">
			<attributes/>
			<edge toID="0.95" type="Terminal">
				<attributes/>
			</edge>
		</node>
		<node ID="1.226" type="FN">
			<attributes/>
			<edge toID="0.96" type="Terminal">
				<attributes/>
			</edge>
		</node>
		<node ID="1.228" type="FN">
			<attributes/>
			<edge toID="1.229" type="E">
				<attributes/>
			</edge>
			<edge toID="1.231" type="E">
				<attributes/>
			</edge>
			<edge toID="1.236" type="C">
				<attributes/>
			</edge>
			<edge toID="1.238" type="E">
				<attributes/>
			</edge>
		</node>
		<node ID="1.14" type="FN">
			<attributes/>
			<edge toID="0.5" type="Terminal">
				<attributes/>
			</edge>
		</node>
		<node ID="1.16" type="FN">
			<attributes/>
			<edge toID="0.6" type="Terminal">
				<attributes/>
			</edge>
		</node>
		<node ID="1.18" type="FN">
			<attributes/>
			<edge toID="0.7" type="Terminal">
				<attributes/>
			</edge>
		</node>
		<node ID="1.20" type="FN">
			<attributes/>
			<edge toID="0.8" type="Terminal">
				<attributes/>
			</edge>
		</node>
		<node ID="1.40" type="FN">
			<attributes/>
			<edge toID="1.41" type="E">
				<attributes/>
			</edge>
			<edge toID="1.43" type="E">
				<attributes/>
			</edge>
			<edge toID="1.45" type="C">
				<attributes/>
			</edge>
		</node>
		<node ID="1.47" type="FN">
			<attributes/>
			<edge toID="0.20" type="Terminal">
				<attributes/>
			</edge>
		</node>
		<node ID="1.49" type="FN">
			<attributes/>
			<edge toID="0.21" type="Terminal">
				<attributes/>
			</edge>
		</node>
		<node ID="1.51" type="FN">
			<attributes/>
			<edge toID="0.22" type="Terminal">
				<attributes/>
			</edge>
		</node>
		<node ID="1.53" type="FN">
			<attributes/>
			<edge toID="1.54" type="R">
				<attributes/>
			</edge>
			<edge toID="1.56" type="E">
				<attributes/>
			</edge>
			<edge toID="1.58" type="C">
				<attributes/>
			</edge>
		</node>
		<node ID="1.61" type="FN">
			<attributes/>
			<edge toID="0.26" type="Terminal">
				<attributes/>
			</edge>
		</node>
		<node ID="1.63" type="FN">
			<attributes/>
			<edge toID="1.64" type="E">
				<attributes/>
			</edge>
			<edge toID="1.66" type="C">
				<attributes/>
			</edge>
		</node>
		<node ID="1.74" type="FN">
			<attributes/>
			<edge toID="0.31" type="Terminal">
				<attributes/>
			</edge>
		</node>
		<node ID="1.76" type="FN">
			<attributes/>
			<edge toID="0.32" type="Terminal">
				<attributes/>
			</edge>
		</node>
		<node ID="1.78" type="FN">
			<attributes/>
			<edge toID="0.33" type="Terminal">
				<attributes/>
			</edge>
		</node>
		<node ID="1.83" type="FN">
			<attributes/>
			<edge toID="0.35" type="Terminal">
				<attributes/>
			</edge>
		</node>
		<node ID="1.85" type="FN">
			<attributes/>
			<edge toID="0.36" type="Terminal">
				<attributes/>
			</edge>
		</node>
		<node ID="1.87" type="FN">
			<attributes/>
			<edge toID="1.88" type="C">
				<attributes/>
			</edge>
			<edge toID="1.90" type="R">
				<attributes/>
			</edge>
		</node>
		<node ID="1.92" type="FN">
			<attributes/>
			<edge toID="0.39" type="Terminal">
				<attributes/>
			</edge>
		</node>
		<node ID="1.100" type="FN">
			<attributes/>
			<edge toID="0.42" type="Terminal">
				<attributes/>
			</edge>
		</node>
		<node ID="1.102" type="FN">
			<attributes/>
			<edge toID="0.43" type="Terminal">
				<attributes/>
			</edge>
		</node>
		<node ID="1.104" type="FN">
			<attributes/>
			<edge toID="0.44" type="Terminal">
				<attributes/>
			</edge>
		</node>
		<node ID="1.113" type="FN">
			<attributes/>
			<edge toID="0.48" type="Terminal">
				<attributes/>
			</edge>
		</node>
		<node ID="1.115" type="FN">
			<attributes/>
			<edge toID="0.49" type="Terminal">
				<attributes/>
			</edge>
		</node>
		<node ID="1.117" type="FN">
			<attributes/>
			<edge toID="0.50" type="Terminal">
				<attributes/>
			</edge>
		</node>
		<node ID="1.127" type="FN">
			<attributes/>
			<edge toID="0.54" type="Terminal">
				<attributes/>
			</edge>
		</node>
		<node ID="1.129" type="FN">
			<attributes/>
			<edge toID="0.55" type="Terminal">
				<attributes/>
			</edge>
		</node>
		<node ID="1.132" type="FN">
			<attributes/>
			<edge toID="0.56" type="Terminal">
				<attributes/>
			</edge>
		</node>
		<node ID="1.134" type="FN">
			<attributes/>
			<edge toID="0.57" type="Terminal">
				<attributes/>
			</edge>
		</node>
		<node ID="1.146" type="FN">
			<attributes/>
			<edge toID="1.147" type="C">
				<attributes/>
			</edge>
			<edge toID="1.149" type="R">
				<attributes/>
			</edge>
		</node>
		<node ID="1.151" type="FN">
			<attributes/>
			<edge toID="0.64" type="Terminal">
				<attributes/>
			</edge>
		</node>
		<node ID="1.163" type="FN">
			<attributes/>
			<edge toID="0.69" type="Terminal">
				<attributes/>
			</edge>
		</node>
		<node ID="1.165" type="FN">
			<attributes/>
			<edge toID="0.70" type="Terminal">
				<attributes/>
			</edge>
		</node>
		<node ID="1.167" type="FN">
			<attributes/>
			<edge toID="0.71" type="Terminal">
				<attributes/>
			</edge>
		</node>
		<node ID="1.190" type="FN">
			<attributes/>
			<edge toID="0.81" type="Terminal">
				<attributes/>
			</edge>
		</node>
		<node ID="1.192" type="FN">
			<attributes/>
			<edge toID="1.193" type="C">
				<attributes/>
			</edge>
			<edge toID="1.195" type="N">
				<attributes/>
			</edge>
			<edge toID="1.197" type="C">
				<attributes/>
			</edge>
		</node>
		<node ID="1.200" type="FN">
			<attributes/>
			<edge toID="0.85" type="Terminal">
				<attributes/>
			</edge>
		</node>
		<node ID="1.202" type="FN">
			<attributes/>
			<edge toID="1.203" type="A">
				<attributes/>
			</edge>
			<edge toID="1.205" type="S">
				<attributes/>
			</edge>
		</node>
		<node ID="1.213" type="FN">
			<attributes/>
			<edge toID="0.90" type="Terminal">
				<attributes/>
			</edge>
		</node>
		<node ID="1.215" type="FN">
			<attributes/>
			<edge toID="0.91" type="Terminal">
				<attributes/>
			</edge>
		</node>
		<node ID="1.220" type="FN">
			<attributes/>
			<edge toID="0.93" type="Terminal">
				<attributes/>
			</edge>
		</node>
		<node ID="1.222" type="FN">
			<attributes/>
			<edge toID="0.94" type="Terminal">
				<attributes/>
			</edge>
		</node>
		<node ID="1.229" type="FN">
			<attributes/>
			<edge toID="0.97" type="Terminal">
				<attributes/>
			</edge>
		</node>
		<node ID="1.231" type="FN">
			<attributes/>
			<edge toID="0.98" type="Terminal">
				<attributes/>
			</edge>
			<edge toID="1.233" type="U">
				<attributes/>
			</edge>
			<edge toID="0.100" type="Terminal">
				<attributes/>
			</edge>
		</node>
		<node ID="1.236" type="FN">
			<attributes/>
			<edge toID="0.101" type="Terminal">
				<attributes/>
			</edge>
		</node>
		<node ID="1.238" type="FN">
			<attributes/>
			<edge toID="1.239" type="R">
				<attributes/>
			</edge>
			<edge toID="1.241" type="E">
				<attributes/>
			</edge>
			<edge toID="1.243" type="C">
				<attributes/>
			</edge>
			<edge toID="1.245" type="U">
				<attributes/>
			</edge>
			<edge toID="1.247" type="U">
				<attributes/>
			</edge>
		</node>
		<node ID="1.41" type="FN">
			<attributes/>
			<edge toID="0.17" type="Terminal">
				<attributes/>
			</edge>
		</node>
		<node ID="1.43" type="FN">
			<attributes/>
			<edge toID="0.18" type="Terminal">
				<attributes/>
			</edge>
		</node>
		<node ID="1.45" type="FN">
			<attributes/>
			<edge toID="0.19" type="Terminal">
				<attributes/>
			</edge>
		</node>
		<node ID="1.54" type="FN">
			<attributes/>
			<edge toID="0.23" type="Terminal">
				<attributes/>
			</edge>
		</node>
		<node ID="1.56" type="FN">
			<attributes/>
			<edge toID="0.24" type="Terminal">
				<attributes/>
			</edge>
		</node>
		<node ID="1.58" type="FN">
			<attributes/>
			<edge toID="0.25" type="Terminal">
				<attributes/>
			</edge>
		</node>
		<node ID="1.64" type="FN">
			<attributes/>
			<edge toID="0.27" type="Terminal">
				<attributes/>
			</edge>
		</node>
		<node ID="1.66" type="FN">
			<attributes/>
			<edge toID="0.28" type="Terminal">
				<attributes/>
			</edge>
		</node>
		<node ID="1.88" type="FN">
			<attributes/>
			<edge toID="0.37" type="Terminal">
				<attributes/>
			</edge>
		</node>
		<node ID="1.90" type="FN">
			<attributes/>
			<edge toID="0.38" type="Terminal">
				<attributes/>
			</edge>
		</node>
		<node ID="1.147" type="FN">
			<attributes/>
			<edge toID="0.62" type="Terminal">
				<attributes/>
			</edge>
		</node>
		<node ID="1.149" type="FN">
			<attributes/>
			<edge toID="0.63" type="Terminal">
				<attributes/>
			</edge>
		</node>
		<node ID="1.193" type="FN">
			<attributes/>
			<edge toID="0.82" type="Terminal">
				<attributes/>
			</edge>
		</node>
		<node ID="1.195" type="FN">
			<attributes/>
			<edge toID="0.83" type="Terminal">
				<attributes/>
			</edge>
		</node>
		<node ID="1.197" type="FN">
			<attributes/>
			<edge toID="0.84" type="Terminal">
				<attributes/>
			</edge>
		</node>
		<node ID="1.203" type="FN">
			<attributes/>
			<edge toID="0.86" type="Terminal">
				<attributes/>
			</edge>
		</node>
		<node ID="1.205" type="FN">
			<attributes/>
			<edge toID="0.87" type="Terminal">
				<attributes/>
			</edge>
		</node>
		<node ID="1.233" type="FN">
			<attributes/>
			<edge toID="0.99" type="Terminal">
				<attributes/>
			</edge>
		</node>
		<node ID="1.239" type="FN">
			<attributes/>
			<edge toID="0.102" type="Terminal">
				<attributes/>
			</edge>
		</node>
		<node ID="1.241" type="FN">
			<attributes/>
			<edge toID="0.103" type="Terminal">
				<attributes/>
			</edge>
		</node>
		<node ID="1.243" type="FN">
			<attributes/>
			<edge toID="0.104" type="Terminal">
				<attributes/>
			</edge>
		</node>
		<node ID="1.245" type="FN">
			<attributes/>
			<edge toID="0.105" type="Terminal">
				<attributes/>
			</edge>
		</node>
		<node ID="1.247" type="FN">
			<attributes/>
			<edge toID="0.106" type="Terminal">
				<attributes/>
			</edge>
		</node>
	</layer>
</root>

