<root annotationID="0" passageID="904003">
	<attributes/>
	<layer layerID="0">
		<attributes/>
		<node ID="0.1" type="Word">
			<attributes paragraph="1" paragraph_position="1" text="Let"/>
		</node>
		<node ID="0.2" type="Word">
			<attributes paragraph="1" paragraph_position="2" text="'s"/>
		</node>
		<node ID="0.3" type="Word">
			<attributes paragraph="1" paragraph_position="3" text="accept"/>
		</node>
		<node ID="0.4" type="Word">
			<attributes paragraph="1" paragraph_position="4" text="that"/>
		</node>
		<node ID="0.5" type="Word">
			<attributes paragraph="1" paragraph_position="5" text="the"/>
		</node>
		<node ID="0.6" type="Word">
			<attributes paragraph="1" paragraph_position="6" text="pressure"/>
		</node>
		<node ID="0.7" type="Word">
			<attributes paragraph="1" paragraph_position="7" text="of"/>
		</node>
		<node ID="0.8" type="Word">
			<attributes paragraph="1" paragraph_position="8" text="one"/>
		</node>
		<node ID="0.9" type="Word">
			<attributes paragraph="1" paragraph_position="9" text="atmosphere"/>
		</node>
		<node ID="0.10" type="Word">
			<attributes paragraph="1" paragraph_position="10" text="is"/>
		</node>
		<node ID="0.11" type="Word">
			<attributes paragraph="1" paragraph_position="11" text="represented"/>
		</node>
		<node ID="0.12" type="Word">
			<attributes paragraph="1" paragraph_position="12" text="by"/>
		</node>
		<node ID="0.13" type="Word">
			<attributes paragraph="1" paragraph_position="13" text="the"/>
		</node>
		<node ID="0.14" type="Word">
			<attributes paragraph="1" paragraph_position="14" text="pressure"/>
		</node>
		<node ID="0.15" type="Word">
			<attributes paragraph="1" paragraph_position="15" text="of"/>
		</node>
		<node ID="0.16" type="Word">
			<attributes paragraph="1" paragraph_position="16" text="a"/>
		</node>
		<node ID="0.17" type="Word">
			<attributes paragraph="1" paragraph_position="17" text="column"/>
		</node>
		<node ID="0.18" type="Word">
			<attributes paragraph="1" paragraph_position="18" text="of"/>
		</node>
		<node ID="0.19" type="Word">
			<attributes paragraph="1" paragraph_position="19" text="water"/>
		</node>
		<node ID="0.20" type="Word">
			<attributes paragraph="1" paragraph_position="20" text="thirty"/>
		</node>
		<node ID="0.21" type="Punctuation">
			<attributes paragraph="1" paragraph_position="21" text="-"/>
		</node>
		<node ID="0.22" type="Word">
			<attributes paragraph="1" paragraph_position="22" text="two"/>
		</node>
		<node ID="0.23" type="Word">
			<attributes paragraph="1" paragraph_position="23" text="feet"/>
		</node>
		<node ID="0.24" type="Word">
			<attributes paragraph="1" paragraph_position="24" text="high"/>
		</node>
		<node ID="0.25" type="Punctuation">
			<attributes paragraph="1" paragraph_position="25" text="."/>
		</node>
	</layer>
	<layer layerID="1">
		<attributes/>
		<node ID="1.1" type="FN">
			<attributes/>
			<edge toID="1.2" type="H">
				<attributes/>
			</edge>
		</node>
		<node ID="1.2" type="FN">
			<attributes/>
			<edge toID="1.3" type="A">
				<attributes/>
			</edge>
			<edge toID="1.6" type="P">
				<attributes/>
			</edge>
			<edge toID="1.8" type="A">
				<attributes/>
			</edge>
		</node>
		<node ID="1.3" type="FN">
			<attributes/>
			<edge toID="0.1" type="Terminal">
				<attributes/>
			</edge>
			<edge toID="0.2" type="Terminal">
				<attributes/>
			</edge>
		</node>
		<node ID="1.6" type="FN">
			<attributes/>
			<edge toID="0.3" type="Terminal">
				<attributes/>
			</edge>
		</node>
		<node ID="1.8" type="FN">
			<attributes/>
			<edge toID="1.9" type="F">
				<attributes/>
			</edge>
			<edge toID="1.11" type="A">
				<attributes/>
			</edge>
			<edge toID="1.23" type="F">
				<attributes/>
			</edge>
			<edge toID="1.25" type="P">
				<attributes/>
			</edge>
			<edge toID="1.27" type="A">
				<attributes/>
			</edge>
			<edge toID="1.46" type="E">
				<attributes/>
			</edge>
			<edge toID="1.53" type="D">
				<attributes/>
			</edge>
			<edge toID="1.55" type="A">
				<attributes/>
			</edge>
			<edge toID="1.57" type="U">
				<attributes/>
			</edge>
		</node>
		<node ID="1.9" type="FN">
			<attributes/>
			<edge toID="0.4" type="Terminal">
				<attributes/>
			</edge>
		</node>
		<node ID="1.11" type="FN">
			<attributes/>
			<edge toID="1.12" type="E">
				<attributes/>
			</edge>
			<edge toID="1.14" type="C">
				<attributes/>
			</edge>
			<edge toID="1.16" type="E">
				<attributes/>
			</edge>
		</node>
		<node ID="1.23" type="FN">
			<attributes/>
			<edge toID="0.10" type="Terminal">
				<attributes/>
			</edge>
		</node>
		<node ID="1.25" type="FN">
			<attributes/>
			<edge toID="0.11" type="Terminal">
				<attributes/>
			</edge>
		</node>
		<node ID="1.27" type="FN">
			<attributes/>
			<edge toID="1.28" type="R">
				<attributes/>
			</edge>
			<edge toID="1.30" type="E">
				<attributes/>
			</edge>
			<edge toID="1.32" type="C">
				<attributes/>
			</edge>
			<edge toID="1.34" type="E">
				<attributes/>
			</edge>
			<edge toID="1.41" type="E">
				<attributes/>
			</edge>
		</node>
		<node ID="1.46" type="FN">
			<attributes/>
			<edge toID="1.47" type="E">
				<attributes/>
			</edge>
			<edge toID="1.49" type="U">
				<attributes/>
			</edge>
			<edge toID="1.51" type="C">
				<attributes/>
			</edge>
		</node>
		<node ID="1.53" type="FN">
			<attributes/>
			<edge toID="0.23" type="Terminal">
				<attributes/>
			</edge>
		</node>
		<node ID="1.55" type="FN">
			<attributes/>
			<edge toID="0.24" type="Terminal">
				<attributes/>
			</edge>
		</node>
		<node ID="1.57" type="FN">
			<attributes/>
			<edge toID="0.25" type="Terminal">
				<attributes/>
			</edge>
		</node>
		<node ID="1.12" type="FN">
			<attributes/>
			<edge toID="0.5" type="Terminal">
				<attributes/>
			</edge>
		</node>
		<node ID="1.14" type="FN">
			<attributes/>
			<edge toID="0.6" type="Terminal">
				<attributes/>
			</edge>
		</node>
		<node ID="1.16" type="FN">
			<attributes/>
			<edge toID="1.17" type="R">
				<attributes/>
			</edge>
			<edge toID="1.19" type="E">
				<attributes/>
			</edge>
			<edge toID="1.21" type="C">
				<attributes/>
			</edge>
		</node>
		<node ID="1.28" type="FN">
			<attributes/>
			<edge toID="0.12" type="Terminal">
				<attributes/>
			</edge>
		</node>
		<node ID="1.30" type="FN">
			<attributes/>
			<edge toID="0.13" type="Terminal">
				<attributes/>
			</edge>
		</node>
		<node ID="1.32" type="FN">
			<attributes/>
			<edge toID="0.14" type="Terminal">
				<attributes/>
			</edge>
		</node>
		<node ID="1.34" type="FN">
			<attributes/>
			<edge toID="1.35" type="R">
				<attributes/>
			</edge>
			<edge toID="1.37" type="E">
				<attributes/>
			</edge>
			<edge toID="1.39" type="C">
				<attributes/>
			</edge>
		</node>
		<node ID="1.41" type="FN">
			<attributes/>
			<edge toID="1.42" type="R">
				<attributes/>
			</edge>
			<edge toID="1.44" type="C">
				<attributes/>
			</edge>
		</node>
		<node ID="1.47" type="FN">
			<attributes/>
			<edge toID="0.20" type="Terminal">
				<attributes/>
			</edge>
		</node>
		<node ID="1.49" type="FN">
			<attributes/>
			<edge toID="0.21" type="Terminal">
				<attributes/>
			</edge>
		</node>
		<node ID="1.51" type="FN">
			<attributes/>
			<edge toID="0.22" type="Terminal">
				<attributes/>
			</edge>
		</node>
		<node ID="1.17" type="FN">
			<attributes/>
			<edge toID="0.7" type="Terminal">
				<attributes/>
			</edge>
		</node>
		<node ID="1.19" type="FN">
			<attributes/>
			<edge toID="0.8" type="Terminal">
				<attributes/>
			</edge>
		</node>
		<node ID="1.21" type="FN">
			<attributes/>
			<edge toID="0.9" type="Terminal">
				<attributes/>
			</edge>
		</node>
		<node ID="1.35" type="FN">
			<attributes/>
			<edge toID="0.15" type="Terminal">
				<attributes/>
			</edge>
		</node>
		<node ID="1.37" type="FN">
			<attributes/>
			<edge toID="0.16" type="Terminal">
				<attributes/>
			</edge>
		</node>
		<node ID="1.39" type="FN">
			<attributes/>
			<edge toID="0.17" type="Terminal">
				<attributes/>
			</edge>
		</node>
		<node ID="1.42" type="FN">
			<attributes/>
			<edge toID="0.18" type="Terminal">
				<attributes/>
			</edge>
		</node>
		<node ID="1.44" type="FN">
			<attributes/>
			<edge toID="0.19" type="Terminal">
				<attributes/>
			</edge>
		</node>
	</layer>
</root>

