<root annotationID="0" passageID="906000">
	<attributes/>
	<layer layerID="0">
		<attributes/>
		<node ID="0.1" type="Punctuation">
			<attributes paragraph="1" paragraph_position="1" text='"'/>
		</node>
		<node ID="0.2" type="Word">
			<attributes paragraph="1" paragraph_position="2" text="All"/>
		</node>
		<node ID="0.3" type="Word">
			<attributes paragraph="1" paragraph_position="3" text="right"/>
		</node>
		<node ID="0.4" type="Word">
			<attributes paragraph="1" paragraph_position="4" text="then"/>
		</node>
		<node ID="0.5" type="Punctuation">
			<attributes paragraph="1" paragraph_position="5" text=","/>
		</node>
		<node ID="0.6" type="Word">
			<attributes paragraph="1" paragraph_position="6" text="my"/>
		</node>
		<node ID="0.7" type="Word">
			<attributes paragraph="1" paragraph_position="7" text="fine"/>
		</node>
		<node ID="0.8" type="Word">
			<attributes paragraph="1" paragraph_position="8" text="harpooner"/>
		</node>
		<node ID="0.9" type="Punctuation">
			<attributes paragraph="1" paragraph_position="9" text=","/>
		</node>
		<node ID="0.10" type="Word">
			<attributes paragraph="1" paragraph_position="10" text="if"/>
		</node>
		<node ID="0.11" type="Word">
			<attributes paragraph="1" paragraph_position="11" text="vertebrates"/>
		</node>
		<node ID="0.12" type="Word">
			<attributes paragraph="1" paragraph_position="12" text="several"/>
		</node>
		<node ID="0.13" type="Word">
			<attributes paragraph="1" paragraph_position="13" text="hundred"/>
		</node>
		<node ID="0.14" type="Word">
			<attributes paragraph="1" paragraph_position="14" text="meters"/>
		</node>
		<node ID="0.15" type="Word">
			<attributes paragraph="1" paragraph_position="15" text="long"/>
		</node>
		<node ID="0.16" type="Word">
			<attributes paragraph="1" paragraph_position="16" text="and"/>
		</node>
		<node ID="0.17" type="Word">
			<attributes paragraph="1" paragraph_position="17" text="proportionate"/>
		</node>
		<node ID="0.18" type="Word">
			<attributes paragraph="1" paragraph_position="18" text="in"/>
		</node>
		<node ID="0.19" type="Word">
			<attributes paragraph="1" paragraph_position="19" text="bulk"/>
		</node>
		<node ID="0.20" type="Word">
			<attributes paragraph="1" paragraph_position="20" text="live"/>
		</node>
		<node ID="0.21" type="Word">
			<attributes paragraph="1" paragraph_position="21" text="at"/>
		</node>
		<node ID="0.22" type="Word">
			<attributes paragraph="1" paragraph_position="22" text="such"/>
		</node>
		<node ID="0.23" type="Word">
			<attributes paragraph="1" paragraph_position="23" text="depths"/>
		</node>
		<node ID="0.24" type="Punctuation">
			<attributes paragraph="1" paragraph_position="24" text=","/>
		</node>
		<node ID="0.25" type="Word">
			<attributes paragraph="1" paragraph_position="25" text="their"/>
		</node>
		<node ID="0.26" type="Word">
			<attributes paragraph="1" paragraph_position="26" text="surface"/>
		</node>
		<node ID="0.27" type="Word">
			<attributes paragraph="1" paragraph_position="27" text="areas"/>
		</node>
		<node ID="0.28" type="Word">
			<attributes paragraph="1" paragraph_position="28" text="make"/>
		</node>
		<node ID="0.29" type="Word">
			<attributes paragraph="1" paragraph_position="29" text="up"/>
		</node>
		<node ID="0.30" type="Word">
			<attributes paragraph="1" paragraph_position="30" text="millions"/>
		</node>
		<node ID="0.31" type="Word">
			<attributes paragraph="1" paragraph_position="31" text="of"/>
		</node>
		<node ID="0.32" type="Word">
			<attributes paragraph="1" paragraph_position="32" text="square"/>
		</node>
		<node ID="0.33" type="Word">
			<attributes paragraph="1" paragraph_position="33" text="centimeters"/>
		</node>
		<node ID="0.34" type="Punctuation">
			<attributes paragraph="1" paragraph_position="34" text=","/>
		</node>
		<node ID="0.35" type="Word">
			<attributes paragraph="1" paragraph_position="35" text="and"/>
		</node>
		<node ID="0.36" type="Word">
			<attributes paragraph="1" paragraph_position="36" text="the"/>
		</node>
		<node ID="0.37" type="Word">
			<attributes paragraph="1" paragraph_position="37" text="pressure"/>
		</node>
		<node ID="0.38" type="Word">
			<attributes paragraph="1" paragraph_position="38" text="they"/>
		</node>
		<node ID="0.39" type="Word">
			<attributes paragraph="1" paragraph_position="39" text="undergo"/>
		</node>
		<node ID="0.40" type="Word">
			<attributes paragraph="1" paragraph_position="40" text="must"/>
		</node>
		<node ID="0.41" type="Word">
			<attributes paragraph="1" paragraph_position="41" text="be"/>
		</node>
		<node ID="0.42" type="Word">
			<attributes paragraph="1" paragraph_position="42" text="assessed"/>
		</node>
		<node ID="0.43" type="Word">
			<attributes paragraph="1" paragraph_position="43" text="in"/>
		</node>
		<node ID="0.44" type="Word">
			<attributes paragraph="1" paragraph_position="44" text="billions"/>
		</node>
		<node ID="0.45" type="Word">
			<attributes paragraph="1" paragraph_position="45" text="of"/>
		</node>
		<node ID="0.46" type="Word">
			<attributes paragraph="1" paragraph_position="46" text="kilograms"/>
		</node>
		<node ID="0.47" type="Punctuation">
			<attributes paragraph="1" paragraph_position="47" text="."/>
		</node>
		<node ID="0.48" type="Word">
			<attributes paragraph="1" paragraph_position="48" text="Calculate"/>
		</node>
		<node ID="0.49" type="Punctuation">
			<attributes paragraph="1" paragraph_position="49" text=","/>
		</node>
		<node ID="0.50" type="Word">
			<attributes paragraph="1" paragraph_position="50" text="then"/>
		</node>
		<node ID="0.51" type="Punctuation">
			<attributes paragraph="1" paragraph_position="51" text=","/>
		</node>
		<node ID="0.52" type="Word">
			<attributes paragraph="1" paragraph_position="52" text="how"/>
		</node>
		<node ID="0.53" type="Word">
			<attributes paragraph="1" paragraph_position="53" text="much"/>
		</node>
		<node ID="0.54" type="Word">
			<attributes paragraph="1" paragraph_position="54" text="resistance"/>
		</node>
		<node ID="0.55" type="Word">
			<attributes paragraph="1" paragraph_position="55" text="of"/>
		</node>
		<node ID="0.56" type="Word">
			<attributes paragraph="1" paragraph_position="56" text="bone"/>
		</node>
		<node ID="0.57" type="Word">
			<attributes paragraph="1" paragraph_position="57" text="structure"/>
		</node>
		<node ID="0.58" type="Word">
			<attributes paragraph="1" paragraph_position="58" text="and"/>
		</node>
		<node ID="0.59" type="Word">
			<attributes paragraph="1" paragraph_position="59" text="strength"/>
		</node>
		<node ID="0.60" type="Word">
			<attributes paragraph="1" paragraph_position="60" text="of"/>
		</node>
		<node ID="0.61" type="Word">
			<attributes paragraph="1" paragraph_position="61" text="constitution"/>
		</node>
		<node ID="0.62" type="Word">
			<attributes paragraph="1" paragraph_position="62" text="they"/>
		</node>
		<node ID="0.63" type="Word">
			<attributes paragraph="1" paragraph_position="63" text="'d"/>
		</node>
		<node ID="0.64" type="Word">
			<attributes paragraph="1" paragraph_position="64" text="need"/>
		</node>
		<node ID="0.65" type="Word">
			<attributes paragraph="1" paragraph_position="65" text="in"/>
		</node>
		<node ID="0.66" type="Word">
			<attributes paragraph="1" paragraph_position="66" text="order"/>
		</node>
		<node ID="0.67" type="Word">
			<attributes paragraph="1" paragraph_position="67" text="to"/>
		</node>
		<node ID="0.68" type="Word">
			<attributes paragraph="1" paragraph_position="68" text="withstand"/>
		</node>
		<node ID="0.69" type="Word">
			<attributes paragraph="1" paragraph_position="69" text="such"/>
		</node>
		<node ID="0.70" type="Word">
			<attributes paragraph="1" paragraph_position="70" text="pressures"/>
		</node>
		<node ID="0.71" type="Punctuation">
			<attributes paragraph="1" paragraph_position="71" text="!"/>
		</node>
		<node ID="0.72" type="Punctuation">
			<attributes paragraph="1" paragraph_position="72" text='"'/>
		</node>
	</layer>
	<layer layerID="1">
		<attributes/>
		<node ID="1.1" type="FN">
			<attributes/>
			<edge toID="1.28" type="L">
				<attributes/>
			</edge>
			<edge toID="1.26" type="U">
				<attributes/>
			</edge>
			<edge toID="1.6" type="H">
				<attributes/>
			</edge>
			<edge toID="1.41" type="L">
				<attributes/>
			</edge>
			<edge toID="1.43" type="H">
				<attributes/>
			</edge>
			<edge toID="1.60" type="U">
				<attributes/>
			</edge>
			<edge toID="1.62" type="H">
				<attributes/>
			</edge>
			<edge toID="1.83" type="U">
				<attributes/>
			</edge>
			<edge toID="1.85" type="L">
				<attributes/>
			</edge>
			<edge toID="1.87" type="A">
				<attributes/>
			</edge>
		</node>
		<node ID="1.28" type="FN">
			<attributes/>
			<edge toID="0.10" type="Terminal">
				<attributes/>
			</edge>
		</node>
		<node ID="1.26" type="FN">
			<attributes/>
			<edge toID="0.9" type="Terminal">
				<attributes/>
			</edge>
		</node>
		<node ID="1.6" type="FN">
			<attributes/>
			<edge toID="1.7" type="U">
				<attributes/>
			</edge>
			<edge toID="1.9" type="A">
				<attributes/>
			</edge>
			<edge toID="1.30" type="P">
				<attributes/>
			</edge>
			<edge toID="1.32" type="A">
				<attributes/>
			</edge>
		</node>
		<node ID="1.41" type="FN">
			<attributes/>
			<edge toID="0.16" type="Terminal">
				<attributes/>
			</edge>
		</node>
		<node ID="1.43" type="FN">
			<attributes/>
			<edge toID="1.44" type="P">
				<attributes/>
			</edge>
			<edge toID="1.46" type="A">
				<attributes/>
			</edge>
			<edge toID="1.53" type="A">
				<attributes/>
			</edge>
		</node>
		<node ID="1.60" type="FN">
			<attributes/>
			<edge toID="0.24" type="Terminal">
				<attributes/>
			</edge>
		</node>
		<node ID="1.62" type="FN">
			<attributes/>
			<edge toID="1.63" type="A">
				<attributes/>
			</edge>
			<edge toID="1.70" type="P">
				<attributes/>
			</edge>
			<edge toID="1.73" type="A">
				<attributes/>
			</edge>
		</node>
		<node ID="1.83" type="FN">
			<attributes/>
			<edge toID="0.34" type="Terminal">
				<attributes/>
			</edge>
		</node>
		<node ID="1.85" type="FN">
			<attributes/>
			<edge toID="0.35" type="Terminal">
				<attributes/>
			</edge>
		</node>
		<node ID="1.87" type="FN">
			<attributes/>
			<edge toID="1.88" type="A">
				<attributes/>
			</edge>
			<edge toID="1.93" type="A">
				<attributes/>
			</edge>
			<edge toID="1.95" type="P">
				<attributes/>
			</edge>
			<edge toID="1.97" type="A">
				<attributes/>
			</edge>
		</node>
		<node ID="1.7" type="FN">
			<attributes/>
			<edge toID="0.1" type="Terminal">
				<attributes/>
			</edge>
		</node>
		<node ID="1.9" type="FN">
			<attributes/>
			<edge toID="1.10" type="C">
				<attributes/>
			</edge>
			<edge toID="1.17" type="U">
				<attributes/>
			</edge>
			<edge toID="1.19" type="C">
				<attributes/>
			</edge>
		</node>
		<node ID="1.30" type="FN">
			<attributes/>
			<edge toID="0.11" type="Terminal">
				<attributes/>
			</edge>
		</node>
		<node ID="1.32" type="FN">
			<attributes/>
			<edge toID="1.33" type="E">
				<attributes/>
			</edge>
			<edge toID="1.35" type="E">
				<attributes/>
			</edge>
			<edge toID="1.37" type="C">
				<attributes/>
			</edge>
			<edge toID="1.39" type="E">
				<attributes/>
			</edge>
		</node>
		<node ID="1.44" type="FN">
			<attributes/>
			<edge toID="0.17" type="Terminal">
				<attributes/>
			</edge>
		</node>
		<node ID="1.46" type="FN">
			<attributes/>
			<edge toID="1.47" type="R">
				<attributes/>
			</edge>
			<edge toID="1.49" type="C">
				<attributes/>
			</edge>
			<edge toID="1.51" type="E">
				<attributes/>
			</edge>
		</node>
		<node ID="1.53" type="FN">
			<attributes/>
			<edge toID="1.54" type="R">
				<attributes/>
			</edge>
			<edge toID="1.56" type="E">
				<attributes/>
			</edge>
			<edge toID="1.58" type="C">
				<attributes/>
			</edge>
		</node>
		<node ID="1.63" type="FN">
			<attributes/>
			<edge toID="1.64" type="E">
				<attributes/>
			</edge>
			<edge toID="1.66" type="E">
				<attributes/>
			</edge>
			<edge toID="1.68" type="C">
				<attributes/>
			</edge>
		</node>
		<node ID="1.70" type="FN">
			<attributes/>
			<edge toID="0.28" type="Terminal">
				<attributes/>
			</edge>
			<edge toID="0.29" type="Terminal">
				<attributes/>
			</edge>
		</node>
		<node ID="1.73" type="FN">
			<attributes/>
			<edge toID="1.74" type="E">
				<attributes/>
			</edge>
			<edge toID="1.79" type="E">
				<attributes/>
			</edge>
			<edge toID="1.81" type="C">
				<attributes/>
			</edge>
		</node>
		<node ID="1.88" type="FN">
			<attributes/>
			<edge toID="1.89" type="E">
				<attributes/>
			</edge>
			<edge toID="1.91" type="C">
				<attributes/>
			</edge>
		</node>
		<node ID="1.93" type="FN">
			<attributes/>
			<edge toID="0.38" type="Terminal">
				<attributes/>
			</edge>
		</node>
		<node ID="1.95" type="FN">
			<attributes/>
			<edge toID="0.39" type="Terminal">
				<attributes/>
			</edge>
		</node>
		<node ID="1.97" type="FN">
			<attributes/>
			<edge toID="1.88" type="A">
				<attributes remote="True"/>
			</edge>
			<edge toID="1.99" type="D">
				<attributes/>
			</edge>
			<edge toID="1.101" type="F">
				<attributes/>
			</edge>
			<edge toID="1.103" type="P">
				<attributes/>
			</edge>
			<edge toID="1.105" type="A">
				<attributes/>
			</edge>
		</node>
		<node ID="1.10" type="FN">
			<attributes/>
			<edge toID="1.11" type="E">
				<attributes/>
			</edge>
			<edge toID="1.13" type="C">
				<attributes/>
			</edge>
			<edge toID="1.15" type="E">
				<attributes/>
			</edge>
		</node>
		<node ID="1.17" type="FN">
			<attributes/>
			<edge toID="0.5" type="Terminal">
				<attributes/>
			</edge>
		</node>
		<node ID="1.19" type="FN">
			<attributes/>
			<edge toID="1.20" type="E">
				<attributes/>
			</edge>
			<edge toID="1.22" type="E">
				<attributes/>
			</edge>
			<edge toID="1.24" type="C">
				<attributes/>
			</edge>
		</node>
		<node ID="1.33" type="FN">
			<attributes/>
			<edge toID="0.12" type="Terminal">
				<attributes/>
			</edge>
		</node>
		<node ID="1.35" type="FN">
			<attributes/>
			<edge toID="0.13" type="Terminal">
				<attributes/>
			</edge>
		</node>
		<node ID="1.37" type="FN">
			<attributes/>
			<edge toID="0.14" type="Terminal">
				<attributes/>
			</edge>
		</node>
		<node ID="1.39" type="FN">
			<attributes/>
			<edge toID="0.15" type="Terminal">
				<attributes/>
			</edge>
		</node>
		<node ID="1.47" type="FN">
			<attributes/>
			<edge toID="0.18" type="Terminal">
				<attributes/>
			</edge>
		</node>
		<node ID="1.49" type="FN">
			<attributes/>
			<edge toID="0.19" type="Terminal">
				<attributes/>
			</edge>
		</node>
		<node ID="1.51" type="FN">
			<attributes/>
			<edge toID="0.20" type="Terminal">
				<attributes/>
			</edge>
		</node>
		<node ID="1.54" type="FN">
			<attributes/>
			<edge toID="0.21" type="Terminal">
				<attributes/>
			</edge>
		</node>
		<node ID="1.56" type="FN">
			<attributes/>
			<edge toID="0.22" type="Terminal">
				<attributes/>
			</edge>
		</node>
		<node ID="1.58" type="FN">
			<attributes/>
			<edge toID="0.23" type="Terminal">
				<attributes/>
			</edge>
		</node>
		<node ID="1.64" type="FN">
			<attributes/>
			<edge toID="0.25" type="Terminal">
				<attributes/>
			</edge>
		</node>
		<node ID="1.66" type="FN">
			<attributes/>
			<edge toID="0.26" type="Terminal">
				<attributes/>
			</edge>
		</node>
		<node ID="1.68" type="FN">
			<attributes/>
			<edge toID="0.27" type="Terminal">
				<attributes/>
			</edge>
		</node>
		<node ID="1.74" type="FN">
			<attributes/>
			<edge toID="1.75" type="C">
				<attributes/>
			</edge>
			<edge toID="1.77" type="R">
				<attributes/>
			</edge>
		</node>
		<node ID="1.79" type="FN">
			<attributes/>
			<edge toID="0.32" type="Terminal">
				<attributes/>
			</edge>
		</node>
		<node ID="1.81" type="FN">
			<attributes/>
			<edge toID="0.33" type="Terminal">
				<attributes/>
			</edge>
		</node>
		<node ID="1.89" type="FN">
			<attributes/>
			<edge toID="0.36" type="Terminal">
				<attributes/>
			</edge>
		</node>
		<node ID="1.91" type="FN">
			<attributes/>
			<edge toID="0.37" type="Terminal">
				<attributes/>
			</edge>
		</node>
		<node ID="1.99" type="FN">
			<attributes/>
			<edge toID="0.40" type="Terminal">
				<attributes/>
			</edge>
		</node>
		<node ID="1.101" type="FN">
			<attributes/>
			<edge toID="0.41" type="Terminal">
				<attributes/>
			</edge>
		</node>
		<node ID="1.103" type="FN">
			<attributes/>
			<edge toID="0.42" type="Terminal">
				<attributes/>
			</edge>
		</node>
		<node ID="1.105" type="FN">
			<attributes/>
			<edge toID="1.106" type="R">
				<attributes/>
			</edge>
			<edge toID="1.108" type="C">
				<attributes/>
			</edge>
			<edge toID="1.110" type="E">
				<attributes/>
			</edge>
			<edge toID="1.115" type="U">
				<attributes/>
			</edge>
			<edge toID="1.117" type="C">
				<attributes/>
			</edge>
			<edge toID="1.119" type="U">
				<attributes/>
			</edge>
			<edge toID="1.121" type="N">
				<attributes/>
			</edge>
			<edge toID="1.123" type="U">
				<attributes/>
			</edge>
			<edge toID="1.125" type="A">
				<attributes/>
			</edge>
			<edge toID="1.150" type="A">
				<attributes/>
			</edge>
			<edge toID="1.152" type="F">
				<attributes/>
			</edge>
			<edge toID="1.154" type="P">
				<attributes/>
			</edge>
			<edge toID="1.156" type="D">
				<attributes/>
			</edge>
		</node>
		<node ID="1.11" type="FN">
			<attributes/>
			<edge toID="0.2" type="Terminal">
				<attributes/>
			</edge>
		</node>
		<node ID="1.13" type="FN">
			<attributes/>
			<edge toID="0.3" type="Terminal">
				<attributes/>
			</edge>
		</node>
		<node ID="1.15" type="FN">
			<attributes/>
			<edge toID="0.4" type="Terminal">
				<attributes/>
			</edge>
		</node>
		<node ID="1.20" type="FN">
			<attributes/>
			<edge toID="0.6" type="Terminal">
				<attributes/>
			</edge>
		</node>
		<node ID="1.22" type="FN">
			<attributes/>
			<edge toID="0.7" type="Terminal">
				<attributes/>
			</edge>
		</node>
		<node ID="1.24" type="FN">
			<attributes/>
			<edge toID="0.8" type="Terminal">
				<attributes/>
			</edge>
		</node>
		<node ID="1.75" type="FN">
			<attributes/>
			<edge toID="0.30" type="Terminal">
				<attributes/>
			</edge>
		</node>
		<node ID="1.77" type="FN">
			<attributes/>
			<edge toID="0.31" type="Terminal">
				<attributes/>
			</edge>
		</node>
		<node ID="1.106" type="FN">
			<attributes/>
			<edge toID="0.43" type="Terminal">
				<attributes/>
			</edge>
		</node>
		<node ID="1.108" type="FN">
			<attributes/>
			<edge toID="0.44" type="Terminal">
				<attributes/>
			</edge>
		</node>
		<node ID="1.110" type="FN">
			<attributes/>
			<edge toID="1.111" type="R">
				<attributes/>
			</edge>
			<edge toID="1.113" type="C">
				<attributes/>
			</edge>
		</node>
		<node ID="1.115" type="FN">
			<attributes/>
			<edge toID="0.47" type="Terminal">
				<attributes/>
			</edge>
		</node>
		<node ID="1.117" type="FN">
			<attributes/>
			<edge toID="0.48" type="Terminal">
				<attributes/>
			</edge>
		</node>
		<node ID="1.119" type="FN">
			<attributes/>
			<edge toID="0.49" type="Terminal">
				<attributes/>
			</edge>
		</node>
		<node ID="1.121" type="FN">
			<attributes/>
			<edge toID="0.50" type="Terminal">
				<attributes/>
			</edge>
		</node>
		<node ID="1.123" type="FN">
			<attributes/>
			<edge toID="0.51" type="Terminal">
				<attributes/>
			</edge>
		</node>
		<node ID="1.125" type="FN">
			<attributes/>
			<edge toID="1.126" type="R">
				<attributes/>
			</edge>
			<edge toID="1.128" type="C">
				<attributes/>
			</edge>
			<edge toID="1.145" type="E">
				<attributes/>
			</edge>
		</node>
		<node ID="1.150" type="FN">
			<attributes/>
			<edge toID="0.62" type="Terminal">
				<attributes/>
			</edge>
		</node>
		<node ID="1.152" type="FN">
			<attributes/>
			<edge toID="0.63" type="Terminal">
				<attributes/>
			</edge>
		</node>
		<node ID="1.154" type="FN">
			<attributes/>
			<edge toID="0.64" type="Terminal">
				<attributes/>
			</edge>
		</node>
		<node ID="1.156" type="FN">
			<attributes/>
			<edge toID="1.157" type="R">
				<attributes/>
			</edge>
			<edge toID="1.159" type="C">
				<attributes/>
			</edge>
			<edge toID="1.161" type="E">
				<attributes/>
			</edge>
		</node>
		<node ID="1.111" type="FN">
			<attributes/>
			<edge toID="0.45" type="Terminal">
				<attributes/>
			</edge>
		</node>
		<node ID="1.113" type="FN">
			<attributes/>
			<edge toID="0.46" type="Terminal">
				<attributes/>
			</edge>
		</node>
		<node ID="1.126" type="FN">
			<attributes/>
			<edge toID="0.52" type="Terminal">
				<attributes/>
			</edge>
		</node>
		<node ID="1.128" type="FN">
			<attributes/>
			<edge toID="1.129" type="E">
				<attributes/>
			</edge>
			<edge toID="1.131" type="C">
				<attributes/>
			</edge>
			<edge toID="1.133" type="E">
				<attributes/>
			</edge>
		</node>
		<node ID="1.145" type="FN">
			<attributes/>
			<edge toID="1.146" type="R">
				<attributes/>
			</edge>
			<edge toID="1.148" type="C">
				<attributes/>
			</edge>
		</node>
		<node ID="1.157" type="FN">
			<attributes/>
			<edge toID="0.65" type="Terminal">
				<attributes/>
			</edge>
		</node>
		<node ID="1.159" type="FN">
			<attributes/>
			<edge toID="0.66" type="Terminal">
				<attributes/>
			</edge>
		</node>
		<node ID="1.161" type="FN">
			<attributes/>
			<edge toID="1.162" type="F">
				<attributes/>
			</edge>
			<edge toID="1.164" type="P">
				<attributes/>
			</edge>
			<edge toID="1.166" type="A">
				<attributes/>
			</edge>
		</node>
		<node ID="1.129" type="FN">
			<attributes/>
			<edge toID="0.53" type="Terminal">
				<attributes/>
			</edge>
		</node>
		<node ID="1.131" type="FN">
			<attributes/>
			<edge toID="0.54" type="Terminal">
				<attributes/>
			</edge>
		</node>
		<node ID="1.133" type="FN">
			<attributes/>
			<edge toID="1.134" type="R">
				<attributes/>
			</edge>
			<edge toID="1.136" type="E">
				<attributes/>
			</edge>
			<edge toID="1.138" type="C">
				<attributes/>
			</edge>
		</node>
		<node ID="1.146" type="FN">
			<attributes/>
			<edge toID="0.60" type="Terminal">
				<attributes/>
			</edge>
		</node>
		<node ID="1.148" type="FN">
			<attributes/>
			<edge toID="0.61" type="Terminal">
				<attributes/>
			</edge>
		</node>
		<node ID="1.162" type="FN">
			<attributes/>
			<edge toID="0.67" type="Terminal">
				<attributes/>
			</edge>
		</node>
		<node ID="1.164" type="FN">
			<attributes/>
			<edge toID="0.68" type="Terminal">
				<attributes/>
			</edge>
		</node>
		<node ID="1.166" type="FN">
			<attributes/>
			<edge toID="1.167" type="R">
				<attributes/>
			</edge>
			<edge toID="1.169" type="C">
				<attributes/>
			</edge>
			<edge toID="1.171" type="U">
				<attributes/>
			</edge>
			<edge toID="1.173" type="U">
				<attributes/>
			</edge>
		</node>
		<node ID="1.134" type="FN">
			<attributes/>
			<edge toID="0.55" type="Terminal">
				<attributes/>
			</edge>
		</node>
		<node ID="1.136" type="FN">
			<attributes/>
			<edge toID="0.56" type="Terminal">
				<attributes/>
			</edge>
		</node>
		<node ID="1.138" type="FN">
			<attributes/>
			<edge toID="1.139" type="C">
				<attributes/>
			</edge>
			<edge toID="1.141" type="N">
				<attributes/>
			</edge>
			<edge toID="1.143" type="C">
				<attributes/>
			</edge>
		</node>
		<node ID="1.167" type="FN">
			<attributes/>
			<edge toID="0.69" type="Terminal">
				<attributes/>
			</edge>
		</node>
		<node ID="1.169" type="FN">
			<attributes/>
			<edge toID="0.70" type="Terminal">
				<attributes/>
			</edge>
		</node>
		<node ID="1.171" type="FN">
			<attributes/>
			<edge toID="0.71" type="Terminal">
				<attributes/>
			</edge>
		</node>
		<node ID="1.173" type="FN">
			<attributes/>
			<edge toID="0.72" type="Terminal">
				<attributes/>
			</edge>
		</node>
		<node ID="1.139" type="FN">
			<attributes/>
			<edge toID="0.57" type="Terminal">
				<attributes/>
			</edge>
		</node>
		<node ID="1.141" type="FN">
			<attributes/>
			<edge toID="0.58" type="Terminal">
				<attributes/>
			</edge>
		</node>
		<node ID="1.143" type="FN">
			<attributes/>
			<edge toID="0.59" type="Terminal">
				<attributes/>
			</edge>
		</node>
	</layer>
</root>

