<root annotationID="0" passageID="975002">
	<attributes/>
	<layer layerID="0">
		<attributes/>
		<node ID="0.1" type="Word">
			<attributes paragraph="1" paragraph_position="1" text="Day"/>
		</node>
		<node ID="0.2" type="Word">
			<attributes paragraph="1" paragraph_position="2" text="and"/>
		</node>
		<node ID="0.3" type="Word">
			<attributes paragraph="1" paragraph_position="3" text="night"/>
		</node>
		<node ID="0.4" type="Word">
			<attributes paragraph="1" paragraph_position="4" text="we"/>
		</node>
		<node ID="0.5" type="Word">
			<attributes paragraph="1" paragraph_position="5" text="observed"/>
		</node>
		<node ID="0.6" type="Word">
			<attributes paragraph="1" paragraph_position="6" text="the"/>
		</node>
		<node ID="0.7" type="Word">
			<attributes paragraph="1" paragraph_position="7" text="surface"/>
		</node>
		<node ID="0.8" type="Word">
			<attributes paragraph="1" paragraph_position="8" text="of"/>
		</node>
		<node ID="0.9" type="Word">
			<attributes paragraph="1" paragraph_position="9" text="the"/>
		</node>
		<node ID="0.10" type="Word">
			<attributes paragraph="1" paragraph_position="10" text="ocean"/>
		</node>
		<node ID="0.11" type="Punctuation">
			<attributes paragraph="1" paragraph_position="11" text=","/>
		</node>
		<node ID="0.12" type="Word">
			<attributes paragraph="1" paragraph_position="12" text="and"/>
		</node>
		<node ID="0.13" type="Word">
			<attributes paragraph="1" paragraph_position="13" text="those"/>
		</node>
		<node ID="0.14" type="Word">
			<attributes paragraph="1" paragraph_position="14" text="with"/>
		</node>
		<node ID="0.15" type="Word">
			<attributes paragraph="1" paragraph_position="15" text="nyctalopic"/>
		</node>
		<node ID="0.16" type="Word">
			<attributes paragraph="1" paragraph_position="16" text="eyes"/>
		</node>
		<node ID="0.17" type="Punctuation">
			<attributes paragraph="1" paragraph_position="17" text=","/>
		</node>
		<node ID="0.18" type="Word">
			<attributes paragraph="1" paragraph_position="18" text="whose"/>
		</node>
		<node ID="0.19" type="Word">
			<attributes paragraph="1" paragraph_position="19" text="ability"/>
		</node>
		<node ID="0.20" type="Word">
			<attributes paragraph="1" paragraph_position="20" text="to"/>
		</node>
		<node ID="0.21" type="Word">
			<attributes paragraph="1" paragraph_position="21" text="see"/>
		</node>
		<node ID="0.22" type="Word">
			<attributes paragraph="1" paragraph_position="22" text="in"/>
		</node>
		<node ID="0.23" type="Word">
			<attributes paragraph="1" paragraph_position="23" text="the"/>
		</node>
		<node ID="0.24" type="Word">
			<attributes paragraph="1" paragraph_position="24" text="dark"/>
		</node>
		<node ID="0.25" type="Word">
			<attributes paragraph="1" paragraph_position="25" text="increased"/>
		</node>
		<node ID="0.26" type="Word">
			<attributes paragraph="1" paragraph_position="26" text="their"/>
		</node>
		<node ID="0.27" type="Word">
			<attributes paragraph="1" paragraph_position="27" text="chances"/>
		</node>
		<node ID="0.28" type="Word">
			<attributes paragraph="1" paragraph_position="28" text="by"/>
		</node>
		<node ID="0.29" type="Word">
			<attributes paragraph="1" paragraph_position="29" text="fifty"/>
		</node>
		<node ID="0.30" type="Word">
			<attributes paragraph="1" paragraph_position="30" text="percent"/>
		</node>
		<node ID="0.31" type="Punctuation">
			<attributes paragraph="1" paragraph_position="31" text=","/>
		</node>
		<node ID="0.32" type="Word">
			<attributes paragraph="1" paragraph_position="32" text="had"/>
		</node>
		<node ID="0.33" type="Word">
			<attributes paragraph="1" paragraph_position="33" text="an"/>
		</node>
		<node ID="0.34" type="Word">
			<attributes paragraph="1" paragraph_position="34" text="excellent"/>
		</node>
		<node ID="0.35" type="Word">
			<attributes paragraph="1" paragraph_position="35" text="shot"/>
		</node>
		<node ID="0.36" type="Word">
			<attributes paragraph="1" paragraph_position="36" text="at"/>
		</node>
		<node ID="0.37" type="Word">
			<attributes paragraph="1" paragraph_position="37" text="winning"/>
		</node>
		<node ID="0.38" type="Word">
			<attributes paragraph="1" paragraph_position="38" text="the"/>
		</node>
		<node ID="0.39" type="Word">
			<attributes paragraph="1" paragraph_position="39" text="prize"/>
		</node>
		<node ID="0.40" type="Punctuation">
			<attributes paragraph="1" paragraph_position="40" text="."/>
		</node>
	</layer>
	<layer layerID="1">
		<attributes/>
		<node ID="1.1" type="FN">
			<attributes/>
			<edge toID="1.2" type="H">
				<attributes/>
			</edge>
			<edge toID="1.26" type="U">
				<attributes/>
			</edge>
			<edge toID="1.28" type="L">
				<attributes/>
			</edge>
			<edge toID="1.30" type="H">
				<attributes/>
			</edge>
			<edge toID="1.74" type="U">
				<attributes/>
			</edge>
			<edge toID="1.76" type="H">
				<attributes/>
			</edge>
		</node>
		<node ID="1.2" type="FN">
			<attributes/>
			<edge toID="1.3" type="A">
				<attributes/>
			</edge>
			<edge toID="1.10" type="A">
				<attributes/>
			</edge>
			<edge toID="1.12" type="P">
				<attributes/>
			</edge>
			<edge toID="1.14" type="A">
				<attributes/>
			</edge>
		</node>
		<node ID="1.26" type="FN">
			<attributes/>
			<edge toID="0.11" type="Terminal">
				<attributes/>
			</edge>
		</node>
		<node ID="1.28" type="FN">
			<attributes/>
			<edge toID="0.12" type="Terminal">
				<attributes/>
			</edge>
		</node>
		<node ID="1.30" type="FN">
			<attributes/>
			<edge toID="1.31" type="A">
				<attributes/>
			</edge>
			<edge toID="1.41" type="U">
				<attributes/>
			</edge>
			<edge toID="1.43" type="E">
				<attributes/>
			</edge>
		</node>
		<node ID="1.74" type="FN">
			<attributes/>
			<edge toID="0.31" type="Terminal">
				<attributes/>
			</edge>
		</node>
		<node ID="1.76" type="FN">
			<attributes/>
			<edge toID="1.77" type="F">
				<attributes/>
			</edge>
			<edge toID="1.79" type="A">
				<attributes/>
			</edge>
			<edge toID="1.86" type="A">
				<attributes/>
			</edge>
		</node>
		<node ID="1.3" type="FN">
			<attributes/>
			<edge toID="1.4" type="C">
				<attributes/>
			</edge>
			<edge toID="1.6" type="N">
				<attributes/>
			</edge>
			<edge toID="1.8" type="C">
				<attributes/>
			</edge>
		</node>
		<node ID="1.10" type="FN">
			<attributes/>
			<edge toID="0.4" type="Terminal">
				<attributes/>
			</edge>
		</node>
		<node ID="1.12" type="FN">
			<attributes/>
			<edge toID="0.5" type="Terminal">
				<attributes/>
			</edge>
		</node>
		<node ID="1.14" type="FN">
			<attributes/>
			<edge toID="1.15" type="E">
				<attributes/>
			</edge>
			<edge toID="1.17" type="C">
				<attributes/>
			</edge>
			<edge toID="1.19" type="E">
				<attributes/>
			</edge>
		</node>
		<node ID="1.31" type="FN">
			<attributes/>
			<edge toID="1.32" type="C">
				<attributes/>
			</edge>
			<edge toID="1.34" type="E">
				<attributes/>
			</edge>
		</node>
		<node ID="1.41" type="FN">
			<attributes/>
			<edge toID="0.17" type="Terminal">
				<attributes/>
			</edge>
		</node>
		<node ID="1.43" type="FN">
			<attributes/>
			<edge toID="1.44" type="F">
				<attributes/>
			</edge>
			<edge toID="1.46" type="A">
				<attributes/>
			</edge>
			<edge toID="1.48" type="F">
				<attributes/>
			</edge>
			<edge toID="1.50" type="P">
				<attributes/>
			</edge>
			<edge toID="1.52" type="A">
				<attributes/>
			</edge>
			<edge toID="1.59" type="A">
				<attributes/>
			</edge>
		</node>
		<node ID="1.77" type="FN">
			<attributes/>
			<edge toID="0.32" type="Terminal">
				<attributes/>
			</edge>
		</node>
		<node ID="1.79" type="FN">
			<attributes/>
			<edge toID="1.80" type="E">
				<attributes/>
			</edge>
			<edge toID="1.82" type="E">
				<attributes/>
			</edge>
			<edge toID="1.84" type="C">
				<attributes/>
			</edge>
		</node>
		<node ID="1.86" type="FN">
			<attributes/>
			<edge toID="1.87" type="R">
				<attributes/>
			</edge>
			<edge toID="1.89" type="P">
				<attributes/>
			</edge>
			<edge toID="1.91" type="A">
				<attributes/>
			</edge>
		</node>
		<node ID="1.4" type="FN">
			<attributes/>
			<edge toID="0.1" type="Terminal">
				<attributes/>
			</edge>
		</node>
		<node ID="1.6" type="FN">
			<attributes/>
			<edge toID="0.2" type="Terminal">
				<attributes/>
			</edge>
		</node>
		<node ID="1.8" type="FN">
			<attributes/>
			<edge toID="0.3" type="Terminal">
				<attributes/>
			</edge>
		</node>
		<node ID="1.15" type="FN">
			<attributes/>
			<edge toID="0.6" type="Terminal">
				<attributes/>
			</edge>
		</node>
		<node ID="1.17" type="FN">
			<attributes/>
			<edge toID="0.7" type="Terminal">
				<attributes/>
			</edge>
		</node>
		<node ID="1.19" type="FN">
			<attributes/>
			<edge toID="1.20" type="R">
				<attributes/>
			</edge>
			<edge toID="1.22" type="E">
				<attributes/>
			</edge>
			<edge toID="1.24" type="C">
				<attributes/>
			</edge>
		</node>
		<node ID="1.32" type="FN">
			<attributes/>
			<edge toID="0.13" type="Terminal">
				<attributes/>
			</edge>
		</node>
		<node ID="1.34" type="FN">
			<attributes/>
			<edge toID="1.35" type="R">
				<attributes/>
			</edge>
			<edge toID="1.37" type="E">
				<attributes/>
			</edge>
			<edge toID="1.39" type="C">
				<attributes/>
			</edge>
		</node>
		<node ID="1.44" type="FN">
			<attributes/>
			<edge toID="0.18" type="Terminal">
				<attributes/>
			</edge>
		</node>
		<node ID="1.46" type="FN">
			<attributes/>
			<edge toID="0.19" type="Terminal">
				<attributes/>
			</edge>
		</node>
		<node ID="1.48" type="FN">
			<attributes/>
			<edge toID="0.20" type="Terminal">
				<attributes/>
			</edge>
		</node>
		<node ID="1.50" type="FN">
			<attributes/>
			<edge toID="0.21" type="Terminal">
				<attributes/>
			</edge>
		</node>
		<node ID="1.52" type="FN">
			<attributes/>
			<edge toID="1.53" type="R">
				<attributes/>
			</edge>
			<edge toID="1.55" type="E">
				<attributes/>
			</edge>
			<edge toID="1.57" type="C">
				<attributes/>
			</edge>
		</node>
		<node ID="1.59" type="FN">
			<attributes/>
			<edge toID="1.60" type="P">
				<attributes/>
			</edge>
			<edge toID="1.62" type="A">
				<attributes/>
			</edge>
			<edge toID="1.67" type="A">
				<attributes/>
			</edge>
		</node>
		<node ID="1.80" type="FN">
			<attributes/>
			<edge toID="0.33" type="Terminal">
				<attributes/>
			</edge>
		</node>
		<node ID="1.82" type="FN">
			<attributes/>
			<edge toID="0.34" type="Terminal">
				<attributes/>
			</edge>
		</node>
		<node ID="1.84" type="FN">
			<attributes/>
			<edge toID="0.35" type="Terminal">
				<attributes/>
			</edge>
		</node>
		<node ID="1.87" type="FN">
			<attributes/>
			<edge toID="0.36" type="Terminal">
				<attributes/>
			</edge>
		</node>
		<node ID="1.89" type="FN">
			<attributes/>
			<edge toID="0.37" type="Terminal">
				<attributes/>
			</edge>
		</node>
		<node ID="1.91" type="FN">
			<attributes/>
			<edge toID="1.92" type="E">
				<attributes/>
			</edge>
			<edge toID="1.94" type="C">
				<attributes/>
			</edge>
			<edge toID="1.96" type="U">
				<attributes/>
			</edge>
		</node>
		<node ID="1.20" type="FN">
			<attributes/>
			<edge toID="0.8" type="Terminal">
				<attributes/>
			</edge>
		</node>
		<node ID="1.22" type="FN">
			<attributes/>
			<edge toID="0.9" type="Terminal">
				<attributes/>
			</edge>
		</node>
		<node ID="1.24" type="FN">
			<attributes/>
			<edge toID="0.10" type="Terminal">
				<attributes/>
			</edge>
		</node>
		<node ID="1.35" type="FN">
			<attributes/>
			<edge toID="0.14" type="Terminal">
				<attributes/>
			</edge>
		</node>
		<node ID="1.37" type="FN">
			<attributes/>
			<edge toID="0.15" type="Terminal">
				<attributes/>
			</edge>
		</node>
		<node ID="1.39" type="FN">
			<attributes/>
			<edge toID="0.16" type="Terminal">
				<attributes/>
			</edge>
		</node>
		<node ID="1.53" type="FN">
			<attributes/>
			<edge toID="0.22" type="Terminal">
				<attributes/>
			</edge>
		</node>
		<node ID="1.55" type="FN">
			<attributes/>
			<edge toID="0.23" type="Terminal">
				<attributes/>
			</edge>
		</node>
		<node ID="1.57" type="FN">
			<attributes/>
			<edge toID="0.24" type="Terminal">
				<attributes/>
			</edge>
		</node>
		<node ID="1.60" type="FN">
			<attributes/>
			<edge toID="0.25" type="Terminal">
				<attributes/>
			</edge>
		</node>
		<node ID="1.62" type="FN">
			<attributes/>
			<edge toID="1.63" type="E">
				<attributes/>
			</edge>
			<edge toID="1.65" type="C">
				<attributes/>
			</edge>
		</node>
		<node ID="1.67" type="FN">
			<attributes/>
			<edge toID="1.68" type="R">
				<attributes/>
			</edge>
			<edge toID="1.70" type="E">
				<attributes/>
			</edge>
			<edge toID="1.72" type="C">
				<attributes/>
			</edge>
		</node>
		<node ID="1.92" type="FN">
			<attributes/>
			<edge toID="0.38" type="Terminal">
				<attributes/>
			</edge>
		</node>
		<node ID="1.94" type="FN">
			<attributes/>
			<edge toID="0.39" type="Terminal">
				<attributes/>
			</edge>
		</node>
		<node ID="1.96" type="FN">
			<attributes/>
			<edge toID="0.40" type="Terminal">
				<attributes/>
			</edge>
		</node>
		<node ID="1.63" type="FN">
			<attributes/>
			<edge toID="0.26" type="Terminal">
				<attributes/>
			</edge>
		</node>
		<node ID="1.65" type="FN">
			<attributes/>
			<edge toID="0.27" type="Terminal">
				<attributes/>
			</edge>
		</node>
		<node ID="1.68" type="FN">
			<attributes/>
			<edge toID="0.28" type="Terminal">
				<attributes/>
			</edge>
		</node>
		<node ID="1.70" type="FN">
			<attributes/>
			<edge toID="0.29" type="Terminal">
				<attributes/>
			</edge>
		</node>
		<node ID="1.72" type="FN">
			<attributes/>
			<edge toID="0.30" type="Terminal">
				<attributes/>
			</edge>
		</node>
	</layer>
</root>

