<root annotationID="0" passageID="1018004">
  <attributes />
  <extra format="ucca" />
  <layer layerID="0">
    <attributes />
    <extra doc="[[[17831099778462416609, 3002984154512732771, 1292078113972184607, 84, 0, 2, 8110129090154140942, 3, 12204527652707022206, 4690420944186131903, 17831099778462416609], [7425985699627899538, 7425985699627899538, 15267657372422890137, 89, 388, 3, 412, 2, 4088098365541558500, 15369245168918225700, 7425985699627899538], [1108542766809193907, 1108542766809193907, 10554686591937588953, 83, 388, 1, 399, 1, 13110060611322374290, 1720370409040345145, 3993046494054999992], [16152017472636349068, 6408598498227741130, 783433942507015291, 91, 388, 1, 432, 3, 560993125167729840, 5533571732986600803, 13483902810834580055], [2593208677638477497, 2593208677638477497, 2593208677638477497, 96, 0, 2, 442, 2, 2593208677638477497, 2593208677638477497, 2593208677638477497], [17101725512904321536, 17101725512904321536, 15794550382381185553, 95, 378, 3, 426, 1, 16072095006890171862, 18003918085672799305, 2555790282192608669], [6445175924335283980, 12558846041070486771, 17109001835818727656, 99, 0, 2, 445, 0, 13110060611322374290, 15598372446745583797, 17945561419632433267], [7425985699627899538, 7425985699627899538, 15267657372422890137, 89, 0, 2, 412, 2, 4088098365541558500, 15369245168918225700, 7425985699627899538], [156631874980969191, 156631874980969191, 10554686591937588953, 83, 0, 2, 399, 1, 13110060611322374290, 8148669997605808657, 7886043512438591911], [13707025353810924047, 13707025353810924047, 15308085513773655218, 91, 0, 2, 431, -3, 13110060611322374290, 13110760720460257827, 8717530836033822417], [3002984154512732771, 3002984154512732771, 1292078113972184607, 84, 0, 2, 8110129090154140942, 2, 4370460163704169311, 5097672513440128799, 3002984154512732771], [14688941347363729346, 14688941347363729346, 10554686591937588953, 83, 0, 2, 399, 1, 13110060611322374290, 8861071527689086543, 3068823504152329592], [13617878141848112644, 13617878141848112644, 15308085513773655218, 91, 0, 2, 423, -3, 13110060611322374290, 646772771845179972, 4215866620062171966], [12646065887601541794, 12646065887601541794, 12646065887601541794, 96, 0, 2, 442, -7, 12646065887601541794, 12646065887601541794, 12646065887601541794]], [], []]" />
    <node ID="0.1" type="Word">
      <attributes paragraph="1" paragraph_position="1" text="In" />
      <extra dep="case" ent_iob="2" ent_type="" head="3" lemma="in" orig_paragraph="2" orth="In" pos="ADP" prefix="I" shape="Xx" suffix="In" tag="IN" />
    </node>
    <node ID="0.2" type="Word">
      <attributes paragraph="1" paragraph_position="2" text="the" />
      <extra dep="det" ent_iob="3" ent_type="DATE" head="2" lemma="the" orig_paragraph="2" orth="the" pos="DET" prefix="t" shape="xxx" suffix="the" tag="DT" />
    </node>
    <node ID="0.3" type="Word">
      <attributes paragraph="1" paragraph_position="3" text="early" />
      <extra dep="amod" ent_iob="1" ent_type="DATE" head="1" lemma="early" orig_paragraph="2" orth="early" pos="ADJ" prefix="e" shape="xxxx" suffix="rly" tag="JJ" />
    </node>
    <node ID="0.4" type="Word">
      <attributes paragraph="1" paragraph_position="4" text="1980s" />
      <extra dep="obl" ent_iob="1" ent_type="DATE" head="3" lemma="1980" orig_paragraph="2" orth="1980s" pos="NOUN" prefix="1" shape="ddddx" suffix="80s" tag="NNS" />
    </node>
    <node ID="0.5" type="Punctuation">
      <attributes paragraph="1" paragraph_position="5" text="," />
      <extra dep="punct" ent_iob="2" ent_type="" head="2" lemma="," orig_paragraph="2" orth="," pos="PUNCT" prefix="," shape="," suffix="," tag="," />
    </node>
    <node ID="0.6" type="Word">
      <attributes paragraph="1" paragraph_position="6" text="Jackson" />
      <extra dep="nsubj" ent_iob="3" ent_type="PERSON" head="1" lemma="Jackson" orig_paragraph="2" orth="Jackson" pos="PROPN" prefix="J" shape="Xxxxx" suffix="son" tag="NNP" />
    </node>
    <node ID="0.7" type="Word">
      <attributes paragraph="1" paragraph_position="7" text="became" />
      <extra dep="root" ent_iob="2" ent_type="" head="0" lemma="become" orig_paragraph="2" orth="became" pos="VERB" prefix="b" shape="xxxx" suffix="ame" tag="VBD" />
    </node>
    <node ID="0.8" type="Word">
      <attributes paragraph="1" paragraph_position="8" text="the" />
      <extra dep="det" ent_iob="2" ent_type="" head="2" lemma="the" orig_paragraph="2" orth="the" pos="DET" prefix="t" shape="xxx" suffix="the" tag="DT" />
    </node>
    <node ID="0.9" type="Word">
      <attributes paragraph="1" paragraph_position="9" text="dominant" />
      <extra dep="amod" ent_iob="2" ent_type="" head="1" lemma="dominant" orig_paragraph="2" orth="dominant" pos="ADJ" prefix="d" shape="xxxx" suffix="ant" tag="JJ" />
    </node>
    <node ID="0.10" type="Word">
      <attributes paragraph="1" paragraph_position="10" text="figure" />
      <extra dep="obj" ent_iob="2" ent_type="" head="-3" lemma="figure" orig_paragraph="2" orth="figure" pos="NOUN" prefix="f" shape="xxxx" suffix="ure" tag="NN" />
    </node>
    <node ID="0.11" type="Word">
      <attributes paragraph="1" paragraph_position="11" text="in" />
      <extra dep="case" ent_iob="2" ent_type="" head="2" lemma="in" orig_paragraph="2" orth="in" pos="ADP" prefix="i" shape="xx" suffix="in" tag="IN" />
    </node>
    <node ID="0.12" type="Word">
      <attributes paragraph="1" paragraph_position="12" text="popular" />
      <extra dep="amod" ent_iob="2" ent_type="" head="1" lemma="popular" orig_paragraph="2" orth="popular" pos="ADJ" prefix="p" shape="xxxx" suffix="lar" tag="JJ" />
    </node>
    <node ID="0.13" type="Word">
      <attributes paragraph="1" paragraph_position="13" text="music" />
      <extra dep="nmod" ent_iob="2" ent_type="" head="-3" lemma="music" orig_paragraph="2" orth="music" pos="NOUN" prefix="m" shape="xxxx" suffix="sic" tag="NN" />
    </node>
    <node ID="0.14" type="Punctuation">
      <attributes paragraph="1" paragraph_position="14" text="." />
      <extra dep="punct" ent_iob="2" ent_type="" head="-7" lemma="." orig_paragraph="2" orth="." pos="PUNCT" prefix="." shape="." suffix="." tag="." />
    </node>
  </layer>
  <layer layerID="1">
    <attributes />
    <node ID="1.1" type="FN">
      <attributes />
      <edge toID="1.2" type="H">
        <attributes />
        <category tag="H" />
      </edge>
    </node>
    <node ID="1.2" type="FN">
      <attributes />
      <edge toID="1.3" type="D">
        <attributes />
        <category tag="D" />
      </edge>
      <edge toID="1.4" type="U">
        <attributes />
        <category tag="U" />
      </edge>
      <edge toID="1.5" type="A">
        <attributes />
        <category tag="A" />
      </edge>
      <edge toID="1.6" type="P">
        <attributes />
        <category tag="P" />
      </edge>
      <edge toID="1.7" type="A">
        <attributes />
        <category tag="A" />
      </edge>
    </node>
    <node ID="1.3" type="FN">
      <attributes />
      <edge toID="1.8" type="R">
        <attributes />
        <category tag="R" />
      </edge>
      <edge toID="1.9" type="E">
        <attributes />
        <category tag="E" />
      </edge>
      <edge toID="1.10" type="E">
        <attributes />
        <category tag="E" />
      </edge>
      <edge toID="1.11" type="C">
        <attributes />
        <category tag="C" />
      </edge>
    </node>
    <node ID="1.4" type="PNCT">
      <attributes />
      <edge toID="0.5" type="Terminal">
        <attributes />
        <category tag="Terminal" />
      </edge>
    </node>
    <node ID="1.5" type="FN">
      <attributes />
      <edge toID="0.6" type="Terminal">
        <attributes />
        <category tag="Terminal" />
      </edge>
    </node>
    <node ID="1.6" type="FN">
      <attributes />
      <edge toID="0.7" type="Terminal">
        <attributes />
        <category tag="Terminal" />
      </edge>
    </node>
    <node ID="1.7" type="FN">
      <attributes />
      <edge toID="1.12" type="E">
        <attributes />
        <category tag="E" />
      </edge>
      <edge toID="1.13" type="E">
        <attributes />
        <category tag="E" />
      </edge>
      <edge toID="1.14" type="C">
        <attributes />
        <category tag="C" />
      </edge>
      <edge toID="1.15" type="E">
        <attributes />
        <category tag="E" />
      </edge>
    </node>
    <node ID="1.8" type="FN">
      <attributes />
      <edge toID="0.1" type="Terminal">
        <attributes />
        <category tag="Terminal" />
      </edge>
    </node>
    <node ID="1.9" type="FN">
      <attributes />
      <edge toID="0.2" type="Terminal">
        <attributes />
        <category tag="Terminal" />
      </edge>
    </node>
    <node ID="1.10" type="FN">
      <attributes />
      <edge toID="0.3" type="Terminal">
        <attributes />
        <category tag="Terminal" />
      </edge>
    </node>
    <node ID="1.11" type="FN">
      <attributes />
      <edge toID="0.4" type="Terminal">
        <attributes />
        <category tag="Terminal" />
      </edge>
    </node>
    <node ID="1.12" type="FN">
      <attributes />
      <edge toID="0.8" type="Terminal">
        <attributes />
        <category tag="Terminal" />
      </edge>
    </node>
    <node ID="1.13" type="FN">
      <attributes />
      <edge toID="0.9" type="Terminal">
        <attributes />
        <category tag="Terminal" />
      </edge>
    </node>
    <node ID="1.14" type="FN">
      <attributes />
      <edge toID="0.10" type="Terminal">
        <attributes />
        <category tag="Terminal" />
      </edge>
    </node>
    <node ID="1.15" type="FN">
      <attributes />
      <edge toID="1.16" type="R">
        <attributes />
        <category tag="R" />
      </edge>
      <edge toID="1.17" type="E">
        <attributes />
        <category tag="E" />
      </edge>
      <edge toID="1.18" type="C">
        <attributes />
        <category tag="C" />
      </edge>
      <edge toID="1.19" type="U">
        <attributes />
        <category tag="U" />
      </edge>
    </node>
    <node ID="1.16" type="FN">
      <attributes />
      <edge toID="0.11" type="Terminal">
        <attributes />
        <category tag="Terminal" />
      </edge>
    </node>
    <node ID="1.17" type="FN">
      <attributes />
      <edge toID="0.12" type="Terminal">
        <attributes />
        <category tag="Terminal" />
      </edge>
    </node>
    <node ID="1.18" type="FN">
      <attributes />
      <edge toID="0.13" type="Terminal">
        <attributes />
        <category tag="Terminal" />
      </edge>
    </node>
    <node ID="1.19" type="PNCT">
      <attributes />
      <edge toID="0.14" type="Terminal">
        <attributes />
        <category tag="Terminal" />
      </edge>
    </node>
  </layer>
</root>
