<root annotationID="0" passageID="286003">
  <attributes />
  <extra format="ucca" />
  <layer layerID="0">
    <attributes />
    <extra doc="[[[16248400320781648534, 227504873216781231, 4062917326063685704, 94, 0, 2, 1227985075839834553, 1, 12204527652707022206, 3209455878668673793, 16248400320781648534], [12425416471194154941, 12425416471194154941, 15308085513773655218, 91, 0, 2, 426, 4, 13110060611322374290, 8148669997605808657, 8717530836033822417], [16037325823156266367, 16037325823156266367, 1292078113972184607, 84, 0, 2, 8110129090154140942, 1, 4088098365541558500, 13110760720460257827, 16037325823156266367], [6613816697677965370, 6613816697677965370, 15794550382381185553, 95, 382, 3, 423, -2, 16072095006890171862, 9148987913859918431, 14431812100313486463], [9921686513378912864, 10382539506755952630, 17109001835818727656, 86, 0, 2, 408, 1, 4088098365541558500, 260667111241363922, 9921686513378912864], [11268780503345276587, 11268780503345276587, 10554686591937588953, 83, 0, 2, 445, 0, 4088098365541558500, 16978132545290669629, 11268780503345276587], [16037325823156266367, 16037325823156266367, 1292078113972184607, 84, 0, 2, 8110129090154140942, 2, 4088098365541558500, 13110760720460257827, 16037325823156266367], [1108542766809193907, 1108542766809193907, 10554686591937588953, 83, 388, 3, 399, 1, 13110060611322374290, 1720370409040345145, 3993046494054999992], [16318331901196153511, 16318331901196153511, 15794550382381185553, 95, 388, 1, 432, -3, 18200729499220207786, 3209455878668673793, 16318331901196153511], [12646065887601541794, 12646065887601541794, 12646065887601541794, 96, 0, 2, 442, -4, 12646065887601541794, 12646065887601541794, 12646065887601541794]]]" />
    <node ID="0.1" type="Word">
      <attributes paragraph="1" paragraph_position="1" text="My" />
      <extra dep="nmod:poss" ent_iob="2" ent_type="" head="1" lemma="my" orig_paragraph="1" orth="My" pos="PRON" prefix="M" shape="Xx" suffix="My" tag="PRP$" />
    </node>
    <node ID="0.2" type="Word">
      <attributes paragraph="1" paragraph_position="2" text="departure" />
      <extra dep="nsubj" ent_iob="2" ent_type="" head="4" lemma="departure" orig_paragraph="1" orth="departure" pos="NOUN" prefix="d" shape="xxxx" suffix="ure" tag="NN" />
    </node>
    <node ID="0.3" type="Word">
      <attributes paragraph="1" paragraph_position="3" text="for" />
      <extra dep="case" ent_iob="2" ent_type="" head="1" lemma="for" orig_paragraph="1" orth="for" pos="ADP" prefix="f" shape="xxx" suffix="for" tag="IN" />
    </node>
    <node ID="0.4" type="Word">
      <attributes paragraph="1" paragraph_position="4" text="France" />
      <extra dep="nmod" ent_iob="3" ent_type="GPE" head="-2" lemma="France" orig_paragraph="1" orth="France" pos="PROPN" prefix="F" shape="Xxxxx" suffix="nce" tag="NNP" />
    </node>
    <node ID="0.5" type="Word">
      <attributes paragraph="1" paragraph_position="5" text="was" />
      <extra dep="cop" ent_iob="2" ent_type="" head="1" lemma="be" orig_paragraph="1" orth="was" pos="AUX" prefix="w" shape="xxx" suffix="was" tag="VBD" />
    </node>
    <node ID="0.6" type="Word">
      <attributes paragraph="1" paragraph_position="6" text="set" />
      <extra dep="root" ent_iob="2" ent_type="" head="0" lemma="set" orig_paragraph="1" orth="set" pos="ADJ" prefix="s" shape="xxx" suffix="set" tag="JJ" />
    </node>
    <node ID="0.7" type="Word">
      <attributes paragraph="1" paragraph_position="7" text="for" />
      <extra dep="case" ent_iob="2" ent_type="" head="2" lemma="for" orig_paragraph="1" orth="for" pos="ADP" prefix="f" shape="xxx" suffix="for" tag="IN" />
    </node>
    <node ID="0.8" type="Word">
      <attributes paragraph="1" paragraph_position="8" text="early" />
      <extra dep="amod" ent_iob="3" ent_type="DATE" head="1" lemma="early" orig_paragraph="1" orth="early" pos="ADJ" prefix="e" shape="xxxx" suffix="rly" tag="JJ" />
    </node>
    <node ID="0.9" type="Word">
      <attributes paragraph="1" paragraph_position="9" text="May" />
      <extra dep="obl" ent_iob="1" ent_type="DATE" head="-3" lemma="May" orig_paragraph="1" orth="May" pos="PROPN" prefix="M" shape="Xxx" suffix="May" tag="NNP" />
    </node>
    <node ID="0.10" type="Punctuation">
      <attributes paragraph="1" paragraph_position="10" text="." />
      <extra dep="punct" ent_iob="2" ent_type="" head="-4" lemma="." orig_paragraph="1" orth="." pos="PUNCT" prefix="." shape="." suffix="." tag="." />
    </node>
  </layer>
  <layer layerID="1">
    <attributes />
    <node ID="1.1" type="FN">
      <attributes />
      <edge toID="1.2" type="H">
        <attributes />
        <category tag="H" />
      </edge>
    </node>
    <node ID="1.2" type="FN">
      <attributes />
      <edge toID="1.3" type="A">
        <attributes />
        <category tag="A" />
      </edge>
      <edge toID="1.4" type="F">
        <attributes />
        <category tag="F" />
      </edge>
      <edge toID="1.5" type="S">
        <attributes />
        <category tag="S" />
      </edge>
      <edge toID="1.6" type="D">
        <attributes />
        <category tag="D" />
      </edge>
    </node>
    <node ID="1.3" type="FN">
      <attributes />
      <edge toID="1.7" type="P">
        <attributes />
        <category tag="P" />
      </edge>
      <edge toID="1.8" type="A">
        <attributes />
        <category tag="A" />
      </edge>
    </node>
    <node ID="1.4" type="FN">
      <attributes />
      <edge toID="0.5" type="Terminal">
        <attributes />
        <category tag="Terminal" />
      </edge>
    </node>
    <node ID="1.5" type="FN">
      <attributes />
      <edge toID="0.6" type="Terminal">
        <attributes />
        <category tag="Terminal" />
      </edge>
    </node>
    <node ID="1.6" type="FN">
      <attributes />
      <edge toID="1.9" type="R">
        <attributes />
        <category tag="R" />
      </edge>
      <edge toID="1.10" type="E">
        <attributes />
        <category tag="E" />
      </edge>
      <edge toID="1.11" type="C">
        <attributes />
        <category tag="C" />
      </edge>
      <edge toID="1.12" type="U">
        <attributes />
        <category tag="U" />
      </edge>
    </node>
    <node ID="1.7" type="FN">
      <attributes />
      <edge toID="1.13" type="A">
        <attributes />
        <category tag="A" />
      </edge>
      <edge toID="1.14" type="P">
        <attributes />
        <category tag="P" />
      </edge>
    </node>
    <node ID="1.8" type="FN">
      <attributes />
      <edge toID="1.15" type="R">
        <attributes />
        <category tag="R" />
      </edge>
      <edge toID="1.16" type="C">
        <attributes />
        <category tag="C" />
      </edge>
    </node>
    <node ID="1.9" type="FN">
      <attributes />
      <edge toID="0.7" type="Terminal">
        <attributes />
        <category tag="Terminal" />
      </edge>
    </node>
    <node ID="1.10" type="FN">
      <attributes />
      <edge toID="0.8" type="Terminal">
        <attributes />
        <category tag="Terminal" />
      </edge>
    </node>
    <node ID="1.11" type="FN">
      <attributes />
      <edge toID="0.9" type="Terminal">
        <attributes />
        <category tag="Terminal" />
      </edge>
    </node>
    <node ID="1.12" type="PNCT">
      <attributes />
      <edge toID="0.10" type="Terminal">
        <attributes />
        <category tag="Terminal" />
      </edge>
    </node>
    <node ID="1.13" type="FN">
      <attributes />
      <edge toID="0.1" type="Terminal">
        <attributes />
        <category tag="Terminal" />
      </edge>
    </node>
    <node ID="1.14" type="FN">
      <attributes />
      <edge toID="0.2" type="Terminal">
        <attributes />
        <category tag="Terminal" />
      </edge>
    </node>
    <node ID="1.15" type="FN">
      <attributes />
      <edge toID="0.3" type="Terminal">
        <attributes />
        <category tag="Terminal" />
      </edge>
    </node>
    <node ID="1.16" type="FN">
      <attributes />
      <edge toID="0.4" type="Terminal">
        <attributes />
        <category tag="Terminal" />
      </edge>
    </node>
  </layer>
</root>
