<root annotationID="0" passageID="311000">
  <attributes />
  <extra format="ucca" />
  <layer layerID="0">
    <attributes />
    <extra doc="[[[18004243461113809161, 14560795576765492085, 17571114184892886314, 88, 0, 2, 404, 4, 18200729499220207786, 14230521632333904559, 18004243461113809161], [4690420944186131903, 4690420944186131903, 13656873538139661788, 94, 0, 2, 426, 3, 100, 4690420944186131903, 4690420944186131903], [7290638946010101875, 7290638946010101875, 16235386156175103506, 86, 0, 2, 402, 2, 13110060611322374290, 646772771845179972, 11544752174441366476], [2043519015752540944, 447765159362469301, 164681854541413346, 93, 0, 2, 397, 1, 15075103628056407474, 13210364986222294696, 2043519015752540944], [278066919066513387, 278066919066513387, 14200088355797579614, 99, 0, 2, 445, 0, 4088098365541558500, 2985121464356781022, 278066919066513387], [6459564349623679250, 6459564349623679250, 15267657372422890137, 89, 0, 2, 412, 1, 13110060611322374290, 15369245168918225700, 17080020411610877296], [852424752239798798, 175945371904698288, 783433942507015291, 91, 0, 2, 431, -2, 13110060611322374290, 13110760720460257827, 16799973512044659907], [12767647472892411841, 12767647472892411841, 14200088355797579614, 99, 0, 2, 446, -3, 4088098365541558500, 16562859848569467201, 12767647472892411841], [15726112966383307120, 15726112966383307120, 164681854541413346, 85, 0, 2, 397, -1, 13110060611322374290, 11901859001352538922, 6878210874361030284], [12510949447758279278, 12510949447758279278, 1292078113972184607, 84, 0, 2, 8110129090154140942, 1, 13110060611322374290, 260667111241363922, 15366090995793808690], [18197037023634208128, 4690420944186131903, 13656873538139661788, 94, 0, 2, 432, -3, 4370460163704169311, 646772771845179972, 18197037023634208128], [17494803046312582752, 17494803046312582752, 12646065887601541794, 96, 0, 2, 442, -7, 17494803046312582752, 17494803046312582752, 17494803046312582752]]]" />
    <node ID="0.1" type="Word">
      <attributes paragraph="1" paragraph_position="1" text="But" />
      <extra dep="cc" ent_iob="2" ent_type="" head="4" lemma="but" orig_paragraph="1" orth="But" pos="CCONJ" prefix="B" shape="Xxx" suffix="But" tag="CC" />
    </node>
    <node ID="0.2" type="Word">
      <attributes paragraph="1" paragraph_position="2" text="I" />
      <extra dep="nsubj" ent_iob="2" ent_type="" head="3" lemma="I" orig_paragraph="1" orth="I" pos="PRON" prefix="I" shape="X" suffix="I" tag="PRP" />
    </node>
    <node ID="0.3" type="Word">
      <attributes paragraph="1" paragraph_position="3" text="must" />
      <extra dep="aux" ent_iob="2" ent_type="" head="2" lemma="must" orig_paragraph="1" orth="must" pos="AUX" prefix="m" shape="xxxx" suffix="ust" tag="MD" />
    </node>
    <node ID="0.4" type="Word">
      <attributes paragraph="1" paragraph_position="4" text="n't" />
      <extra dep="advmod" ent_iob="2" ent_type="" head="1" lemma="not" orig_paragraph="1" orth="n't" pos="PART" prefix="n" shape="x'x" suffix="n't" tag="RB" />
    </node>
    <node ID="0.5" type="Word">
      <attributes paragraph="1" paragraph_position="5" text="let" />
      <extra dep="root" ent_iob="2" ent_type="" head="0" lemma="let" orig_paragraph="1" orth="let" pos="VERB" prefix="l" shape="xxx" suffix="let" tag="VB" />
    </node>
    <node ID="0.6" type="Word">
      <attributes paragraph="1" paragraph_position="6" text="these" />
      <extra dep="det" ent_iob="2" ent_type="" head="1" lemma="these" orig_paragraph="1" orth="these" pos="DET" prefix="t" shape="xxxx" suffix="ese" tag="DT" />
    </node>
    <node ID="0.7" type="Word">
      <attributes paragraph="1" paragraph_position="7" text="fantasies" />
      <extra dep="obj" ent_iob="2" ent_type="" head="-2" lemma="fantasy" orig_paragraph="1" orth="fantasies" pos="NOUN" prefix="f" shape="xxxx" suffix="ies" tag="NNS" />
    </node>
    <node ID="0.8" type="Word">
      <attributes paragraph="1" paragraph_position="8" text="run" />
      <extra dep="xcomp" ent_iob="2" ent_type="" head="-3" lemma="run" orig_paragraph="1" orth="run" pos="VERB" prefix="r" shape="xxx" suffix="run" tag="VB" />
    </node>
    <node ID="0.9" type="Word">
      <attributes paragraph="1" paragraph_position="9" text="away" />
      <extra dep="advmod" ent_iob="2" ent_type="" head="-1" lemma="away" orig_paragraph="1" orth="away" pos="ADV" prefix="a" shape="xxxx" suffix="way" tag="RB" />
    </node>
    <node ID="0.10" type="Word">
      <attributes paragraph="1" paragraph_position="10" text="with" />
      <extra dep="case" ent_iob="2" ent_type="" head="1" lemma="with" orig_paragraph="1" orth="with" pos="ADP" prefix="w" shape="xxxx" suffix="ith" tag="IN" />
    </node>
    <node ID="0.11" type="Word">
      <attributes paragraph="1" paragraph_position="11" text="me" />
      <extra dep="obl" ent_iob="2" ent_type="" head="-3" lemma="I" orig_paragraph="1" orth="me" pos="PRON" prefix="m" shape="xx" suffix="me" tag="PRP" />
    </node>
    <node ID="0.12" type="Punctuation">
      <attributes paragraph="1" paragraph_position="12" text="!" />
      <extra dep="punct" ent_iob="2" ent_type="" head="-7" lemma="!" orig_paragraph="1" orth="!" pos="PUNCT" prefix="!" shape="!" suffix="!" tag="." />
    </node>
  </layer>
  <layer layerID="1">
    <attributes />
    <node ID="1.1" type="FN">
      <attributes />
      <edge toID="1.2" type="L">
        <attributes />
        <category tag="L" />
      </edge>
      <edge toID="1.3" type="H">
        <attributes />
        <category tag="H" />
      </edge>
    </node>
    <node ID="1.2" type="FN">
      <attributes />
      <edge toID="0.1" type="Terminal">
        <attributes />
        <category tag="Terminal" />
      </edge>
    </node>
    <node ID="1.3" type="FN">
      <attributes />
      <edge toID="1.4" type="A">
        <attributes />
        <category tag="A" />
      </edge>
      <edge toID="1.5" type="D">
        <attributes />
        <category tag="D" />
      </edge>
      <edge toID="1.6" type="D">
        <attributes />
        <category tag="D" />
      </edge>
      <edge toID="1.7" type="P">
        <attributes />
        <category tag="P" />
      </edge>
      <edge toID="1.8" type="A">
        <attributes />
        <category tag="A" />
      </edge>
    </node>
    <node ID="1.4" type="FN">
      <attributes />
      <edge toID="0.2" type="Terminal">
        <attributes />
        <category tag="Terminal" />
      </edge>
    </node>
    <node ID="1.5" type="FN">
      <attributes />
      <edge toID="0.3" type="Terminal">
        <attributes />
        <category tag="Terminal" />
      </edge>
    </node>
    <node ID="1.6" type="FN">
      <attributes />
      <edge toID="0.4" type="Terminal">
        <attributes />
        <category tag="Terminal" />
      </edge>
    </node>
    <node ID="1.7" type="FN">
      <attributes />
      <edge toID="0.5" type="Terminal">
        <attributes />
        <category tag="Terminal" />
      </edge>
    </node>
    <node ID="1.8" type="FN">
      <attributes />
      <edge toID="1.9" type="A">
        <attributes />
        <category tag="A" />
      </edge>
      <edge toID="1.10" type="P">
        <attributes />
        <category tag="P" />
      </edge>
      <edge toID="1.11" type="D">
        <attributes />
        <category tag="D" />
      </edge>
      <edge toID="1.12" type="A">
        <attributes />
        <category tag="A" />
      </edge>
    </node>
    <node ID="1.9" type="FN">
      <attributes />
      <edge toID="1.13" type="E">
        <attributes />
        <category tag="E" />
      </edge>
      <edge toID="1.14" type="C">
        <attributes />
        <category tag="C" />
      </edge>
    </node>
    <node ID="1.10" type="FN">
      <attributes />
      <edge toID="0.8" type="Terminal">
        <attributes />
        <category tag="Terminal" />
      </edge>
    </node>
    <node ID="1.11" type="FN">
      <attributes />
      <edge toID="0.9" type="Terminal">
        <attributes />
        <category tag="Terminal" />
      </edge>
    </node>
    <node ID="1.12" type="FN">
      <attributes />
      <edge toID="1.15" type="R">
        <attributes />
        <category tag="R" />
      </edge>
      <edge toID="1.16" type="C">
        <attributes />
        <category tag="C" />
      </edge>
      <edge toID="1.17" type="U">
        <attributes />
        <category tag="U" />
      </edge>
    </node>
    <node ID="1.13" type="FN">
      <attributes />
      <edge toID="0.6" type="Terminal">
        <attributes />
        <category tag="Terminal" />
      </edge>
    </node>
    <node ID="1.14" type="FN">
      <attributes />
      <edge toID="0.7" type="Terminal">
        <attributes />
        <category tag="Terminal" />
      </edge>
    </node>
    <node ID="1.15" type="FN">
      <attributes />
      <edge toID="0.10" type="Terminal">
        <attributes />
        <category tag="Terminal" />
      </edge>
    </node>
    <node ID="1.16" type="FN">
      <attributes />
      <edge toID="0.11" type="Terminal">
        <attributes />
        <category tag="Terminal" />
      </edge>
    </node>
    <node ID="1.17" type="PNCT">
      <attributes />
      <edge toID="0.12" type="Terminal">
        <attributes />
        <category tag="Terminal" />
      </edge>
    </node>
  </layer>
</root>
