<root annotationID="0" passageID="311001">
  <attributes />
  <extra format="ucca" />
  <layer layerID="0">
    <attributes />
    <extra doc="[[[8087262788788227657, 5083403373732563023, 1292078113972184607, 84, 0, 2, 8110129090154140942, 4, 16072095006890171862, 9391737413944127320, 17582552359806429995], [886050111519832510, 886050111519832510, 1292078113972184607, 84, 0, 2, 8110129090154140942, 3, 4370460163704169311, 1489474827855109852, 886050111519832510], [6459564349623679250, 6459564349623679250, 15267657372422890137, 89, 0, 2, 412, 2, 13110060611322374290, 15369245168918225700, 17080020411610877296], [4732948190423736528, 4732948190423736528, 10554686591937588953, 83, 0, 2, 399, 1, 13110060611322374290, 13110760720460257827, 2716508243943173858], [17708364111486859733, 4015665777757089909, 783433942507015291, 91, 0, 2, 432, 4, 13110060611322374290, 15369245168918225700, 5902437463952755554], [4380130941430378203, 4380130941430378203, 15267657372422890137, 89, 0, 2, 412, 1, 13110060611322374290, 15369245168918225700, 14949295185858420483], [8885804376230376864, 8885804376230376864, 15308085513773655218, 91, 0, 2, 426, 2, 13110060611322374290, 15369245168918225700, 17319080147637985052], [1248239241591158246, 14692702688101715474, 13927759927860985106, 86, 0, 2, 402, 1, 4088098365541558500, 15817570140490810055, 1248239241591158246], [955745193281900021, 3979101002134440957, 3822385049556375858, 99, 0, 2, 445, 0, 13110060611322374290, 16900879642891266615, 4666434434954617251], [16037325823156266367, 16037325823156266367, 1292078113972184607, 84, 0, 2, 8110129090154140942, 1, 4088098365541558500, 13110760720460257827, 16037325823156266367], [18197037023634208128, 4690420944186131903, 13656873538139661788, 94, 0, 2, 432, -2, 4370460163704169311, 646772771845179972, 18197037023634208128], [3278561384161438710, 3278561384161438710, 1292078113972184607, 84, 0, 2, 8110129090154140942, 2, 13110060611322374290, 5097672513440128799, 1735328402741333448], [10964102693250980314, 10964102693250980314, 10554686591937588953, 83, 0, 2, 399, 1, 13110060611322374290, 15817570140490810055, 17352971208978943951], [7522851225375849088, 18292763329807423426, 783433942507015291, 91, 0, 2, 432, -5, 13110060611322374290, 16562859848569467201, 16799973512044659907], [12646065887601541794, 12646065887601541794, 12646065887601541794, 96, 0, 2, 442, -6, 12646065887601541794, 12646065887601541794, 12646065887601541794]]]" />
    <node ID="0.1" type="Word">
      <attributes paragraph="1" paragraph_position="1" text="Enough" />
      <extra dep="case" ent_iob="2" ent_type="" head="4" lemma="enough" orig_paragraph="1" orth="Enough" pos="ADP" prefix="E" shape="Xxxxx" suffix="ugh" tag="IN" />
    </node>
    <node ID="0.2" type="Word">
      <attributes paragraph="1" paragraph_position="2" text="of" />
      <extra dep="case" ent_iob="2" ent_type="" head="3" lemma="of" orig_paragraph="1" orth="of" pos="ADP" prefix="o" shape="xx" suffix="of" tag="IN" />
    </node>
    <node ID="0.3" type="Word">
      <attributes paragraph="1" paragraph_position="3" text="these" />
      <extra dep="det" ent_iob="2" ent_type="" head="2" lemma="these" orig_paragraph="1" orth="these" pos="DET" prefix="t" shape="xxxx" suffix="ese" tag="DT" />
    </node>
    <node ID="0.4" type="Word">
      <attributes paragraph="1" paragraph_position="4" text="fairy" />
      <extra dep="amod" ent_iob="2" ent_type="" head="1" lemma="fairy" orig_paragraph="1" orth="fairy" pos="ADJ" prefix="f" shape="xxxx" suffix="iry" tag="JJ" />
    </node>
    <node ID="0.5" type="Word">
      <attributes paragraph="1" paragraph_position="5" text="tales" />
      <extra dep="obl" ent_iob="2" ent_type="" head="4" lemma="tale" orig_paragraph="1" orth="tales" pos="NOUN" prefix="t" shape="xxxx" suffix="les" tag="NNS" />
    </node>
    <node ID="0.6" type="Word">
      <attributes paragraph="1" paragraph_position="6" text="that" />
      <extra dep="det" ent_iob="2" ent_type="" head="1" lemma="that" orig_paragraph="1" orth="that" pos="DET" prefix="t" shape="xxxx" suffix="hat" tag="DT" />
    </node>
    <node ID="0.7" type="Word">
      <attributes paragraph="1" paragraph_position="7" text="time" />
      <extra dep="nsubj" ent_iob="2" ent_type="" head="2" lemma="time" orig_paragraph="1" orth="time" pos="NOUN" prefix="t" shape="xxxx" suffix="ime" tag="NN" />
    </node>
    <node ID="0.8" type="Word">
      <attributes paragraph="1" paragraph_position="8" text="has" />
      <extra dep="aux" ent_iob="2" ent_type="" head="1" lemma="have" orig_paragraph="1" orth="has" pos="AUX" prefix="h" shape="xxx" suffix="has" tag="VBZ" />
    </node>
    <node ID="0.9" type="Word">
      <attributes paragraph="1" paragraph_position="9" text="changed" />
      <extra dep="root" ent_iob="2" ent_type="" head="0" lemma="change" orig_paragraph="1" orth="changed" pos="VERB" prefix="c" shape="xxxx" suffix="ged" tag="VBN" />
    </node>
    <node ID="0.10" type="Word">
      <attributes paragraph="1" paragraph_position="10" text="for" />
      <extra dep="case" ent_iob="2" ent_type="" head="1" lemma="for" orig_paragraph="1" orth="for" pos="ADP" prefix="f" shape="xxx" suffix="for" tag="IN" />
    </node>
    <node ID="0.11" type="Word">
      <attributes paragraph="1" paragraph_position="11" text="me" />
      <extra dep="obl" ent_iob="2" ent_type="" head="-2" lemma="I" orig_paragraph="1" orth="me" pos="PRON" prefix="m" shape="xx" suffix="me" tag="PRP" />
    </node>
    <node ID="0.12" type="Word">
      <attributes paragraph="1" paragraph_position="12" text="into" />
      <extra dep="case" ent_iob="2" ent_type="" head="2" lemma="into" orig_paragraph="1" orth="into" pos="ADP" prefix="i" shape="xxxx" suffix="nto" tag="IN" />
    </node>
    <node ID="0.13" type="Word">
      <attributes paragraph="1" paragraph_position="13" text="harsh" />
      <extra dep="amod" ent_iob="2" ent_type="" head="1" lemma="harsh" orig_paragraph="1" orth="harsh" pos="ADJ" prefix="h" shape="xxxx" suffix="rsh" tag="JJ" />
    </node>
    <node ID="0.14" type="Word">
      <attributes paragraph="1" paragraph_position="14" text="realities" />
      <extra dep="obl" ent_iob="2" ent_type="" head="-5" lemma="reality" orig_paragraph="1" orth="realities" pos="NOUN" prefix="r" shape="xxxx" suffix="ies" tag="NNS" />
    </node>
    <node ID="0.15" type="Punctuation">
      <attributes paragraph="1" paragraph_position="15" text="." />
      <extra dep="punct" ent_iob="2" ent_type="" head="-6" lemma="." orig_paragraph="1" orth="." pos="PUNCT" prefix="." shape="." suffix="." tag="." />
    </node>
  </layer>
  <layer layerID="1">
    <attributes />
    <node ID="1.1" type="FN">
      <attributes />
      <edge toID="1.2" type="L">
        <attributes />
        <category tag="L" />
      </edge>
      <edge toID="1.3" type="H">
        <attributes />
        <category tag="H" />
      </edge>
    </node>
    <node ID="1.2" type="FN">
      <attributes />
      <edge toID="1.4" type="C">
        <attributes />
        <category tag="C" />
      </edge>
      <edge toID="1.5" type="R">
        <attributes />
        <category tag="R" />
      </edge>
    </node>
    <node ID="1.3" type="FN">
      <attributes />
      <edge toID="1.6" type="A">
        <attributes />
        <category tag="A" />
      </edge>
      <edge toID="1.7" type="D">
        <attributes />
        <category tag="D" />
      </edge>
      <edge toID="1.8" type="F">
        <attributes />
        <category tag="F" />
      </edge>
      <edge toID="1.9" type="P">
        <attributes />
        <category tag="P" />
      </edge>
      <edge toID="1.10" type="A">
        <attributes />
        <category tag="A" />
      </edge>
      <edge toID="1.11" type="A">
        <attributes />
        <category tag="A" />
      </edge>
    </node>
    <node ID="1.4" type="FN">
      <attributes />
      <edge toID="0.1" type="Terminal">
        <attributes />
        <category tag="Terminal" />
      </edge>
    </node>
    <node ID="1.5" type="FN">
      <attributes />
      <edge toID="0.2" type="Terminal">
        <attributes />
        <category tag="Terminal" />
      </edge>
    </node>
    <node ID="1.6" type="FN">
      <attributes />
      <edge toID="1.12" type="E">
        <attributes />
        <category tag="E" />
      </edge>
      <edge toID="1.13" type="E">
        <attributes />
        <category tag="E" />
      </edge>
      <edge toID="1.14" type="C">
        <attributes />
        <category tag="C" />
      </edge>
    </node>
    <node ID="1.7" type="FN">
      <attributes />
      <edge toID="1.15" type="E">
        <attributes />
        <category tag="E" />
      </edge>
      <edge toID="1.16" type="C">
        <attributes />
        <category tag="C" />
      </edge>
    </node>
    <node ID="1.8" type="FN">
      <attributes />
      <edge toID="0.8" type="Terminal">
        <attributes />
        <category tag="Terminal" />
      </edge>
    </node>
    <node ID="1.9" type="FN">
      <attributes />
      <edge toID="0.9" type="Terminal">
        <attributes />
        <category tag="Terminal" />
      </edge>
    </node>
    <node ID="1.10" type="FN">
      <attributes />
      <edge toID="1.17" type="R">
        <attributes />
        <category tag="R" />
      </edge>
      <edge toID="1.18" type="C">
        <attributes />
        <category tag="C" />
      </edge>
    </node>
    <node ID="1.11" type="FN">
      <attributes />
      <edge toID="1.19" type="R">
        <attributes />
        <category tag="R" />
      </edge>
      <edge toID="1.20" type="E">
        <attributes />
        <category tag="E" />
      </edge>
      <edge toID="1.21" type="C">
        <attributes />
        <category tag="C" />
      </edge>
      <edge toID="1.22" type="U">
        <attributes />
        <category tag="U" />
      </edge>
    </node>
    <node ID="1.12" type="FN">
      <attributes />
      <edge toID="0.3" type="Terminal">
        <attributes />
        <category tag="Terminal" />
      </edge>
    </node>
    <node ID="1.13" type="FN">
      <attributes />
      <edge toID="0.4" type="Terminal">
        <attributes />
        <category tag="Terminal" />
      </edge>
    </node>
    <node ID="1.14" type="FN">
      <attributes />
      <edge toID="0.5" type="Terminal">
        <attributes />
        <category tag="Terminal" />
      </edge>
    </node>
    <node ID="1.15" type="FN">
      <attributes />
      <edge toID="0.6" type="Terminal">
        <attributes />
        <category tag="Terminal" />
      </edge>
    </node>
    <node ID="1.16" type="FN">
      <attributes />
      <edge toID="0.7" type="Terminal">
        <attributes />
        <category tag="Terminal" />
      </edge>
    </node>
    <node ID="1.17" type="FN">
      <attributes />
      <edge toID="0.10" type="Terminal">
        <attributes />
        <category tag="Terminal" />
      </edge>
    </node>
    <node ID="1.18" type="FN">
      <attributes />
      <edge toID="0.11" type="Terminal">
        <attributes />
        <category tag="Terminal" />
      </edge>
    </node>
    <node ID="1.19" type="FN">
      <attributes />
      <edge toID="0.12" type="Terminal">
        <attributes />
        <category tag="Terminal" />
      </edge>
    </node>
    <node ID="1.20" type="FN">
      <attributes />
      <edge toID="0.13" type="Terminal">
        <attributes />
        <category tag="Terminal" />
      </edge>
    </node>
    <node ID="1.21" type="FN">
      <attributes />
      <edge toID="0.14" type="Terminal">
        <attributes />
        <category tag="Terminal" />
      </edge>
    </node>
    <node ID="1.22" type="PNCT">
      <attributes />
      <edge toID="0.15" type="Terminal">
        <attributes />
        <category tag="Terminal" />
      </edge>
    </node>
  </layer>
</root>
