<root annotationID="0" passageID="314004">
  <attributes />
  <extra format="ucca" />
  <layer layerID="0">
    <attributes />
    <extra doc="[[[4113075906227326583, 7593739049417968140, 783433942507015291, 91, 0, 2, 426, 3, 16072095006890171862, 17714545831559622561, 16838316573854262908], [9570894245975188254, 10382539506755952630, 17109001835818727656, 86, 0, 2, 402, 2, 13110060611322374290, 260667111241363922, 18139757808136603089], [6322888662397724766, 6322888662397724766, 164681854541413346, 85, 0, 2, 397, 1, 13110060611322374290, 16900879642891266615, 7309984611441301903], [17190999313523825592, 12470371826848645526, 1534113631682161808, 99, 0, 2, 445, 0, 13110060611322374290, 15598372446745583797, 7679303661980345986], [942632335873952620, 942632335873952620, 1292078113972184607, 84, 0, 2, 8110129090154140942, 2, 13110060611322374290, 11901859001352538922, 1696981056005371314], [7425985699627899538, 7425985699627899538, 15267657372422890137, 89, 0, 2, 412, 1, 4088098365541558500, 15369245168918225700, 7425985699627899538], [5640421256942791871, 5640421256942791871, 15308085513773655218, 91, 0, 2, 432, -3, 13110060611322374290, 16900879642891266615, 8717530836033822417], [2593208677638477497, 2593208677638477497, 2593208677638477497, 96, 0, 2, 442, -4, 2593208677638477497, 2593208677638477497, 2593208677638477497], [17339226045912991082, 17339226045912991082, 164681854541413346, 85, 0, 2, 397, 4, 13110060611322374290, 1720370409040345145, 12409248811792671830], [17875975611192538924, 17875975611192538924, 1292078113972184607, 84, 0, 2, 8110129090154140942, 3, 4088098365541558500, 2482183445564601373, 17875975611192538924], [7425985699627899538, 7425985699627899538, 15267657372422890137, 89, 381, 3, 412, 2, 4088098365541558500, 15369245168918225700, 7425985699627899538], [11990389520378046275, 11990389520378046275, 15794550382381185553, 95, 381, 1, 7037928807040764755, 1, 16072095006890171862, 14862748245026736845, 17373278164342752178], [8949077655948840688, 8949077655948840688, 15794550382381185553, 95, 381, 1, 432, -9, 16072095006890171862, 149303876845869574, 17094567523389501479], [17494803046312582752, 17494803046312582752, 12646065887601541794, 96, 0, 2, 442, -10, 17494803046312582752, 17494803046312582752, 17494803046312582752]]]" />
    <node ID="0.1" type="Word">
      <attributes paragraph="1" paragraph_position="1" text="People" />
      <extra dep="nsubj" ent_iob="2" ent_type="" head="3" lemma="people" orig_paragraph="1" orth="People" pos="NOUN" prefix="P" shape="Xxxxx" suffix="ple" tag="NNS" />
    </node>
    <node ID="0.2" type="Word">
      <attributes paragraph="1" paragraph_position="2" text="were" />
      <extra dep="aux" ent_iob="2" ent_type="" head="2" lemma="be" orig_paragraph="1" orth="were" pos="AUX" prefix="w" shape="xxxx" suffix="ere" tag="VBD" />
    </node>
    <node ID="0.3" type="Word">
      <attributes paragraph="1" paragraph_position="3" text="constantly" />
      <extra dep="advmod" ent_iob="2" ent_type="" head="1" lemma="constantly" orig_paragraph="1" orth="constantly" pos="ADV" prefix="c" shape="xxxx" suffix="tly" tag="RB" />
    </node>
    <node ID="0.4" type="Word">
      <attributes paragraph="1" paragraph_position="4" text="babbling" />
      <extra dep="root" ent_iob="2" ent_type="" head="0" lemma="babbl" orig_paragraph="1" orth="babbling" pos="VERB" prefix="b" shape="xxxx" suffix="ing" tag="VBG" />
    </node>
    <node ID="0.5" type="Word">
      <attributes paragraph="1" paragraph_position="5" text="about" />
      <extra dep="case" ent_iob="2" ent_type="" head="2" lemma="about" orig_paragraph="1" orth="about" pos="ADP" prefix="a" shape="xxxx" suffix="out" tag="IN" />
    </node>
    <node ID="0.6" type="Word">
      <attributes paragraph="1" paragraph_position="6" text="the" />
      <extra dep="det" ent_iob="2" ent_type="" head="1" lemma="the" orig_paragraph="1" orth="the" pos="DET" prefix="t" shape="xxx" suffix="the" tag="DT" />
    </node>
    <node ID="0.7" type="Word">
      <attributes paragraph="1" paragraph_position="7" text="creature" />
      <extra dep="obl" ent_iob="2" ent_type="" head="-3" lemma="creature" orig_paragraph="1" orth="creature" pos="NOUN" prefix="c" shape="xxxx" suffix="ure" tag="NN" />
    </node>
    <node ID="0.8" type="Punctuation">
      <attributes paragraph="1" paragraph_position="8" text="," />
      <extra dep="punct" ent_iob="2" ent_type="" head="-4" lemma="," orig_paragraph="1" orth="," pos="PUNCT" prefix="," shape="," suffix="," tag="," />
    </node>
    <node ID="0.9" type="Word">
      <attributes paragraph="1" paragraph_position="9" text="even" />
      <extra dep="advmod" ent_iob="2" ent_type="" head="4" lemma="even" orig_paragraph="1" orth="even" pos="ADV" prefix="e" shape="xxxx" suffix="ven" tag="RB" />
    </node>
    <node ID="0.10" type="Word">
      <attributes paragraph="1" paragraph_position="10" text="via" />
      <extra dep="case" ent_iob="2" ent_type="" head="3" lemma="via" orig_paragraph="1" orth="via" pos="ADP" prefix="v" shape="xxx" suffix="via" tag="IN" />
    </node>
    <node ID="0.11" type="Word">
      <attributes paragraph="1" paragraph_position="11" text="the" />
      <extra dep="det" ent_iob="3" ent_type="ORG" head="2" lemma="the" orig_paragraph="1" orth="the" pos="DET" prefix="t" shape="xxx" suffix="the" tag="DT" />
    </node>
    <node ID="0.12" type="Word">
      <attributes paragraph="1" paragraph_position="12" text="Atlantic" />
      <extra dep="compound" ent_iob="1" ent_type="ORG" head="1" lemma="Atlantic" orig_paragraph="1" orth="Atlantic" pos="PROPN" prefix="A" shape="Xxxxx" suffix="tic" tag="NNP" />
    </node>
    <node ID="0.13" type="Word">
      <attributes paragraph="1" paragraph_position="13" text="Cable" />
      <extra dep="obl" ent_iob="1" ent_type="ORG" head="-9" lemma="Cable" orig_paragraph="1" orth="Cable" pos="PROPN" prefix="C" shape="Xxxxx" suffix="ble" tag="NNP" />
    </node>
    <node ID="0.14" type="Punctuation">
      <attributes paragraph="1" paragraph_position="14" text="!" />
      <extra dep="punct" ent_iob="2" ent_type="" head="-10" lemma="!" orig_paragraph="1" orth="!" pos="PUNCT" prefix="!" shape="!" suffix="!" tag="." />
    </node>
  </layer>
  <layer layerID="1">
    <attributes />
    <node ID="1.1" type="FN">
      <attributes />
      <edge toID="1.2" type="H">
        <attributes />
        <category tag="H" />
      </edge>
    </node>
    <node ID="1.2" type="FN">
      <attributes />
      <edge toID="1.3" type="A">
        <attributes />
        <category tag="A" />
      </edge>
      <edge toID="1.4" type="F">
        <attributes />
        <category tag="F" />
      </edge>
      <edge toID="1.5" type="D">
        <attributes />
        <category tag="D" />
      </edge>
      <edge toID="1.6" type="P">
        <attributes />
        <category tag="P" />
      </edge>
      <edge toID="1.7" type="A">
        <attributes />
        <category tag="A" />
      </edge>
    </node>
    <node ID="1.3" type="FN">
      <attributes />
      <edge toID="0.1" type="Terminal">
        <attributes />
        <category tag="Terminal" />
      </edge>
    </node>
    <node ID="1.4" type="FN">
      <attributes />
      <edge toID="0.2" type="Terminal">
        <attributes />
        <category tag="Terminal" />
      </edge>
    </node>
    <node ID="1.5" type="FN">
      <attributes />
      <edge toID="0.3" type="Terminal">
        <attributes />
        <category tag="Terminal" />
      </edge>
    </node>
    <node ID="1.6" type="FN">
      <attributes />
      <edge toID="0.4" type="Terminal">
        <attributes />
        <category tag="Terminal" />
      </edge>
    </node>
    <node ID="1.7" type="FN">
      <attributes />
      <edge toID="1.8" type="R">
        <attributes />
        <category tag="R" />
      </edge>
      <edge toID="1.9" type="E">
        <attributes />
        <category tag="E" />
      </edge>
      <edge toID="1.10" type="C">
        <attributes />
        <category tag="C" />
      </edge>
      <edge toID="1.11" type="U">
        <attributes />
        <category tag="U" />
      </edge>
      <edge toID="1.12" type="E">
        <attributes />
        <category tag="E" />
      </edge>
    </node>
    <node ID="1.8" type="FN">
      <attributes />
      <edge toID="0.5" type="Terminal">
        <attributes />
        <category tag="Terminal" />
      </edge>
    </node>
    <node ID="1.9" type="FN">
      <attributes />
      <edge toID="0.6" type="Terminal">
        <attributes />
        <category tag="Terminal" />
      </edge>
    </node>
    <node ID="1.10" type="FN">
      <attributes />
      <edge toID="0.7" type="Terminal">
        <attributes />
        <category tag="Terminal" />
      </edge>
    </node>
    <node ID="1.11" type="PNCT">
      <attributes />
      <edge toID="0.8" type="Terminal">
        <attributes />
        <category tag="Terminal" />
      </edge>
    </node>
    <node ID="1.12" type="FN">
      <attributes />
      <edge toID="1.13" type="R">
        <attributes />
        <category tag="R" />
      </edge>
      <edge toID="1.14" type="E">
        <attributes />
        <category tag="E" />
      </edge>
      <edge toID="1.15" type="E">
        <attributes />
        <category tag="E" />
      </edge>
      <edge toID="1.16" type="C">
        <attributes />
        <category tag="C" />
      </edge>
      <edge toID="1.17" type="U">
        <attributes />
        <category tag="U" />
      </edge>
    </node>
    <node ID="1.13" type="FN">
      <attributes />
      <edge toID="1.18" type="E">
        <attributes />
        <category tag="E" />
      </edge>
      <edge toID="1.19" type="C">
        <attributes />
        <category tag="C" />
      </edge>
    </node>
    <node ID="1.14" type="FN">
      <attributes />
      <edge toID="0.11" type="Terminal">
        <attributes />
        <category tag="Terminal" />
      </edge>
    </node>
    <node ID="1.15" type="FN">
      <attributes />
      <edge toID="0.12" type="Terminal">
        <attributes />
        <category tag="Terminal" />
      </edge>
    </node>
    <node ID="1.16" type="FN">
      <attributes />
      <edge toID="0.13" type="Terminal">
        <attributes />
        <category tag="Terminal" />
      </edge>
    </node>
    <node ID="1.17" type="PNCT">
      <attributes />
      <edge toID="0.14" type="Terminal">
        <attributes />
        <category tag="Terminal" />
      </edge>
    </node>
    <node ID="1.18" type="FN">
      <attributes />
      <edge toID="0.9" type="Terminal">
        <attributes />
        <category tag="Terminal" />
      </edge>
    </node>
    <node ID="1.19" type="FN">
      <attributes />
      <edge toID="0.10" type="Terminal">
        <attributes />
        <category tag="Terminal" />
      </edge>
    </node>
  </layer>
</root>
