<root annotationID="0" passageID="820005">
  <attributes />
  <extra format="ucca" />
  <layer layerID="0">
    <attributes />
    <extra doc="[[[12172435438170721471, 2283656566040971221, 17571114184892886314, 88, 0, 2, 404, 1, 18200729499220207786, 14862748245026736845, 12172435438170721471], [3642769012341782148, 3642769012341782148, 164681854541413346, 85, 0, 2, 397, 2, 4088098365541558500, 9409450202036847209, 3642769012341782148], [2593208677638477497, 2593208677638477497, 2593208677638477497, 96, 0, 2, 442, 1, 2593208677638477497, 2593208677638477497, 2593208677638477497], [5865838185239622912, 5865838185239622912, 4808651922106831370, 94, 0, 2, 445, 0, 13110060611322374290, 260667111241363922, 14949295185858420483], [11901859001352538922, 11901859001352538922, 15267657372422890137, 89, 0, 2, 412, 4, 11123243248953317070, 11901859001352538922, 11901859001352538922], [16884455833306854589, 16884455833306854589, 10554686591937588953, 83, 0, 2, 399, 3, 13110060611322374290, 13110760720460257827, 11197236520932772837], [2593208677638477497, 2593208677638477497, 2593208677638477497, 96, 0, 2, 442, 2, 2593208677638477497, 2593208677638477497, 2593208677638477497], [17582908877558477349, 17582908877558477349, 10554686591937588953, 83, 0, 2, 399, 1, 13110060611322374290, 6217145520856553898, 7886043512438591911], [122979726664442365, 122979726664442365, 15308085513773655218, 91, 0, 2, 400, -5, 4088098365541558500, 2985121464356781022, 122979726664442365], [17494803046312582752, 17494803046312582752, 12646065887601541794, 96, 0, 2, 442, -1, 17494803046312582752, 17494803046312582752, 17494803046312582752]]]" />
    <node ID="0.1" type="Word">
      <attributes paragraph="1" paragraph_position="1" text="And" />
      <extra dep="cc" ent_iob="2" ent_type="" head="1" lemma="and" orig_paragraph="1" orth="And" pos="CCONJ" prefix="A" shape="Xxx" suffix="And" tag="CC" />
    </node>
    <node ID="0.2" type="Word">
      <attributes paragraph="1" paragraph_position="2" text="yet" />
      <extra dep="advmod" ent_iob="2" ent_type="" head="2" lemma="yet" orig_paragraph="1" orth="yet" pos="ADV" prefix="y" shape="xxx" suffix="yet" tag="RB" />
    </node>
    <node ID="0.3" type="Punctuation">
      <attributes paragraph="1" paragraph_position="3" text="," />
      <extra dep="punct" ent_iob="2" ent_type="" head="1" lemma="," orig_paragraph="1" orth="," pos="PUNCT" prefix="," shape="," suffix="," tag="," />
    </node>
    <node ID="0.4" type="Word">
      <attributes paragraph="1" paragraph_position="4" text="what" />
      <extra dep="root" ent_iob="2" ent_type="" head="5" lemma="what" orig_paragraph="1" orth="what" pos="PRON" prefix="w" shape="xxxx" suffix="hat" tag="WP" />
    </node>
    <node ID="0.5" type="Word">
      <attributes paragraph="1" paragraph_position="5" text="a" />
      <extra dep="det" ent_iob="2" ent_type="" head="4" lemma="a" orig_paragraph="1" orth="a" pos="DET" prefix="a" shape="x" suffix="a" tag="DT" />
    </node>
    <node ID="0.6" type="Word">
      <attributes paragraph="1" paragraph_position="6" text="fine" />
      <extra dep="amod" ent_iob="2" ent_type="" head="3" lemma="fine" orig_paragraph="1" orth="fine" pos="ADJ" prefix="f" shape="xxxx" suffix="ine" tag="JJ" />
    </node>
    <node ID="0.7" type="Punctuation">
      <attributes paragraph="1" paragraph_position="7" text="," />
      <extra dep="punct" ent_iob="2" ent_type="" head="2" lemma="," orig_paragraph="1" orth="," pos="PUNCT" prefix="," shape="," suffix="," tag="," />
    </node>
    <node ID="0.8" type="Word">
      <attributes paragraph="1" paragraph_position="8" text="gallant" />
      <extra dep="amod" ent_iob="2" ent_type="" head="1" lemma="gallant" orig_paragraph="1" orth="gallant" pos="ADJ" prefix="g" shape="xxxx" suffix="ant" tag="JJ" />
    </node>
    <node ID="0.9" type="Word">
      <attributes paragraph="1" paragraph_position="9" text="lad" />
      <extra dep="appos" ent_iob="2" ent_type="" head="-5" lemma="lad" orig_paragraph="1" orth="lad" pos="NOUN" prefix="l" shape="xxx" suffix="lad" tag="NN" />
    </node>
    <node ID="0.10" type="Punctuation">
      <attributes paragraph="1" paragraph_position="10" text="!" />
      <extra dep="punct" ent_iob="2" ent_type="" head="-1" lemma="!" orig_paragraph="1" orth="!" pos="PUNCT" prefix="!" shape="!" suffix="!" tag="." />
    </node>
  </layer>
  <layer layerID="1">
    <attributes />
    <node ID="1.1" type="FN">
      <attributes />
      <edge toID="1.2" type="L">
        <attributes />
        <category tag="L" />
      </edge>
      <edge toID="1.3" type="U">
        <attributes />
        <category tag="U" />
      </edge>
      <edge toID="1.4" type="H">
        <attributes />
        <category tag="H" />
      </edge>
    </node>
    <node ID="1.2" type="FN">
      <attributes />
      <edge toID="0.1" type="Terminal">
        <attributes />
        <category tag="Terminal" />
      </edge>
      <edge toID="0.2" type="Terminal">
        <attributes />
        <category tag="Terminal" />
      </edge>
    </node>
    <node ID="1.3" type="PNCT">
      <attributes />
      <edge toID="0.3" type="Terminal">
        <attributes />
        <category tag="Terminal" />
      </edge>
    </node>
    <node ID="1.4" type="FN">
      <attributes />
      <edge toID="1.5" type="A">
        <attributes />
        <category tag="A" />
      </edge>
      <edge toID="1.6" type="S">
        <attributes />
        <category tag="S" />
      </edge>
      <edge toID="1.7" type="U">
        <attributes />
        <category tag="U" />
      </edge>
    </node>
    <node ID="1.5" type="FN">
      <attributes />
      <edge toID="0.4" type="Terminal">
        <attributes />
        <category tag="Terminal" />
      </edge>
    </node>
    <node ID="1.6" type="FN">
      <attributes />
      <edge toID="1.8" type="E">
        <attributes />
        <category tag="E" />
      </edge>
      <edge toID="1.9" type="E">
        <attributes />
        <category tag="E" />
      </edge>
      <edge toID="1.10" type="U">
        <attributes />
        <category tag="U" />
      </edge>
      <edge toID="1.11" type="E">
        <attributes />
        <category tag="E" />
      </edge>
      <edge toID="1.12" type="C">
        <attributes />
        <category tag="C" />
      </edge>
    </node>
    <node ID="1.7" type="PNCT">
      <attributes />
      <edge toID="0.10" type="Terminal">
        <attributes />
        <category tag="Terminal" />
      </edge>
    </node>
    <node ID="1.8" type="FN">
      <attributes />
      <edge toID="0.5" type="Terminal">
        <attributes />
        <category tag="Terminal" />
      </edge>
    </node>
    <node ID="1.9" type="FN">
      <attributes />
      <edge toID="0.6" type="Terminal">
        <attributes />
        <category tag="Terminal" />
      </edge>
    </node>
    <node ID="1.10" type="PNCT">
      <attributes />
      <edge toID="0.7" type="Terminal">
        <attributes />
        <category tag="Terminal" />
      </edge>
    </node>
    <node ID="1.11" type="FN">
      <attributes />
      <edge toID="0.8" type="Terminal">
        <attributes />
        <category tag="Terminal" />
      </edge>
    </node>
    <node ID="1.12" type="FN">
      <attributes />
      <edge toID="0.9" type="Terminal">
        <attributes />
        <category tag="Terminal" />
      </edge>
    </node>
  </layer>
</root>
