<root annotationID="0" passageID="820003">
  <attributes />
  <extra format="ucca" />
  <layer layerID="0">
    <attributes />
    <extra doc="[[[13151382912907246933, 15472594404471099122, 1534113631682161808, 99, 0, 2, 445, 0, 16072095006890171862, 149303876845869574, 7679303661980345986], [9921686513378912864, 10382539506755952630, 17109001835818727656, 86, 0, 2, 408, 1, 4088098365541558500, 260667111241363922, 9921686513378912864], [9410232112791000120, 9410232112791000120, 15308085513773655218, 94, 0, 2, 431, -2, 13110060611322374290, 1720370409040345145, 7679303661980345986], [3791531372978436496, 3791531372978436496, 1292078113972184607, 84, 0, 2, 8110129090154140942, 1, 4370460163704169311, 15369245168918225700, 3791531372978436496], [1739263527992748485, 1655312771067108281, 13656873538139661788, 94, 0, 2, 432, -4, 4088098365541558500, 15817570140490810055, 1739263527992748485], [2593208677638477497, 2593208677638477497, 2593208677638477497, 96, 0, 2, 442, 3, 2593208677638477497, 2593208677638477497, 2593208677638477497], [9781598966686434415, 9781598966686434415, 164681854541413346, 85, 0, 2, 397, 2, 4370460163704169311, 16978132545290669629, 9781598966686434415], [1655312771067108281, 1655312771067108281, 13656873538139661788, 94, 0, 2, 426, 1, 4370460163704169311, 15817570140490810055, 1655312771067108281], [11064807788920563711, 7743033266031195906, 17109001835818727656, 99, 0, 2, 433, -8, 13110060611322374290, 15917291556903334389, 4753564829687343602], [13695514059466747455, 13695514059466747455, 15308085513773655218, 94, 0, 2, 431, -1, 13110060611322374290, 13210364986222294696, 7679303661980345986], [5691613950422571694, 5691613950422571694, 10554686591937588953, 83, 0, 2, 399, -1, 13110060611322374290, 1720370409040345145, 6037777915018947513], [12646065887601541794, 12646065887601541794, 12646065887601541794, 96, 0, 2, 442, -11, 12646065887601541794, 12646065887601541794, 12646065887601541794]]]" />
    <node ID="0.1" type="Word">
      <attributes paragraph="1" paragraph_position="1" text="Classifying" />
      <extra dep="root" ent_iob="2" ent_type="" head="1" lemma="Classify" orig_paragraph="1" orth="Classifying" pos="VERB" prefix="C" shape="Xxxxx" suffix="ing" tag="VBG" />
    </node>
    <node ID="0.2" type="Word">
      <attributes paragraph="1" paragraph_position="2" text="was" />
      <extra dep="cop" ent_iob="2" ent_type="" head="1" lemma="be" orig_paragraph="1" orth="was" pos="AUX" prefix="w" shape="xxx" suffix="was" tag="VBD" />
    </node>
    <node ID="0.3" type="Word">
      <attributes paragraph="1" paragraph_position="3" text="everything" />
      <extra dep="obj" ent_iob="2" ent_type="" head="-2" lemma="everything" orig_paragraph="1" orth="everything" pos="PRON" prefix="e" shape="xxxx" suffix="ing" tag="NN" />
    </node>
    <node ID="0.4" type="Word">
      <attributes paragraph="1" paragraph_position="4" text="to" />
      <extra dep="case" ent_iob="2" ent_type="" head="1" lemma="to" orig_paragraph="1" orth="to" pos="ADP" prefix="t" shape="xx" suffix="to" tag="IN" />
    </node>
    <node ID="0.5" type="Word">
      <attributes paragraph="1" paragraph_position="5" text="him" />
      <extra dep="obl" ent_iob="2" ent_type="" head="-4" lemma="he" orig_paragraph="1" orth="him" pos="PRON" prefix="h" shape="xxx" suffix="him" tag="PRP" />
    </node>
    <node ID="0.6" type="Punctuation">
      <attributes paragraph="1" paragraph_position="6" text="," />
      <extra dep="punct" ent_iob="2" ent_type="" head="3" lemma="," orig_paragraph="1" orth="," pos="PUNCT" prefix="," shape="," suffix="," tag="," />
    </node>
    <node ID="0.7" type="Word">
      <attributes paragraph="1" paragraph_position="7" text="so" />
      <extra dep="advmod" ent_iob="2" ent_type="" head="2" lemma="so" orig_paragraph="1" orth="so" pos="ADV" prefix="s" shape="xx" suffix="so" tag="RB" />
    </node>
    <node ID="0.8" type="Word">
      <attributes paragraph="1" paragraph_position="8" text="he" />
      <extra dep="nsubj" ent_iob="2" ent_type="" head="1" lemma="he" orig_paragraph="1" orth="he" pos="PRON" prefix="h" shape="xx" suffix="he" tag="PRP" />
    </node>
    <node ID="0.9" type="Word">
      <attributes paragraph="1" paragraph_position="9" text="knew" />
      <extra dep="parataxis" ent_iob="2" ent_type="" head="-8" lemma="know" orig_paragraph="1" orth="knew" pos="VERB" prefix="k" shape="xxxx" suffix="new" tag="VBD" />
    </node>
    <node ID="0.10" type="Word">
      <attributes paragraph="1" paragraph_position="10" text="nothing" />
      <extra dep="obj" ent_iob="2" ent_type="" head="-1" lemma="nothing" orig_paragraph="1" orth="nothing" pos="PRON" prefix="n" shape="xxxx" suffix="ing" tag="NN" />
    </node>
    <node ID="0.11" type="Word">
      <attributes paragraph="1" paragraph_position="11" text="else" />
      <extra dep="amod" ent_iob="2" ent_type="" head="-1" lemma="else" orig_paragraph="1" orth="else" pos="ADJ" prefix="e" shape="xxxx" suffix="lse" tag="JJ" />
    </node>
    <node ID="0.12" type="Punctuation">
      <attributes paragraph="1" paragraph_position="12" text="." />
      <extra dep="punct" ent_iob="2" ent_type="" head="-11" lemma="." orig_paragraph="1" orth="." pos="PUNCT" prefix="." shape="." suffix="." tag="." />
    </node>
  </layer>
  <layer layerID="1">
    <attributes />
    <node ID="1.1" type="FN">
      <attributes />
      <edge toID="1.2" type="H">
        <attributes />
        <category tag="H" />
      </edge>
      <edge toID="1.3" type="U">
        <attributes />
        <category tag="U" />
      </edge>
      <edge toID="1.4" type="L">
        <attributes />
        <category tag="L" />
      </edge>
      <edge toID="1.5" type="H">
        <attributes />
        <category tag="H" />
      </edge>
    </node>
    <node ID="1.2" type="FN">
      <attributes />
      <edge toID="1.6" type="P">
        <attributes />
        <category tag="P" />
      </edge>
      <edge toID="1.7" type="F">
        <attributes />
        <category tag="F" />
      </edge>
      <edge toID="1.8" type="A">
        <attributes />
        <category tag="A" />
      </edge>
      <edge toID="1.9" type="A">
        <attributes />
        <category tag="A" />
      </edge>
      <edge toID="1.10" type="A">
        <attributes remote="True" />
        <category tag="A" />
      </edge>
    </node>
    <node ID="1.3" type="PNCT">
      <attributes />
      <edge toID="0.6" type="Terminal">
        <attributes />
        <category tag="Terminal" />
      </edge>
    </node>
    <node ID="1.4" type="FN">
      <attributes />
      <edge toID="0.7" type="Terminal">
        <attributes />
        <category tag="Terminal" />
      </edge>
    </node>
    <node ID="1.5" type="FN">
      <attributes />
      <edge toID="1.10" type="A">
        <attributes />
        <category tag="A" />
      </edge>
      <edge toID="1.11" type="P">
        <attributes />
        <category tag="P" />
      </edge>
      <edge toID="1.12" type="A">
        <attributes />
        <category tag="A" />
      </edge>
      <edge toID="1.13" type="A">
        <attributes />
        <category tag="A" />
      </edge>
      <edge toID="1.14" type="U">
        <attributes />
        <category tag="U" />
      </edge>
    </node>
    <node ID="1.6" type="FN">
      <attributes />
      <edge toID="0.1" type="Terminal">
        <attributes />
        <category tag="Terminal" />
      </edge>
    </node>
    <node ID="1.7" type="FN">
      <attributes />
      <edge toID="0.2" type="Terminal">
        <attributes />
        <category tag="Terminal" />
      </edge>
    </node>
    <node ID="1.8" type="FN">
      <attributes />
      <edge toID="0.3" type="Terminal">
        <attributes />
        <category tag="Terminal" />
      </edge>
    </node>
    <node ID="1.9" type="FN">
      <attributes />
      <edge toID="1.15" type="R">
        <attributes />
        <category tag="R" />
      </edge>
      <edge toID="1.16" type="C">
        <attributes />
        <category tag="C" />
      </edge>
    </node>
    <node ID="1.10" type="FN">
      <attributes />
      <edge toID="0.8" type="Terminal">
        <attributes />
        <category tag="Terminal" />
      </edge>
    </node>
    <node ID="1.11" type="FN">
      <attributes />
      <edge toID="0.9" type="Terminal">
        <attributes />
        <category tag="Terminal" />
      </edge>
    </node>
    <node ID="1.12" type="FN">
      <attributes />
      <edge toID="0.10" type="Terminal">
        <attributes />
        <category tag="Terminal" />
      </edge>
    </node>
    <node ID="1.13" type="FN">
      <attributes />
      <edge toID="0.11" type="Terminal">
        <attributes />
        <category tag="Terminal" />
      </edge>
    </node>
    <node ID="1.14" type="PNCT">
      <attributes />
      <edge toID="0.12" type="Terminal">
        <attributes />
        <category tag="Terminal" />
      </edge>
    </node>
    <node ID="1.15" type="FN">
      <attributes />
      <edge toID="0.4" type="Terminal">
        <attributes />
        <category tag="Terminal" />
      </edge>
    </node>
    <node ID="1.16" type="FN">
      <attributes />
      <edge toID="0.5" type="Terminal">
        <attributes />
        <category tag="Terminal" />
      </edge>
    </node>
  </layer>
</root>
