<root annotationID="0" passageID="821003">
  <attributes />
  <extra format="ucca" />
  <layer layerID="0">
    <attributes />
    <extra doc="[[[1692983299745037067, 1655312771067108281, 13656873538139661788, 94, 0, 2, 426, 1, 12204527652707022206, 9350754067018752509, 1692983299745037067], [6077427682057990751, 8004577259940138793, 17109001835818727656, 99, 0, 2, 445, 0, 13110060611322374290, 260667111241363922, 12182527387764416033], [411390626470654571, 411390626470654571, 164681854541413346, 85, 0, 2, 397, -1, 13110060611322374290, 15817570140490810055, 18139757808136603089], [2593208677638477497, 2593208677638477497, 2593208677638477497, 96, 0, 2, 442, -2, 2593208677638477497, 2593208677638477497, 2593208677638477497], [2112642640949226496, 2112642640949226496, 164681854541413346, 85, 0, 2, 397, -3, 13110060611322374290, 15369245168918225700, 18139757808136603089], [2593208677638477497, 2593208677638477497, 2593208677638477497, 96, 0, 2, 442, 5, 2593208677638477497, 2593208677638477497, 2593208677638477497], [2283656566040971221, 2283656566040971221, 17571114184892886314, 88, 0, 2, 404, 4, 4088098365541558500, 11901859001352538922, 2283656566040971221], [10957650314384693728, 10957650314384693728, 164681854541413346, 85, 0, 2, 397, 3, 13110060611322374290, 1720370409040345145, 18139757808136603089], [3002984154512732771, 3002984154512732771, 1292078113972184607, 84, 0, 2, 8110129090154140942, 2, 4370460163704169311, 5097672513440128799, 3002984154512732771], [1665682026658446649, 1665682026658446649, 10554686591937588953, 83, 0, 2, 399, 1, 13110060611322374290, 8861071527689086543, 15725212667919936108], [14696083008703089836, 14696083008703089836, 15308085513773655218, 91, 0, 2, 407, -9, 13110060611322374290, 16900879642891266615, 12182527387764416033], [12646065887601541794, 12646065887601541794, 12646065887601541794, 96, 0, 2, 442, -10, 12646065887601541794, 12646065887601541794, 12646065887601541794]]]" />
    <node ID="0.1" type="Word">
      <attributes paragraph="1" paragraph_position="1" text="He" />
      <extra dep="nsubj" ent_iob="2" ent_type="" head="1" lemma="he" orig_paragraph="1" orth="He" pos="PRON" prefix="H" shape="Xx" suffix="He" tag="PRP" />
    </node>
    <node ID="0.2" type="Word">
      <attributes paragraph="1" paragraph_position="2" text="went" />
      <extra dep="root" ent_iob="2" ent_type="" head="0" lemma="go" orig_paragraph="1" orth="went" pos="VERB" prefix="w" shape="xxxx" suffix="ent" tag="VBD" />
    </node>
    <node ID="0.3" type="Word">
      <attributes paragraph="1" paragraph_position="3" text="here" />
      <extra dep="advmod" ent_iob="2" ent_type="" head="-1" lemma="here" orig_paragraph="1" orth="here" pos="ADV" prefix="h" shape="xxxx" suffix="ere" tag="RB" />
    </node>
    <node ID="0.4" type="Punctuation">
      <attributes paragraph="1" paragraph_position="4" text="," />
      <extra dep="punct" ent_iob="2" ent_type="" head="-2" lemma="," orig_paragraph="1" orth="," pos="PUNCT" prefix="," shape="," suffix="," tag="," />
    </node>
    <node ID="0.5" type="Word">
      <attributes paragraph="1" paragraph_position="5" text="there" />
      <extra dep="advmod" ent_iob="2" ent_type="" head="-3" lemma="there" orig_paragraph="1" orth="there" pos="ADV" prefix="t" shape="xxxx" suffix="ere" tag="RB" />
    </node>
    <node ID="0.6" type="Punctuation">
      <attributes paragraph="1" paragraph_position="6" text="," />
      <extra dep="punct" ent_iob="2" ent_type="" head="5" lemma="," orig_paragraph="1" orth="," pos="PUNCT" prefix="," shape="," suffix="," tag="," />
    </node>
    <node ID="0.7" type="Word">
      <attributes paragraph="1" paragraph_position="7" text="and" />
      <extra dep="cc" ent_iob="2" ent_type="" head="4" lemma="and" orig_paragraph="1" orth="and" pos="CCONJ" prefix="a" shape="xxx" suffix="and" tag="CC" />
    </node>
    <node ID="0.8" type="Word">
      <attributes paragraph="1" paragraph_position="8" text="everywhere" />
      <extra dep="advmod" ent_iob="2" ent_type="" head="3" lemma="everywhere" orig_paragraph="1" orth="everywhere" pos="ADV" prefix="e" shape="xxxx" suffix="ere" tag="RB" />
    </node>
    <node ID="0.9" type="Word">
      <attributes paragraph="1" paragraph_position="9" text="in" />
      <extra dep="case" ent_iob="2" ent_type="" head="2" lemma="in" orig_paragraph="1" orth="in" pos="ADP" prefix="i" shape="xx" suffix="in" tag="IN" />
    </node>
    <node ID="0.10" type="Word">
      <attributes paragraph="1" paragraph_position="10" text="perfect" />
      <extra dep="amod" ent_iob="2" ent_type="" head="1" lemma="perfect" orig_paragraph="1" orth="perfect" pos="ADJ" prefix="p" shape="xxxx" suffix="ect" tag="JJ" />
    </node>
    <node ID="0.11" type="Word">
      <attributes paragraph="1" paragraph_position="11" text="contentment" />
      <extra dep="conj" ent_iob="2" ent_type="" head="-9" lemma="contentment" orig_paragraph="1" orth="contentment" pos="NOUN" prefix="c" shape="xxxx" suffix="ent" tag="NN" />
    </node>
    <node ID="0.12" type="Punctuation">
      <attributes paragraph="1" paragraph_position="12" text="." />
      <extra dep="punct" ent_iob="2" ent_type="" head="-10" lemma="." orig_paragraph="1" orth="." pos="PUNCT" prefix="." shape="." suffix="." tag="." />
    </node>
  </layer>
  <layer layerID="1">
    <attributes />
    <node ID="1.1" type="FN">
      <attributes />
      <edge toID="1.2" type="H">
        <attributes />
        <category tag="H" />
      </edge>
      <edge toID="1.3" type="U">
        <attributes />
        <category tag="U" />
      </edge>
      <edge toID="1.4" type="L">
        <attributes />
        <category tag="L" />
      </edge>
      <edge toID="1.5" type="U">
        <attributes />
        <category tag="U" />
      </edge>
      <edge toID="1.6" type="L">
        <attributes />
        <category tag="L" />
      </edge>
      <edge toID="1.7" type="H">
        <attributes />
        <category tag="H" />
      </edge>
    </node>
    <node ID="1.2" type="FN">
      <attributes />
      <edge toID="1.8" type="A">
        <attributes />
        <category tag="A" />
      </edge>
      <edge toID="1.9" type="P">
        <attributes />
        <category tag="P" />
      </edge>
      <edge toID="1.10" type="A">
        <attributes />
        <category tag="A" />
      </edge>
    </node>
    <node ID="1.3" type="PNCT">
      <attributes />
      <edge toID="0.4" type="Terminal">
        <attributes />
        <category tag="Terminal" />
      </edge>
    </node>
    <node ID="1.4" type="FN">
      <attributes />
      <edge toID="0.5" type="Terminal">
        <attributes />
        <category tag="Terminal" />
      </edge>
    </node>
    <node ID="1.5" type="PNCT">
      <attributes />
      <edge toID="0.6" type="Terminal">
        <attributes />
        <category tag="Terminal" />
      </edge>
    </node>
    <node ID="1.6" type="FN">
      <attributes />
      <edge toID="0.7" type="Terminal">
        <attributes />
        <category tag="Terminal" />
      </edge>
    </node>
    <node ID="1.7" type="FN">
      <attributes />
      <edge toID="1.8" type="A">
        <attributes remote="True" />
        <category tag="A" />
      </edge>
      <edge toID="1.11" type="P">
        <attributes />
        <category tag="P" />
      </edge>
      <edge toID="1.12" type="A">
        <attributes />
        <category tag="A" />
      </edge>
    </node>
    <node ID="1.8" type="FN">
      <attributes />
      <edge toID="0.1" type="Terminal">
        <attributes />
        <category tag="Terminal" />
      </edge>
    </node>
    <node ID="1.9" type="FN">
      <attributes />
      <edge toID="0.2" type="Terminal">
        <attributes />
        <category tag="Terminal" />
      </edge>
    </node>
    <node ID="1.10" type="FN">
      <attributes />
      <edge toID="0.3" type="Terminal">
        <attributes />
        <category tag="Terminal" />
      </edge>
    </node>
    <node ID="1.11" type="FN">
      <attributes />
      <edge toID="0.8" type="Terminal">
        <attributes />
        <category tag="Terminal" />
      </edge>
    </node>
    <node ID="1.12" type="FN">
      <attributes />
      <edge toID="1.13" type="R">
        <attributes />
        <category tag="R" />
      </edge>
      <edge toID="1.14" type="E">
        <attributes />
        <category tag="E" />
      </edge>
      <edge toID="1.15" type="C">
        <attributes />
        <category tag="C" />
      </edge>
      <edge toID="1.16" type="U">
        <attributes />
        <category tag="U" />
      </edge>
    </node>
    <node ID="1.13" type="FN">
      <attributes />
      <edge toID="0.9" type="Terminal">
        <attributes />
        <category tag="Terminal" />
      </edge>
    </node>
    <node ID="1.14" type="FN">
      <attributes />
      <edge toID="0.10" type="Terminal">
        <attributes />
        <category tag="Terminal" />
      </edge>
    </node>
    <node ID="1.15" type="FN">
      <attributes />
      <edge toID="0.11" type="Terminal">
        <attributes />
        <category tag="Terminal" />
      </edge>
    </node>
    <node ID="1.16" type="PNCT">
      <attributes />
      <edge toID="0.12" type="Terminal">
        <attributes />
        <category tag="Terminal" />
      </edge>
    </node>
  </layer>
</root>
