<root annotationID="0" passageID="825000">
  <attributes />
  <extra format="ucca" />
  <layer layerID="0">
    <attributes />
    <extra doc="[[[7831192797367251337, 3791531372978436496, 5595707737748328492, 93, 0, 2, 420, 2, 12204527652707022206, 5582244037879929967, 7831192797367251337], [10382539506755952630, 10382539506755952630, 14200088355797579614, 86, 0, 2, 408, 1, 4370460163704169311, 15598372446745583797, 10382539506755952630], [2985827712170516640, 2985827712170516640, 10554686591937588953, 83, 0, 2, 396, 3, 13110060611322374290, 16978132545290669629, 8717530836033822417], [2593208677638477497, 2593208677638477497, 2593208677638477497, 96, 0, 2, 442, 2, 2593208677638477497, 2593208677638477497, 2593208677638477497], [4690420944186131903, 4690420944186131903, 13656873538139661788, 94, 0, 2, 426, 1, 100, 4690420944186131903, 4690420944186131903], [12960022596163002503, 14692702688101715474, 17109001835818727656, 99, 0, 2, 445, 0, 4088098365541558500, 15817570140490810055, 12960022596163002503], [3390575192292492200, 3390575192292492200, 15308085513773655218, 91, 0, 2, 431, -1, 13110060611322374290, 16900879642891266615, 14431812100313486463], [3002984154512732771, 3002984154512732771, 1292078113972184607, 84, 0, 2, 8110129090154140942, 3, 4370460163704169311, 5097672513440128799, 3002984154512732771], [1995909169258310477, 1995909169258310477, 15267657372422890137, 89, 0, 2, 412, 2, 13110060611322374290, 15369245168918225700, 2661093235354845946], [6650006904437688127, 6650006904437688127, 10554686591937588953, 83, 0, 2, 399, 1, 13110060611322374290, 8148669997605808657, 14814004474743358178], [122979726664442365, 122979726664442365, 15308085513773655218, 91, 0, 2, 432, -5, 4088098365541558500, 2985121464356781022, 122979726664442365], [12646065887601541794, 12646065887601541794, 12646065887601541794, 96, 0, 2, 442, -6, 12646065887601541794, 12646065887601541794, 12646065887601541794]]]" />
    <node ID="0.1" type="Word">
      <attributes paragraph="1" paragraph_position="1" text="To" />
      <extra dep="mark" ent_iob="2" ent_type="" head="2" lemma="to" orig_paragraph="1" orth="To" pos="PART" prefix="T" shape="Xx" suffix="To" tag="TO" />
    </node>
    <node ID="0.2" type="Word">
      <attributes paragraph="1" paragraph_position="2" text="be" />
      <extra dep="cop" ent_iob="2" ent_type="" head="1" lemma="be" orig_paragraph="1" orth="be" pos="AUX" prefix="b" shape="xx" suffix="be" tag="VB" />
    </node>
    <node ID="0.3" type="Word">
      <attributes paragraph="1" paragraph_position="3" text="sure" />
      <extra dep="advcl" ent_iob="2" ent_type="" head="3" lemma="sure" orig_paragraph="1" orth="sure" pos="ADJ" prefix="s" shape="xxxx" suffix="ure" tag="JJ" />
    </node>
    <node ID="0.4" type="Punctuation">
      <attributes paragraph="1" paragraph_position="4" text="," />
      <extra dep="punct" ent_iob="2" ent_type="" head="2" lemma="," orig_paragraph="1" orth="," pos="PUNCT" prefix="," shape="," suffix="," tag="," />
    </node>
    <node ID="0.5" type="Word">
      <attributes paragraph="1" paragraph_position="5" text="I" />
      <extra dep="nsubj" ent_iob="2" ent_type="" head="1" lemma="I" orig_paragraph="1" orth="I" pos="PRON" prefix="I" shape="X" suffix="I" tag="PRP" />
    </node>
    <node ID="0.6" type="Word">
      <attributes paragraph="1" paragraph_position="6" text="had" />
      <extra dep="root" ent_iob="2" ent_type="" head="0" lemma="have" orig_paragraph="1" orth="had" pos="VERB" prefix="h" shape="xxx" suffix="had" tag="VBD" />
    </node>
    <node ID="0.7" type="Word">
      <attributes paragraph="1" paragraph_position="7" text="confidence" />
      <extra dep="obj" ent_iob="2" ent_type="" head="-1" lemma="confidence" orig_paragraph="1" orth="confidence" pos="NOUN" prefix="c" shape="xxxx" suffix="nce" tag="NN" />
    </node>
    <node ID="0.8" type="Word">
      <attributes paragraph="1" paragraph_position="8" text="in" />
      <extra dep="case" ent_iob="2" ent_type="" head="3" lemma="in" orig_paragraph="1" orth="in" pos="ADP" prefix="i" shape="xx" suffix="in" tag="IN" />
    </node>
    <node ID="0.9" type="Word">
      <attributes paragraph="1" paragraph_position="9" text="this" />
      <extra dep="det" ent_iob="2" ent_type="" head="2" lemma="this" orig_paragraph="1" orth="this" pos="DET" prefix="t" shape="xxxx" suffix="his" tag="DT" />
    </node>
    <node ID="0.10" type="Word">
      <attributes paragraph="1" paragraph_position="10" text="devoted" />
      <extra dep="amod" ent_iob="2" ent_type="" head="1" lemma="devoted" orig_paragraph="1" orth="devoted" pos="ADJ" prefix="d" shape="xxxx" suffix="ted" tag="JJ" />
    </node>
    <node ID="0.11" type="Word">
      <attributes paragraph="1" paragraph_position="11" text="lad" />
      <extra dep="obl" ent_iob="2" ent_type="" head="-5" lemma="lad" orig_paragraph="1" orth="lad" pos="NOUN" prefix="l" shape="xxx" suffix="lad" tag="NN" />
    </node>
    <node ID="0.12" type="Punctuation">
      <attributes paragraph="1" paragraph_position="12" text="." />
      <extra dep="punct" ent_iob="2" ent_type="" head="-6" lemma="." orig_paragraph="1" orth="." pos="PUNCT" prefix="." shape="." suffix="." tag="." />
    </node>
  </layer>
  <layer layerID="1">
    <attributes />
    <node ID="1.1" type="FN">
      <attributes />
      <edge toID="1.2" type="L">
        <attributes />
        <category tag="L" />
      </edge>
      <edge toID="1.3" type="H">
        <attributes />
        <category tag="H" />
      </edge>
      <edge toID="1.4" type="U">
        <attributes />
        <category tag="U" />
      </edge>
      <edge toID="1.5" type="H">
        <attributes />
        <category tag="H" />
      </edge>
    </node>
    <node ID="1.2" type="FN">
      <attributes />
      <edge toID="0.1" type="Terminal">
        <attributes />
        <category tag="Terminal" />
      </edge>
    </node>
    <node ID="1.3" type="FN">
      <attributes />
      <edge toID="1.6" type="F">
        <attributes />
        <category tag="F" />
      </edge>
      <edge toID="1.7" type="P">
        <attributes />
        <category tag="P" />
      </edge>
    </node>
    <node ID="1.4" type="PNCT">
      <attributes />
      <edge toID="0.4" type="Terminal">
        <attributes />
        <category tag="Terminal" />
      </edge>
    </node>
    <node ID="1.5" type="FN">
      <attributes />
      <edge toID="1.8" type="A">
        <attributes />
        <category tag="A" />
      </edge>
      <edge toID="1.9" type="F">
        <attributes />
        <category tag="F" />
      </edge>
      <edge toID="1.10" type="P">
        <attributes />
        <category tag="P" />
      </edge>
      <edge toID="1.11" type="A">
        <attributes />
        <category tag="A" />
      </edge>
    </node>
    <node ID="1.6" type="FN">
      <attributes />
      <edge toID="0.2" type="Terminal">
        <attributes />
        <category tag="Terminal" />
      </edge>
    </node>
    <node ID="1.7" type="FN">
      <attributes />
      <edge toID="0.3" type="Terminal">
        <attributes />
        <category tag="Terminal" />
      </edge>
    </node>
    <node ID="1.8" type="FN">
      <attributes />
      <edge toID="0.5" type="Terminal">
        <attributes />
        <category tag="Terminal" />
      </edge>
    </node>
    <node ID="1.9" type="FN">
      <attributes />
      <edge toID="0.6" type="Terminal">
        <attributes />
        <category tag="Terminal" />
      </edge>
    </node>
    <node ID="1.10" type="FN">
      <attributes />
      <edge toID="0.7" type="Terminal">
        <attributes />
        <category tag="Terminal" />
      </edge>
    </node>
    <node ID="1.11" type="FN">
      <attributes />
      <edge toID="1.12" type="R">
        <attributes />
        <category tag="R" />
      </edge>
      <edge toID="1.13" type="E">
        <attributes />
        <category tag="E" />
      </edge>
      <edge toID="1.14" type="E">
        <attributes />
        <category tag="E" />
      </edge>
      <edge toID="1.15" type="C">
        <attributes />
        <category tag="C" />
      </edge>
      <edge toID="1.16" type="U">
        <attributes />
        <category tag="U" />
      </edge>
    </node>
    <node ID="1.12" type="FN">
      <attributes />
      <edge toID="0.8" type="Terminal">
        <attributes />
        <category tag="Terminal" />
      </edge>
    </node>
    <node ID="1.13" type="FN">
      <attributes />
      <edge toID="0.9" type="Terminal">
        <attributes />
        <category tag="Terminal" />
      </edge>
    </node>
    <node ID="1.14" type="FN">
      <attributes />
      <edge toID="0.10" type="Terminal">
        <attributes />
        <category tag="Terminal" />
      </edge>
    </node>
    <node ID="1.15" type="FN">
      <attributes />
      <edge toID="0.11" type="Terminal">
        <attributes />
        <category tag="Terminal" />
      </edge>
    </node>
    <node ID="1.16" type="PNCT">
      <attributes />
      <edge toID="0.12" type="Terminal">
        <attributes />
        <category tag="Terminal" />
      </edge>
    </node>
  </layer>
</root>
