<root annotationID="0" passageID="841002">
  <attributes />
  <extra format="ucca" />
  <layer layerID="0">
    <attributes />
    <extra doc="[[[15884554869126768810, 15884554869126768810, 4969857429396651903, 96, 0, 2, 442, 1, 15884554869126768810, 15884554869126768810, 15884554869126768810], [5927671249132274586, 8004577259940138793, 14200088355797579614, 99, 0, 2, 445, 0, 12204527652707022206, 16829822105563051112, 5927671249132274586], [10555556397075732372, 10555556397075732372, 164681854541413346, 85, 0, 2, 397, -1, 13110060611322374290, 11901859001352538922, 15650869774315047599], [2593208677638477497, 2593208677638477497, 2593208677638477497, 96, 0, 2, 442, -2, 2593208677638477497, 2593208677638477497, 2593208677638477497], [2630753287402592467, 2630753287402592467, 164681854541413346, 85, 0, 2, 397, -3, 13110060611322374290, 15369245168918225700, 17541118948136595177], [17494803046312582752, 17494803046312582752, 12646065887601541794, 96, 0, 2, 442, -4, 17494803046312582752, 17494803046312582752, 17494803046312582752], [15884554869126768810, 15884554869126768810, 14143520107006108953, 96, 0, 2, 442, 2, 15884554869126768810, 15884554869126768810, 15884554869126768810], [728374653950436971, 728374653950436971, 15794550382381185553, 95, 0, 2, 7037928807040764755, 1, 16072095006890171862, 149303876845869574, 9250722957692387333], [9274138091069644585, 9274138091069644585, 15794550382381185553, 95, 378, 3, 426, 1, 16072095006890171862, 9148987913859918431, 17021070238844273573], [3125235652374451650, 14229572451745258962, 17109001835818727656, 99, 0, 2, 433, -8, 13110060611322374290, 16900879642891266615, 5121906190925376702], [12646065887601541794, 12646065887601541794, 12646065887601541794, 96, 0, 2, 442, -9, 12646065887601541794, 12646065887601541794, 12646065887601541794]]]" />
    <node ID="0.1" type="Punctuation">
      <attributes paragraph="1" paragraph_position="1" text="&quot;" />
      <extra dep="punct" ent_iob="2" ent_type="" head="1" lemma="&quot;" orig_paragraph="1" orth="&quot;" pos="PUNCT" prefix="&quot;" shape="&quot;" suffix="&quot;" tag="``" />
    </node>
    <node ID="0.2" type="Word">
      <attributes paragraph="1" paragraph_position="2" text="Go" />
      <extra dep="root" ent_iob="2" ent_type="" head="0" lemma="go" orig_paragraph="1" orth="Go" pos="VERB" prefix="G" shape="Xx" suffix="Go" tag="VB" />
    </node>
    <node ID="0.3" type="Word">
      <attributes paragraph="1" paragraph_position="3" text="ahead" />
      <extra dep="advmod" ent_iob="2" ent_type="" head="-1" lemma="ahead" orig_paragraph="1" orth="ahead" pos="ADV" prefix="a" shape="xxxx" suffix="ead" tag="RB" />
    </node>
    <node ID="0.4" type="Punctuation">
      <attributes paragraph="1" paragraph_position="4" text="," />
      <extra dep="punct" ent_iob="2" ent_type="" head="-2" lemma="," orig_paragraph="1" orth="," pos="PUNCT" prefix="," shape="," suffix="," tag="," />
    </node>
    <node ID="0.5" type="Word">
      <attributes paragraph="1" paragraph_position="5" text="then" />
      <extra dep="advmod" ent_iob="2" ent_type="" head="-3" lemma="then" orig_paragraph="1" orth="then" pos="ADV" prefix="t" shape="xxxx" suffix="hen" tag="RB" />
    </node>
    <node ID="0.6" type="Punctuation">
      <attributes paragraph="1" paragraph_position="6" text="!" />
      <extra dep="punct" ent_iob="2" ent_type="" head="-4" lemma="!" orig_paragraph="1" orth="!" pos="PUNCT" prefix="!" shape="!" suffix="!" tag="." />
    </node>
    <node ID="0.7" type="Punctuation">
      <attributes paragraph="1" paragraph_position="7" text="&quot;" />
      <extra dep="punct" ent_iob="2" ent_type="" head="2" lemma="&quot;" orig_paragraph="1" orth="&quot;" pos="PUNCT" prefix="&quot;" shape="&quot;" suffix="&quot;" tag="''" />
    </node>
    <node ID="0.8" type="Word">
      <attributes paragraph="1" paragraph_position="8" text="Commander" />
      <extra dep="compound" ent_iob="2" ent_type="" head="1" lemma="Commander" orig_paragraph="1" orth="Commander" pos="PROPN" prefix="C" shape="Xxxxx" suffix="der" tag="NNP" />
    </node>
    <node ID="0.9" type="Word">
      <attributes paragraph="1" paragraph_position="9" text="Farragut" />
      <extra dep="nsubj" ent_iob="3" ent_type="PERSON" head="1" lemma="Farragut" orig_paragraph="1" orth="Farragut" pos="PROPN" prefix="F" shape="Xxxxx" suffix="gut" tag="NNP" />
    </node>
    <node ID="0.10" type="Word">
      <attributes paragraph="1" paragraph_position="10" text="called" />
      <extra dep="parataxis" ent_iob="2" ent_type="" head="-8" lemma="call" orig_paragraph="1" orth="called" pos="VERB" prefix="c" shape="xxxx" suffix="led" tag="VBD" />
    </node>
    <node ID="0.11" type="Punctuation">
      <attributes paragraph="1" paragraph_position="11" text="." />
      <extra dep="punct" ent_iob="2" ent_type="" head="-9" lemma="." orig_paragraph="1" orth="." pos="PUNCT" prefix="." shape="." suffix="." tag="." />
    </node>
  </layer>
  <layer layerID="1">
    <attributes />
    <node ID="1.1" type="FN">
      <attributes />
      <edge toID="1.2" type="U">
        <attributes />
        <category tag="U" />
      </edge>
      <edge toID="1.3" type="H">
        <attributes />
        <category tag="H" />
      </edge>
    </node>
    <node ID="1.2" type="PNCT">
      <attributes />
      <edge toID="0.1" type="Terminal">
        <attributes />
        <category tag="Terminal" />
      </edge>
    </node>
    <node ID="1.3" type="FN">
      <attributes />
      <edge toID="1.4" type="A">
        <attributes />
        <category tag="A" />
      </edge>
      <edge toID="1.5" type="U">
        <attributes />
        <category tag="U" />
      </edge>
      <edge toID="1.6" type="D">
        <attributes />
        <category tag="D" />
      </edge>
    </node>
    <node ID="1.4" type="FN">
      <attributes />
      <edge toID="1.7" type="C">
        <attributes />
        <category tag="C" />
      </edge>
      <edge toID="1.8" type="U">
        <attributes />
        <category tag="U" />
      </edge>
      <edge toID="1.9" type="U">
        <attributes />
        <category tag="U" />
      </edge>
      <edge toID="1.10" type="E">
        <attributes />
        <category tag="E" />
      </edge>
    </node>
    <node ID="1.5" type="PNCT">
      <attributes />
      <edge toID="0.4" type="Terminal">
        <attributes />
        <category tag="Terminal" />
      </edge>
    </node>
    <node ID="1.6" type="FN">
      <attributes />
      <edge toID="0.5" type="Terminal">
        <attributes />
        <category tag="Terminal" />
      </edge>
    </node>
    <node ID="1.7" type="FN">
      <attributes />
      <edge toID="0.2" type="Terminal">
        <attributes />
        <category tag="Terminal" />
      </edge>
      <edge toID="0.3" type="Terminal">
        <attributes />
        <category tag="Terminal" />
      </edge>
    </node>
    <node ID="1.8" type="PNCT">
      <attributes />
      <edge toID="0.6" type="Terminal">
        <attributes />
        <category tag="Terminal" />
      </edge>
    </node>
    <node ID="1.9" type="PNCT">
      <attributes />
      <edge toID="0.7" type="Terminal">
        <attributes />
        <category tag="Terminal" />
      </edge>
    </node>
    <node ID="1.10" type="FN">
      <attributes />
      <edge toID="1.11" type="A">
        <attributes />
        <category tag="A" />
      </edge>
      <edge toID="1.12" type="P">
        <attributes />
        <category tag="P" />
      </edge>
      <edge toID="1.13" type="U">
        <attributes />
        <category tag="U" />
      </edge>
    </node>
    <node ID="1.11" type="FN">
      <attributes />
      <edge toID="0.8" type="Terminal">
        <attributes />
        <category tag="Terminal" />
      </edge>
      <edge toID="0.9" type="Terminal">
        <attributes />
        <category tag="Terminal" />
      </edge>
    </node>
    <node ID="1.12" type="FN">
      <attributes />
      <edge toID="0.10" type="Terminal">
        <attributes />
        <category tag="Terminal" />
      </edge>
    </node>
    <node ID="1.13" type="PNCT">
      <attributes />
      <edge toID="0.11" type="Terminal">
        <attributes />
        <category tag="Terminal" />
      </edge>
    </node>
  </layer>
</root>
