<root annotationID="0" passageID="884001">
  <attributes />
  <extra format="ucca" />
  <layer layerID="0">
    <attributes />
    <extra doc="[[[9692231336188541085, 13055779130471031426, 15267657372422890137, 89, 0, 2, 412, 2, 12204527652707022206, 10850957288794122991, 9692231336188541085], [1825123817004345774, 1825123817004345774, 15308085513773655218, 91, 0, 2, 7037928807040764755, 1, 13110060611322374290, 260667111241363922, 7679303661980345986], [2023660552448857806, 2023660552448857806, 15308085513773655218, 91, 0, 2, 426, 5, 13110060611322374290, 2482183445564601373, 17784687225005706663], [7494117911267222209, 7494117911267222209, 16235386156175103506, 86, 0, 2, 402, 4, 13110060611322374290, 16900879642891266615, 17438164932492296010], [14692702688101715474, 14692702688101715474, 14200088355797579614, 86, 0, 2, 402, 3, 13110060611322374290, 15817570140490810055, 13891979019686982531], [12517269084653561647, 10382539506755952630, 3822385049556375858, 86, 0, 2, 408, 2, 13110060611322374290, 15598372446745583797, 11571764995849485429], [13468287115010965206, 13468287115010965206, 1895579588947004264, 85, 0, 2, 397, 1, 13110060611322374290, 15598372446745583797, 16111258787187009011], [2774851788746356119, 2774851788746356119, 10554686591937588953, 83, 0, 2, 445, 0, 13110060611322374290, 11901859001352538922, 14009161575225144129], [12646065887601541794, 12646065887601541794, 12646065887601541794, 96, 0, 2, 442, -1, 12646065887601541794, 12646065887601541794, 12646065887601541794]]]" />
    <node ID="0.1" type="Word">
      <attributes paragraph="1" paragraph_position="1" text="No" />
      <extra dep="det" ent_iob="2" ent_type="" head="2" lemma="no" orig_paragraph="1" orth="No" pos="DET" prefix="N" shape="Xx" suffix="No" tag="DT" />
    </node>
    <node ID="0.2" type="Word">
      <attributes paragraph="1" paragraph_position="2" text="whaling" />
      <extra dep="compound" ent_iob="2" ent_type="" head="1" lemma="whaling" orig_paragraph="1" orth="whaling" pos="NOUN" prefix="w" shape="xxxx" suffix="ing" tag="NN" />
    </node>
    <node ID="0.3" type="Word">
      <attributes paragraph="1" paragraph_position="3" text="vessel" />
      <extra dep="nsubj" ent_iob="2" ent_type="" head="5" lemma="vessel" orig_paragraph="1" orth="vessel" pos="NOUN" prefix="v" shape="xxxx" suffix="sel" tag="NN" />
    </node>
    <node ID="0.4" type="Word">
      <attributes paragraph="1" paragraph_position="4" text="could" />
      <extra dep="aux" ent_iob="2" ent_type="" head="4" lemma="could" orig_paragraph="1" orth="could" pos="AUX" prefix="c" shape="xxxx" suffix="uld" tag="MD" />
    </node>
    <node ID="0.5" type="Word">
      <attributes paragraph="1" paragraph_position="5" text="have" />
      <extra dep="aux" ent_iob="2" ent_type="" head="3" lemma="have" orig_paragraph="1" orth="have" pos="AUX" prefix="h" shape="xxxx" suffix="ave" tag="VB" />
    </node>
    <node ID="0.6" type="Word">
      <attributes paragraph="1" paragraph_position="6" text="been" />
      <extra dep="cop" ent_iob="2" ent_type="" head="2" lemma="be" orig_paragraph="1" orth="been" pos="AUX" prefix="b" shape="xxxx" suffix="een" tag="VBN" />
    </node>
    <node ID="0.7" type="Word">
      <attributes paragraph="1" paragraph_position="7" text="better" />
      <extra dep="advmod" ent_iob="2" ent_type="" head="1" lemma="better" orig_paragraph="1" orth="better" pos="ADV" prefix="b" shape="xxxx" suffix="ter" tag="RBR" />
    </node>
    <node ID="0.8" type="Word">
      <attributes paragraph="1" paragraph_position="8" text="armed" />
      <extra dep="root" ent_iob="2" ent_type="" head="-2" lemma="armed" orig_paragraph="1" orth="armed" pos="ADJ" prefix="a" shape="xxxx" suffix="med" tag="JJ" />
    </node>
    <node ID="0.9" type="Punctuation">
      <attributes paragraph="1" paragraph_position="9" text="." />
      <extra dep="punct" ent_iob="2" ent_type="" head="-1" lemma="." orig_paragraph="1" orth="." pos="PUNCT" prefix="." shape="." suffix="." tag="." />
    </node>
  </layer>
  <layer layerID="1">
    <attributes />
    <node ID="1.1" type="FN">
      <attributes />
      <edge toID="1.2" type="H">
        <attributes />
        <category tag="H" />
      </edge>
    </node>
    <node ID="1.2" type="FN">
      <attributes />
      <edge toID="1.3" type="A">
        <attributes />
        <category tag="A" />
      </edge>
      <edge toID="1.4" type="D">
        <attributes />
        <category tag="D" />
      </edge>
      <edge toID="1.5" type="F">
        <attributes />
        <category tag="F" />
      </edge>
      <edge toID="1.6" type="F">
        <attributes />
        <category tag="F" />
      </edge>
      <edge toID="1.7" type="D">
        <attributes />
        <category tag="D" />
      </edge>
      <edge toID="1.8" type="P">
        <attributes />
        <category tag="P" />
      </edge>
      <edge toID="1.9" type="U">
        <attributes />
        <category tag="U" />
      </edge>
    </node>
    <node ID="1.3" type="FN">
      <attributes />
      <edge toID="1.10" type="E">
        <attributes />
        <category tag="E" />
      </edge>
      <edge toID="1.11" type="E">
        <attributes />
        <category tag="E" />
      </edge>
      <edge toID="1.12" type="C">
        <attributes />
        <category tag="C" />
      </edge>
    </node>
    <node ID="1.4" type="FN">
      <attributes />
      <edge toID="0.4" type="Terminal">
        <attributes />
        <category tag="Terminal" />
      </edge>
    </node>
    <node ID="1.5" type="FN">
      <attributes />
      <edge toID="0.5" type="Terminal">
        <attributes />
        <category tag="Terminal" />
      </edge>
    </node>
    <node ID="1.6" type="FN">
      <attributes />
      <edge toID="0.6" type="Terminal">
        <attributes />
        <category tag="Terminal" />
      </edge>
    </node>
    <node ID="1.7" type="FN">
      <attributes />
      <edge toID="0.7" type="Terminal">
        <attributes />
        <category tag="Terminal" />
      </edge>
    </node>
    <node ID="1.8" type="FN">
      <attributes />
      <edge toID="0.8" type="Terminal">
        <attributes />
        <category tag="Terminal" />
      </edge>
    </node>
    <node ID="1.9" type="PNCT">
      <attributes />
      <edge toID="0.9" type="Terminal">
        <attributes />
        <category tag="Terminal" />
      </edge>
    </node>
    <node ID="1.10" type="FN">
      <attributes />
      <edge toID="0.1" type="Terminal">
        <attributes />
        <category tag="Terminal" />
      </edge>
    </node>
    <node ID="1.11" type="FN">
      <attributes />
      <edge toID="0.2" type="Terminal">
        <attributes />
        <category tag="Terminal" />
      </edge>
    </node>
    <node ID="1.12" type="FN">
      <attributes />
      <edge toID="0.3" type="Terminal">
        <attributes />
        <category tag="Terminal" />
      </edge>
    </node>
  </layer>
</root>
