<root annotationID="0" passageID="889001">
  <attributes />
  <extra format="ucca" />
  <layer layerID="0">
    <attributes />
    <extra doc="[[[9692231336188541085, 13055779130471031426, 164681854541413346, 85, 0, 2, 397, 1, 12204527652707022206, 10850957288794122991, 9692231336188541085], [11812978114191343804, 11812978114191343804, 164681854541413346, 85, 0, 2, 397, 4, 13110060611322374290, 8148669997605808657, 4744452045869752572], [10239237003504588839, 10239237003504588839, 13656873538139661788, 94, 0, 2, 414, 3, 4370460163704169311, 5097672513440128799, 10239237003504588839], [9921686513378912864, 10382539506755952630, 17109001835818727656, 86, 0, 2, 408, 2, 4088098365541558500, 260667111241363922, 9921686513378912864], [227504873216781231, 227504873216781231, 4062917326063685704, 94, 0, 2, 1227985075839834553, 1, 4370460163704169311, 646772771845179972, 227504873216781231], [5338320342584321462, 5338320342584321462, 15308085513773655218, 91, 0, 2, 445, 0, 13110060611322374290, 13210364986222294696, 18073403844224381957], [4380130941430378203, 4380130941430378203, 17202369883303991778, 94, 0, 2, 426, 1, 13110060611322374290, 15369245168918225700, 14949295185858420483], [7461679053446107106, 9173117239492427638, 17109001835818727656, 99, 0, 2, 6025759613719693942, -2, 13110060611322374290, 11901859001352538922, 14814004474743358178], [1739263527992748485, 1655312771067108281, 13656873538139661788, 94, 0, 2, 431, -1, 4088098365541558500, 15817570140490810055, 1739263527992748485], [12646065887601541794, 12646065887601541794, 12646065887601541794, 96, 0, 2, 442, -4, 12646065887601541794, 12646065887601541794, 12646065887601541794]]]" />
    <node ID="0.1" type="Word">
      <attributes paragraph="1" paragraph_position="1" text="No" />
      <extra dep="advmod" ent_iob="2" ent_type="" head="1" lemma="no" orig_paragraph="1" orth="No" pos="ADV" prefix="N" shape="Xx" suffix="No" tag="RB" />
    </node>
    <node ID="0.2" type="Word">
      <attributes paragraph="1" paragraph_position="2" text="doubt" />
      <extra dep="advmod" ent_iob="2" ent_type="" head="4" lemma="doubt" orig_paragraph="1" orth="doubt" pos="ADV" prefix="d" shape="xxxx" suffix="ubt" tag="RB" />
    </node>
    <node ID="0.3" type="Word">
      <attributes paragraph="1" paragraph_position="3" text="it" />
      <extra dep="expl" ent_iob="2" ent_type="" head="3" lemma="it" orig_paragraph="1" orth="it" pos="PRON" prefix="i" shape="xx" suffix="it" tag="PRP" />
    </node>
    <node ID="0.4" type="Word">
      <attributes paragraph="1" paragraph_position="4" text="was" />
      <extra dep="cop" ent_iob="2" ent_type="" head="2" lemma="be" orig_paragraph="1" orth="was" pos="AUX" prefix="w" shape="xxx" suffix="was" tag="VBD" />
    </node>
    <node ID="0.5" type="Word">
      <attributes paragraph="1" paragraph_position="5" text="my" />
      <extra dep="nmod:poss" ent_iob="2" ent_type="" head="1" lemma="my" orig_paragraph="1" orth="my" pos="PRON" prefix="m" shape="xx" suffix="my" tag="PRP$" />
    </node>
    <node ID="0.6" type="Word">
      <attributes paragraph="1" paragraph_position="6" text="nationality" />
      <extra dep="root" ent_iob="2" ent_type="" head="-2" lemma="nationality" orig_paragraph="1" orth="nationality" pos="NOUN" prefix="n" shape="xxxx" suffix="ity" tag="NN" />
    </node>
    <node ID="0.7" type="Word">
      <attributes paragraph="1" paragraph_position="7" text="that" />
      <extra dep="nsubj" ent_iob="2" ent_type="" head="1" lemma="that" orig_paragraph="1" orth="that" pos="PRON" prefix="t" shape="xxxx" suffix="hat" tag="WDT" />
    </node>
    <node ID="0.8" type="Word">
      <attributes paragraph="1" paragraph_position="8" text="attracted" />
      <extra dep="acl:relcl" ent_iob="2" ent_type="" head="-2" lemma="attract" orig_paragraph="1" orth="attracted" pos="VERB" prefix="a" shape="xxxx" suffix="ted" tag="VBD" />
    </node>
    <node ID="0.9" type="Word">
      <attributes paragraph="1" paragraph_position="9" text="him" />
      <extra dep="obj" ent_iob="2" ent_type="" head="-1" lemma="he" orig_paragraph="1" orth="him" pos="PRON" prefix="h" shape="xxx" suffix="him" tag="PRP" />
    </node>
    <node ID="0.10" type="Punctuation">
      <attributes paragraph="1" paragraph_position="10" text="." />
      <extra dep="punct" ent_iob="2" ent_type="" head="-4" lemma="." orig_paragraph="1" orth="." pos="PUNCT" prefix="." shape="." suffix="." tag="." />
    </node>
  </layer>
  <layer layerID="1">
    <attributes />
    <node ID="1.1" type="FN">
      <attributes />
      <edge toID="1.2" type="H">
        <attributes />
        <category tag="H" />
      </edge>
    </node>
    <node ID="1.2" type="FN">
      <attributes />
      <edge toID="1.3" type="D">
        <attributes />
        <category tag="D" />
      </edge>
      <edge toID="1.4" type="A">
        <attributes />
        <category tag="A" />
      </edge>
      <edge toID="1.5" type="S">
        <attributes />
        <category tag="S" />
      </edge>
      <edge toID="1.6" type="A">
        <attributes />
        <category tag="A" />
      </edge>
    </node>
    <node ID="1.3" type="FN">
      <attributes />
      <edge toID="1.7" type="E">
        <attributes />
        <category tag="E" />
      </edge>
      <edge toID="1.8" type="C">
        <attributes />
        <category tag="C" />
      </edge>
    </node>
    <node ID="1.4" type="FN">
      <attributes />
      <edge toID="0.3" type="Terminal">
        <attributes />
        <category tag="Terminal" />
      </edge>
    </node>
    <node ID="1.5" type="FN">
      <attributes />
      <edge toID="0.4" type="Terminal">
        <attributes />
        <category tag="Terminal" />
      </edge>
    </node>
    <node ID="1.6" type="FN">
      <attributes />
      <edge toID="1.9" type="E">
        <attributes />
        <category tag="E" />
      </edge>
      <edge toID="1.10" type="E">
        <attributes />
        <category tag="E" />
      </edge>
      <edge toID="1.11" type="C">
        <attributes />
        <category tag="C" />
      </edge>
    </node>
    <node ID="1.7" type="FN">
      <attributes />
      <edge toID="0.1" type="Terminal">
        <attributes />
        <category tag="Terminal" />
      </edge>
    </node>
    <node ID="1.8" type="FN">
      <attributes />
      <edge toID="0.2" type="Terminal">
        <attributes />
        <category tag="Terminal" />
      </edge>
    </node>
    <node ID="1.9" type="FN">
      <attributes />
      <edge toID="0.5" type="Terminal">
        <attributes />
        <category tag="Terminal" />
      </edge>
    </node>
    <node ID="1.10" type="FN">
      <attributes />
      <edge toID="1.11" type="A">
        <attributes remote="True" />
        <category tag="A" />
      </edge>
      <edge toID="1.12" type="F">
        <attributes />
        <category tag="F" />
      </edge>
      <edge toID="1.13" type="P">
        <attributes />
        <category tag="P" />
      </edge>
      <edge toID="1.14" type="A">
        <attributes />
        <category tag="A" />
      </edge>
      <edge toID="1.15" type="U">
        <attributes />
        <category tag="U" />
      </edge>
    </node>
    <node ID="1.11" type="FN">
      <attributes />
      <edge toID="0.6" type="Terminal">
        <attributes />
        <category tag="Terminal" />
      </edge>
    </node>
    <node ID="1.12" type="FN">
      <attributes />
      <edge toID="0.7" type="Terminal">
        <attributes />
        <category tag="Terminal" />
      </edge>
    </node>
    <node ID="1.13" type="FN">
      <attributes />
      <edge toID="0.8" type="Terminal">
        <attributes />
        <category tag="Terminal" />
      </edge>
    </node>
    <node ID="1.14" type="FN">
      <attributes />
      <edge toID="0.9" type="Terminal">
        <attributes />
        <category tag="Terminal" />
      </edge>
    </node>
    <node ID="1.15" type="PNCT">
      <attributes />
      <edge toID="0.10" type="Terminal">
        <attributes />
        <category tag="Terminal" />
      </edge>
    </node>
  </layer>
</root>
