<root annotationID="0" passageID="902001">
  <attributes />
  <extra format="ucca" />
  <layer layerID="0">
    <attributes />
    <extra doc="[[[15884554869126768810, 15884554869126768810, 4969857429396651903, 96, 0, 2, 442, 3, 15884554869126768810, 15884554869126768810, 15884554869126768810], [15884554869126768810, 15884554869126768810, 4969857429396651903, 96, 0, 2, 442, -1, 15884554869126768810, 15884554869126768810, 15884554869126768810], [12172435438170721471, 2283656566040971221, 17571114184892886314, 88, 0, 2, 404, 1, 18200729499220207786, 14862748245026736845, 12172435438170721471], [16315412628806490806, 16315412628806490806, 17524233984504158541, 85, 0, 2, 397, 7, 4088098365541558500, 260667111241363922, 16315412628806490806], [1995909169258310477, 1995909169258310477, 15267657372422890137, 89, 0, 2, 412, 2, 13110060611322374290, 15369245168918225700, 2661093235354845946], [12699150645881488834, 12699150645881488834, 10554686591937588953, 83, 0, 2, 399, 1, 13110060611322374290, 8861071527689086543, 6901033109670990563], [18294981460372397251, 18294981460372397251, 15308085513773655218, 91, 0, 2, 426, -3, 13110060611322374290, 16900879642891266615, 10748144119362648261], [8205403955989537350, 8205403955989537350, 12646065887601541794, 96, 0, 2, 442, 3, 8205403955989537350, 8205403955989537350, 8205403955989537350], [15884554869126768810, 15884554869126768810, 14143520107006108953, 96, 0, 2, 442, 2, 15884554869126768810, 15884554869126768810, 15884554869126768810], [9739302657816088396, 10850957288794122991, 15794550382381185553, 95, 378, 3, 426, 1, 18200729499220207786, 10850957288794122991, 9739302657816088396], [16606816274036414542, 203487227105936704, 17109001835818727656, 99, 0, 2, 445, 0, 13110060611322374290, 11901859001352538922, 13622047838477328034], [12646065887601541794, 12646065887601541794, 12646065887601541794, 96, 0, 2, 442, -1, 12646065887601541794, 12646065887601541794, 12646065887601541794]]]" />
    <node ID="0.1" type="Punctuation">
      <attributes paragraph="1" paragraph_position="1" text="&quot;" />
      <extra dep="punct" ent_iob="2" ent_type="" head="3" lemma="&quot;" orig_paragraph="1" orth="&quot;" pos="PUNCT" prefix="&quot;" shape="&quot;" suffix="&quot;" tag="``" />
    </node>
    <node ID="0.2" type="Punctuation">
      <attributes paragraph="1" paragraph_position="2" text="&quot;" />
      <extra dep="punct" ent_iob="2" ent_type="" head="-1" lemma="&quot;" orig_paragraph="1" orth="&quot;" pos="PUNCT" prefix="&quot;" shape="&quot;" suffix="&quot;" tag="``" />
    </node>
    <node ID="0.3" type="Word">
      <attributes paragraph="1" paragraph_position="3" text="And" />
      <extra dep="cc" ent_iob="2" ent_type="" head="1" lemma="and" orig_paragraph="1" orth="And" pos="CCONJ" prefix="A" shape="Xxx" suffix="And" tag="CC" />
    </node>
    <node ID="0.4" type="Word">
      <attributes paragraph="1" paragraph_position="4" text="why" />
      <extra dep="advmod" ent_iob="2" ent_type="" head="7" lemma="why" orig_paragraph="1" orth="why" pos="ADV" prefix="w" shape="xxx" suffix="why" tag="WRB" />
    </node>
    <node ID="0.5" type="Word">
      <attributes paragraph="1" paragraph_position="5" text="this" />
      <extra dep="det" ent_iob="2" ent_type="" head="2" lemma="this" orig_paragraph="1" orth="this" pos="DET" prefix="t" shape="xxxx" suffix="his" tag="DT" />
    </node>
    <node ID="0.6" type="Word">
      <attributes paragraph="1" paragraph_position="6" text="powerful" />
      <extra dep="amod" ent_iob="2" ent_type="" head="1" lemma="powerful" orig_paragraph="1" orth="powerful" pos="ADJ" prefix="p" shape="xxxx" suffix="ful" tag="JJ" />
    </node>
    <node ID="0.7" type="Word">
      <attributes paragraph="1" paragraph_position="7" text="constitution" />
      <extra dep="nsubj" ent_iob="2" ent_type="" head="-3" lemma="constitution" orig_paragraph="1" orth="constitution" pos="NOUN" prefix="c" shape="xxxx" suffix="ion" tag="NN" />
    </node>
    <node ID="0.8" type="Punctuation">
      <attributes paragraph="1" paragraph_position="8" text="?" />
      <extra dep="punct" ent_iob="2" ent_type="" head="3" lemma="?" orig_paragraph="1" orth="?" pos="PUNCT" prefix="?" shape="?" suffix="?" tag="." />
    </node>
    <node ID="0.9" type="Punctuation">
      <attributes paragraph="1" paragraph_position="9" text="&quot;" />
      <extra dep="punct" ent_iob="2" ent_type="" head="2" lemma="&quot;" orig_paragraph="1" orth="&quot;" pos="PUNCT" prefix="&quot;" shape="&quot;" suffix="&quot;" tag="''" />
    </node>
    <node ID="0.10" type="Word">
      <attributes paragraph="1" paragraph_position="10" text="Ned" />
      <extra dep="nsubj" ent_iob="3" ent_type="PERSON" head="1" lemma="N" orig_paragraph="1" orth="Ned" pos="PROPN" prefix="N" shape="Xxx" suffix="Ned" tag="NNP" />
    </node>
    <node ID="0.11" type="Word">
      <attributes paragraph="1" paragraph_position="11" text="asked" />
      <extra dep="root" ent_iob="2" ent_type="" head="0" lemma="ask" orig_paragraph="1" orth="asked" pos="VERB" prefix="a" shape="xxxx" suffix="ked" tag="VBD" />
    </node>
    <node ID="0.12" type="Punctuation">
      <attributes paragraph="1" paragraph_position="12" text="." />
      <extra dep="punct" ent_iob="2" ent_type="" head="-1" lemma="." orig_paragraph="1" orth="." pos="PUNCT" prefix="." shape="." suffix="." tag="." />
    </node>
  </layer>
  <layer layerID="1">
    <attributes />
    <node ID="1.1" type="FN">
      <attributes />
      <edge toID="1.2" type="U">
        <attributes />
        <category tag="U" />
      </edge>
      <edge toID="1.3" type="U">
        <attributes />
        <category tag="U" />
      </edge>
      <edge toID="1.4" type="L">
        <attributes />
        <category tag="L" />
      </edge>
      <edge toID="1.5" type="L">
        <attributes />
        <category tag="L" />
      </edge>
      <edge toID="1.6" type="H">
        <attributes />
        <category tag="H" />
      </edge>
      <edge toID="1.7" type="U">
        <attributes />
        <category tag="U" />
      </edge>
      <edge toID="1.8" type="U">
        <attributes />
        <category tag="U" />
      </edge>
      <edge toID="1.9" type="H">
        <attributes />
        <category tag="H" />
      </edge>
    </node>
    <node ID="1.2" type="PNCT">
      <attributes />
      <edge toID="0.1" type="Terminal">
        <attributes />
        <category tag="Terminal" />
      </edge>
    </node>
    <node ID="1.3" type="PNCT">
      <attributes />
      <edge toID="0.2" type="Terminal">
        <attributes />
        <category tag="Terminal" />
      </edge>
    </node>
    <node ID="1.4" type="FN">
      <attributes />
      <edge toID="0.3" type="Terminal">
        <attributes />
        <category tag="Terminal" />
      </edge>
    </node>
    <node ID="1.5" type="FN">
      <attributes />
      <edge toID="0.4" type="Terminal">
        <attributes />
        <category tag="Terminal" />
      </edge>
    </node>
    <node ID="1.6" type="FN">
      <attributes />
      <edge toID="1.10" type="A">
        <attributes />
        <category tag="A" />
      </edge>
      <edge toID="1.11" type="P">
        <attributes />
        <category tag="P" />
      </edge>
    </node>
    <node ID="1.7" type="PNCT">
      <attributes />
      <edge toID="0.8" type="Terminal">
        <attributes />
        <category tag="Terminal" />
      </edge>
    </node>
    <node ID="1.8" type="PNCT">
      <attributes />
      <edge toID="0.9" type="Terminal">
        <attributes />
        <category tag="Terminal" />
      </edge>
    </node>
    <node ID="1.9" type="FN">
      <attributes />
      <edge toID="1.12" type="A">
        <attributes />
        <category tag="A" />
      </edge>
      <edge toID="1.13" type="P">
        <attributes />
        <category tag="P" />
      </edge>
      <edge toID="1.14" type="U">
        <attributes />
        <category tag="U" />
      </edge>
    </node>
    <node ID="1.10" type="FN">
      <attributes />
      <edge toID="1.15" type="E">
        <attributes />
        <category tag="E" />
      </edge>
      <edge toID="1.16" type="C">
        <attributes />
        <category tag="C" />
      </edge>
    </node>
    <node ID="1.11" type="FN">
      <attributes />
      <edge toID="0.7" type="Terminal">
        <attributes />
        <category tag="Terminal" />
      </edge>
    </node>
    <node ID="1.12" type="FN">
      <attributes />
      <edge toID="0.10" type="Terminal">
        <attributes />
        <category tag="Terminal" />
      </edge>
    </node>
    <node ID="1.13" type="FN">
      <attributes />
      <edge toID="0.11" type="Terminal">
        <attributes />
        <category tag="Terminal" />
      </edge>
    </node>
    <node ID="1.14" type="PNCT">
      <attributes />
      <edge toID="0.12" type="Terminal">
        <attributes />
        <category tag="Terminal" />
      </edge>
    </node>
    <node ID="1.15" type="FN">
      <attributes />
      <edge toID="0.5" type="Terminal">
        <attributes />
        <category tag="Terminal" />
      </edge>
    </node>
    <node ID="1.16" type="FN">
      <attributes />
      <edge toID="0.6" type="Terminal">
        <attributes />
        <category tag="Terminal" />
      </edge>
    </node>
  </layer>
</root>
