<root annotationID="0" passageID="976005">
  <attributes />
  <extra format="ucca" />
  <layer layerID="0">
    <attributes />
    <extra doc="[[[5059648917813135842, 7425985699627899538, 15267657372422890137, 89, 0, 2, 412, 1, 18200729499220207786, 5582244037879929967, 5059648917813135842], [12146028069425991744, 12855173548380712076, 783433942507015291, 91, 0, 2, 426, 5, 13110060611322374290, 16900879642891266615, 325126587605779000], [5456543204961066030, 5456543204961066030, 1292078113972184607, 84, 0, 2, 8110129090154140942, 2, 13110060611322374290, 1489474827855109852, 16203534885047373824], [7425985699627899538, 7425985699627899538, 15267657372422890137, 89, 0, 2, 412, 1, 4088098365541558500, 15369245168918225700, 7425985699627899538], [11532858806246734216, 3807160886784542710, 783433942507015291, 91, 0, 2, 423, -3, 13110060611322374290, 16900879642891266615, 4490524343094149777], [6992604926141104606, 6992604926141104606, 16235386156175103506, 86, 0, 2, 402, 1, 13110060611322374290, 260667111241363922, 17438164932492296010], [9724468950228574622, 9724468950228574622, 14200088355797579614, 99, 0, 2, 445, 0, 13110060611322374290, 2482183445564601373, 403527350404785839], [11901859001352538922, 11901859001352538922, 15267657372422890137, 89, 0, 2, 412, 1, 11123243248953317070, 11901859001352538922, 11901859001352538922], [627890777757487159, 627890777757487159, 15308085513773655218, 91, 0, 2, 431, -2, 13110060611322374290, 15369245168918225700, 12182527387764416033], [886050111519832510, 886050111519832510, 1292078113972184607, 84, 0, 2, 8110129090154140942, 1, 4370460163704169311, 1489474827855109852, 886050111519832510], [1806007467269640047, 15997809301704524757, 783433942507015291, 91, 0, 2, 423, -2, 13110060611322374290, 16978132545290669629, 18235455151798668787], [2283656566040971221, 2283656566040971221, 17571114184892886314, 88, 0, 2, 404, 1, 4088098365541558500, 11901859001352538922, 2283656566040971221], [13438469943909691154, 9228201189916158328, 783433942507015291, 91, 0, 2, 407, -2, 13110060611322374290, 1489474827855109852, 7409412530419520829], [12646065887601541794, 12646065887601541794, 12646065887601541794, 96, 0, 2, 442, -7, 12646065887601541794, 12646065887601541794, 12646065887601541794]]]" />
    <node ID="0.1" type="Word">
      <attributes paragraph="1" paragraph_position="1" text="The" />
      <extra dep="det" ent_iob="2" ent_type="" head="1" lemma="the" orig_paragraph="1" orth="The" pos="DET" prefix="T" shape="Xxx" suffix="The" tag="DT" />
    </node>
    <node ID="0.2" type="Word">
      <attributes paragraph="1" paragraph_position="2" text="cowls" />
      <extra dep="nsubj" ent_iob="2" ent_type="" head="5" lemma="cowl" orig_paragraph="1" orth="cowls" pos="NOUN" prefix="c" shape="xxxx" suffix="wls" tag="NNS" />
    </node>
    <node ID="0.3" type="Word">
      <attributes paragraph="1" paragraph_position="3" text="over" />
      <extra dep="case" ent_iob="2" ent_type="" head="2" lemma="over" orig_paragraph="1" orth="over" pos="ADP" prefix="o" shape="xxxx" suffix="ver" tag="IN" />
    </node>
    <node ID="0.4" type="Word">
      <attributes paragraph="1" paragraph_position="4" text="the" />
      <extra dep="det" ent_iob="2" ent_type="" head="1" lemma="the" orig_paragraph="1" orth="the" pos="DET" prefix="t" shape="xxx" suffix="the" tag="DT" />
    </node>
    <node ID="0.5" type="Word">
      <attributes paragraph="1" paragraph_position="5" text="companionways" />
      <extra dep="nmod" ent_iob="2" ent_type="" head="-3" lemma="companionway" orig_paragraph="1" orth="companionways" pos="NOUN" prefix="c" shape="xxxx" suffix="ays" tag="NNS" />
    </node>
    <node ID="0.6" type="Word">
      <attributes paragraph="1" paragraph_position="6" text="would" />
      <extra dep="aux" ent_iob="2" ent_type="" head="1" lemma="would" orig_paragraph="1" orth="would" pos="AUX" prefix="w" shape="xxxx" suffix="uld" tag="MD" />
    </node>
    <node ID="0.7" type="Word">
      <attributes paragraph="1" paragraph_position="7" text="vomit" />
      <extra dep="root" ent_iob="2" ent_type="" head="0" lemma="vomit" orig_paragraph="1" orth="vomit" pos="VERB" prefix="v" shape="xxxx" suffix="mit" tag="VB" />
    </node>
    <node ID="0.8" type="Word">
      <attributes paragraph="1" paragraph_position="8" text="a" />
      <extra dep="det" ent_iob="2" ent_type="" head="1" lemma="a" orig_paragraph="1" orth="a" pos="DET" prefix="a" shape="x" suffix="a" tag="DT" />
    </node>
    <node ID="0.9" type="Word">
      <attributes paragraph="1" paragraph_position="9" text="torrent" />
      <extra dep="obj" ent_iob="2" ent_type="" head="-2" lemma="torrent" orig_paragraph="1" orth="torrent" pos="NOUN" prefix="t" shape="xxxx" suffix="ent" tag="NN" />
    </node>
    <node ID="0.10" type="Word">
      <attributes paragraph="1" paragraph_position="10" text="of" />
      <extra dep="case" ent_iob="2" ent_type="" head="1" lemma="of" orig_paragraph="1" orth="of" pos="ADP" prefix="o" shape="xx" suffix="of" tag="IN" />
    </node>
    <node ID="0.11" type="Word">
      <attributes paragraph="1" paragraph_position="11" text="sailors" />
      <extra dep="nmod" ent_iob="2" ent_type="" head="-2" lemma="sailor" orig_paragraph="1" orth="sailors" pos="NOUN" prefix="s" shape="xxxx" suffix="ors" tag="NNS" />
    </node>
    <node ID="0.12" type="Word">
      <attributes paragraph="1" paragraph_position="12" text="and" />
      <extra dep="cc" ent_iob="2" ent_type="" head="1" lemma="and" orig_paragraph="1" orth="and" pos="CCONJ" prefix="a" shape="xxx" suffix="and" tag="CC" />
    </node>
    <node ID="0.13" type="Word">
      <attributes paragraph="1" paragraph_position="13" text="officers" />
      <extra dep="conj" ent_iob="2" ent_type="" head="-2" lemma="officer" orig_paragraph="1" orth="officers" pos="NOUN" prefix="o" shape="xxxx" suffix="ers" tag="NNS" />
    </node>
    <node ID="0.14" type="Punctuation">
      <attributes paragraph="1" paragraph_position="14" text="." />
      <extra dep="punct" ent_iob="2" ent_type="" head="-7" lemma="." orig_paragraph="1" orth="." pos="PUNCT" prefix="." shape="." suffix="." tag="." />
    </node>
  </layer>
  <layer layerID="1">
    <attributes />
    <node ID="1.1" type="FN">
      <attributes />
      <edge toID="1.2" type="H">
        <attributes />
        <category tag="H" />
      </edge>
    </node>
    <node ID="1.2" type="FN">
      <attributes />
      <edge toID="1.3" type="A">
        <attributes />
        <category tag="A" />
      </edge>
      <edge toID="1.4" type="D">
        <attributes />
        <category tag="D" />
      </edge>
      <edge toID="1.5" type="P">
        <attributes />
        <category tag="P" />
      </edge>
      <edge toID="1.6" type="A">
        <attributes />
        <category tag="A" />
      </edge>
    </node>
    <node ID="1.3" type="FN">
      <attributes />
      <edge toID="1.7" type="E">
        <attributes />
        <category tag="E" />
      </edge>
      <edge toID="1.8" type="C">
        <attributes />
        <category tag="C" />
      </edge>
      <edge toID="1.9" type="E">
        <attributes />
        <category tag="E" />
      </edge>
    </node>
    <node ID="1.4" type="FN">
      <attributes />
      <edge toID="0.6" type="Terminal">
        <attributes />
        <category tag="Terminal" />
      </edge>
    </node>
    <node ID="1.5" type="FN">
      <attributes />
      <edge toID="0.7" type="Terminal">
        <attributes />
        <category tag="Terminal" />
      </edge>
    </node>
    <node ID="1.6" type="FN">
      <attributes />
      <edge toID="1.10" type="E">
        <attributes />
        <category tag="E" />
      </edge>
      <edge toID="1.11" type="C">
        <attributes />
        <category tag="C" />
      </edge>
      <edge toID="1.12" type="E">
        <attributes />
        <category tag="E" />
      </edge>
    </node>
    <node ID="1.7" type="FN">
      <attributes />
      <edge toID="0.1" type="Terminal">
        <attributes />
        <category tag="Terminal" />
      </edge>
    </node>
    <node ID="1.8" type="FN">
      <attributes />
      <edge toID="0.2" type="Terminal">
        <attributes />
        <category tag="Terminal" />
      </edge>
    </node>
    <node ID="1.9" type="FN">
      <attributes />
      <edge toID="1.13" type="R">
        <attributes />
        <category tag="R" />
      </edge>
      <edge toID="1.14" type="E">
        <attributes />
        <category tag="E" />
      </edge>
      <edge toID="1.15" type="C">
        <attributes />
        <category tag="C" />
      </edge>
    </node>
    <node ID="1.10" type="FN">
      <attributes />
      <edge toID="0.8" type="Terminal">
        <attributes />
        <category tag="Terminal" />
      </edge>
    </node>
    <node ID="1.11" type="FN">
      <attributes />
      <edge toID="0.9" type="Terminal">
        <attributes />
        <category tag="Terminal" />
      </edge>
    </node>
    <node ID="1.12" type="FN">
      <attributes />
      <edge toID="1.16" type="R">
        <attributes />
        <category tag="R" />
      </edge>
      <edge toID="1.17" type="C">
        <attributes />
        <category tag="C" />
      </edge>
    </node>
    <node ID="1.13" type="FN">
      <attributes />
      <edge toID="0.3" type="Terminal">
        <attributes />
        <category tag="Terminal" />
      </edge>
    </node>
    <node ID="1.14" type="FN">
      <attributes />
      <edge toID="0.4" type="Terminal">
        <attributes />
        <category tag="Terminal" />
      </edge>
    </node>
    <node ID="1.15" type="FN">
      <attributes />
      <edge toID="0.5" type="Terminal">
        <attributes />
        <category tag="Terminal" />
      </edge>
    </node>
    <node ID="1.16" type="FN">
      <attributes />
      <edge toID="0.10" type="Terminal">
        <attributes />
        <category tag="Terminal" />
      </edge>
    </node>
    <node ID="1.17" type="FN">
      <attributes />
      <edge toID="1.18" type="C">
        <attributes />
        <category tag="C" />
      </edge>
      <edge toID="1.19" type="N">
        <attributes />
        <category tag="N" />
      </edge>
      <edge toID="1.20" type="C">
        <attributes />
        <category tag="C" />
      </edge>
      <edge toID="1.21" type="U">
        <attributes />
        <category tag="U" />
      </edge>
    </node>
    <node ID="1.18" type="FN">
      <attributes />
      <edge toID="0.11" type="Terminal">
        <attributes />
        <category tag="Terminal" />
      </edge>
    </node>
    <node ID="1.19" type="FN">
      <attributes />
      <edge toID="0.12" type="Terminal">
        <attributes />
        <category tag="Terminal" />
      </edge>
    </node>
    <node ID="1.20" type="FN">
      <attributes />
      <edge toID="0.13" type="Terminal">
        <attributes />
        <category tag="Terminal" />
      </edge>
    </node>
    <node ID="1.21" type="PNCT">
      <attributes />
      <edge toID="0.14" type="Terminal">
        <attributes />
        <category tag="Terminal" />
      </edge>
    </node>
  </layer>
</root>
