<root annotationID="0" passageID="977000">
  <attributes />
  <extra format="ucca" />
  <layer layerID="0">
    <attributes />
    <extra doc="[[[18004243461113809161, 14560795576765492085, 17571114184892886314, 88, 0, 2, 404, 1, 18200729499220207786, 14230521632333904559, 18004243461113809161], [5865838185239622912, 5865838185239622912, 4808651922106831370, 94, 0, 2, 445, 0, 13110060611322374290, 260667111241363922, 14949295185858420483], [11901859001352538922, 11901859001352538922, 15267657372422890137, 89, 0, 2, 412, 1, 11123243248953317070, 11901859001352538922, 11901859001352538922], [638902783855506106, 638902783855506106, 15308085513773655218, 91, 0, 2, 426, -2, 13110060611322374290, 260667111241363922, 14322370493309098308], [886050111519832510, 886050111519832510, 1292078113972184607, 84, 0, 2, 8110129090154140942, 1, 4370460163704169311, 1489474827855109852, 886050111519832510], [13079260030086073766, 13079260030086073766, 15308085513773655218, 91, 0, 2, 423, -2, 13110060611322374290, 1720370409040345145, 5934412509951301972], [17494803046312582752, 17494803046312582752, 12646065887601541794, 96, 0, 2, 442, -5, 17494803046312582752, 17494803046312582752, 17494803046312582752]]]" />
    <node ID="0.1" type="Word">
      <attributes paragraph="1" paragraph_position="1" text="But" />
      <extra dep="cc" ent_iob="2" ent_type="" head="1" lemma="but" orig_paragraph="1" orth="But" pos="CCONJ" prefix="B" shape="Xxx" suffix="But" tag="CC" />
    </node>
    <node ID="0.2" type="Word">
      <attributes paragraph="1" paragraph_position="2" text="what" />
      <extra dep="root" ent_iob="2" ent_type="" head="2" lemma="what" orig_paragraph="1" orth="what" pos="PRON" prefix="w" shape="xxxx" suffix="hat" tag="WP" />
    </node>
    <node ID="0.3" type="Word">
      <attributes paragraph="1" paragraph_position="3" text="a" />
      <extra dep="det" ent_iob="2" ent_type="" head="1" lemma="a" orig_paragraph="1" orth="a" pos="DET" prefix="a" shape="x" suffix="a" tag="DT" />
    </node>
    <node ID="0.4" type="Word">
      <attributes paragraph="1" paragraph_position="4" text="waste" />
      <extra dep="nsubj" ent_iob="2" ent_type="" head="-2" lemma="waste" orig_paragraph="1" orth="waste" pos="NOUN" prefix="w" shape="xxxx" suffix="ste" tag="NN" />
    </node>
    <node ID="0.5" type="Word">
      <attributes paragraph="1" paragraph_position="5" text="of" />
      <extra dep="case" ent_iob="2" ent_type="" head="1" lemma="of" orig_paragraph="1" orth="of" pos="ADP" prefix="o" shape="xx" suffix="of" tag="IN" />
    </node>
    <node ID="0.6" type="Word">
      <attributes paragraph="1" paragraph_position="6" text="energy" />
      <extra dep="nmod" ent_iob="2" ent_type="" head="-2" lemma="energy" orig_paragraph="1" orth="energy" pos="NOUN" prefix="e" shape="xxxx" suffix="rgy" tag="NN" />
    </node>
    <node ID="0.7" type="Punctuation">
      <attributes paragraph="1" paragraph_position="7" text="!" />
      <extra dep="punct" ent_iob="2" ent_type="" head="-5" lemma="!" orig_paragraph="1" orth="!" pos="PUNCT" prefix="!" shape="!" suffix="!" tag="." />
    </node>
  </layer>
  <layer layerID="1">
    <attributes />
    <node ID="1.1" type="FN">
      <attributes />
      <edge toID="1.2" type="L">
        <attributes />
        <category tag="L" />
      </edge>
      <edge toID="1.3" type="H">
        <attributes />
        <category tag="H" />
      </edge>
    </node>
    <node ID="1.2" type="FN">
      <attributes />
      <edge toID="0.1" type="Terminal">
        <attributes />
        <category tag="Terminal" />
      </edge>
    </node>
    <node ID="1.3" type="FN">
      <attributes />
      <edge toID="1.4" type="F">
        <attributes />
        <category tag="F" />
      </edge>
      <edge toID="1.5" type="S">
        <attributes />
        <category tag="S" />
      </edge>
      <edge toID="1.6" type="A">
        <attributes />
        <category tag="A" />
      </edge>
    </node>
    <node ID="1.4" type="FN">
      <attributes />
      <edge toID="0.2" type="Terminal">
        <attributes />
        <category tag="Terminal" />
      </edge>
    </node>
    <node ID="1.5" type="FN">
      <attributes />
      <edge toID="1.7" type="E">
        <attributes />
        <category tag="E" />
      </edge>
      <edge toID="1.8" type="C">
        <attributes />
        <category tag="C" />
      </edge>
    </node>
    <node ID="1.6" type="FN">
      <attributes />
      <edge toID="1.9" type="R">
        <attributes />
        <category tag="R" />
      </edge>
      <edge toID="1.10" type="C">
        <attributes />
        <category tag="C" />
      </edge>
      <edge toID="1.11" type="U">
        <attributes />
        <category tag="U" />
      </edge>
    </node>
    <node ID="1.7" type="FN">
      <attributes />
      <edge toID="0.3" type="Terminal">
        <attributes />
        <category tag="Terminal" />
      </edge>
    </node>
    <node ID="1.8" type="FN">
      <attributes />
      <edge toID="0.4" type="Terminal">
        <attributes />
        <category tag="Terminal" />
      </edge>
    </node>
    <node ID="1.9" type="FN">
      <attributes />
      <edge toID="0.5" type="Terminal">
        <attributes />
        <category tag="Terminal" />
      </edge>
    </node>
    <node ID="1.10" type="FN">
      <attributes />
      <edge toID="0.6" type="Terminal">
        <attributes />
        <category tag="Terminal" />
      </edge>
    </node>
    <node ID="1.11" type="PNCT">
      <attributes />
      <edge toID="0.7" type="Terminal">
        <attributes />
        <category tag="Terminal" />
      </edge>
    </node>
  </layer>
</root>
