<root annotationID="0" passageID="981000">
  <attributes />
  <extra format="ucca" />
  <layer layerID="0">
    <attributes />
    <extra doc="[[[4690420944186131903, 4690420944186131903, 13656873538139661788, 94, 0, 2, 426, 1, 100, 4690420944186131903, 4690420944186131903], [12960022596163002503, 14692702688101715474, 17109001835818727656, 99, 0, 2, 445, 0, 4088098365541558500, 15817570140490810055, 12960022596163002503], [13055779130471031426, 13055779130471031426, 15267657372422890137, 89, 0, 2, 412, 1, 4370460163704169311, 13210364986222294696, 13055779130471031426], [11278273783512279807, 11278273783512279807, 15308085513773655218, 91, 0, 2, 431, -2, 13110060611322374290, 16562859848569467201, 13419580929783865587], [3791531372978436496, 3791531372978436496, 1292078113972184607, 84, 0, 2, 8110129090154140942, 1, 4370460163704169311, 15369245168918225700, 3791531372978436496], [1995909169258310477, 1995909169258310477, 15267657372422890137, 94, 0, 2, 423, -2, 13110060611322374290, 15369245168918225700, 2661093235354845946], [12646065887601541794, 12646065887601541794, 12646065887601541794, 96, 0, 2, 442, -5, 12646065887601541794, 12646065887601541794, 12646065887601541794]]]" />
    <node ID="0.1" type="Word">
      <attributes paragraph="1" paragraph_position="1" text="I" />
      <extra dep="nsubj" ent_iob="2" ent_type="" head="1" lemma="I" orig_paragraph="1" orth="I" pos="PRON" prefix="I" shape="X" suffix="I" tag="PRP" />
    </node>
    <node ID="0.2" type="Word">
      <attributes paragraph="1" paragraph_position="2" text="had" />
      <extra dep="root" ent_iob="2" ent_type="" head="0" lemma="have" orig_paragraph="1" orth="had" pos="VERB" prefix="h" shape="xxx" suffix="had" tag="VBD" />
    </node>
    <node ID="0.3" type="Word">
      <attributes paragraph="1" paragraph_position="3" text="no" />
      <extra dep="det" ent_iob="2" ent_type="" head="1" lemma="no" orig_paragraph="1" orth="no" pos="DET" prefix="n" shape="xx" suffix="no" tag="DT" />
    </node>
    <node ID="0.4" type="Word">
      <attributes paragraph="1" paragraph_position="4" text="reply" />
      <extra dep="obj" ent_iob="2" ent_type="" head="-2" lemma="reply" orig_paragraph="1" orth="reply" pos="NOUN" prefix="r" shape="xxxx" suffix="ply" tag="NN" />
    </node>
    <node ID="0.5" type="Word">
      <attributes paragraph="1" paragraph_position="5" text="to" />
      <extra dep="case" ent_iob="2" ent_type="" head="1" lemma="to" orig_paragraph="1" orth="to" pos="ADP" prefix="t" shape="xx" suffix="to" tag="IN" />
    </node>
    <node ID="0.6" type="Word">
      <attributes paragraph="1" paragraph_position="6" text="this" />
      <extra dep="nmod" ent_iob="2" ent_type="" head="-2" lemma="this" orig_paragraph="1" orth="this" pos="PRON" prefix="t" shape="xxxx" suffix="his" tag="DT" />
    </node>
    <node ID="0.7" type="Punctuation">
      <attributes paragraph="1" paragraph_position="7" text="." />
      <extra dep="punct" ent_iob="2" ent_type="" head="-5" lemma="." orig_paragraph="1" orth="." pos="PUNCT" prefix="." shape="." suffix="." tag="." />
    </node>
  </layer>
  <layer layerID="1">
    <attributes />
    <node ID="1.1" type="FN">
      <attributes />
      <edge toID="1.2" type="H">
        <attributes />
        <category tag="H" />
      </edge>
    </node>
    <node ID="1.2" type="FN">
      <attributes />
      <edge toID="1.3" type="A">
        <attributes />
        <category tag="A" />
      </edge>
      <edge toID="1.4" type="F">
        <attributes />
        <category tag="F" />
      </edge>
      <edge toID="1.5" type="D">
        <attributes />
        <category tag="D" />
      </edge>
      <edge toID="1.6" type="S">
        <attributes />
        <category tag="S" />
      </edge>
      <edge toID="1.7" type="A">
        <attributes />
        <category tag="A" />
      </edge>
    </node>
    <node ID="1.3" type="FN">
      <attributes />
      <edge toID="0.1" type="Terminal">
        <attributes />
        <category tag="Terminal" />
      </edge>
    </node>
    <node ID="1.4" type="FN">
      <attributes />
      <edge toID="0.2" type="Terminal">
        <attributes />
        <category tag="Terminal" />
      </edge>
    </node>
    <node ID="1.5" type="FN">
      <attributes />
      <edge toID="0.3" type="Terminal">
        <attributes />
        <category tag="Terminal" />
      </edge>
    </node>
    <node ID="1.6" type="FN">
      <attributes />
      <edge toID="0.4" type="Terminal">
        <attributes />
        <category tag="Terminal" />
      </edge>
    </node>
    <node ID="1.7" type="FN">
      <attributes />
      <edge toID="1.8" type="R">
        <attributes />
        <category tag="R" />
      </edge>
      <edge toID="1.9" type="C">
        <attributes />
        <category tag="C" />
      </edge>
      <edge toID="1.10" type="U">
        <attributes />
        <category tag="U" />
      </edge>
    </node>
    <node ID="1.8" type="FN">
      <attributes />
      <edge toID="0.5" type="Terminal">
        <attributes />
        <category tag="Terminal" />
      </edge>
    </node>
    <node ID="1.9" type="FN">
      <attributes />
      <edge toID="0.6" type="Terminal">
        <attributes />
        <category tag="Terminal" />
      </edge>
    </node>
    <node ID="1.10" type="PNCT">
      <attributes />
      <edge toID="0.7" type="Terminal">
        <attributes />
        <category tag="Terminal" />
      </edge>
    </node>
  </layer>
</root>
