<root annotationID="0" passageID="981002">
  <attributes />
  <extra format="ucca" />
  <layer layerID="0">
    <attributes />
    <extra doc="[[[18004243461113809161, 14560795576765492085, 17571114184892886314, 88, 0, 2, 404, 5, 18200729499220207786, 14230521632333904559, 18004243461113809161], [16331095434822636218, 16331095434822636218, 17524233984504158541, 85, 0, 2, 397, 1, 4088098365541558500, 15817570140490810055, 16331095434822636218], [5691613950422571694, 5691613950422571694, 10554686591937588953, 83, 0, 2, 396, 3, 13110060611322374290, 1720370409040345145, 6037777915018947513], [7494117911267222209, 7494117911267222209, 16235386156175103506, 86, 0, 2, 402, 2, 13110060611322374290, 16900879642891266615, 17438164932492296010], [16064069575701507746, 16064069575701507746, 13656873538139661788, 94, 0, 2, 426, 1, 4370460163704169311, 260667111241363922, 16064069575701507746], [8004577259940138793, 8004577259940138793, 14200088355797579614, 99, 0, 2, 445, 0, 4370460163704169311, 6217145520856553898, 8004577259940138793], [942632335873952620, 942632335873952620, 1292078113972184607, 84, 0, 2, 8110129090154140942, 1, 13110060611322374290, 11901859001352538922, 1696981056005371314], [10239237003504588839, 10239237003504588839, 13656873538139661788, 94, 0, 2, 432, -2, 4370460163704169311, 5097672513440128799, 10239237003504588839], [8205403955989537350, 8205403955989537350, 12646065887601541794, 96, 0, 2, 442, -3, 8205403955989537350, 8205403955989537350, 8205403955989537350]]]" />
    <node ID="0.1" type="Word">
      <attributes paragraph="1" paragraph_position="1" text="But" />
      <extra dep="cc" ent_iob="2" ent_type="" head="5" lemma="but" orig_paragraph="1" orth="But" pos="CCONJ" prefix="B" shape="Xxx" suffix="But" tag="CC" />
    </node>
    <node ID="0.2" type="Word">
      <attributes paragraph="1" paragraph_position="2" text="how" />
      <extra dep="advmod" ent_iob="2" ent_type="" head="1" lemma="how" orig_paragraph="1" orth="how" pos="ADV" prefix="h" shape="xxx" suffix="how" tag="WRB" />
    </node>
    <node ID="0.3" type="Word">
      <attributes paragraph="1" paragraph_position="3" text="else" />
      <extra dep="advcl" ent_iob="2" ent_type="" head="3" lemma="else" orig_paragraph="1" orth="else" pos="ADJ" prefix="e" shape="xxxx" suffix="lse" tag="JJ" />
    </node>
    <node ID="0.4" type="Word">
      <attributes paragraph="1" paragraph_position="4" text="could" />
      <extra dep="aux" ent_iob="2" ent_type="" head="2" lemma="could" orig_paragraph="1" orth="could" pos="AUX" prefix="c" shape="xxxx" suffix="uld" tag="MD" />
    </node>
    <node ID="0.5" type="Word">
      <attributes paragraph="1" paragraph_position="5" text="we" />
      <extra dep="nsubj" ent_iob="2" ent_type="" head="1" lemma="we" orig_paragraph="1" orth="we" pos="PRON" prefix="w" shape="xx" suffix="we" tag="PRP" />
    </node>
    <node ID="0.6" type="Word">
      <attributes paragraph="1" paragraph_position="6" text="go" />
      <extra dep="root" ent_iob="2" ent_type="" head="0" lemma="go" orig_paragraph="1" orth="go" pos="VERB" prefix="g" shape="xx" suffix="go" tag="VB" />
    </node>
    <node ID="0.7" type="Word">
      <attributes paragraph="1" paragraph_position="7" text="about" />
      <extra dep="case" ent_iob="2" ent_type="" head="1" lemma="about" orig_paragraph="1" orth="about" pos="ADP" prefix="a" shape="xxxx" suffix="out" tag="IN" />
    </node>
    <node ID="0.8" type="Word">
      <attributes paragraph="1" paragraph_position="8" text="it" />
      <extra dep="obl" ent_iob="2" ent_type="" head="-2" lemma="it" orig_paragraph="1" orth="it" pos="PRON" prefix="i" shape="xx" suffix="it" tag="PRP" />
    </node>
    <node ID="0.9" type="Punctuation">
      <attributes paragraph="1" paragraph_position="9" text="?" />
      <extra dep="punct" ent_iob="2" ent_type="" head="-3" lemma="?" orig_paragraph="1" orth="?" pos="PUNCT" prefix="?" shape="?" suffix="?" tag="." />
    </node>
  </layer>
  <layer layerID="1">
    <attributes />
    <node ID="1.1" type="FN">
      <attributes />
      <edge toID="1.2" type="L">
        <attributes />
        <category tag="L" />
      </edge>
      <edge toID="1.3" type="L">
        <attributes />
        <category tag="L" />
      </edge>
      <edge toID="1.4" type="H">
        <attributes />
        <category tag="H" />
      </edge>
    </node>
    <node ID="1.2" type="FN">
      <attributes />
      <edge toID="0.1" type="Terminal">
        <attributes />
        <category tag="Terminal" />
      </edge>
    </node>
    <node ID="1.3" type="FN">
      <attributes />
      <edge toID="0.2" type="Terminal">
        <attributes />
        <category tag="Terminal" />
      </edge>
    </node>
    <node ID="1.4" type="FN">
      <attributes />
      <edge toID="1.5" type="A">
        <attributes />
        <category tag="A" />
      </edge>
      <edge toID="1.6" type="D">
        <attributes />
        <category tag="D" />
      </edge>
      <edge toID="1.7" type="A">
        <attributes />
        <category tag="A" />
      </edge>
      <edge toID="1.8" type="P">
        <attributes />
        <category tag="P" />
      </edge>
      <edge toID="1.9" type="A">
        <attributes />
        <category tag="A" />
      </edge>
    </node>
    <node ID="1.5" type="FN">
      <attributes />
      <edge toID="0.3" type="Terminal">
        <attributes />
        <category tag="Terminal" />
      </edge>
    </node>
    <node ID="1.6" type="FN">
      <attributes />
      <edge toID="0.4" type="Terminal">
        <attributes />
        <category tag="Terminal" />
      </edge>
    </node>
    <node ID="1.7" type="FN">
      <attributes />
      <edge toID="0.5" type="Terminal">
        <attributes />
        <category tag="Terminal" />
      </edge>
    </node>
    <node ID="1.8" type="FN">
      <attributes />
      <edge toID="0.6" type="Terminal">
        <attributes />
        <category tag="Terminal" />
      </edge>
    </node>
    <node ID="1.9" type="FN">
      <attributes />
      <edge toID="1.10" type="R">
        <attributes />
        <category tag="R" />
      </edge>
      <edge toID="1.11" type="C">
        <attributes />
        <category tag="C" />
      </edge>
      <edge toID="1.12" type="U">
        <attributes />
        <category tag="U" />
      </edge>
    </node>
    <node ID="1.10" type="FN">
      <attributes />
      <edge toID="0.7" type="Terminal">
        <attributes />
        <category tag="Terminal" />
      </edge>
    </node>
    <node ID="1.11" type="FN">
      <attributes />
      <edge toID="0.8" type="Terminal">
        <attributes />
        <category tag="Terminal" />
      </edge>
    </node>
    <node ID="1.12" type="PNCT">
      <attributes />
      <edge toID="0.9" type="Terminal">
        <attributes />
        <category tag="Terminal" />
      </edge>
    </node>
  </layer>
</root>
