<root annotationID="0" passageID="990000">
  <attributes />
  <extra format="ucca" />
  <layer layerID="0">
    <attributes />
    <extra doc="[[[17467516807418886501, 11711838292424000352, 8427216679587749980, 92, 388, 3, 12837356684637874264, 1, 18200729499220207786, 5582244037879929967, 17467516807418886501], [18443948407981750281, 1608482186128794349, 783433942507015291, 91, 388, 1, 426, 1, 13110060611322374290, 8148669997605808657, 4490524343094149777], [2171663640577120751, 4028211059174100358, 17109001835818727656, 99, 0, 2, 445, 0, 13110060611322374290, 8861071527689086543, 11208870015262361521], [12646065887601541794, 12646065887601541794, 12646065887601541794, 96, 0, 2, 442, -1, 12646065887601541794, 12646065887601541794, 12646065887601541794]]]" />
    <node ID="0.1" type="Word">
      <attributes paragraph="1" paragraph_position="1" text="Two" />
      <extra dep="nummod" ent_iob="3" ent_type="DATE" head="1" lemma="two" orig_paragraph="1" orth="Two" pos="NUM" prefix="T" shape="Xxx" suffix="Two" tag="CD" />
    </node>
    <node ID="0.2" type="Word">
      <attributes paragraph="1" paragraph_position="2" text="days" />
      <extra dep="nsubj" ent_iob="1" ent_type="DATE" head="1" lemma="day" orig_paragraph="1" orth="days" pos="NOUN" prefix="d" shape="xxxx" suffix="ays" tag="NNS" />
    </node>
    <node ID="0.3" type="Word">
      <attributes paragraph="1" paragraph_position="3" text="passed" />
      <extra dep="root" ent_iob="2" ent_type="" head="0" lemma="pass" orig_paragraph="1" orth="passed" pos="VERB" prefix="p" shape="xxxx" suffix="sed" tag="VBD" />
    </node>
    <node ID="0.4" type="Punctuation">
      <attributes paragraph="1" paragraph_position="4" text="." />
      <extra dep="punct" ent_iob="2" ent_type="" head="-1" lemma="." orig_paragraph="1" orth="." pos="PUNCT" prefix="." shape="." suffix="." tag="." />
    </node>
  </layer>
  <layer layerID="1">
    <attributes />
    <node ID="1.1" type="FN">
      <attributes />
      <edge toID="1.2" type="H">
        <attributes />
        <category tag="H" />
      </edge>
    </node>
    <node ID="1.2" type="FN">
      <attributes />
      <edge toID="1.3" type="D">
        <attributes />
        <category tag="D" />
      </edge>
      <edge toID="1.4" type="P">
        <attributes />
        <category tag="P" />
      </edge>
      <edge toID="1.5" type="U">
        <attributes />
        <category tag="U" />
      </edge>
    </node>
    <node ID="1.3" type="FN">
      <attributes />
      <edge toID="1.6" type="E">
        <attributes />
        <category tag="E" />
      </edge>
      <edge toID="1.7" type="C">
        <attributes />
        <category tag="C" />
      </edge>
    </node>
    <node ID="1.4" type="FN">
      <attributes />
      <edge toID="0.3" type="Terminal">
        <attributes />
        <category tag="Terminal" />
      </edge>
    </node>
    <node ID="1.5" type="PNCT">
      <attributes />
      <edge toID="0.4" type="Terminal">
        <attributes />
        <category tag="Terminal" />
      </edge>
    </node>
    <node ID="1.6" type="FN">
      <attributes />
      <edge toID="0.1" type="Terminal">
        <attributes />
        <category tag="Terminal" />
      </edge>
    </node>
    <node ID="1.7" type="FN">
      <attributes />
      <edge toID="0.2" type="Terminal">
        <attributes />
        <category tag="Terminal" />
      </edge>
    </node>
  </layer>
</root>
